nid,img_path,text
542663,542663.jpg,"The photograph captures an older man engaging in an activity that seems both scientific and technical in nature, set in an outdoor environment likely characterized by a warm or mild climate, given the presence of palm trees. The man, appearing focused and intent, wears a white short-sleeve shirt, dark trousers, and thin-rimmed glasses as he makes notes on a clipboard.

He stands beside a table on which various pieces of electronic equipment are arranged. These devices include what appear to be meters, dials, and other monitoring or measuring apparatuses, potentially related to environmental studies or telecommunications, given the antenna-like structure visible on one of the machines.

In the background, lush greenery, several palm trees, and distant mountains under a hazy sky set a serene backdrop. This tranquil outdoor setting contrasts with the meticulous, perhaps research-oriented work being conducted by the man. The scene likely takes place in a valley or plain judging by the flatness immediately beyond the manicured grass area and the mountains in the further distance."
542673,542673.jpg,"This photograph offers an aerial view of a densely populated city from the vantage point of an airplane. The majority of the image shows a vast urban landscape filled with tightly packed buildings, streets, and several notable larger roads. There are no distinct skyscrapers, suggesting a sprawling urban area rather than a central business district.

The foreground prominently features part of the airplane, with the edge of a green wing visible in the lower right corner. This element adds a layer of depth and context to the image, indicating that this is a view from an in-flight aircraft.

In the background, a range of mountains can be seen, somewhat obscured by a haze which could be either mist or pollution, giving the scene a slightly blurred appearance. The mountains act as a natural boundary for the urban sprawl.

The color tone of the image has a vintage quality, likely due to the type of film used or the age of the photograph. The slightly grainy texture further confirms this older quality.

Overall, the composition captures the vastness of an urban area juxtaposed with natural elements, viewed from an unusual aerial perspective."
542728,542728.jpg,"This photograph captures a scene in a lush forest, notable for its large and majestic trees, most likely sequoias, indicating that it might be a national park. Centrally featured is an enormous tree trunk, demonstrating significant girth and height, dwarfing the nearby visitors.

Surrounding the base of this tree is a small crowd of people, with around fourteen individuals visible. The group appears to be engaged in a sightseeing or educational activity, looking up at the tree and pointing. Some of the individuals are taking photographs, while others seem to be in conversation or observing the tree's immense size.

The attire of the visitors suggests a casual outdoor setting, with hats, sunglasses, and light jackets visible, appropriate for a day out in a wooded area. A few visitors are closer to the camera, and their poses and directions vary, ranging from facing towards the tree to looking at other elements in the environment.

The setting is serene and well-maintained, evident from a clear walking path and low fences designed to protect the natural vegetation while providing access to tourists. The background is dense with similarly towering trees, reinforcing the grandeur of this natural habitat. The lighting in the photo, likely taken during daytime, illuminates the scene adequately, with shadows cast by the towering trees adding to the depth and richness of the forest environment.

Overall, the scene is tranquil and picturesque, capturing a moment of human interaction with nature in a setting that emphasizes conservation and admiration for ancient natural landmarks."
542759,542759.jpg,"This photograph features three men interacting by a railway crossing. To the left, a young man with a light brown bowl haircut, wearing a white T-shirt, stands side facing the camera while conversing with two older men in uniforms. The two older men, appearing to be railway or highway patrol officers given their beige uniforms and peaked caps, engage attentively with him. The officer in the middle seems to be making a point or explaining something to the younger man, using his hands in his discourse. The scene occurs next to a railway track, which is hinted at by the presence of a blue train carriage visible on the far right of the frame, its front and a red marker light clearly shown.

Behind them, the environment consists of an open field under a light sky, punctuated by tall electricity pylons in the background, creating a somewhat industrial or outskirts setting. A signal post with signs, slightly obscured, can be seen next to the men, suggesting proximity to a crossing or a similarly controlled area of the railway. The photograph captures a clear and sunny day, likely facilitating the calm, daytime conversation depicted among the individuals."
542766,542766.jpg,"The photograph features a mysterious and slightly abstract scene, primarily illuminated in green and blue tones. The main focus is on vertical lines that dominate the image. These lines are likely the slats of a blind or screen, either interior or exterior, covering a window. Through the gaps in these slats, the blurry shapes of buildings, windows, and possibly other urban structures are faintly visible, suggesting an urban environment at night.

The lighting casts a strong green hue on the scene, perhaps from a neon light or similar artificial source, which gives the photo a cool, surreal atmosphere. The lines are sharp and well-defined in the foreground, becoming hazier as they extend towards the edges of the image. The background is dark and obscure, contributing to the enigmatic and moody quality of the photograph. The overall composition is minimalistic, focusing on the interplay of light, shadow, and geometric shapes created by the slatted structure."
542883,542883.jpg,"This photograph captures a serene beach scene during what appears to be either dawn or dusk, given the soft, muted lighting. The main focal point is the word ""love"" written in large, flowing letters in the wet sand of the beach, suggesting a personal or romantic gesture by someone. The texture of the sand around the writing shows patterns of smaller waves and ripples, indicating the recent retreat of tide.

In the distance, the gentle surf can be seen, with small waves lapping onto the shore under a hazy sky. The horizon is slightly obscured, likely due to mist or fog, which adds a dreamy, quiet atmosphere to the scene. There are several rock formations that emerge from the sea in the background, adding to the natural, rugged beauty of the coastal landscape.

The upper part of the image shows a slightly grainy sky, suggesting either the natural grain of the film used to take the photograph or age-related degradation of the image. The overall composition, with the written message in the foreground and the tranquil sea in the background, evokes themes of love, nature, and introspection."
543371,543371.jpg,"This photograph depicts a scene from a hiking or camping expedition in a mountainous area. The image features three individuals engaged in outdoor activities, set against a background of pine trees and patches of snow.

On the left side of the image, two people are standing while wearing large backpacks loaded with camping gear. The backpacks are of vibrant colors, one primarily orange and the other green, and they are equipped with various items attached on the outside, such as sleeping bags and water bottles. Both individuals are facing away from the camera, suggesting they are looking at something out of frame or discussing their route.

On the right side, another individual is lying on the ground, next to a rock and what appears to be a full set of camping gear, including a rolled-up sleeping pad and a backpack. This person is wearing a baseball cap and seems to be either resting or examining a map or a similar object, focused intently on the item in his hands.

The setting is a grassy area with scattered snow patches, hinting at high altitude or early season conditions. The dense pine forest in the background and the snow give the image a remote, wild feel, emphasizing the outdoor adventure theme. No buildings or other signs of civilization are visible, enhancing the sense of being in the wilderness."
543533,543533.jpg,"This photograph depicts a serene lakeside scene with distinct natural features and elements hinting at cooler weather conditions. The foreground is dominated by an intriguing pattern of patchy, slushy ice formations on the lake's surface, reflecting the sunlight and appearing partly submerged in the clear water. These ice patches gradually lead into the open water of a vast lake, extending toward the background.

On the left side of the image, there is a small islet adorned with bare trees in the middle of the lake, contributing to the natural tranquility of the scene. The shoreline curves gently from the foreground on the right, moving into the background and providing a sense of depth and dimension. Along this sandy and gritty shore, a solitary canoe rests partially on land, indicative of human activity and recreational use of the lake.

The background features a row of mountains covered with snow, suggesting this photograph was taken in late winter or early spring. The sky is clear and bright blue, enhancing the picturesque quality of the setting with ample natural light that highlights textures and colors within the scene. This setting is peaceful yet vibrant, showing a blend of winter's remnants and the onset of warmer seasons."
543584,543584.jpg,"This photograph depicts a construction site where new residential buildings are in the process of being erected within a forested area. The buildings are multi-story wood structures, seemingly in the early stages of framing, characterized by exposed beams and partial framework.

The scene is interspersed with tall, thin trees, some of which have blackened trunks, suggesting they may have survived a recent fire or are marked for preservation. There are no leaves visible on the trees, adding to the feeling of a barren or recently burned forest environment.

Construction materials like lumber planks and plywood sheets are scattered throughout the foreground. Miscellaneous debris, including discarded papers, plastic bottles, and other construction waste, can be seen strewn across the dirt ground around the building sites, suggesting active work and movement in the area.

The clear blue sky and bright daylight indicate good weather conditions, which is typical for outdoor construction activities. This setting, coupled with the nature of ongoing work, captures a moment of development and transformation in a natural landscape."
543750,543750.jpg,"This photograph depicts a striking aerial or elevated view of a mountainous landscape, likely captured from a high vantage point. The image prominently features rugged mountain peaks covered with snow, illustrating a serene yet dramatic natural environment. The terrain is densely forested with dark evergreens on the steep mountain slopes, providing a stark contrast to the snowy peaks and adding a rich texture to the scene.

A valley cuts through the mountains, showing a river or stream that meanders along the valley floor, surrounded by what appears to be cleared patches of land or possibly agricultural fields, though the details are not distinct enough to confirm their exact nature. A winding road parallels the river, snaking its way through the valley, suggesting connectivity and access to this remote area.

In the foreground of the image, alongside the river, there is an installation of some kind which could be a small settlement, a series of buildings, or industrial facilities, again specifics are hard to determine due to the distance. These structures are closely packed and situated adjacent to the road, hinting at human activity and potentially serving as a focal community or operational base within the valley.

The lighting in the photograph suggests it was taken either early in the morning or late in the afternoon, as the mountains cast deep shadows over parts of the valley and the river, adding to the dramatic quality of the terrain. The aerial perspective provides a comprehensive view of the natural and human interaction within this secluded mountainous setting. The composition of the photograph, with its emphasis on the natural curves of the landscape and the juxtaposition of human elements within it, offers viewers insight into the diverse uses and experiences of such a rugged terrain."
543756,543756.jpg,"This photograph showcases a dramatic cave interior with striking geological formations. The scene is richly textured, characterized by craggy cave walls encrusted with mineral deposits. These formations include an assortment of sharp, elongated stalactites that hang from the ceiling, resembling icicles. They vary in size and shape, some appearing as large, thick columns while others are slender and pointed.

The colors in the cave are deep and varied, dominated by dark browns and shadows that hint at the depth and uneven surfaces of the rocky walls. Some areas glisten with a wet sheen, possibly indicating recent water activity, which could be responsible for the growth of the stalactites.

At the lower part of the image, there is a body of still water, reflecting the ceiling's formations with a slightly blurred effect. This adds a mystical and serene quality to the image, enhancing the otherworldly and tranquil atmosphere of the cave.

The overall composition immerses the viewer in the secluded and natural beauty of this underground setting, portraying a quiet moment beneath the earth's surface where nature's slow architecture continues to unfold."
543765,543765.jpg,"This photograph depicts a sharp contrast between natural beauty and environmental pollution. The foreground is filled with a large pile of garbage, which includes assorted waste such as cans, bottles, papers, and other debris, showcasing signs of human disregard for nature. Notably, a broken chair is visible among the trash, along with a few metal rods that are protruding upright from the pile. 

In stark contrast, the background features majestic snow-capped mountains, which appear serene and untouched. The mountains have steep, rugged slopes, mostly devoid of vegetation, transitioning smoothly into their snow-covered peaks. This juxtaposition highlights a poignant commentary on environmental degradation, positioning the pristine natural landscape against the human-induced waste and pollution in the foreground. The clear disparity serves as a visual representation of the impact of human activities on natural environments."
543848,543848.jpg,"The photograph captures a mining scene characterized by rugged terrain and industrial structures. In the foreground, there are large mounds of earth and rocks dominating the landscape, suggesting recent excavation or mining activities. The earthen tones of these mounds range from light beige to rust, organized in a pattern that appears to funnel down towards a central point near the bottom of the image.

Toward the middle of the photograph stands an imposing, rust-red metal structure, partially covered in shadows. This structure, possibly an old mining headframe, is associated with underground mining and is used to lower and hoist equipment and personnel. Attached to the headframe is a building that also sports faded red and brown hues, complementing the earthen environment.

Further in the background, the landscape transitions into a grassy field stretching to the horizon, offering a stark contrast to the industrial forefront. This green expanse is relatively flat and barren of trees or other significant vegetation.

The image also includes some smaller details like scattered debris, a few small outbuildings, and what appears to be the remnants of old mining equipment in the lower left corner near another small structure. These elements suggest a long history of mining activity, possibly abandoned or in disuse.

Overall, the photograph provides a vivid tableau of an old mining operation, blending industrial decay with the natural landscape. The juxtaposition between human-made structures and the rugged natural environment creates a sense of isolation and historical depth."
544102,544102.jpg,"The photograph shows a rugged and arid landscape dominated by rocky, red-brown terrain. The setting appears to be in a desert or mining area. On the steep, barren hillside, a prominent feature is an industrial-looking tower or structure, which appears to be a metal tank or storage container. It is multi-tiered, cylindrical, and painted in fading colors with red and white sections. Around the middle of the structure, there seems to be a walkway or platform circling it.

Leading up to this structure, there are worn dirt paths or roads that zigzag across the slope, possibly for vehicles used in mining operations. The hill is dotted with small shrubs or bushes, emphasizing the sparse vegetation typical of arid environments.

Utility poles with visible power lines are also present, creating horizontal lines against the hill's diagonal and vertical lines, adding to the sense of rugged human intervention in a natural setting. The background is a clear sky, which contrasts sharply with the earthy tones of the hill, enhancing the vividness of the landscape."
544115,544115.jpg,"This photograph captures a serene moment on the water near dusk. A person wearing a wide-brimmed straw hat and sunglasses is sitting at the helm of a dark-hued speedboat. The individual appears relaxed, navigating the boat through calm waters. The boat is detailed with a visible windscreen and some gadgets that might be used for navigation or control.

In the background, various elements contribute to the tranquil marine setting: there are ripples in the water reflecting the gentle light of the evening sun, contributing to a soft, serene ambiance. Further in the distance, a buoy and another boat are visible, adding to the sense of a populated but peaceful waterway.

The lighting is particularly notable, with the sunlight highlighting the contours of the boat and creating a silhouette effect around the individual and parts of the boat. The warm tone of the light suggests it is either early morning or late in the day, times typically associated with calmer waters and lower wind, ideal for boating. The overall mood is one of tranquility and leisure, likely a moment of solitude or contemplation amidst the gentle sway of the water."
544135,544135.jpg,"The photograph captures an industrial mining scene during dusk or under overcast conditions. A large mechanical bucket excavator is in the process of unloading a substantial load of rocks into a heavy-duty mining dump truck. The visible section of the excavator shows a huge, open metal basket filled with rocks nearing the top of a tipping point where its contents are cascading into the truck's hold.

The dump truck, marked with the name ""ANAMAC MINE"" across its side, is positioned directly beneath the excavator's basket. It's notable for its rugged design, heightened ground clearance, and large wheels, typical of vehicles used in harsh mining environments. A dusty atmosphere envelops the scene, reflecting the gritty nature of the activity and the location.

In the background, a subdued mountainous landscape provides a stark contrast to the industrial activity. The terrain consists of piles of similar rocks and earth, suggesting ongoing extensive excavation work. Another dump truck is visible in the far back, maneuvering within the mine site, further underscoring the expansive scale of the mining operations.

Overall, the photograph conveys a sense of dynamic industrial action, focusing on the powerful machinery and the harsh, rugged conditions typical of such environments. The lighting conditions add a somewhat grim and gritty ambiance to the scene."
544235,544235.jpg,"This photograph depicts a group of people in an outdoor setting, possibly involved in a protest or environmental activism, as suggested by the presence of a sign that reads ""THIS IS ALL WE HAVE LEFT LET'S SAVE IT."" The scene takes place in a wooded area with dense trees in the background, emphasizing a natural setting.

In the foreground, there is a group of individuals seated and standing around on what appears to be a dirt clearing. The group is diverse in age and casual in attire, suggesting a community gathering. Notably, there's a person seated in a chair who appears to be speaking or engaging with others, capturing the attention of the group. Nearby, an orange crane looms large, extending vertically up and out of the frame, indicating ongoing construction or interference in the natural area, which might be the focus of the community's concern.

To the right, the prominently displayed protest sign is planted into the ground, catching immediate attention with its bold, black handwritten message on a white background, directly addressing the urgency of preserving their remaining natural environment.

The overall composition and elements in the image collectively suggest a moment of community action, possibly against land development or deforestation, aimed at preserving their natural surroundings. The presence of the crane contrasts starkly with the natural environment, highlighting the tension between development and conservation. The mood is one of communal effort and perhaps a hint of defiance, emphasized by the confrontational message of the sign."
544357,544357.jpg,"In the photograph, a young boy stands confidently in front of a set of stacked tires. He wears a bright red shirt, vertically striped green and cream trousers, and polished black shoes. His hands are placed casually on the tires, giving him a relaxed yet poised stance. He is smiling at the camera, his face expressing a hint of playfulness and confidence.

The background of the image reveals a rustic setting, possibly a playground or an outdoor area as indicated by a wooden and metal structure visible in the top right corner of the frame. The ground beneath the boy is dusty, and the lighting suggests it's either early morning or late afternoon, as indicated by the warm glow and long shadows. The atmosphere feels informal and outdoorsy, marked by a touch of rural life."
544537,544537.jpg,"This photograph captures an aerial view of a distinct, modern architectural structure set within a vast, expansive natural landscape. The image prominently features a large, circular observation tower with multiple levels, situated on the right side of the frame. This tower is connected by a sloping, curvaceous ramp to a smaller structure that mirrors its design, but is slightly shorter. Both structures boast a futuristic appeal with clean, white concrete surfaces that contrast sharply with the natural green surroundings.

The tower and ramp sit beside a dark, winding waterway that enhances the composition with a natural element, leading the viewer's eye through the scene. Beyond the structures, a long, narrow road or path stretches straight through the middle of the photograph, disappearing into the flat, open horizon. This path is bordered by lush greenery and stretches across an expansive field that suggests a wetland or grassland environment, characteristic of regions like the Everglades.

The background of the photograph fades into a light blue sky, scattered with a few white clouds, suggesting a calm, clear day. The aerial perspective emphasizes the isolation and uniqueness of the architectural structures within the natural setting, highlighting their geometric shapes and the juxtaposition of human-made elements with the untouched landscape surrounding them."
544647,544647.jpg,"The photograph displays an environmental scene of pollution. The setting appears to be a wetland or a swampy area, indicating the natural aquatic environment. The waters are littered with various items of trash, showcasing a disturbing mix of water pollution and neglect.

The objects that can be clearly seen within the murky water and entangled in the wetland vegetation include several discarded beverage cans which are partially submerged and showing signs of rust and weathering. There is also a distressed cardboard box, partially soaked and deteriorating. A plastic cup is among the debris, along with what seems to be a glass bottle label, indicating it might have been once filled with a drink—specifically a beer brand named ""Busch.""

The background of this image is mainly composed of dense aquatic plants and debris, creating a stark contrast between the natural elements and the pollution. The plants show signs of being robust despite the polluted environment, however, the overall vibe conveys neglect and the adverse impact of human activities on natural habitats.

No people or animals are visible in this photograph, with the focus primarily on the interaction between human-generated waste and the natural environment. The lighting and quality suggest that the photo might have been taken during the daytime under natural light, accentuating the details of the trash and the wet surroundings."
544704,544704.jpg,"This photograph captures a dramatic scene featuring a large, dark cloud of smoke rising into the air, against a backdrop likely of a sunset or a similarly dusky sky, tinged with hues of orange and yellow. The smoke emanates from a structure which has the appearance of an industrial facility, such as a refinery or factory. The structure is visible but obscured partly by the dense smoke and includes cylindrical and cuboid elements, indicating heavy machinery or storage tanks. The top of the image shows the smoke billowing widely, suggesting a strong, possibly hazardous, emission.

In the foreground of the image, silhouetted plant life is discernible, indicating that the viewpoint is perhaps from a distance and might be outside the boundaries of the industrial area. This juxtaposition hints at environmental impact or the intrusion of industrial activities into natural or less developed areas. The overall composition uses the contrasting elements of the dark, heavy smoke against the lighter sky and the industrial versus natural elements to create a striking visual narrative that may invoke discussions around industry, nature, and pollution."
544895,544895.jpg,"This photograph captures a person standing within a narrow, slot canyon. The person, whose back is toward the viewer, appears to be exploring or examining the rock walls. Dressed in jeans, a belt, boots, and a red top, they have their left hand rested on the canyon wall. The walls of the canyon display a stunning variation of color, ranging from deep browns to reddish hues, smoothed by natural erosion processes.

The lighting in the image plays a crucial role in highlighting the textures and contours of the canyon. A natural light source from the top and beyond the person illuminates part of the canyon with a soft, warm glow, contrasting against the darker areas in the foreground. The composition of the photograph, with its perspective leading from the darker, cavernous foreground to the brighter, more open space at the back, creates a sense of depth and invites the viewer to imagine the continuation of the canyon beyond the visible endpoint.

The overall scene captures an intimate moment of human interaction with nature, emphasizing the scale and beauty of the natural world in contrast to the lone figure exploring its depths. It evokes a sense of adventure and tranquility, characteristic of such untouched natural environments."
544965,544965.jpg,"The photograph features a woman actively engaged in an outdoor industrial or farming task. She is focused on pouring a yellow liquid from a narrow-spouted yellow plastic container into a large, rectangular water tank. The tank appears to be made of metal with glass or transparent plastic sides, through which numerous eels (or similar aquatic animals) can be seen swimming in cloudy water.

The woman is dressed in a light-colored, short-sleeve button-up shirt and her hair is styled in a short, curly manner typical of the 1980s or 1990s, which suggests the possible era of the photograph. She wears a serious expression, indicative of concentration on her task.

In the background, blurred foliage and a white structure with a horizontal stripe can be observed, suggesting that the activity is taking place outdoors in a rural or semi-rural setting. The setting is utilitarian and functional, with the focus clearly on the task being performed rather than the aesthetics of the surroundings. The old, weathered look of the tank and wooden structure around it points to a longstanding use of the equipment in a working environment."
544970,544970.jpg,"This photograph depicts an entrance to the Dixie National Forest's administrative site in Panguitch. The setting is slightly misty or foggy, which adds a serene and somewhat mysterious tone to the image. In the foreground, there is a dirt road leading towards a traditional, single-story white house with a green roof. This house is flanked by lush green trees, and the environment appears calm and natural. 

Centered in the image is an American flag mounted on a tall pole, waving in the breeze, suggesting a sense of patriotic pride and official presence. Just below the flag, at the entrance of the site, there are two stone pillars with wooden signs attached. The left pillar has the U.S. Forest Service logo painted on it, while the right pillar bears a sign that broadly welcomes visitors to the Dixie National Forest, specifying that it is an administrative site. The bottom of the sign mentions that the site is managed by the U.S. Department of Agriculture.

The entire scene is enveloped in a fog, which softens the details and gives a peaceful, secluded feel to the location. The composition of the photograph is balanced with natural and man-made elements that represent the interface of environmental management and forest conservation."
545304,545304.jpg,"The photograph shows a dilapidated, abandoned station wagon in a desolate landscape. The car is severally damaged: the front is crushed, windows shattered, and parts of its body are bent and rusted. The vehicle's doors are open or missing, and the interior is visible, looking extensively worn and vandalized. Scattered around the car are various debris including a red car seat, small fragments of metal and plastic, and other unidentifiable trash strewn across the ground.

The setting is a barren, rocky terrain with little vegetation, under a clear blue sky. In the background, a mountain range rises up, giving the scene a remote and isolated feel. The ground is covered with small stones and patches of dry grass, suggesting a harsh, arid environment. The overall mood conveyed is one of abandonment and decay, evoking a sense of forgotten history or the aftermath of an event."
545435,545435.jpg,"This photograph captures a scene of industrial pollution with multiple smokestacks emitting thick, dark smoke into the sky. The smoke billows upward, merging into a cloudy sky, suggesting a significant discharge of pollutants. The image shows at least eight vertical smokestacks, prominently aligned in the foreground and background, with additional incomplete structures visible, possibly under construction or in disrepair as suggested by their varying heights and absence of emissions. The smokestacks are industrial gray, and the smoke is primarily black, indicating the burning of heavy fossil fuels. The scene is devoid of vegetation or any natural elements, emphasizing the environmental impact of industrial activity. The overall composition of the photograph, with its stark industrial elements against a heavy sky, conveys a powerful message about environmental degradation."
545483,545483.jpg,"The photograph depicts a close-up of a hand holding a large, fossil-like object. The object appears to be a section of a vertebra from a large animal, possibly a dinosaur, given its size and shape. It has a roughly circular form with a large, central hole and several protrusions that might be processes or spines of the vertebra.

The fossil is prominently textured, showcasing a detailed, cracked surface that indicates considerable age and fossilization. The colors on the fossil range from white to beige, with darker lines running through, suggesting sediment layers or mineral deposits.

The person holding the fossil is visible only in part, with the focus on their hand, which is dark-skinned. Only the fingers and thumb clasping the fossil are shown, with one hand securely supporting it from below. The background of the photograph is out of focus but hints at a dimly lit indoor setting with earthy tones, emphasizing the paleontological or archaeological context of the image. The overall composition focalizes the fossil, highlighting its historical and scientific interest."
545506,545506.jpg,"This photograph presents a sharp contrast between urban development and waste accumulation on a city street. A prominent focal point is a large pile of garbage bags in the foreground, overwhelmingly filled and in some areas spilling their contents onto the sidewalk. The bags are mostly beige, containing materials such as paper products, discarded boxes, and general refuse.

A woman is visible in the mid-background of the image, walking along the sidewalk away from the camera. She is dressed in a light-colored, long-sleeve outfit and is carrying a patterned bag. Her presence contributes a human element to the scene, juxtaposing the everyday activities of city dwellers against the backdrop of urban neglect.

In the background, a skyscraper dominates the setting, characterized by its modern architectural style with distinct horizontal lines along its facade and a dark color theme. This building reinforces the urban environment context. Despite the clear sky and the presence of green trees lining the street, the massive pile of uncollected garbage draws significant attention, illustrating issues of urban management and environmental concern. Additionally, visible on the left side of the photograph is a hanging sign, although its text is not entirely legible, further adding to the urban street scene details."
545515,545515.jpg,"This image captures a scene in a lush, forested setting. A person, who appears to be a young adult, is standing next to a dark tree trunk, examining a sheet of green paper, possibly a map or notice. The person, assumedly female, is dressed casually in a light-colored long-sleeve shirt and sports a bright purple and red hat. Her attention is focused on the paper, which she holds in her right hand against the tree.

In the background, there is a small, bright yellow car parked amidst the dense greenery, suggesting that this location might be a parking area or a clearing in the woods. The forest floor is covered with leafy green plants, and the trees around are full, indicating a healthy woodland environment.

The entire scene conveys a sense of outdoor activity, possibly related to hiking, camping, or conducting environmental research, given the remote setting and the examination of the paper, which could be related to navigation or information about the area. The atmosphere is serene, with overcast lighting enhancing the vibrant greens of the forest."
545663,545663.jpg,"The photograph captures a middle-aged man engaged in an activity by a water source surrounded by a polluted environment. The man is wearing a green jacket, a white safety helmet, and is seen kneeling on a raft made from blue and red drums tied together. He appears focused on an object or task in his hands, though it's not clearly visible what he is holding.

The scene around him is littered heavily with debris, including pieces of wood, branches, and various other discarded items that pollute the landscape. The ground is muddy and wet, suggesting recent rains or proximity to the water body. His expression and body language suggest concentration or concern.

The overall atmosphere of the image is somewhat grim, highlighting environmental pollution or perhaps a cleanup effort. The setting seems to be in a natural yet severely impacted area, possibly near a river or floodplain where debris has accumulated. This portrayal might be part of a larger narrative about environmental conservation, pollution, or industrial impact on nature."
545677,545677.jpg,"This photograph captures a scenic yet industrial scene set in what appears to be a desert or arid landscape. The central focus of the image is a large construction site where land-moving activities are evident. There is a large industrial dump truck or possibly a loader in the middle-right section of the frame, with its bed lifted, suggesting the depositing or unloading of material. The soil around this area is heavily disturbed, characterized by deep ruts and tracks indicating recent heavy machinery movement.

Around the construction activity, the land is barren with no visible vegetation, emphasizing the stark, natural beauty typical of desert environments. The background features dramatic ridges and plateaus, elements typical of a rugged desert landscape. The overcast sky adds a moody, somber tone to the scene, with cloud cover that suggests a cool or possibly inclement weather setting.

Overall, the image juxtaposes the rough mechanical intervention against a vast, tranquil wilderness, underlined by the cool tones and the remote setting. It illustrates human impact in a natural landscape, potentially for development or resource extraction."
545775,545775.jpg,"The photograph depicts a majestic natural landscape under a vast, expansive sky. The striking central feature of the image is a large, isolated rock formation resembling a plateau, prominently rising against the horizon in the middle of the frame. The rock formation is illuminated by the soft, diffused light of either early morning or late afternoon, giving it a rich, reddish-brown hue contrasted against the lighter shades of the surrounding flat terrain and distant mountains. 

The sky above takes up more than half of the image with a brilliant display of scattered clouds. These clouds are mostly wispy and white, trailing across a deep blue backdrop, adding a sense of depth and expansiveness to the scene.

Foreground details are minimal, emphasizing the openness and the stark beauty of the landscape. This setting is likely situated in a desert or arid region, given the dry appearance and sparse vegetation. The overall composition, with its clear, natural lines and the grandeur of the rock formation, imparts a serene yet awe-inspiring feeling, typical of a wilderness landscape photograph.
"
545971,545971.jpg,"This photograph captures a rural landscape dominated by a large, golden field likely during late summer or autumn, as suggested by the mature, dry state of the plants. The field appears to be either a type of tall grass or an agricultural crop nearing harvest. In the immediate foreground, the ground is covered with bits of crushed stone and debris, indicating a rough and less cultivated area, possibly a track or a less frequented path.

The perspective taken from ground level emphasizes the vastness of the field and leads the eye towards a distant industrial facility on the horizon. This facility includes several structures, including large tanks or silos, and what appears to be a factory complex with multiple buildings. Visually striking against this industrial backdrop is a plume of black smoke billowing out from one of the structures, contributing to an implicit commentary on industry versus nature.

Utility poles line both sides of the field, receding into the distance and converging towards the industrial site, drawing a visual connection between the field and the facility, possibly hinting at the facility’s influence or impact on the surrounding area. The sky is clear and expansive, adding a sense of openness to the image, but this is contrasted by the industrial activity that marks the horizon.

Overall, the composition juxtaposes the natural landscape of the field with human industrial activity, highlighting themes of land use, environmental impact, and the intersection of natural and developed spaces. The photograph serves as a document of the encroachment of industrialization into rural areas."
546060,546060.jpg,"This photograph captures a devastated landscape, most likely from a logging operation. The foreground features a wet, muddy area cluttered with fallen trees, broken branches, and scattered debris. Among the visible objects are logs, a puddle that reflects the sky, and parts of metal machinery, possibly related to logging activities. 

The background shows a dense arrangement of tree stumps and standing dead trees devoid of foliage, indicating the area has been cleared. This scenery is particularly bleak as there is little to no green vegetation visible; instead, hues of brown, black, and gray dominate the view. 

The sky, visible through the sparse canopy, seems overcast, suggesting an overclouded or late afternoon time. This setting underscores a somber mood, reflecting the consequences of human intervention in nature."
546138,546138.jpg,"The photograph displays a close-up view of what appears to be a natural setting with a small dead fish affixed to a sponge-like structure, and a bee resting on the fish. The setting is likely underwater or arranged to mimic an underwater scene. The fish hangs vertically and has dull eyes and a body that glistens slightly, suggesting it is wet. The sponge-like structure is orange and porous, having a texture like that of coral or some sponge species. Its shape is irregular, with loops and protruding parts. The backdrop is dark and nondescript, focusing the viewer’s attention on the fish and sponge structure in the foreground. There are small particles visible in the air or water around these central elements, adding to the naturalistic quality of the scene. The overall composition and elements suggest an exploration of interaction between marine life and other natural elements, possibly highlighting ecological connections or dependencies."
546237,546237.jpg,"The photograph captures a dramatic and dense plume of smoke or steam rising into the sky, framed against a backdrop of clouds and clear blue sky. The plume is dark and thick at its base, becoming increasingly billowy and lighter in color as it ascends. Its massive form is reminiscent of cumulonimbus clouds, which are typically associated with thunderstorms and severe weather, but its origin is clearly industrial given its emanation from narrow, elongated structures at the bottom of the image.

These structures appear to be tall industrial chimneys or smokestacks, which are only partially visible at the bottom corners of the photograph, reinforcing their towering height. The smokestacks are dark and feature ladders, emphasizing their functionality and scale.

The overall composition juxtaposes the man-made industrial elements at the bottom with the natural sky and cloud phenomena above, emphasizing a contrast between human activity and nature. The lighting in the image highlights the textures and forms of the smoke, providing a visually striking and somewhat ominous aesthetic."
546252,546252.jpg,"This photograph depicts an industrial construction scene, likely focusing on road or highway construction based on the elements observed. The image has a dynamic composition, with the foreground vaguely showing a strong, flume of water spraying from left to right, likely from a hose. This water jet partially obscures the view but adds a sense of motion and activity to the otherwise static scene.

In the middle ground, you can see exposed reinforcement bars laid down, covering the ground extensively, suggesting that concrete pouring is either in progress or soon to commence. These bars are arranged in a grid pattern, typical for adding tensile strength to the concrete structure.

On the left of the image, there is a truck carrying a large, mobile piece of machinery— possibly related to paving or preparing the surface for concrete. On the right, a large truck equipped with a dumper body is visible; it’s parked and appears to be unloading or waiting to unload materials. This truck is olive green and has visible signs of wear, which is common in heavy machinery used in construction.

Two individuals are observable in the image, wearing work clothes typical for construction sites, including helmets for safety. One individual is seen standing beside the dumper truck on the right, appearing to oversee the work or waiting to operate the vehicle.

In the background, more construction machinery and materials are visible, along with a row of trees lining the site, suggesting this construction might be taking place next to an existing roadway or within a semi-developed area. The sky is overcast, casting a diffuse light over the scene which flattens some of the visual contrast.

Overall, this photograph captures a moment of intense labor and preparation in what looks to be the foundational phase of a construction project, emphasizing the machinery and structural elements critical to the task."
546261,546261.jpg,"This photograph captures a scene in a salvage yard or recycling facility. The primary focus is on two flatbed trailers loaded with densely compressed cubes of scrap metal, presumably crushed cars, piled high. The metal cubes exhibit a variety of colors, mostly muted shades of blue, brown, and grey, with exposed internals and crumpled exteriors that reflect their prior state as vehicles.

On the right side of the image, a person, dressed in a yellow shirt and dark pants, stands facing away from the camera, looking at the trailers. Their posture suggests they are evaluating or inspecting the loads.

In the background, there is an industrial setting with more piles of scrap metal and machinery scattered around. Notably, there is a large smokestack emitting a plume of dark smoke, contributing to the industrial atmosphere of the scene. The sky is bright and mostly clear, which contrasts with the industrial activity on the ground.

The overall composition of the image, with its focus on discarded technology and the implications of industrial activity on the environment, provides a telling glimpse into the world of metal recycling and waste management."
546423,546423.jpg,"This photograph captures a lone individual walking along a sidewalk that runs beside a brick building with distinctive architectural details. The building features a series of tall, narrow windows set in a beige and red brick facade, each topped with a white stone lintel. These windows are regularly spaced along the length of the building. Above each window, the wall is adorned with rows of diamond-shaped brick patterns, adding a decorative element to the otherwise straightforward structure.

The individual in the image is a male, appearing to be in his twenties. He's wearing casual attire: a light-colored, patterned shirt that is unbuttoned over a darker t-shirt, flared jeans, and sandals. He’s carrying a large, light-colored shoulder bag and is gazing slightly downwards as he walks, suggesting a moment of introspection or focus.

Light and shadow play a significant role in the composition of this image, with sunlight illuminating parts of the building and the pavement, creating an interplay of light and dark areas. In the foreground, the out-of-focus branches of a tree introduce a natural element and a sense of depth, partially obscuring the view and giving the scene a candid, almost voyeuristic feel. The perspective used in the photograph draws the viewer’s eye along the pavement, following the man's walk down the sidewalk next to the architectural backdrop."
546582,546582.jpg,"This photograph provides an aerial or bird-eye view overlooking an urban area leading up to a large river. At the top of the image, the river extends horizontally across the frame, bending slightly towards the right. Below the river, a bridge spans its width, with another smaller bridge visible further down. The river banks are populated with lush greenery and smaller water tributaries can be seen joining the main river.

Closer to the bottom of the image, an urban landscape marked by various buildings takes precedence. A prominent building with a bright orange roof stands out due to its color and its central positioning amid the more uniform gray and brown rooftops. This building is encircled by neatly arranged streets, smaller buildings, and patches of greenery, indicating a well-planned city area. Several notable pathways and minor parks are discernible, which add a structured green space to the urban environment.

The composition is framed by the backdrop of a slightly cloudy sky with hues of blue and occasional streaks of pink from the clouds, suggesting either early morning or later afternoon lighting. The aerial perspective offers a comprehensive view of how the urban setting integrates with the natural landscape along the river."
546599,546599.jpg,"This photograph depicts a bustling parking lot scene from what appears to be the 1970s or 1980s, given the styles of the cars and fashion. The parking lot is filled with a variety of vehicles, prominently highlighting sedans and station wagons with designs typical of the era, featuring vivid colors and distinct body shapes. There are many vehicles with a mix of colors including yellows, blues, whites, reds, and greens.

In the background, there are groups of people and some solo pedestrians walking along a sidewalk adjacent to a building with a plain, brick facade. A few individuals are engaged in activities such as walking or conversing with one another. Visible behind the sidewalk are multiple bicycles parked near a lamppost, indicating a bike parking area.

The parking lot itself is located in what appears to be a suburban commercial or possibly a university setting, suggested by the style of architecture and the casual dress of the people. The overall atmosphere of the scene captures a day-to-day moment, likely during a midday or early afternoon timeframe given the hard shadows and bright sunlight."
546621,546621.jpg,"This image is an aerial photograph showing a bustling urban cityscape, captured from a significant elevation. The focal point is a long, straight city road, stretching vertically from the foreground to the horizon. This road is flanked on both sides by neat rows of buildings that exhibit typical urban architecture, including residential and commercial structures.

In the lower half of the photograph, there is a large construction site prominently seen as a significant disruption on the main street. The site is busy with construction activity evident from the presence of excavated areas, construction materials, and heavy machinery like cranes and trucks. Construction barriers, presumably for safety, are also visible, sectioning off the work area.

The street is bustling with traffic; numerous cars are seen driving along the road or parked along the sides. Despite the construction, the traffic flow appears to be quite heavy, indicating the central nature of this road in the city's grid.

Surrounding the center of action, the landscape features a mix of green trees and other buildings, suggesting this is a dense, developed area. The image gives a vibrant impression of city life and the ongoing development, reflecting an atmosphere of growth or renovation within an established urban setting. The sky overhead appears overcast, casting a mild, diffuse light on the scene, which slightly darkens the colors and enhances the metropolitan feel of the image."
546632,546632.jpg,"This image captures a scene in a garage where two men are engaged in mechanical work on a car. The photograph’s setting is dimly lit, with the majority of light focusing on the open hood area of the car and the people working.

The car's hood is open wide, and we see the engine compartment where both individuals are involved in either repairing or maintaining the vehicle’s engine. The man on the right is leaned over deeply into the engine bay, and he has a cigarette in his mouth, creating a very traditional or classic mechanic look. His clothing, a dark jumpsuit, suggests practical workwear. The second man, on the left and partly obscured by the open hood, is wearing a light blue shirt and also appears to be wearing work attire. His posture and the direction of his hands suggest he is actively working on the engine or possibly assisting the other in his task.

In the background, the interior of the garage is visible but in shadow, creating a contrast that highlights the workspace and the men working. The area looks utilitarian with concrete walls and minimal embellishments, focusing purely on function rather than form.

Above the car, there is a hanging light which provides illumination to the area where the men are working, casting dynamic shadows and adding to the gritty, work-oriented atmosphere of the scene. The ambiance reflects a typical mechanic’s environment – functional, a bit grimy, and focused on the task at hand."
546651,546651.jpg,"This image features a line of nine people standing on a sidewalk, possibly at a bus stop, against a barren, tree-spotted landscape under an overcast sky. From left to right, the first individual is turned partially towards the camera, while the rest face the road, each spaced apart but aligned in profile view. They appear to be waiting, evident from their static postures and the presence of suitcases beside some of them.

The individuals cover a diverse range in terms of dress: most are in dark, formal overcoats suitable for cold weather; some wear hats, ranging from fedoras to wider brimmed styles. Three of them are using umbrellas, suggesting light rain or drizzle. Their attire and the presence of umbrellas give the scene a slightly somber, yet organized feel.

In the background, there's a barely visible faint outline of structures, possibly buildings or similar constructions in a rural or suburban setting. The atmosphere of the photograph is muted, with grayish-blue tones dominating, highlighting the chill and dampness of the weather.

The photograph captures a mood of waiting and subtle anticipation, alongside the anonymity and solitude of each person despite their physical closeness. The composition—with the yellow road stripe at the forefront leading the eye towards the people—adds a graphical element to the overall scene, enhancing the linear arrangement of the subjects."
546687,546687.jpg,"This photograph offers an aerial view from inside a helicopter, emphasizing a bustling urban landscape focused on a complex highway interchange. The picture is taken from the perspective of an observer sitting behind the pilot, whose head and shoulders occupy the right foreground. The pilot is wearing a headset and is looking towards the sprawling highway network.

The helicopter’s interior, particularly the cockpit controls and the frame of the helicopter window, are visible at the lower part of the image, framing the view. This aspect provides context about the vantage point from where the photo was taken.

The highway system depicted in the image is intricate, with multiple lanes, overpasses, and ramps facilitating varied traffic flow directions. There are several vehicles on the roads, which appear to be flowing smoothly. The landscape around the highways features green areas, and the background shows a mix of residential and industrial areas with buildings spread out into the distance. The overall feeling is of a developed, densely organized urban space, viewed from a height that provides a comprehensive oversight of the area's infrastructure and layout."
546847,546847.jpg,"This photograph captures a detailed scene where a young man is engaged in an activity by a body of water. The young man, wearing a brown jacket, blue jeans, and sunglasses, is kneeling close to the water's edge. He is focused on pouring or collecting a substance from one container to another; he holds a smaller container with his right hand and a larger black bottle with his left. The environment around him is natural and somewhat rugged, featuring water flowing and small rocks scattered around. In the background and to the right edge of the image, partial views of another individual can be seen, suggesting that the young man is not alone. This individual appears to be standing and is also wearing casual attire. The image gives a sense of outdoor exploration or scientific investigation, possibly related to environmental studies or water quality testing. The use of vibrant colors and the clarity of the image enhances the depiction of the serene and natural setting."
546855,546855.jpg,"This photograph captures a group of elderly women seated on benches in an outdoor public space. The women appear to be engaged in casual conversation, each dressed in distinct, patterned outfits that reflect styles likely from the mid-20th century. One woman, located in the forefront, wears a polka dot dress combined with a cardigan and white shoes, her hands gently folded in her lap. Others in the group sport a variety of floral and geometric pattern dresses. 

Their hairstyles are notably styled in a manner typical of senior women from the time period the photo suggests—short and well-kept. Each woman carries a handbag or a small bag, resting either on their laps or next to them on the bench.

In their vicinity, there are other groups of people visible but blurred, indicating that the main focus of the image is the group of elderly women. The backdrop is a quiet urban setting with sparse trees, a paved walking area, and a glimpse of parked cars and a distant building, giving a relaxed community park vibe. The overall composition and emotional tone of the image suggest a serene day out, a snapshot of everyday life among friends enjoying each other’s company and public space."
546869,546869.jpg,"This photograph captures a construction worker in action. The man, who is the focal point of the image, is wearing a yellow hard hat with what appears to be a green decal or logo on the front. He is clothed in a tan or light brown jacket and is wearing heavy-duty gloves. The worker is looking upwards, his face angled towards his raised hand, which is pointing or reaching towards something not visible in the frame.

In the background, there is industrial machinery that hints at a construction or industrial site. Notable is the large orange crane structure visible behind the man. The sky is overcast, and the presence of steel structures further accentuates the industrial setting. The overall impression is one of a worker actively engaged in his job, possibly giving directions or signaling to other workers, set against the backdrop of a busy, operational industrial environment."
546910,546910.jpg,"This image captures a bustling industrial scene at a shipping dock. A large shipping container, prominently marked with the logo ""HAPAG LLOYD"" and a variety of technical specifications, is being maneuvered by a crane. This container, which displays its weight and volume capacity, is suspended in the air above a flatbed truck waiting directly beneath it.

The truck is equipped with a flat, red platform and has license plates visible. It's parked on tracks that suggest it may be part of a rail system integrated with road transport. On the left, an additional part of the crane structure is slightly visible, emphasizing the scale and heavy machinery involved in this operation.

There are three workers in the scene, all wearing hard hats—two are visible directing the operations near the truck, with one gesturing probably for precise placement of the container. Another person, albeit partly obscured, is to the left interacting with industrial controls or perhaps another vehicle.

The environment around them is gray and industrial, with other structures and possibly more shipping containers in the background. This place is characterized by a lot of metal surfaces and an overcast sky, which adds a gritty, robust feel to the setting.

Overall, the photograph documents a moment of coordinated effort in logistics, highlighting the industrial machinery and human oversight required in handling large shipping containers at a dock."
547038,547038.jpg,"The photograph depicts a small, single-story building that appears to be in a state of disrepair, situated very close to a body of water, likely a lake or sea, given the presence of waves breaking against its foundation. The building is constructed with what looks like cinder block walls, part of which are crudely covered with plywood panels, and it features a simple gabled roof with red roofing material.

Most notably, the structure is surrounded by a large amount of debris and broken concrete pieces, suggesting erosion or damage from the water. The building has wooden planks serving as a makeshift walkway leading up to and around it. One side of the building, facing the water, has a wooden deck, which is also in a deteriorating state, with several planks missing or askew, posing a potential hazard.

The background is mostly a clear, blue sky with no clouds visible, indicating a sunny day. The water appears calm except where it meets the land, where small waves are visible splashing against the remnants of a barrier or the building's foundation.

There are no people or animals visible in the scene, emphasizing a sense of abandonment and neglect. The overall mood conveyed by the photograph is one of isolation and decay, highlighting the impacts of natural forces on man-made structures."
547100,547100.jpg,"This photograph portrays a man standing on a concrete walkway, looking out towards the sea. He is stylishly dressed in a gray overcoat, patterned trousers, a red sweater, brown boots, and a red and brown cap. Next to him, on a leash, is a small dog wearing a blue sweater. The dog is looking directly at the camera. Both are positioned against a vibrant backdrop that includes a bright blue sky and tumultuous ocean waves. The sea is visibly agitated, suggesting a breezy, possibly chilly day. The composition balances the tranquility of the sea’s horizon with the vertical line of the man and the attentive posture of the dog. The image conveys a serene, yet slightly stark atmosphere."
547165,547165.jpg,"This photograph shows an elderly male police officer standing at the entrance of a log cabin structure. He is dressed in a dark, neatly pressed police uniform with a prominent star-shaped badge on his left chest, suggesting his role as a sheriff or a similar law enforcement officer. The officer wears glasses and has a serious expression as he looks directly at the camera.

He is holding a clipboard in his left hand and a pen in his right, indicating he might be in the process of writing a report or taking notes. The background features the rustic texture of the log cabin, with wooden logs stacked horizontally to form the walls. There's a simple, unadorned door just behind him, enhancing the no-nonsense setting typical of a practical workspace or official premises.

The officer’s pose and attire reflect an aura of authority and professionalism, set against the rugged backdrop which might suggest a rural or semi-rural setting. His attire is clean and formal in contrast to the rustic and natural texture of the log cabin, creating a contrast between the man-made order and the natural surroundings. The lighting is bright, likely indicating daytime, and casts shadows that add depth to the composition."
547172,547172.jpg,"This photograph captures an industrial scene along a coastline, perhaps during sunrise or sunset, as evidenced by the deep, vivid colors in the sky. Multiple smokestacks emit large plumes of smoke, contributing to a dense and dramatic cloud formation above the facility. These clouds vary in color from soft pink to darker shades, possibly due to the lighting at the time of day and the smoke's interaction with the atmosphere.

The industrial facility includes several large structures, such as silos, conveyor systems, and possibly processing plants, visible in the foreground against the coastal backdrop. There appears to be a heavy industrial operation, likely involving manufacturing or processing materials, given the infrastructure and smoke emissions.

The foreground is composed of a rough, wavy sea, which adds a natural element contrasting with the man-made industrial complex. The overall composition divides the image into layers of sea, industry, and sky, each distinctly colored yet interconnected through the environmental impact depicted. The photograph has a somewhat haunting quality due to the pollution visible and the stark contrast between natural beauty and industrial activity."
547381,547381.jpg,"This image captures a vibrant outdoor scene at what appears to be a public sale or auction. Central to the photograph is an older man wearing a cream-colored short-sleeved shirt and a straw hat. He is animatedly gesturing with his right hand, pointing towards something or someone out of frame, giving the impression that he is either bidding or announcing an item in an auction.

The man stands behind a rustic wooden table littered with various items, suggesting the setting could be a flea market or an informal outdoor sale. On the table, you can see assorted books and what may be other small miscellaneous objects. Notably, a black cash box sits in the foreground, indicating transactions are taking place.

Around the central figure, other people are gathered, partially visible and observing the scene. These individuals appear to be middle-aged to elderly, with one man to the right wearing glasses and a multi-colored patterned shirt, and others in the background more indistinct.

The setting includes trees and a clear blue sky, implying a nice day, conducive for an outdoor event. The overall atmosphere is busy and communal, with a focus on interaction and transaction."
547877,547877.jpg,"This photograph captures a serene moment on a sandy beach, depicting three people engaged in different activities. On the left, an older woman sits on a wooden log, comfortably reading a book while leaning forward slightly, dressed in a dark top and a patterned skirt. Next to her, a young girl seems occupied with something small in her hands, possibly playing with sand or a small object. She is dressed in a bright red sweater and dark pants.

To the right, a man is lying flat on his stomach on the beach, his arms extended forward as if he is also engaged in picking up or inspecting something on the sand. He is dressed in a dark outfit, possibly shorts and a t-shirt or rolled-up sleeves. 

The scene is set against an expanding backdrop of a wide, quiet beach, with a visibly low tide revealing wet sand and sparse vegetation scattered around. A few boats can be seen in the background along the waterline, enhancing the coastal vibe of the setting. The day appears bright and sunny, casting distinct shadows and contributing to the vibrant colors of the scene. The overall mood is peaceful, depicting a leisurely day by the sea."
547878,547878.jpg,"This image depicts a cluttered urban area overwhelmed with trash. The primary focus is a large pile of garbage accumulating in what looks like an alley or a similar outdoor space. The garbage includes numerous white plastic bags, some visibly filled with miscellaneous waste, and others torn open with their contents partially spilling out. Among the visible trash, there are several cardboard boxes, one noticeably reads ""TOMATOES.""

In addition to the garbage bags and boxes, there's a large, dark-colored dumpster that is also overflowing, its contents reaching far beyond its capacity. The ground is littered with scattered pieces of broken glass, loose papers, smaller pieces of debris, and bricks, contributing to a generally unkempt and neglected appearance of the space.

The background includes a glimpse of a building with exposed bricks and what appears to be a metal barrier or partial fencing. The setting suggests an industrial or old residential area. The bright sunlight emphasizes the textures and details of the piled-up waste, accentuating the vividness and chaotic nature of the scene."
547983,547983.jpg,"This photograph depicts a chaotic scene of a landfill or dumpsite, showing a large pile of trash and waste materials. The waste primarily includes a massive accumulation of varied objects such as furniture, wires, paper, and scattered debris. A prominent feature in the photo is a large, overturned black dumpster that seems to have recently deposited more waste onto the heap.

On the right side of the image, there is a solitary man wearing a coat and a cap, standing beside the landfill, observing the scene, which suggests an element of human interaction or supervision of the site.

The background is minimal, primarily sky which is mildly overcast. The environment around the trash pile is not visible, focusing the viewer’s attention predominantly on the waste and the activities at the site. Additionally, many seagulls are flying above the garbage, possibly scavenging, which adds a dynamic element to the otherwise static pile of trash.

The overall atmosphere of the photograph communicates a sense of abandonment and pollution, possibly raising environmental concerns regarding waste management and its impact on natural surroundings."
548159,548159.jpg,"This photograph features a close-up view of a robust tree trunk on which a distinctive yellow sign is attached. The sign reads ""Federal-State Cooperative Snow Surveys Snow Course Marker,"" and below in smaller text, ""Soil Conservation Service U.S.D.A."" It is diamond-shaped with black bold lettering and a double line border.

The tree's bark is rugged and heavily textured, typical of a mature tree, possibly a type of conifer given the context and visible foliage. Traces of snow are speckled across the bark, suggesting a cold, snowy environment.

In the background, other trees can be seen, their branches heavy with a thick layer of snow, emphasizing a wintry forest setting. The overall atmosphere suggests this photograph was taken in a remote, snow-covered area, commonly used for snow surveys and environmental monitoring."
548301,548301.jpg,"The photograph captures a bustling river scene with multiple subjects and elements. Set in a wide, murky river, the image includes three boats, each powered by a single outboard motor, moving across the water. Each boat is occupied by a single person; all of them are dressed in casual attire, which includes hats, possibly as protection from the sun.

On the left side of the image, there is a raised railway bridge, a mechanical structure appearing somewhat industrial in nature, with vertical bridge components visible. Adjacent to this railway bridge is a simple rail line extending into the distance along the bank of the river.

On the right side of the image, there is another bridge, more modern and curved, seemingly built for vehicular traffic. Both bridges span the width of the river, connecting landmasses that are not visible in the photograph.

The environment surrounding these structures looks flat and sparsely vegetated, indicating a possible rural or semi-industrial area. The sky is mildly overcast, casting an even light across the scene, which contributes to a calm yet active atmosphere in the image. The water appears to be choppy, likely due to the movement of the boats, adding a dynamic quality to the otherwise still setting."
548485,548485.jpg,"This photograph captures a striking urban scene of life under a flight path. The dominating element is a large commercial airplane, seemingly quite low in the sky as it flies over a neighborhood. The aircraft occupies the upper-central part of the frame, depicted with its jet engines visible and its landing gear down, suggesting it is nearing an airport.

The setting is a residential street, lined with multi-story houses that have typical architectural features like bay windows and access steps. Parallel to these, green, leafy trees indicate a neighborhood with mature vegetation.

In the foreground, two people are reacting to the airplane’s approach. On the right, a man is facing the camera, his features obscured by underexposure, with his hands raised to take a photograph of the plane. On the left, another person is seen from behind, perhaps a child, enthusiastically pointing up at the airplane, evidently captivated by the sight.

The street itself adds additional context to the location. It’s a paved road with parked cars along the sides, suggesting a relatively quiet area. In the background, there’s another intersecting street flanked by more homes, with additional onlookers who are turned to watch the airplane.

The whole scene is bathed in bright, perhaps early or late day sunlight, casting soft shadows and enhancing the everyday yet thrilling essence of the moment depicted. The mood is one of momentary awe and interest as life pauses briefly for the spectacle of the low-flying plane."
548555,548555.jpg,"This photograph captures a serene lake scene where multiple individuals are engaged in sailing small boats. The image shows four sailboats, each manned by one or two people. The boats feature colorful sails, with designs primarily in blue, white, and red, and one sail includes a circular emblem.

The individuals appear focused on maneuvering or stabilizing their crafts, suggesting a leisurely yet attentive boating activity. The water is calm, reflecting a gentle outdoor recreational setting.

In the background, there are modern, low-rise buildings that look like residential or possibly resort accommodations. There is minimal greenery visible, but a well-maintained grassy area and a promenade or dock can be seen adjacent to the water. The overall scenery suggests a suburban or lakeside holiday community setting.

The sky is overcast, indicating either an early morning or a cloudy day, which provides soft natural lighting to the scene, enhancing the tranquility and leisurely pace of the activities captured in the photograph."
548687,548687.jpg,"This photograph captures a majestic tree viewed from a low angle perspective, giving prominence to its tall and sturdy trunk stretching upwards toward the sky. The trunk is thick and textured, suggesting it is likely a mature, old tree. The tree has a rich canopy of leaves, which appear dark against the light filtering through them, creating a contrast with the bright, slightly overexposed sky visible through gaps in the branches.

The branches themselves are robust and sprawling, extending outward from the main trunk, creating a network of natural architecture that fills the top half of the image. The foliage is dense, consisting of smaller leaves that cluster around each branch, hinting at a healthy, verdant tree, possibly set in a forest or a secluded natural area. The background suggests a bright, clear day, with hints of other trees and possibly open sky beyond, framing the central tree and emphasizing its dominance in the scene.

Overall, the image's composition focuses on the grandeur and beauty of the tree, invoking a sense of awe and tranquility. The use of natural light and shadow plays effectively to highlight the tree's textures and the intricate details of its leaves and branches."
548702,548702.jpg,"This photograph depicts a solitary mangrove tree standing in a large body of water, likely an ocean or a very large lake. The sky, which occupies the upper third of the image, is dusky, suggesting early evening or late afternoon timing. There are a few scattered clouds in the sky, but they are thin and sparse.

The tree itself is notable for its resilience, growing directly out of the water, and features a dense cluster of dark green leaves. Its roots are twisted and exposed above the water surface, characteristic of mangrove trees which are adapted to saline coastal environments. 

The water appears calm with gentle ripples, and there are no visible landforms in the immediate vicinity, giving the impression that the tree is isolated. In the distance, under the expanse of the sky, the horizon line is clearly visible, subtly blending the water with the sky.

There are no people or man-made objects present in the image, highlighting a natural and serene setting. The color pallet is mostly subdued with blues, greens, and grays dominating the scene, enhancing the tranquil and somewhat melancholic atmosphere of the photograph.  

The composition of the photo, with the tree centrally placed against the vast expanse of sky and water, draws attention to its solitary nature and the expanse around it, emphasizing themes of resilience and solitude."
548711,548711.jpg,"This photograph captures a marine scene, showing a vibrant coral ecosystem. The main focus is on a complex cluster of staghorn coral, characterized by its elongated, branching structures with multiple narrow points. The coral is colored in dark blue and green hues, possibly due to the underwater lighting and the depth at which the photo was taken.

Peering out from the shadows within the coral, a small fish, possibly a damselfish or a type of grouper, is partially visible. Its presence adds a sense of life and intrigue to the scene, illustrating the biodiversity typically found within coral reefs. 

The background of the photo is dark, emphasizing the coral and the fish as the primary subjects. This darkness also suggests that the photograph might have been taken at a considerable depth or in a less illuminated area of the reef, focusing the viewer's attention solely on the coral structure and its inhabitants.

Overall, the composition and the limited light create a mysterious and somewhat ethereal snapshot of underwater life, highlighting the beauty and complexity of coral ecosystems."
548786,548786.jpg,"This is an aerial photograph that captures a picturesque view of several small tropical islands surrounded by clear turquoise waters, possibly in a coral reef system. The scenery is characterized by vibrant greens of the vegetation interspersed with the blues and greens of the shallow waters surrounding each land mass. Some islands are fairly barren with sparse foliage, while others are lush with a dense covering of trees.

In the foreground, one island hosts a few buildings which appear as white specks nestled among the trees, alongside a long pier extending into the water. The sandy shorelines are prominently visible, curving around the periphery of the islands, suggesting popular spots for beach activities. There appears to be one boat, either moored or in motion, near the pier. This area suggests signs of human habitation or perhaps a vacation or resort destination.

To the right of the image, further islands stretch into the distance, fading towards the horizon where they meet a clear blue sky. The marine environment shows signs of varying water depths as indicated by the changing water colors—from deep blues to light aquamarine—possibly indicating underwater topography like coral reefs, which are essential ecosystems for marine biodiversity.

This is a beautifully tranquil scene that likely attracts visitors for its natural beauty and serenity, ideal for activities such as swimming, boating, or environmental exploration."
549045,549045.jpg,"This photograph captures a young person in a cowboy hat smiling broadly at the camera. They are in a Western setting, likely at a rodeo or horse riding event, based on the environment and attire. The individual is dressed in a light-colored long-sleeve shirt, blue jeans, and a dark cowboy hat, presenting a traditional Western look. They are interacting with a saddle, appearing to either be setting it up or adjusting it on a horse that is not fully visible in the frame.

The background features white metal railing panels, probably part of a fence surrounding a riding or rodeo area, and a clear blue sky, indicating it's a bright sunny day. The overall ambience is vibrant and cheerful, enhanced by the person's engaging smile and active stance, suggesting they are comfortably involved in and enjoying the equestrian activities. The focus and lighting emphasize the person's face and the upper part of the saddle, directing attention to their interaction with the horse equipment and their welcoming expression."
549054,549054.jpg,"This photograph captures a close-up portrait of an older man, presenting a rugged and weathered appearance. He is wearing a work-worn baseball cap that features a faded patch which seems to bear agricultural or possibly patriotic symbols. Additionally, he is clad in a red and white plaid shirt that suggests a common attire for manual or outdoor labor.

The man's facial expression is stern and tough, highlighted by deep lines and creases that hint at years of physical labor under harsh conditions. A lit cigarette hangs from the corner of his mouth, adding to his gritty demeanor. The photograph's focus on his face and upper torso against a blurred background lends an intimate yet stark quality to the image.

In the background, there appears to be a vague, undefined field under an open sky, suggesting that the photograph was likely taken outdoors, possibly on a farm or similar rural setting. The light and color saturation bring a warmth to the image, contrasting with the toughness of the man’s expression and attire.

Overall, the photo captures a vivid character study, emphasizing themes of hard work, endurance, and the rugged individualism often associated with rural life."
549303,549303.jpg,"The photograph shows an urban waterway scene, characterized by industrial and architectural elements. In the foreground, there is a wooden dock leading the viewer's eye towards a cityscape background. To the left of the image, part of a large, possibly industrial ship or barge is visible, docked at the wooden pier. The ship's curved metal structure extends into the waterway.

The water itself is somewhat turbulent with visible white foam, suggesting movement, possibly from the operation of the ship or water flowing through sluice gates. Across the water, there's a lock or a similar structure controlling water flow, with what appears to be a bridge or a platform right above it.

On the right of the photograph stands a tall building with a distinctive façade featuring repeated arched motifs on its upper parts, which add an aesthetic modern architectural element to the scene. This building, along with another shorter structure to its left, forms a part of the background scene under a moderately cloudy sky.

The entire setting has an urban, slightly gritty feel, reflecting a working aspect of a city where transportation, commerce, or industrial work involving waterways might be occurring. The color palette is primarily composed of blues, browns, and greys, giving the photograph a moody and sturdy character."
549766,549766.jpg,"This photograph captures a striking urban landscape dominated by multiple high-rise apartment buildings, straightforward in design, marked by grids of windows across their façade. These buildings are parallel to each other and have a somewhat uniform grey appearance, lending a monolithic feel to the scene. Their grand scale is emphasized by their towering stature against the backdrop of a faintly cloudy sky.

The foreground of the image presents a stark contrast to the urban development depicted by the buildings. It shows a vast expanse of what appears to be a cluttered, unkempt land, possibly a landfill or wasteland, dotted with numerous specks that could be debris, litter, or similar objects contributing to a sense of neglect or decay.

Between the landfill in the foreground and the buildings, there are many birds in flight, adding a dynamic element to the otherwise still and somewhat desolate urban environment. The presence of these birds might suggest the intersection of urban spaces with natural or semi-natural habitats, hinting at ecological interactions within city limits.

Overall, the image invokes themes of urban expansion, environmental impact, and the stark contrasts that can exist within a city's landscape."
549774,549774.jpg,"The photograph depicts an expansive debris field with a variety of discarded materials and objects. The foreground is cluttered with large amounts of wooden planks and boards, some of which appear broken or partly disassembled. Among the wooden debris, there is a visible crate labeled ""SCHWAN AGON4."" Additionally, there are scattered pieces of torn and crumpled white paper or fabric interspersed with the wood.

In the midground and extending to the background, the debris field continues, appearing less dense but still extensive. Miscellaneous detritus, including what looks like more wooden pieces and random trash, covers the ground.

In the distant background, a city skyline is visible, featuring several tall buildings that rise prominently against the sky, suggesting a view from an urban outskirts or a peripheral vantage point. The sky is clear and blue, indicating a day with good weather.

Overall, the scene conveys a sense of desolation and abandonment, contrasting the clutter and chaos of the foreground with the structured skyline in the distance."
549789,549789.jpg,"This photograph captures a scene of environmental neglect and waste. The central object in the image is an old, dirty toilet seat surrounded by various types of litter. Interspersed amid the debris are multiple discarded and rusty tin cans, many of which are labeled with ""Budweiser"" beer logos, indicating they are beer cans. There are also fragments of unidentifiable paper and cardboard scattered throughout. The ground is muddy and covered with leaves and small twigs, suggesting an outdoor setting possibly in a wooded or neglected urban area. The overall appearance is messy and neglected, evoking a sense of disregard for the environment. The focus and composition bring attention to the prevailing issue of pollution and the human impact on natural surroundings."
549817,549817.jpg,"This photograph captures a scene on a waterway, likely a river, with a backdrop that includes the skyline of a city. The immediate foreground features the edge of a large barge or vessel loaded with a massive amount of garbage. This pile of garbage is predominantly organic and mixed waste, containing items such as decomposing bags, materials, and miscellaneous refuse that suggests a collection from a highly populated urban area.

The left side of the image affords a view of the river and part of another adjacent vessel or barge, also seemingly filled with rubbish, lined with a sturdy metal barrier. In the upper right quadrant, the skyline is visible, characterized by tall buildings and a notable chimney emitting smoke, contributing to the industrial feel of the scenery. The sunlight is bright, creating a sparkle on the water's surface and casting shadows that enhance the textures of the garbage heap.

Reflections on the water indicate it is a sunny day. The overall environment suggests an industrial or urban setting involved in waste management and processing. The scene portrays a stark contrast between the natural waterway and the human-generated waste, emphasizing ongoing environmental and urban challenges."
550001,550001.jpg,"This photograph features a striking contrast of architectural styles, capturing the juxtaposition between a traditional church and a modern skyscraper. The church in the foreground is dark and silhouetted, characterized by pointed arches and steeply pitched roofs typical of Gothic architecture. Its details are obscured by shadow, emphasizing its old and historical nature.

Behind the church, dominating the composition, is a towering modern skyscraper. Its surface is smooth and reflective, made of glass that mirrors the sky. This building is much taller than the church, and it rises sharply into the sky, its edges crisp against a backdrop of scattered clouds.

The image is taken from a low angle, looking upwards, which amplifies the sense of scale and height of the skyscraper. The sky is dramatic, with a mix of light and dark clouds, suggesting the photo was taken either early in the morning or late in the afternoon.

The contrast between the ancient and the contemporary is stark, highlighting themes of time and progress. The photograph communicates a sense of the evolving urban landscape, where history and modern development coexist in close proximity."
550024,550024.jpg,"This photograph captures a city street scene showcasing a diverse array of architectural styles. On the left side of the image, there is a prominent red brick building with multiple stories, featuring white trimmed bay windows and two central doors, presumably entrances to separate units. This building has elements typical of late 19th to early 20th-century urban residential design.

Adjacent to the red building is a lighter colored structure with gothic and classical revival architectural elements, such as ornamental lintels over the windows and a central projecting bay topped with a dome-like structure, which might be a cupola.

On the right side, beyond these older buildings, stands a starkly contrasting modern skyscraper, characterized by its plain, dark glass façade and rectangular form, offering a distinct backdrop that signifies the city's evolving skyline.

Visible on the street are classic cars from around the mid-20th century, parked and driving, that provide temporal context likely indicating the period in which the photo was taken. The road appears quiet with no visible pedestrians, emphasizing the architectural features rather than the bustle of city life.

The sky is clear and blue, indicating good weather conditions, which brightly illuminates the scene, casting shadows that give additional depth to the architectural detailing of the buildings."
550128,550128.jpg,"This photograph captures a scene on a rainy urban street setting, which appears to be from a bygone era, likely several decades ago given the styles of the vehicles and the condition of the surroundings.

On the left side of the image, you can see an old-fashioned food stand that is partly visible, painted in a yellow hue with a serving window. Behind the food stand, an aged and somewhat deteriorated Chevrolet truck is parked. The truck's purpose seems to be for selling or advertising various household items, as seen from the large signage on its side that reads a mix of product offerings such as ""Used TV, Ranges, Carpets"" and phrases like ""Save A Lot"" and ""We give you more than you pay for.""

In the center of the photograph, an elderly man wearing a dark jacket, pants, and a hat—typical attire for a chilly, wet day—is walking along the sidewalk. He is carrying a large, brown paper bag that appears to be quite full, likely with groceries or goods.

The background features a line of buildings along the street. The most prominent sign among them reads ""The Ge….ck,"" suggesting the name of a business, but the full name is obscured.

The street itself is lined with parked cars that reflect automotive styles from the mid-20th century, which adds to the historical feel of the image. The weather is overcast, and the wet pavement suggests recent rainfall.

This vivid capture of everyday life in a past decade offers a small window into the period's urban environment, transportation, and consumer goods while highlighting a solitary figure in his routine endeavor, possibly running errands or returning from shopping."
550134,550134.jpg,"This photograph presents an aerial view of an urban landscape leading towards a coastline. The foreground prominently features a series of red brick apartment buildings surrounded by lush green trees. The architecture of these buildings suggests a mid-20th century design, characterized by simple, functional structures with flat roofs. Each building is a rectangular block, and the foliage around them indicates the image is likely taken during the late spring or summer months.

In the mid-ground, there's a noticeable shift from residential to industrial scenes. Here, you can see railway tracks running parallel to a canal or river, with some freight cars parked on the tracks. Adjacent to these, there is a large industrial building with a dark-colored roof, possibly a warehouse or factory, and a vast parking area filled with vehicles.

The background provides a view of a large body of water, likely a lake or coastal bay. A few ships can be seen on the water, which varies from cargo ships to smaller boats, indicating active maritime activity. Notably, there is a tall, vertical-lift bridge spanning the canal, partially raised, suggesting the passage of vessels.

The landscape gradually transitions from a dense urban scene to a more spacious and industrial zone, then finally to the expansive openness of the water. Over the horizon, the sky is overcast, casting a diffuse light over the entire scene, which enhances the industrial overtones of the photograph. This image captures the intersection of urban life, industrial operations, and maritime activity within a coastal city environment."
550144,550144.jpg,"This photograph captures a scene featuring a large, dilapidated two-story house that shows considerable signs of neglect. The structure is predominantly wooden with a gabled roof. Many of the house's features, including windows and a side door, are visibly boarded up with plywood, suggesting vacancy or abandonment. Despite its condition, architectural details such as ornate wood trim and a covered front porch with decorative elements suggest the house once had a more illustrious past.

In front of the house, flowers in bloom add a contrasting touch of life and color to the otherwise grim scene. The front yard appears unkempt and overgrown, strewn with debris and random objects, which further emphasizes the state of disrepair.

To the left of the house, near the roadside, a person is lying on the ground among some trash and debris. This individual appears to be either resting or perhaps in distress, adding a complex human element to the image.

A classic car, parked on the road directly in front of the house, adds to the historic feel of the scene, suggesting a time period possibly in the mid-20th century. The car looks well-maintained compared to the house, with a two-tone paint job and chrome details, typical of its era.

Overall, the image portrays a stark juxtaposition between decay and lived life, possibly hinting at broader societal or economic issues impacting the neighborhood during the time the photo was taken."
550257,550257.jpg,"This photograph captures a scene in an urban environment showing deterioration and neglect. A man stands to the left side of the image, his body partially leaning against a brick wall. He is dressed in a light pink long-sleeve shirt, dark blue jeans, and brown leather shoes. He has glasses and his pose is relaxed, with one leg raised and resting on the brick barrier.

The environment around him is in a stark state of disrepair. He is standing next to a doorway that bears a bright yellow ""CONDEMNED"" sign, indicating the building is unfit for use. The interior visible through the door frame is dark and severely damaged, with debris and refuse strewn all around. The ground is littered with a variety of discarded items including boxes, bottles, papers, and other unidentified rubble.

Just beside the man, the scene spills out with even more garbage covering the ground extensively, suggesting long-term abandonment and neglect of the property. A small portion of the sky is visible in the upper right corner of the image, contrasting the otherwise gloomy and cluttered scene. Overall, the photograph depicts a poignant contrast between the composed demeanor of the man and the chaotic decay surrounding him."
550582,550582.jpg,"The photograph is an aerial view of a vast landscape, capturing a sprawling river delta with numerous water channels meandering through it. The river appears wide and sandy, featuring intricate patterns created by the different channels splitting and merging across the sandy plains. This delta flows into a more condensed river that snakes through a lush green landscape, surrounded by dense vegetation.

On the left side of the image, a small town or settlement is visible, established near the edge of the river. The town looks modest in size, with clusters of buildings close to each other, connected by clear roads that extend towards and along the riverbank. The surrounding area also seems to have patches of cleared land, possibly for agriculture or other development.

In the background, the terrain transitions into a more mountainous region, under a partly cloudy sky. The mountains are distant yet prominent, adding a dramatic backdrop to the scene.

Overall, the composition of the photograph highlights the interaction between the natural environment and human habitation, capturing the beauty and scale of the river delta juxtaposed against the organized layout of the human settlement. The lighting conditions suggest that the photo could have been taken late in the day or during overcast weather, with the sun breaking through the clouds selectively illuminating parts of the river and landscape."
550630,550630.jpg,"This photograph captures a majestic mountain landscape, likely viewed from an aerial perspective. The image shows a rugged terrain with several prominent features:

1. **Mountains:** The scene is dominated by steep, imposing mountain peaks, characterized by their jagged rock faces covered partially with snow. Several peaks are visible, contributing to a dramatic and craggy skyline.

2. **Snow and Glaciers:** Snow patches are scattered across the higher elevations of the mountains, indicating their altitude and cold climate. Midway down the mountains, glaciers or snowfields appear more prominently, their white surfaces contrasting with the darker rocky material.

3. **Vegetation:** The mountainsides below the snowline are densely covered in lush greenery, suggesting a verdant, possibly moist climate suitable for such dense vegetation. This greenery covers the majority of the visible land.

4. **Waterfalls and Rivers:** Multiple waterfalls and streams can be seen cascading down the mountains. These are likely fed by the melting snow and glaciers above. They show serpentine paths, cutting through the greenery and rock, and accumulating into a visible riverbed at the bottom of the valley.

5. **River or Stream Beds:** At the base of the mountains, there are gravelly riverbeds or delta areas where the water from above spreads out, possibly flowing into a larger river or lake outside of the frame. These areas are lighter in color, contrasting with both the dense green vegetation and the dark rock of the mountain.

The overall composition of the photograph is quite dramatic, emphasizing the natural beauty and harsh environment of a mountainous landscape. The dynamic between the rocky, snow-capped peaks and the fertile river valley offers a striking example of natural contrasts."
550645,550645.jpg,"This image portrays a dramatic and rugged mountain landscape. In the foreground, dark, jagged mountains with sharp peaks are prominently featured. These mountains have patches of snow and ice clinging to their slopes, accentuating their steep and uneven surfaces. The coloration of the mountains shifts from dark at the peaks to slightly lighter tones towards the base, suggesting the presence of vegetation or a difference in the geological makeup.

In the background, a larger mountain mass covered mostly in snow and ice can be seen. This section of the mountain is enveloped in thick, low-lying clouds, giving the scene a mystic and ethereal quality. The clouds obscure the top of the mountain, making it difficult to discern its full height and shape.

The overall atmosphere of the photograph is moody and somber, enhanced by the overcast sky and the enveloping fog. The contrast between the dark rocky surfaces and the white snow adds to the dramatic visual impact. The image conveys a sense of isolation and untouched natural beauty, typical of remote mountainous regions. This landscape could be part of a larger mountain range, likely situated in a colder climate given the presence of ice and snow."
550665,550665.jpg,"This photograph captures a serene outdoor scene focused on recreational fishing in a lush, natural environment. The primary subject is a person standing on the bank of a river, engaged in fly fishing. The individual, appearing to be middle-aged and wearing casual outdoor attire, is casting a fishing line into the river. The clothing includes a dark jacket and lighter pants.

The river itself is wide and tranquil, reflecting the sunlight and flanked by thick, dense forests that suggest a remote or wilderness area. The water displays subtle ripples and flows gently, indicating a calm day. The towering trees in the background are predominantly coniferous, pointing to a boreal or temperate forest setting.

Above, the sky is mostly clear with only a few fluffy, white clouds adding contrast to the vivid blue sky, which suggests it might be a warm, pleasant day ideal for outdoor activities.

The overall composition of the photo, with the angler positioned towards the right, allows the viewer's eye to follow the curve of the fishing line across the scene, leading to the lush greenery and vibrant sky, emphasizing a sense of calm and solitude in nature. The lighting and the saturation of colors are vibrant, highlighting the natural beauty of the setting and the peacefulness of the activity."
550673,550673.jpg,"This photograph captures a bustling industrial scene set against a river in a rugged, rock-strewn landscape. The river, which flows prominently through the center of the image, is turbulent with white, frothy water, indicating rapid motion probably linked to nearby industrial activity or natural geographic formations.

On the left side of the image, there's a sizable red-brick building with large rectangular windows, likely part of the industrial infrastructure. Adjoining the building and extending over the river is a conveyance system, possibly for transportation of materials, that leads into a larger industrial complex in the background. This complex features multiple structures, including buildings with metal siding and large pipes emitting steam or smoke, indicating ongoing industrial processes.

Across the river, the central and right portions of the image show a rocky terrain with heavy machinery visible, including what appears to be a yellow excavator and possibly some other construction or demolition equipment. These machines suggest ongoing construction, excavation, or demolition work related to the industrial site.

In the backdrop, there are hills covered in lush green vegetation under a blue sky with few clouds, which contrasts the industrial foreground. The scene captures the interaction between natural environments and industrial activity, highlighting themes of development and environmental modification."
550753,550753.jpg,"This aerial photograph captures a striking landscape that features a mixture of natural and man-made elements. The scene is dominated by a dark body of water, which appears vast and is sprinkled with clusters of bright yellow-green vegetation or algae. Running parallel to the water on its right side is a reddish-brown dirt road, bordered closely by lush green trees and underbrush.

Two prominent features draw attention in the landscape: electrical transmission towers and power lines, which stretch from the upper right-hand corner into the center of the image and down into the scene. These towers stand tall among the trees, visually contrasting with the natural environment through their structured, metallic forms.

The vivid colors create a distinct palette - the dark tones of the water, the rustic color of the earthy road, the vibrant green of the woodland, and the splashes of yellow across the water's surface.

Overall, the image presents a serene yet somewhat industrial scene, blending elements of nature with human infrastructure in a serene setting, likely conveying messages about either ecological conditions or the juxtaposition of environmental and technological cohabitation."
550782,550782.jpg,"This photograph depicts a serene riverscape during what appears to be either early morning or late afternoon, given the soft lighting. The river is calm, reflecting the sky and the surrounding foliage almost like a mirror, adding an element of tranquility and depth to the image.

The riverbanks are densely covered with various types of vegetation. On the left side, taller grasses are prominent, some of which are backlit by the sunlight, creating highlights on their tips. In contrast, the right bank is more heavily vegetated with lush green shrubs and small trees, possibly indicating richer soil or less disturbance.

In the far background, down the river's course, there’s a hint of open land or possibly a meadow, suggested by the lighter vegetation and open space. The sky reflects a clear blue in the water, suggesting no immediate cloud cover at the time the photo was taken.

Overall, the composition and elements in the photograph create a peaceful natural scene, emphasizing the quiet and stillness of the waterway, surrounded by the vibrant life of the riverbank vegetation."
550812,550812.jpg,"The photograph captures a polluted water scene, showing visible signs of environmental neglect. The foreground prominently features a murky body of water covered with floating debris, which includes multiple discarded items like styrofoam, plastic bottles, and metal cans. One metal can is particularly noticeable near the center, tipped over and resting partly submerged in the water.

The water's surface is interspersed with patches of algae and scattered plant material giving the area a neglected and unhealthy appearance. Surrounding the water are tall, dense reeds and grasses, extending out of the frame, indicating that the setting might be a marsh or wetland. These plants look unaffected by the pollution, contrasting starkly with the condition of the water.

The overall atmosphere of the image conveys a somber mood, emphasizing the impacts of littering and environmental degradation on natural aquatic ecosystems. The lighting suggests it might be midday due to the brightness and clarity of the visible objects and plants.
"
550870,550870.jpg,"The photograph shows an industrial scene with a prominent factory or plant. The focal point is the large industrial buildings that dominate the right side of the frame. These structures feature various sections, including tall reddish buildings and a series of interconnected lower buildings, all equipped with smokestacks emitting white and dark smoke. In the background, there is a large chimney releasing a significant amount of smoke into the sky.

In the foreground, there is a body of water, possibly a river, with a speedboat moving quickly across the water, creating a wake behind it. The water adds a dynamic element to the otherwise static industrial setting.

The sky is partly cloudy, with large, fluffy white clouds, suggesting fair weather conditions during the time the photo was taken. The overall color tone of the photo is somewhat muted, possibly due to the film used or the time period when the photograph was taken. The scene captures a juxtaposition of industrial activity and recreational boating, providing a contrast between nature and human-made environments."
550938,550938.jpg,"The photograph displays a scene of an industrial facility, specifically focusing on a tall, narrow smokestack that is actively emitting a thick, voluminous plume of white smoke into the air. The smokestack is part of a larger complex that features various other structural elements such as cylindrical tanks and interconnected piping, common to industrial settings.

The background shows a hazy sky that blends seamlessly with the discharged smoke, suggesting possibly overcast conditions or air filled with industrial emissions. Below the skyline, distant trees can be faintly perceived, lightly silhouetted against the sky, adding a natural texture to the otherwise mechanical scenery.

The composition of the photo is such that the smokestack and the smoke are prominent, placed centrally and vertically, leading the viewer’s eyes upward following the smoke as it billows and merges with the clouds above. The image captures an essence of industrial activity, possibly highlighting themes of environmental impact and the interplay between human activity and nature. The overall mood is somewhat somber or reflective, underscored by the muted colors and the imposing presence of the smokestack."
550975,550975.jpg,"This photograph captures a tranquil outdoor scene featuring a man rowing a small boat on a body of water. The setting is framed by the overhanging branches of trees in the foreground, creating a natural window that looks out over the river. The water appears calm, and the far bank of the river is obscured by a haze that gives the scene a serene, slightly mysterious quality. In the background, there is a low, blurred waterfall, signifying perhaps a dam or natural drop, which spans the width of the river, adding a sense of gentle movement to the otherwise still waters below.

The man in the boat is wearing a yellow hat and a light vest, and he is sitting towards the rear of the boat, actively using the oars. The boat itself is a classic, small rowboat with a flat bottom, typical for calm river or lake fishing and rowing. The overall color palette of the scene is rich with greens, blues, and earth tones, emphasizing a vibrant yet peaceful natural environment.

The lighting appears to be natural, possibly from early to mid-day due to the brightness and the way light filters through the leaves, casting soft patches of light on the river's surface. This element adds a sparkle to the water and enhances the idyllic, summery feel of the image. This setting suggests a quiet day of leisure, possibly at a park or a rural riverside location, where someone has taken the time to enjoy the simple pleasure of rowing in beautiful surroundings."
551052,551052.jpg,"The photograph depicts a large-scale industrial scene dominated by a massive, billowing cloud of purple-tinted smoke or steam emerging high into the air. This thick column of smoke appears to originate from a collection of industrial buildings nestled at the base of a mountain or large hill, which fills the background of the image. The facilities include various structures such as buildings with different roof levels, large cylindrical tanks, and stacks, all contributing to the smoke emission. Some machinery and smaller structures can be seen scattered among the larger buildings, suggesting a complex industrial operation.

The skyline features the silhouette of a densely wooded hill, which looms over the scene, casting the industrial complex in a kind of muted light that adds a somber tone to the photograph. The lighting and color tones of the image are subdued, with a general overcast appearance, lending a sense of haziness that matches the theme of pollution. There is no visible human activity in the photograph, which focuses exclusively on the environmental impact of the industrial setting. It's a powerful representation of industry juxtaposed against nature, portrayed through the dramatic contrast of industrial emissions and natural landscape."
551072,551072.jpg,"This photograph presents a vivid contrast between a residential street and an industrial backdrop. The foreground shows a narrow street lined with cars parked on the left side. The vehicles appear to be from the 1960s or 1970s, including a range of models and colors such as white, yellow, and blue. The street is bordered by small residential houses with visible features like a porch and fences.

On the right side of the image, two individuals, possibly children, are standing near a fence. They are facing away from the camera, and one seems to be crouched over something. The domestic scene includes green grass and lush trees, which frame the top and right portions of the image, contributing a sense of a typical neighborhood environment.

Contrasting sharply with this serene suburban setting, the background of the photo shows a large industrial complex. Towering structures filled with pipes, smokestacks emitting fumes, and complex frameworks dominate this portion of the scene. These facilities suggest heavy industry, likely a factory or a plant, located in close proximity to the residential area. The atmosphere evokes a blending of everyday life with industrial activity, reflecting a community living in the shadow of manufacturing or refining operations. The overall composition of the photo emphasizes the juxtaposition between the quiet street life and the imposing industrial presence, possibly hinting at socio-economic narratives or environmental concerns."
551089,551089.jpg,"This photograph depicts a grim and chaotic scene of destruction, possibly the aftermath of an industrial accident or demolition. The foreground and background are filled with vast piles of debris that include twisted metal, broken beams, and scattered remnants of machinery and infrastructure. Amidst this, active small fires are burning, sending up tendrils of smoke, which contribute to an atmosphere of recent devastation.

In the scene, two individuals wearing hard hats are visible; they appear to be workers or rescue personnel navigating the rubble. One of them, located in the foreground, is walking towards a smoldering area and seems to be carrying a tool or equipment. The other person, further in the background, is facing away from the camera and appears to be engaged in inspecting or managing the aftermath.

The overall composition is somber, characterized by the muted colors of the debris and the gray smoke, suggesting a somber and hazardous environment. This scene likely involves emergency response or cleanup operations, underlining the impact and severity of the event that caused such destruction."
551173,551173.jpg,"This image is an aerial photograph showing an expansive industrial area alongside a winding river. The composition showcases large factory complexes with several tall chimneys emitting smoke and steam. Notably, one of the chimneys in the distant background releases a significant amount of white smoke which contrasts with the green and urban landscapes around. Several cooling towers, which produce visible steam, accompany these facilities.

The river curves gently through the landscape, surrounded by patches of greenery as well as human-made structures. Two bridges span the river, connecting one side to the other, likely facilitating transportation and connectivity for industrial and possibly civilian uses.

In the foreground, closer to the riverbank, there are several open circular tanks, part of a water treatment or chemical processing setup. Various large rectangular tanks, possibly for storage, are situated nearby. The land surrounding the industrial buildings appears to be partially barren, with some scattered vegetation and areas that look affected by industrial activities.

The surrounding environment includes a mixture of wooded areas and cleared land, with the industrial complex dominating the immediate landscape. This industrial sector closely hugs the river's edges, utilizing the natural resource probably for processes inside the plants or for cooling purposes.

Overall, the image captures a scene of heavy industry situated in a natural landscape, highlighting a stark contrast between industrial activity and the natural environment."
551280,551280.jpg,"This photograph captures a serene twilight scene at a lake. The image is dominated by cool, shadowy tones with a backdrop of a subtly colored sky transitioning from pink to a deep blue at dusk. On the left side of the image, there is an individual sitting in a small boat, mostly in silhouette, suggesting a moment of tranquility or perhaps preparation for a night of fishing. The person is facing away from the camera, looking towards the water, which reflects slight ripples and the muted colors of the sky.

The right side of the image shows the shoreline extending into the distance. Along the shoreline, there are a few rocks visible at the edge, and another indistinct figure of a person appears to be seated near the water. The overall setting is calm and undisturbed, marked by the natural beauty of the fading light and still waters, ideal for reflective solitude or quiet companionship.

The background features a line of trees silhouetted against the sky, further enhancing the sense of peace and isolation typical of a lakeside evening. A single bird can be faintly discerned in the sky, adding a touch of life to the otherwise still scene. The composition of the image, with its focus on the interaction of natural elements like water, sky, and land at dusk, evokes a feeling of tranquility and a closeness to nature."
551389,551389.jpg,"This photograph depicts a group of people engaged in activities near a river or lake, enveloped in a dense, misty atmosphere. The scene is set in a soft purple hue, likely due to the time of day or weather conditions, adding a moody, serene quality to the image.

Several individuals, spread out across the composition, appear to be collecting or interacting with the water. Some are standing in the water, while others are on the bank. The people in the water are equipped with buckets and poles, suggesting they might be fishing or possibly gathering other resources from the water.

On the left side of the photograph, a figure stands in a boat, also holding a pole, which might be used for navigation or aid in collecting items from the water. The attire of the individuals is casual, suited for outdoor activity, with some wearing hats for protection against the elements.

The background is mostly obscured by the fog but hints at a tree-lined shore. The overall atmosphere is calm and quiet, highlighted by the diffuse lighting and limited visibility due to the fog, which adds a sense of isolation and tranquility to the scene. The photograph captures a moment of everyday life, likely in a rural setting, where the river or lake plays a significant role in the local way of life."
551402,551402.jpg,"This photograph captures a nighttime beach gathering centered around a small, blazing fire. The image features three men seated close to the fire, seemingly engaged in a lively conversation. They are dressed in vintage outdoor clothing, predominantly shiny jackets, which suggest the photo could be from an earlier decade. The two men to the right are wearing red jackets, while the man on the left is in a dark-colored jacket.

In the foreground, two large sculptural objects resembling jellyfish or sea creatures, constructed with wire and possibly lights, are prominent and lend an artistic or celebratory element to the scene. These structures stand tall in the sand, set in what appear to be pots, possibly used as stands.

Behind the group, several other partially visible individuals are gathered, dressed warmly for the evening. There are a few more elements scattered around the sand, such as cans and a bucket, which contribute to the casual, relaxed atmosphere of a social gathering.

Overall, the photo captures a candid moment of enjoyment and social interaction, enhanced by creative lighting and the unique setting of a beach at night."
551403,551403.jpg,"The photograph captures a vibrant nighttime scene focused around a body of water, likely a river, where numerous people are involved in a group activity. The area is illuminated by several sources of artificial light, creating an atmospheric glow that reflects off the water's surface. Many individuals are standing in the water, wearing waders and equipped with nets and other fishing gear, suggesting a communal night-fishing event.

On the riverbank, more participants congregate. Some are actively engaged in fishing, while others assist or watch. The crowd is diverse in age, with children, adults, and perhaps older individuals all taking part. The bank is lined with buckets and containers possibly used to hold catches or equipment.

In the foreground, two young boys are walking towards the camera, slightly blurred, signaling movement. Their presence adds a dynamic element to the foreground, contrasting with the focused activity happening in the background. The overall ambiance is busy and lively, highlighted by the casual attire of the participants suggesting a recreational or community-gathering context. The background is dark, underlining that the event is taking place at night, with trees silhouetted against the night sky. The overall composition emphasizes community involvement and the interaction between humans and nature."
551496,551496.jpg,"This photograph captures a city scene, likely a street or a pedestrian zone, characterized by modern architectural elements. The setting includes multiple tall, metal structures equipped with arrays of lights at the top, reminiscent of urban lighting or decorative installations. These structures follow along the street’s length, contributing to an organized and unified look.

The street is delineated with various urban features such as large planters filled with bright red flowers and mature, bushy green trees that add a natural element to the predominantly man-made vista. A few benches, barely visible, suggest spots for rest and social interaction.

On the left side of the image, some black and grey kiosks or booths are present, possibly for shopping or information, fostering a sense of urban commerce or community services.

Three people are visible in the mid-ground of the photograph, engaged in conversation or perhaps waiting. They appear relaxed and are dressed in casual, summery clothes, which suggests the photograph could be taken during a warm season.

The background shows a continuation of the street with similar elements repeating, adding depth to the scene. The lighting suggests it is a bright, sunny day. The overall atmosphere is lively yet laid-back, typical of a well-maintained urban pedestrian area designed for accessibility, leisure, and possibly commercial activities."
551712,551712.jpg,"This photograph captures a lively and sunlit outdoor setting, featuring multiple people engaged in various activities. The scene takes place on a broad stone staircase surrounded by lush green trees and foliage, indicative of a park-like environment, possibly during the spring or summer months due to the abundance of greenery.

In the foreground, two women are seen descending the stairs. The woman on the left is pushing a traditional-style baby stroller that holds a young child. She has dark hair, sunglasses, and wears a patterned blouse. Next to her, another woman with blonde hair is dressed in a bright red outfit accessorized with a necklace, suggesting a casual yet stylish appearance for a day out.

On the right side of the staircase, three children are seen walking down independently. The child furthest up the stairs wears a blue jacket and carries a small bag, looking cautiously at the steps. The child in the middle, wearing a red jacket, seems more focused and confident in stride. The third child, closest to the camera, also in a red jacket, displays a playful mode of descent, possibly running or jumping down the steps.

The composition of the photograph places these individuals at the center, with the natural environment and the stairs framing their activities. The interaction between the characters, combined with the tranquil surroundings, creates a dynamic yet peaceful snapshot of a day out in a park-like setting, where nature and human activity coexist harmoniously."
551790,551790.jpg,"The photograph depicts a bustling urban pedestrian street bustling with activity. This street scene is framed by traditional European architecture; several old, ornate buildings line the street, their facades adorned with flags (primarily featuring a blue and white diamond pattern, possibly indicating a Bavarian influence) and various signs, one of which prominently includes the word ""Hotel."" 

The street itself is crowded with numerous people engaged in various activities typical of a busy shopping area. Individuals and groups can be seen walking, chatting, and shopping. The attire of the people varies widely, suggesting a casual atmosphere and possibly a warm season given the presence of short sleeves and lighter clothing. 

Several street lamps and flower arrangements add charm to the pedestrian pathway, enhancing its welcoming ambiance. The ground is paved, and the cleanliness and organization of the street suggest a well-maintained urban environment. Notably, there are no visible vehicles, underscoring the pedestrian-only nature of the street.

Overall, the composition of the photograph with its perspective down the length of the street, the converging lines of the buildings and walkway, and the bustling crowd conveys a lively, vibrant urban scene, rich with cultural and historical character."
551875,551875.jpg,"The photograph captures a scene inside a public transportation vehicle, likely a bus or tram. A person, appearing to be a woman, is interacting with a ticket machine. She is dressed in a dark coat and is seen from the side as she is focused on the machine. Her dark hair is mid-length, and she wears a patterned shirt or dress underneath the coat.

The ticket machine is quite large and mounted on the wall of the vehicle. It features a variety of buttons and slots, presumably for selecting and purchasing different types of tickets indicated by various charts and instructions on the machine itself. These details indicate different fare options and possibly maps or routes.

Next to this primary machine is a smaller, vertically oriented box that also seems to be related to ticketing; it has a graphic in the form of a guide or chart, and each level is marked with letters, suggesting it might be used for validating or extending tickets. Below it, there is a small metal bin labeled with a bold ""E,"" which could be for disposing of tickets or other waste.

The interior of the vehicle has visible metal poles for standing passengers to hold onto, and there is natural light coming through windows suggesting daytime. There are electrical fixtures overhead indicative of transit vehicle design. 

Overall, the focus of the photograph is on the interaction between the passenger and the ticket machine, capturing a routine moment of public transit usage."
551914,551914.jpg,"This photograph captures a surreal and somewhat eerie scene on a narrow urban street, likely in a cityscape characterized by its old, towering buildings with a vintage architectural style. The street is dimly lit, creating shadows and a moody atmosphere. Most notable is a person in the foreground with a large, reflective astronaut helmet completely covering their head, which stands in stark contrast to their otherwise ordinary and somewhat retro attire, including a patterned shirt and slacks.

This person walks away from the camera, moving down the center of the street. The helmet obscures any identification details and adds an intriguing, anonymous element to the scene. The setting includes parked cars and a few pedestrians further down the street. Various signs and visual elements typical of a bustling city street, such as shop banners and street signs, are visible but not legible due to the lighting and focus.

The composition of the photograph, with its focus on the astronaut-helmeted figure amidst a typical city environment, creates a strong visual narrative that blends the mundane with the unexpected, evoking themes of isolation, anonymity, and the contrast between the individual and the urban environment."
551996,551996.jpg,"The photograph displays an aerial view of a cluttered salvage yard adjacent to a body of water, possibly a river or stream, which borders the site on its lower side. The salvage yard is densely packed with numerous discarded vehicles including cars, trucks, and vans in various states of disrepair and disassembly. Several piles of scrap metal and other materials are scattered throughout the area.

The landscape surrounding the salvage yard is a mix of vegetated areas with trees and open ground that appears to be unkempt and overgrown with patches of bare earth. To the right of the photograph, there is a more open area where the density of discarded vehicles is somewhat less.

Several small buildings, possibly sheds or workshops, can be seen throughout the yard. These buildings appear to be makeshift structures, likely used for storage or as workshops related to the salvage operations.

The overall composition of the photograph shows a contrast between the man-made chaos of the salvage yard and the natural river edge. The photograph may invoke themes related to environmental impact, the lifespan of consumer products, or the economic realities of scrap and salvage businesses."
552061,552061.jpg,"This photograph captures a dynamic scene of a water flow over rocks. The camera's angle is close to water level, focusing on the interaction between the flowing water and the rocky riverbed. The water appears turbulent and frothy, indicating a swift current, as it washes over an assortment of brown and tan colored rocks. 

The left side of the image shows the water's edge meeting a darker, possibly muddy bank. The main body of water extending towards the upper right corner is darker, suggesting deeper water contrasting with the shallower, rock-strewn area where the water is churning and breaking. The overall mood of the scene feels natural and untouched, with the water's movement imparting a sense of raw energy. The focus and exposure capture the textures of the rocks and the fluent motion of the water, blurring slightly to emphasize movement. The colors in the image suggest it might be either dusk or dawn, adding a muted or soft light quality to the scene."
552077,552077.jpg,"This photograph captures a street scene with multiple elements that offer a gritty, industrial feel. Predominantly in the frame are a series of tow trucks lined up along the right side of the street. These trucks carry large loads of crushed and compacted cars, stacked unevenly on their backs. The cars on the trucks appear heavily damaged and compressed, likely ready for scrap or recycling.

The street itself bends slightly to the left, with a quiet flow of traffic visible. There are a few vintage cars from around the 1970s traveling on the road, suggesting the period when the photo was taken. The cars feature classic designs, with prominent grilles and elongated bodies, painted in various light and dark tones.

The scene is bordered by lush green trees, adding a touch of nature to an otherwise industrial ambiance. To the right, there's a substantial brick building, adding to the urban environment. Additionally, there's a streetlamp and a few electrical and telephone poles lined up along the road.

The overall lighting presents a bright sunny day, casting deep shadows on the road and adding further depth to the three-dimensional piles of scrapped cars on the trucks. The quality of the photograph and the content offers a nostalgic glimpse into the past, emphasizing themes of industry and the everyday movement within a city."
552092,552092.jpg,"This photo shows an improvised hand-painted sign outdoors, with rich natural surroundings. The sign consists of two stacked sections held by a metal frame that appears repurposed from a different use, possibly from bed frames judging by their shapes and connections.

The upper section of the sign reads ""Norman's CLOSED Till Futher Notice,"" notably with ""Futher"" misspelled rather than ""Further."" Below this, the second part of the sign states ""known as – Macy's On the Kaw."" The background is overgrown with vegetation, predominantly green, suggesting the sign is located in an area not frequently maintained, possibly a rural or less developed region.

The backdrop of the photo reveals dense foliage and trees, with what looks like scattered debris or small structures – it’s somewhat obscured and not completely clear. The scene is well-lit, with sunlight filtering through the leaves, casting shadows and illuminating parts of the sign and the vegetation, creating a vivid and lively outdoor atmosphere. This setting suggests a daytime photograph captured in an environment that might be along a river or in a rustic locale, given the reference to ""the Kaw,"" which could imply a location near the Kansas River, commonly known as the Kaw."
552120,552120.jpg,"This photograph features a man in a plaid shirt and a dotted bandana bent over while doing some work on a flat-bottomed boat in a body of water. The boat is equipped with a single, white fiberglass chair near the middle, a steering wheel to the right of the chair, and appears to have a motor attached at the back. There are also some ropes and wires visibly lying around on the floor of the boat. The boat's interior and exterior reveal wear and use through apparent rusty patches and scratches. The water surrounding the boat has a brownish hue, suggesting it might be a river or a lake. The lighting is bright, indicating daytime. The background primarily focuses on the water’s reflective surface and nothing else is prominently visible, thus centering all attention on the man's activity involving the boat."
552193,552193.jpg,"This image features an aerial view of an industrial area located alongside a beachfront. In the foreground, we can see a large industrial complex with several buildings, including one with a tall chimney emitting thick, dark smoke into the air. The smoke is dispersing into the sky, forming a noticeable plume.

Adjacent to the industrial area, there is a busy cargo port filled with many idle ships and large cranes used for loading and unloading shipments. Several smaller buildings, possibly storage facilities, and numerous containers are scattered around the docks, contributing to a scene bustling with industrial activity.

The background offers a striking contrast with a calm and expansive coastal view where the shoreline gently curves into the distance. Beyond the coast, a range of mountains can be seen under a haze, softly outlining the horizon.

Overall, the photo paints a scene of industrial vigor right next to natural beauty, highlighting a stark coexistence of man-made infrastructure and the natural environment."
552282,552282.jpg,"This photograph captures two men fishing from a small boat on a body of water. Both men are actively involved in the act of fishing. The man standing in the front of the boat is wearing sunglasses, a red baseball cap, and a brightly colored red and pink shirt, leaning forward as he uses a long-handled fishing net to scoop something from the water. The second man, visible behind the first, appears to be steadying himself by holding onto the fishing rods or other equipment, and wears a beige or light gray vest over a long-sleeve shirt.

The boat is equipped with various fishing gears and appears to be a motorized boat given the engine visible at the back. The water is relatively calm with small ripples suggesting light movement, and the background shows a distant forested shoreline under a cloudy sky, enhancing the serene yet focused fishing scene.

The overall composition and lighting suggest this action might be taking place during the day under overcast conditions, providing a soft and diffuse light that highlights the men's focused activities without harsh shadows. The scene evokes a sense of peaceful and methodical engagement with nature."
552369,552369.jpg,"This photograph captures a young man engaged in a meticulous task within an industrial or work environment. He is focused on handling long white cables, which he appears to be organizing or fixing. The setting suggests he is underneath or beside a large machine or vehicle, indicated by a prominent black cylindrical object that is partially framing the scene.

The man is dressed in a horizontally striped shirt with varying shades potentially of brown or beige, and he wears light-colored pants, kneeled down with one knee on the concrete floor. The environment around him is less discernible, but hints of a structured, possibly outdoor setting are visible in the blurred background.

His physical engagement with the task is apparent – leaning forward intently, his expression concentrated. He wears a watch, suggesting an awareness of time, and his youthful, clean-shaven appearance portrays a blend of both professionalism and casualness typical of field or mechanical work. The ambient light is soft, suggesting either an overcast sky or well-diffused indoor lighting, contributing to the overall serene yet industrious atmosphere of the photograph."
552378,552378.jpg,"This photograph captures an outdoor street scene featuring a man standing next to a yellow Hertz Truck Rental vehicle. The man, who appears Caucasian, is dressed in a mint green button-up shirt and dark brown pants, paired with a belt and sunglasses. He is standing casually, holding a cigarette in his right hand, near the front right fender of the panel van.

The van itself is yellow with the “Hertz Truck Rental” logo prominently displayed. It has a distinctive setup on its roof, including a chair bolted to the roof and some electronic equipment, possibly for measuring or monitoring purposes, next to what appears to be a large clock face.

In the background, we see a somewhat hazy environment suggesting smog or fog, typical of some urban settings. Various other vehicles from the era, including sedans and a station wagon, are visible on the street. The scene is indicative of an earlier time period, perhaps the 1970s or 1980s, given the style of the vehicles and the fashion."
552390,552390.jpg,"The photograph depicts two men standing at a table, closely engaged in examining or discussing a large map or a plan laid out in front of them. The older man, on the left, is bending slightly towards the map, directing his gaze towards it, suggesting a moment of explanation or guidance. He wears a white shirt paired with a striped tie and khaki-colored pants. His expression suggests concentration or focus. 

The younger man, on the right, also appears to be attentively engaged, pointing towards a particular area on the map. He is dressed in a white shirt with a dark tie, and his hairstyle reflects a younger, possibly 1970s or 1980s style.

The scene takes place in an indoor setting, possibly an office or workshop environment. The background is simple, with a cream ceiling and a golden-yellow wall, contributing to a subdued and professional ambiance. The lighting suggests an indoor setting with artificial light.

Overall, the image captures a professional interaction focused on planning or strategy, common in settings such as engineering, architecture, or urban planning offices. The focus and demeanor of the individuals suggest a moment of critical examination or decision-making."
552674,552674.jpg,"The photograph depicts a slightly nostalgic rural scene with two young boys and a black and white dog in a grassy field. The boys and the dog are located near the foreground, walking towards the camera. The boys appear to be wearing jackets, and one of them is holding something in his right hand.

Behind them stands a large, seemingly abandoned and dilapidated building, characterized by peeling white paint and a prominent architectural design featuring a tower-like structure, perhaps once a bell tower, indicative of an old schoolhouse style. To the left of this larger building, there is a smaller wooden structure, possibly a shed, which is also in a state of disrepair.

Further in the background, slightly offset to the right, is a smaller, simpler single-story house with a white exterior and a dark roof, set against a large tree that appears leafless, suggesting the season might be fall or winter.

The sky is overcast, with clouds filling most of the space above, contributing to the slightly somber and abandoned feel of the scene. Overall, the image conveys a sense of forgotten or neglected space, with a hint of life brought in by the presence of the children and the dog. The environment suggests a rural or countryside area that has perhaps seen more prosperous times."
552788,552788.jpg,"This photograph captures a unique and vibrant scene centered around an unusual, compact vehicle. The vehicle, which is small and wedge-shaped, is painted in a bright yellow color. It features a simple design with minimalistic lines and a large, clear windshield. The car has no doors and is open on the sides, allowing for easy entry and exit. It runs on four small, stylish wheels and appears to be a prototype or a concept car showcased at an event.

The man driving the car is wearing a dark business suit, sunglasses, and has a confident demeanor, holding the steering wheel while looking straight ahead. His attire and glasses lend a professional, contemporary feel to the setting.

In the background, there are other cars of that era parked or stationary, including a white compact sedan with sleek lines typical of automotive design from the mid-20th century. There's a subtle bustling of people around, probably guests or attendees of the event, which looks like an outdoor exhibition or car show given the parking lot environment and visible signage on other cars. There are pebbles on the ground, and the general ambiance is one of interest and engagement with the vehicles on display."
552806,552806.jpg,"The photograph presents a serene riverside scene captured in a relatively dark exposure that emphasizes the silhouette of a person engaged in an activity by the water. In the foreground, the person appears sitting under the shade of trees, their silhouette distinctly outlined against the lighter backdrop of the river. The person seems to be working on something that resembles mending or handling nets or fabric, as suggested by the presence of loosely piled materials around them.

In the middle ground, the focal point shifts to the waterway, where a large white fishing boat named ""MISS BARBARA"" is moored near the riverbank. The boat is somewhat detailed, with its cabin and masts clearly visible, indicating its readiness for marine activity. Alongside the big boat, a smaller vessel is docked, suggesting an active fishing or boating area.

The background is populated by lush, green trees along the far riverbank, contributing to a picturesque, naturalistic setting. The sky above appears slightly overcast, diffusing the sunlight and lending a calm ambiance to the entire scene. 

The composition effectively layers these elements—the silhouetted figure in the shadowed foreground, interesting marine activity in the mid-ground, and a vibrant, natural background—creating a balanced and tranquil riverside snapshot."
552828,552828.jpg,"This photograph depicts a scene with three children outdoors near a body of water, likely in a backyard or rural area. In the foreground, there is a young boy with wet hair and a slight frown, staring directly at the camera. He is dressed in a striped yellow, red, and white t-shirt along with white shorts. He is holding a fishing rod in his right hand.

In the background behind him, there are two other children on a makeshift wooden dock that extends from the house to the water. The house is a single-story structure with blue siding and white trim around a black door and a window with curtains. The boy closest to the house is standing and holding onto a rope tied to a barrel floating in the water, appearing to play or trying to stabilize something. The second child on the dock is sitting near the door of the house, observing the others or waiting their turn at the activity.

The surrounding area is verdant and there are trees visible in the further background. The water appears calm and a green garden hose partially submerged near the barrel suggests ongoing play or chores involving water. The overall atmosphere, while playful, carries a hint of rural or simplistic living, emphasizing an outdoor, water-based activity likely occurring during a warm season."
552834,552834.jpg,"The photograph captures a flooded field or wetland area under overcast skies. The scene shows a vast expanse of waterlogged terrain with patches of standing water reflecting the grey sky. Across the submerged land, remnants of crops or wild grasses stick out of the water in sparse, linear patterns, indicating that the area may be normally used for agriculture or is a naturally marshy field.

The foreground features dense water vegetation with lush green aquatic plants that line the water’s edge, creating a natural boundary between the water and the land. This undergrowth appears vigorous, suggesting the area supports a wetland ecosystem.

In the background, there is a dense line of trees that marks the horizon. These trees look like a mix of deciduous species, typical of a temperate climate zone. The overall atmosphere of the image is damp and somber with no visible wildlife or human activity, which imparts a quiet and serene mood to the image. The cloudy sky suggests recent rainfall or ongoing wet weather conditions. 

The composition of the image, with its reflection, water, and variety of natural textures, combined with its wide, open view, conveys a sense of both tranquility and the overwhelming impact of water in this landscape."
552880,552880.jpg,"This photograph captures a close-up view of someone using tweezers to handle or examine a small dark object located within the opened shell of an oyster. The imaging focuses sharply on the central activity, specifically the fine tips of the metal tweezers gently grasping the object, which appears to be either a tiny pearl or a piece of debris lodged in the oyster's flesh. The oyster shell's interior displays its natural iridescence, with creamy white and gray colorations and a smooth texture contrasted by gritty imperfections.

This visual provides a detailed look at what might be a process of pearl harvesting or scientific examination within a marine biology context. The overall composition emphasizes the interaction between human tools and the delicate elements of marine life, underlining a moment of detailed, careful exploration."
552882,552882.jpg,"This is an image primarily focused on a single, intricate flower that appears to be a passionflower (Passiflora), known for its radial arrangement of petals, distinctive corona filament, and central structures that vary in color and form. The flower has a pale purple color with white accents and a complex, central part composed of a ring of thin, stick-like filaments surrounding a darker, intricate array of pistils and stamens. These central elements present a star-like pattern creating a significant visual contrast with the rest of the flower.

The flower is surrounded by a variety of leaves of different shapes and shades, primarily green. These leaves are covered in droplets of water, indicating the presence of rain or dew, contributing to a fresh and moist look of the scene. A few other plant stems and greenery surround the flower, some carrying buds, while one faded and withered flower adjacent to the prominent one adds a natural, dynamic element to the scene, reflecting the lifecycle of the plants.

The background is dark and blurred, focusing attention on the flower and the immediate foliage. The overall setting and arrangement suggest the photo was taken in a natural environment, possibly early in the morning or after rainfall, capturing the serene and wet atmosphere typically found in such conditions."
552928,552928.jpg,"The photograph depicts an industrial scene centered around a dam or sluice gates on a river. The dam itself appears quite robust, with large concrete supports and multiple gates to manage water flow. The main focus is on a concrete bridge-like structure that spans the river, supporting what appears to be water control infrastructure.

On top of this structure, there are several detailed features visible: metal fencing, a few small buildings or huts, and large metallic devices which could be machinery related to the dam's operations. The concrete is discolored in places, suggesting age and exposure to the elements.

In the foreground, the water churns vigorously as it flows out from under the dam, indicating the gates are at least partially open. The turbulence creates white water, demonstrating the power of the water's flow.

A key element in the scene is a tugboat, marked ""SCC 620,"" which is positioned very close to the turbulent water exiting the dam. The tugboat is functional in style, with a visible cabin and deck area. Several people are visible on the tugboat, wearing outfits that suggest they could be crew members handling some operational tasks related to the dam or navigation of the river.

Visible in the background beyond the dam are hints of a natural setting with sparse trees, suggesting this dam is located in a somewhat rural or less urbanized area.

Overall, the image captures a moment of industrial activity tied closely to river management and possibly navigation or maintenance operations facilitated by the tugboat. The captured actions stress the interaction between human engineering and natural water flows."
553008,553008.jpg,"This photograph depicts an old, abandoned car sitting in an overgrown field surrounded by nature. The car appears to be a vintage model from the mid-20th century, possibly a 1950s sedan, identifiable by its distinctive chrome detailing and the elaborate design elements common to that era. It is a two-door vehicle, with its color faded to a light blue, and it showcases a considerable amount of rust and deterioration.

The vehicle's hood is open, exposing possibly a missing engine or other internal components, suggesting long-term neglect or scavenging. The body of the car has several dents and areas where the paint has chipped away, exposing the metal underneath. The windshield is missing, and the interior is not visible; however, the doors appear to be closed.

The car is positioned slightly off-center in the frame, with its front facing towards the right side of the image, allowing a clear view of its grille and one intact headlight, with the other either missing or obscured by foliage. The background is densely filled with wild bushes and trees, indicating the car is located in a forest or a similarly wooded area. The ground around the car is covered with gravel and patches of grass, enhancing the sense of abandonment.

The overall composition conveys a sense of forgotten history and the encroachment of nature, as the car is gradually being reclaimed by the surrounding environment. The lighting is natural, indicating a sunny day, with shadows from the surrounding trees falling across the car and the ground."
553026,553026.jpg,"The photograph depicts a man giving a presentation or lecture, standing next to a large poster mounted on an easel. The poster features a detailed diagram of a pollution control scrubbing system for a utility service, specifically describing the units 1, 2, and 3 at a location named Four Corners in New Mexico. The system is noted as having been designed, engineered, and constructed by Chemical Construction Corporation.

The man addressing appears to be middle-aged and is wearing glasses. He has dark, combed-back hair and is neatly dressed in a button-down shirt with a tie and trousers, complemented by a tie clip and a bolo tie adorned with what seems to be a Native American style emblem, possibly indicating a personal or regional connection. He is gesturing with his right hand, likely explaining a point related to the content of the diagram.

The background shows a plain wall with light-colored brick or tiles, and part of a roller blind (or pull-down screen) can be seen hanging on the left side of the image. The lighting in the room is artificial, from ceiling lamps that reflect mildly on the poster, adding to the indoor ambiance. The overall setup implies an educational or professional setting, possibly a seminar room or a company facility where technical information is being shared."
553137,553137.jpg,"This photograph captures a river dam and its surroundings in vivid detail. The main subject is a concrete dam structure with several wide, rectangular spillways through which frothy white water is gushing. The dam platform is reinforced by substantial concrete buttresses and is equipped with a metal railing on its right edge, and supports a road or pathway that runs along the top.

On the left side of the image, the descending water is creating a turbulent flow that transitions into a smoother, rapid stream as it moves right across the photograph. Rocky outcrops and debris can be seen near the water on the left, which might suggest recent high water levels or rough water conditions.

The background offers a picturesque landscape of tree-covered banks opposite the dam which eventually give way to a more barren, rolling hillside. The color palette of the distant hills shifts from the lush greens of the riverbank to muted earth tones, dominated by shades of brown and hints of sparse vegetation.

Overall, the composition of the photograph is structured to lead the viewer's eye along the journey of the water from the dam spillways across to the natural terrain beyond, illustrating a stark contrast between the human-made structure and the natural environment. The photograph has a sense of tranquility despite the dynamic movement of water, framed by the stability of the concrete dam and the serene, natural landscape."
553259,553259.jpg,"This photograph depicts a vibrant night scene with a densely packed crowd of people at an outdoor event. The lighting in the scene imparts a reddish hue which casts a warm, moody glow over the attendees. The illumination appears stronger in the central area, making the figures there more noticeable, and fades into more shadowy outlines as it reaches the periphery of the image.

This large gathering of people is engaged in what seems like a social or entertainment event, possibly a concert or an open-air festival, indicated by the casual attire and the overall ambiance. The crowd is diverse, with individuals of varying ages and styles, indicating a public, inclusive event. Although individual features are not clearly discernible due to the dim lighting and motion blur, the aggregation and the demeanor suggest a lively and active gathering.

In the background, a few trees are faintly visible, lit up by ambient or decorative lighting, contributing to a festive environment. There are no distinct structures visible in the immediate backdrop, suggesting that the event is happening in an open, possibly green space.

Overall, the composition and the low-light photography create an impression of motion and collective enjoyment, capturing the essence of a nocturnal gathering enjoying a communal experience."
553434,553434.jpg,"This photograph depicts a natural outdoor setting focusing on a small, muddy creek surrounded by thick vegetation. The creek, reflecting hints of sky and foliage above, has a murky, rust-colored water surface, indicative of sediments or possibly pollution. Around the creek, there are various plants, predominantly lush green leaves, which suggest a possible temperate or tropical setting. Some of these plants come very close to the water’s edge, and there are rocks visible at the banks anchoring the plants.

On the left side of the photo, there is a partial view of what appears to be a wooden object, possibly a decaying log or a piece of old wooden structure, angled into the ground and partially submerged, contributing to a somewhat unkempt or wild characteristic of the scene. The overall lighting in the image is natural, filtered through the canopy above, casting soft shadows and highlights throughout the frame, enhancing the feeling of a secluded, possibly untouched natural environment. There is no visible sky except for what is mirrored in the water, and the creekside is tightly framed by the flora, focusing all attention on the natural elements and the intimate details of this aquatic ecosystem."
553497,553497.jpg,"This photograph appears to capture a candid and bustling scene in an urban setting. The image shows a variety of activities centered around a dilapidated porch or outdoor wooden stairway, which looks either abandoned or in disuse.

In the foreground, we see a woman descending the wooden stairs. The woman is wearing a plaid dress and her face is not visible. The composition emphasizes movement, as the woman appears to be in mid-step.

Just beyond the stairs, a group of children and possibly a few adults are gathered. They are sitting and interacting closely under what seems to be the shadow of a sizeable vehicle, like a van. The children are engaged in seemingly informal activities, like playing or eating. They are dressed in casual, colorful clothes.

The surroundings show signs of neglect or decay. There is visible debris and rubbish scattered across the ground, including what looks to be paper, bottles, and miscellaneous trash. The yard or street is unpaved, and we can see another vehicle parked in the background which gives an urban, possibly impoverished neighborhood vibe.

The photograph overall gives a gritty and realistic portrait of everyday life in a backdrop that suggests economic hardship. The lighting is natural, hinting that this may have been taken during the later part of the day, contributing to the shadows and mood of the scene."
553529,553529.jpg,"This photograph portrays a young girl sitting comfortably on an upholstered couch in a home setting. She is dressed in a sleeveless yellow top and dark trousers, and appears absorbed in the act of eating from a bowl she holds in her lap. Her expression is focused on the contents of the bowl, suggesting she might be eating snacks or a casual meal.

In the background, an old-fashioned television set, housed within a wooden cabinet, is displaying a black-and-white image of a woman, adding a layer of visual narrative to the scene. The room is dimly lit, evoking a cozy, intimate atmosphere.

The composition focuses on everyday domestic life, capturing a moment that blends the tranquility of a leisure activity with the ambient interaction of media consumption. The image is vivid and filled with a sense of quiet and personal space, reflective of a moment of relaxation and simplicity."
553638,553638.jpg,"The photograph depicts a forested landscape with two men standing on what appears to be a rocky terrain. The area around them looks like a partially cleared or disturbed natural site with visible rocks and sparse foliage underfoot. Both men are dressed in casual, outdoor or work clothing.

The man on the left is more in profile and has dark hair; he seems to be in motion, perhaps walking towards the center of the frame or adjusting his position. He is dressed in what looks like a dark shirt and pants, suitable for outdoor activities. The man on the right, who is facing slightly towards the camera, is wearing a light-colored shirt and dark pants and is shading his eyes with his hand, possibly to see into the distance.

In the background, an extensive, dense forest stretches across the horizon, with various shades of dark and light green trees under a cloudy sky. The sky itself looks heavy, possibly indicating an overcast weather condition, while the forest conveys a secluded and remote feel to the setting. The overall color tone of the image is somewhat dark, enhancing the sense of an impending stormy or late-day atmosphere. There appears to be no artificial structures or other persons in the immediate vicinity, suggesting a natural, undeveloped setting possibly explored or studied by the two men."
553863,553863.jpg,"The photograph depicts a chaotic scene of debris and crushed objects. Prominently in the foreground is a damaged, overturned vehicle, possibly a delivery truck or commercial vehicle, colored in vibrant red. The vehicle’s body is heavily damaged, with peeled layers, dents, and scattered pieces. Prominently, a white banner with the slogan ""Here's the real thing"" in red and black lettering, likely a part of an advertisement, is draped over part of the vehicle, adding an eerie contrast to the devastation.

On top of the vehicle and around it, there is a multitude of other debris, including what appears to be parts of other demolished vehicles and discarded objects which are accumulated in a large pile extending into the background. The pile consists of various colors and textures, suggesting a mix of metal, plastic, and possibly some organic materials. There are no visible human figures in the scene, which emphasizes the scale and depersonalized nature of the wreckage.

The background is undefined, densely packed with more debris, which points towards the photograph possibly being taken in a scrapyard or a site with heavy destruction. The sky above is brilliantly blue and clear, providing a stark contrast to the grim and chaotic nature of the scene on the ground. This juxtaposition could signify themes of disaster, aftermath, or commercial waste. The image conveys a strong sense of neglect, ruin, and the overwhelming impact of human activity or catastrophe."
553885,553885.jpg,"This image features a large cooling tower, typical of nuclear power plants, standing prominently in the frame against a moody sky. The cooling tower is slightly conical and tapers towards the top, characteristic of such structures designed to dissipate excess heat. The tower is grey and looms over the scene, giving a stark industrial feel to the natural landscape around it.

In the foreground, a body of water reflects the somber sky and the outline of the tower. The water is slightly rippled, indicating mild wind or movement. To the right of the cooling tower, construction activity is visible, highlighted by the presence of a tall crane and what appears to be a partially constructed building. This suggests ongoing development or maintenance work on the site.

The environment is wooded, with coniferous trees flanking the tower and construction area, blending the industrial elements with nature. The overcast sky and the dark tones of the photo contribute to a somewhat ominous atmosphere. Overall, the image captures a dynamic scene where nature and human engineering intersect, underlined by a sense of industrial progress or change."
553992,553992.jpg,"The photograph captures a striking sunset over the ocean. The scene is predominantly occupied by dark, rich tones contributing to a dramatic and moody atmosphere. The sun is partially obscured behind dense clouds, breaking through at the crest, which results in a burst of radiant light that illuminates the edges of the clouds.

These rays of sunlight filter through various gaps in the clouds, creating a stunning light show in yellows and golds against the darker cloud forms. Below, the ocean surface reflects this light, mimicking the pattern and colors of the sky but in a more subdued, fragmented manner due to the rippling water.

The horizon is relatively straight and positioned near the lower third of the composition, emphasizing the vastness of the sky above. This setup directs the viewer's focus towards the interplay of light and shadow in the clouds and the reflective dance of light on the water.

Overall, the photograph harnesses a sense of serene grandeur, showcasing the natural beauty and dramatic flair of a sunset at sea."
554082,554082.jpg,"This photograph provides a beautiful and peaceful view overlooking a coastal scene. The foreground prominently features rich, vibrant red flowers amid lush green foliage, which adds a burst of color and a sense of depth to the image. Slightly blurred, these flowers lead the eye towards the serene bay visible in the middle distance.

The bay itself is encompassed by a gentle coastline that curves subtly around the calm, blue waters. A few white waves gently crash onto the shore, suggesting a quiet and gentle sea. This part of the photograph captures an expansive view of the water and hints at a small beach nestled in a crescent shape at the edge of the land.

Further away, there are cliffs or steep shores covered with dense, dark green vegetation that frames the bay, enhancing the natural and untouched feel of the scene. The hills or mountains in the distance are less distinct, shrouded in a light mist or haze, possibly indicating humidity or the early signs of evening.

The overall composition of the photo, with its natural framing, the interplay of vivid colors in the foreground, and the sprawling seascape, creates a tranquil and picturesque setting. This image is likely taken from an elevated viewpoint, possibly a hillside, which provides a panoramic view of the coastal landscape."
554190,554190.jpg,"This photograph captures a scene on a river with several focal points of interest:

1. **Foreground**: At the forefront, we see the back view of several individuals, likely passengers, seated and observing the surroundings. They appear engaged and relaxed. The closest person is wearing what looks like a white jacket or shirt, with accessories such as a headband and a necklace, and seems to be handling some equipment, perhaps a camera.

2. **Middle Ground**: Just beyond the seated individuals, a water vessel is captured in motion, creating a noticeable wake as it travels across the river. This boat is a modestly sized, enclosed river cruise boat, populated with passengers who can be seen standing on the deck enjoying their outing.

3. **Background**: The river itself is broad and calm, with forested hills lining the far shore, reflecting a serene and lush environment. The presence of trees suggests a rural or semi-rural setting, and the time seems to be either late spring or summer based on the greenery and the attire of the people.

4. **Composition**: The photograph seems to be taken from a slightly elevated position on a similar boat or a dock, as we are looking slightly downward onto the river and the other boat. The lighting suggests it's either morning or late afternoon, with enough light casting soft shadows and giving the scene a warm hue.

5. **Overall Atmosphere**: The scene conveys a leisurely, perhaps touristic experience, emphasizing enjoyment and relaxation. The natural setting, combined with the casual posture of the passengers and their interest in the surrounding scenery, enhances this relaxed, vacation-like atmosphere."
554198,554198.jpg,"This image depicts three individuals on a boat amidst a serene water setting, seemingly engaged in the activity of fishing or managing a fishing net. The boat is light-colored and slightly elongated, characteristic of those used in calm waters or lakes. It houses one outboard motor visible on the rear side. 

The person on the left sits calmly, wearing a red and white striped shirt, jeans, and appears to be observing the other two. The middle person is crouched, seemingly pulling the fishing net into the boat, dressed in a dark shirt and lighter colored pants. The person on the right stands and is actively handling the fishing net, wearing a dark jacket and pants. All three individuals demonstrate a focus on their respective tasks.

The background features a vast, open sky filled with soft clouds, blending into a distant horizon where the sky meets stretches of dense vegetation, and a clear view of the water reflecting the sky’s colors. This setting suggests a calm day, suitable for lake or river activities.

Overall, the composition of the photograph, with its focus on the activities on the boat against a naturally scenic backdrop, conveys a tranquil yet engaging outdoor endeavor."
554211,554211.jpg,"The photograph depicts a cluttered outdoor setting filled with a variety of agricultural machinery and equipment, which appears old and possibly discarded. The immediate foreground is filled with an array of metal components, some of which are rusted, including parts of machines, frames, boxes, and other unidentifiable objects. These items are piled together haphazardly.

Further back, the middle ground of the image is occupied by larger pieces of agricultural equipment, such as harvesters, tractors, and different types of yellow and red machinery. This machinery is also in various states of disrepair, scattered throughout an expansive grassy field.

The background shows a continuation of the grassy field which eventually meets a line of low-lying trees under a partially cloudy sky. The horizon is relatively flat, suggesting a vast, open rural landscape typical of farmland regions. The sky is mostly clear with some cloud cover, casting natural light over the scene, enhancing the rural, serene yet somewhat neglected atmosphere of the setting."
554544,554544.jpg,"The photograph shows a scene of land development or preparation in a wooded area. In the foreground, an individual, wearing a hard hat, rides atop a large yellow bulldozer with a prominent blade at the front. The bulldozer is moving on muddy, uneven terrain that exhibits deep tire tracks, suggesting recent activity. 

The middle ground of the image reveals a layer of mixed debris primarily consisting of mounded soil, discarded vegetation, and some scattered, unidentifiable objects, giving an impression of a clearing operation. The background features dense trees, indicative of a forested region, and the sky is overcast, lending a muted, gray tone to the overall lighting in the image.

The environment suggests active construction or large-scale land clearing, potentially for development purposes. The presence of a single worker and machinery highlights human interaction with natural landscapes in industrial or developmental contexts. The image captures a moment of transformation and the rugged nature of such operations."
554562,554562.jpg,"This photograph captures a serene rural scene dominated by natural and man-made elements. In the foreground, a variety of wildflowers, prominently yellow blossoms with a few white flowers mixed in, brighten a gravelly path. The vegetation suggests a late spring or summer season.

Beyond the flowers, a lush green field stretches out, enhancing the sense of open space. Midway across the photo, a simple white house with a clearly visible slanted roof and a small visible porch area can be seen. This house appears modest and is typical of rural architecture, suggesting functionality over style.

In the background, the landscape is dominated by a large, densely wooded mountain, which rises prominently and fills the upper half of the frame. Its presence adds a sense of ruggedness and isolation to the scene.

The overall mood of the photograph is peaceful and quaint, with overcast skies suggesting a cool or damp day, which adds a soft, diffuse light to the image, reducing harsh shadows and highlighting the natural beauty of the setting. The composition pulls the viewer’s eye from the vibrant foreground through the expansive middle ground and up to the imposing mountain, creating a deep sense of depth and space."
554566,554566.jpg,"This photograph depicts a curving highway that meanders through a tranquil, natural landscape. The road is split into two lanes divided by yellow dashes, with an additional lane on the right-hand side for passing or slower traffic. Along the road, three vehicles are visible, all appearing to travel in the same direction on the right-most lane.

The surrounding environment features green, lush trees that densely line one side of the highway, suggesting a forested area. On the other side of the road, there is a grass-covered slope, which extends into rock cut embankments that have been exposed, likely for the construction of the road. This exposes layers of rock, revealing geological features of the area.

The sky above is overcast, casting a soft, diffused light over the scene, which contributes to the serene and slightly moody atmosphere. There are no buildings or human figures visible, emphasizing the natural and somewhat isolated setting of the highway. The overall composition and elements of the photograph portray a peaceful journey through a scenic, rural area."
554695,554695.jpg,"This photograph captures a sweeping landscape view from an elevated vantage point, overlooking a dense forest and a mist-covered lake area. The foreground features a lush canopy of trees in shades of green and earthy brown, typical of a forested terrain. Among these trees, a lookout tower stands prominently, constructed with a solid, dark frame and positioned on the left side of the image. This tower, possibly used for forest surveillance or as a scenic viewing spot, adds a unique focal point to the natural scene.

Beyond the immediate forest, the landscape opens into a breath-taking vista of a lake system interspersed with numerous islands. The water bodies are partially obscured by a thick layer of mist or low-lying clouds, lending an ethereal quality to the scene. This interplay of mist with the water surface creates a sense of depth and vastness.

The background stretches into distant hills and faint outlines of further forested areas, all under a hazy sky that suggests either early morning or late afternoon light. The panorama is expansive, offering a view that encompasses various natural elements—forest, water, mist, and distant terrain, harmoniously coexisting.

The overall composition of the photograph, with its rich textures and layers ranging from the immediate dense forestry to the expansive watery and misty horizon, provides a serene and majestic view of the natural world. The picture is framed to capture both the grandeur and intricate details of this landscape, showcasing the beauty of untamed nature and the quiet solitude it offers."
554789,554789.jpg,"The photograph captures a scene of a highway with elements indicating road closure and construction or disturbance. In the foreground, a curvy part of the asphalt road is partially visible, bordered by a silver metal guardrail. A ""ROAD CLOSED ½ MILE AHEAD"" sign is prominently displayed beside the guardrail, indicating the upcoming closure.

The middle ground reveals a varying landscape with undulating terrain, covered with patches of greenery and areas of bare soil or dirt. This typical setup might suggest roadworks or a larger development project in progress.

In the background, there are larger piles of earth or possibly mining debris, hinting at significant excavation or construction activity. The sky appears clear, which contrasts with the earthy and industrial nature of the terrain.

This composition of the photograph communicates themes of alteration and intervention in the natural landscape, likely for road expansion or industrial purposes. The road closure sign suggests a temporary disruption, possibly due to ongoing construction or environmental management activities."
554902,554902.jpg,"This photograph captures a tender moment between a man and a woman in a natural, lush environment. The man, with medium-length dark hair and a moustache, is dressed in a light yellow polo shirt, and is gently tucking a strand of hair behind the woman's ear. He is smiling softly, looking at the woman with affection.

The woman, with long brown hair, is wearing a light blue sleeveless top decorated with small green flowers. She has a subtle, content smile on her face and appears relaxed, enjoying the man's gesture. Her head is tilted slightly to the side, and she is wearing hoop earrings and a thin headband.

The background consists of dense green foliage, with visible tree trunks providing a textured backdrop. The setting suggests a peaceful, wooded area, enhancing the intimacy and serene mood of the scene. The natural light softly illuminates their faces, highlighting the warm interaction between them."
554976,554976.jpg,"This photograph captures a tranquil and moody forest scene. The image is dominated by an array of densely packed trees and undergrowth, evoking a sense of seclusion and the untamed wild. The central focus of the image is a large, dark tree trunk with a somewhat gnarled and twisted appearance, emphasizing the aged and rugged character of the forest. The bark is rough and covered in moss, adding texture and a touch of vibrant green to the otherwise dark foliage.

Numerous branches and small twigs, some draped with hanging moss or climbing plants, extend from the trees, creating an intricate lattice that partially obscures the softer light attempting to penetrate the forest canopy. A variety of lush, green undergrowth carpets the forest floor, with different shapes and shades of leaves adding depth and detail to the scene. Patches of lighter green appear where the otherwise dimly lit environment is graced with speckles of light, highlighting the organic and dynamic composition of the woodland landscape. The dense arrangement of trees and shadowy undergrowth suggests that this scene is set in a mature, possibly old-growth forest.

The overall atmosphere conveyed by the photograph is one of serene mystery, typical of densely wooded natural areas where light and shadow play continually shifting patterns. There is no human or animal presence visible, which amplifies the feeling of a natural environment left undisturbed by external influences."
555396,555396.jpg,"This photograph captures a serene and picturesque waterscape, most likely taken during low tide based on the visible sand patterns in the foreground. The image is vertically divided almost into two equal parts. The bottom half shows a wet sandy shore with prominent rippled patterns, indicating the receding water. The ripples in the sand create an intricate texture and add depth to the composition.

The upper half of the image features a calm body of water reflecting the cloudy sky above, which takes on a dramatic dark hue. This reflection blends seamlessly into the real sky at the water's edge, creating an almost mirror-like symmetry across the middle of the frame. On the water, distant boats are visible. These boats appear as small, white dots, adding a sense of scale and life to the otherwise still and grand natural scene.

The overall mood of the photograph is quiet and contemplative, emphasized by the dim lighting and soft grey-blue palette. The combination of water, sky, and textured sand makes this a visually interesting and soothing scene."
555436,555436.jpg,"This photograph captures a young girl with a joyful expression, riding a bicycle. She has her mouth open in a broad smile and her eyes squinting slightly, which suggests she is in a moment of delight. Her dark hair is pulled back off her face into two small side buns, emphasizing her cheerful facial features.

She is wearing a white T-shirt that features a colorful graphic design and the text ""JOIN THE ENERGY CORPS"" along with an illustrated character resembling a Native American motif, incorporating a feathered headdress and holding a torch. The design on the shirt uses vibrant colors including yellow, red, green, and black.

The background of the photograph is softly focused but hints at a residential setting with portions of houses and possibly a brick structure. The lighting appears to be natural, suggestive of an outdoor setting in a community or home environment.

Overall, the image conveys a sense of lightheartedness and youthful energy, centered around an outdoor activity that is enjoyable to many children."
555460,555460.jpg,"The photograph captures a retro urban scene featuring a man seen from behind, standing in a parking lot. He wears a fashionable long brown coat over a dark shirt paired with blue jeans. In his right hand, he holds a red gasoline can. His attention seems directed towards a specific point or event outside the frame, possibly involving cars or a nearby building.

In the background, an array of vintage cars is visible, depicting a mix of models typical of the late 1960s or early 1970s. The most prominent vehicle, just in front of the man, is a brown Pontiac with a curved rear design and a license plate from Oregon, labeled ""EGK 207.""

Behind the scene of cars, an urban setting unfolds with visible signage for a Toyota dealership, hinting at the location type—a commercial area focused on automobile sales. The atmosphere hints at a cloudy or overcast day, given the muted lighting and soft shadows. The overall composition of the photo, with its focus on the back of the man and the assortment of cars, gives a glimpse into a moment of everyday life, potentially during an era when personal transportation and car culture held significant sway in American society."
555545,555545.jpg,"This photograph depicts a close-up view of a natural scene dominated by cracked, dried mud. The stark texture of the cracked ground is highlighted by the irregular pattern of large and small cracks that create an almost mosaic-like appearance. Shades of dark blues and blacks fill the spaces between the light gray and white crusty textures of the dried mud, suggesting that some moisture may still be present below the surface.

In the foreground, there’s a bundle of green plants with long, slender leaves that appear to be growing directly from the cracks. These plants add a splash of life and color to the otherwise desolate landscape. The leaves are draped over the mud, suggesting they might be struggling for growth in a tough environment. 

There is no visible sky or horizon line, and the focus stays solely on the surface and the vegetation, giving the viewer a sense of being close to the ground. The lighting is subdued but direct, emphasizing the textures and the contrast between the vitality of the plant and the aridness of the mud. This setting might imply a dry lakebed or a similar environment where water has evaporated, leaving behind these natural patterns and struggling plant life."
555743,555743.jpg,"This photograph presents a high-angle aerial view of a dense urban landscape, likely capturing a scene from a major city's downtown area. The view portrays a mix of architectural styles with several high-rise buildings that vary in height, color, and design, contributing to a dynamic and tightly packed cityscape.

In the foreground, a large highway with multiple lanes runs horizontally across the image. This expressway is busy with a variety of vehicles, indicating a moment of regular city traffic flow.

Right above the highway, and immediately noticeable, are a series of matching, symmetrical buildings, possibly residential complexes with reddish-brown facades and numerous green-tinted windows. These buildings are arranged around a central, circular plaza-like area, which includes a small park with neatly arranged trees and paths, providing a green space amidst the urban environment.

Beyond these buildings, the city continues with a variety of other structures; some are modern skyscrapers of glass and steel, while others are older brick and concrete buildings. The spatial arrangement delivers a sense of dense urban planning, typical of a metropolis. The skyscrapers stand out due to their height and modern look, suggesting centers of business or commercial activity.

The background is a mesh of these buildings extending into the distance where the clarity gradually decreases, merging into a faint skyline. This provides a sense of vastness and the scale of the city.

Overall, the photograph encapsulates the bustling, intricate nature of a metropolitan area with its blend of transportation infrastructure, residential zones, and commercial buildings."
555756,555756.jpg,"This photograph is an aerial view of a coastal urban area. It captures a dense cluster of high-rise buildings near the seafront, transitioning to less dense residential areas as the landscape moves inland. Most prominent near the shoreline are several large buildings, some resembling apartment towers, which are closely packed along the coastline.

The beach appears wide and long, stretching along the side of the frame and bordered by a road or boardwalk that separates it from the first line of high-rise buildings. The ocean is a deep blue, and there's minimal wave activity visible, giving the sea a calm appearance.

Further inland, the urban landscape features a mix of residential and commercial structures. There appear to be neighborhoods of smaller, individual homes, characterized by varied roofing and compact yard spaces. The area is interspersed with patches of greenery and some open land.

Towards the other edge of the photo, there is a body of water, possibly a river or large inlet, separating two distinct parts of the urban environment. This water body is surrounded by more residential and commercial buildings. The general palette of the urban area includes various shades of browns, greys, and whites, indicative of an older urban setting.

The sky is clear with no visible clouds, suggesting a bright, sunny day, which accentuates the colors of the buildings and natural surroundings. The overall composition of the photograph captures a dynamic blend of natural and man-made environments coexisting in a densely populated seaside city."
555800,555800.jpg,"This photograph captures a vast and vibrant seascape that provides a scenic view of a coastal city skyline in the distant background, with the primary focus on maritime activity. The skyline features numerous buildings, projecting various heights and architectural styles that outline a bustling urban center. Notably, there are a couple of towering skyscrapers that dominate this urban profile, indicating a significant commercial or financial district.

In the foreground, the ocean is an expansive, textured blue, shimmering under clear skies. Central to the photo are two prominent maritime vessels in motion on the water. The closer vessel to the foreground is a tugboat, distinguished by its compact, sturdy structure and the wake it leaves as it chugs along. The tugboat’s deck is visible, equipped with various maritime gear, hinting at its role in towing or guiding other ships.

Further out and a bit to the right, there is a larger ship, possibly a naval or cargo vessel, characterized by its elongated structure and the multiple structures on its deck, which could include communications equipment or cargo holds.

The photograph is taken from an elevated perspective, overlooking the water, which contributes to a sense of serenity and vastness. It's a clear day with abundant sunlight illuminating the entire scene, enhancing the colors and details of both the maritime scene and the distant city skyline. This image likely aims to depict both the calm of maritime navigation and the bustling life of the coastal city in the background."
555812,555812.jpg,"This photograph provides an aerial view of a vast landscape that appears to be undergoing substantial human impact or development. The foreground and middle of the image are dominated by large swaths of land with varying degrees of vegetation, bare earth, and possibly debris or waste materials. Several wide dirt tracks or roads carve through the terrain, creating intricate patterns.

The terrain is mixed, with areas of dark earth interspersed with lighter patches, suggesting possible excavation or soil displacement activities. There are no visible standing structures in the immediate area, indicating that this may be an industrial site, possibly mining or a large-scale construction area still in its early stages.

In the background, one can see a more defined landscape with a small community or town. This area has orderly patches of greenery, likely parks or lawns, and more structured developments including buildings and roads. Beyond the town, the horizon stretches into a haze, with a tree line and an expansive sky overhead that suggests a rural or semi-rural setting. 

Overall, the photograph captures a contrast between human-altered landscapes and more natural, settled areas, highlighting themes of development and environmental impact."
555865,555865.jpg,"This is an aerial photograph depicting a vast, flat landscape, likely a salt flat or a dry lakebed, with a variety of notable features. The image provides a bird's-eye view of an expansive, lightly-colored terrain that is intersected by roads and paths. Several distinct textural and color variations across the terrain suggest different mineral deposits or moisture levels.

In the foreground and throughout the scene, crisscrossing paths and roads slice through the terrain, indicating some level of human activity and access. There's also evidence of vehicle tracks, suggesting recent movement. To the left, a railway line runs parallel to a road, enhancing the connectivity of the area.

Pockets of darker land, possibly vegetation or wetter areas, are interspersed irregularly across the scene. The presence of these darker areas creates a striking contrast with the lighter shades of the dry or salt-crusted ground.

On the left, snaking through the landscape, a twisting waterway or channel catches the eye with its winding course. Nearby, two dark, water-filled ponds form a standout visual element due to their deep color against the pale, reflective surface of the surrounding land.

In the distant background, a mountain range looms beneath a hazy sky, adding a sense of scale and geographical context to the scene. The expanse reaching toward the horizon suggests the vastness of the area and its remote nature.

Overall, the composition of the photograph with its interplay of natural and human-made elements presents a detailed depiction of a unique terrestrial area, likely used for industrial or transport purposes given the structured infrastructure evident in the scene.
"
555868,555868.jpg,"This photograph depicts a worker, possibly involved in an environmental cleanup operation, trying to manage a situation with polluted water or oil spill. The worker, an older male, is seen from the back and wearing a cap, dirty, long-sleeved, checkered shirt, and suspenders over his trousers. He has on gloves and is using a long tool, which resembles a rake or a pole, to either skim or stir through a dark, viscous liquid that shows reflections of a contaminated or oily sheen.

The surrounding area appears to be an outdoor environment, with natural rocks visible in the immediate background, suggesting that this might be near a shoreline or a bank of some water body that has been polluted. The surface of the water is covered almost entirely by the slick, swirling patterns of the oil, reflecting some light and showing different textures within the pollutant itself. The overall scene communicates a sense of urgency and environmental concern, highlighting human intervention in an ecological crisis."
555870,555870.jpg,"This photograph depicts a devastated landscape littered with numerous abandoned and destroyed vehicles and miscellaneous debris. The setting appears to be a vast, muddy field strewn with remnants of cars, buses, and other pieces of twisted, unidentifiable metal and machinery. Various parts of the vehicles are submerged under mud, and some are overturned or severely damaged, hinting at a violent disturbance or disaster.

The ground is muddy and filled with puddles of water, reflecting a slick, wet surface. The overall tone is grim, with the dull colors of the discarded vehicles and debris contrasting with the brighter blue sky above.

In the background, there is a railway with freight train cars visible. These cars seem unaffected, providing a stark contrast to the chaos in the foreground. The landscape is largely barren, with no visible vegetation, amplifying the sense of desolation in the scene. The scene is likely an aftermath of an extreme event, possibly a flood or other natural disaster, given the muddy conditions and the randomness of the discarded items' placement."
555876,555876.jpg,"The photograph depicts an outdoor scene where two men are engaged in an environmental or agricultural activity. The setting is a vast, muddy field with a noticeable amount of standing water. The men, both wearing hats and casual outdoor workwear, are handling a large, flexible hose that appears to be pumping water or perhaps some other fluid into a designated area, likely for irrigation or draining purposes.

The area immediately around the men is particularly wet and muddy, indicating recent activity or a water management process. In the background, partially obscured by the distance and haze, are two large vehicles, possibly tractors or specialized field equipment, which suggest that this location is used for significant agricultural or industrial operations. The sky is clear and the overall lighting suggests daytime, providing good visibility and conditions for the work at hand.

The general atmosphere exudes a sense of manual labor and concerted effort in managing water or other resources in a vast open field, typical of agricultural landscapes or large-scale environmental projects. The workers' focused actions and the specialized equipment emphasize a formative scene of human interaction with the rural environment."
555922,555922.jpg,"This photograph depicts a scene with a vintage atmosphere, showing a classic American muscle car parked in front of an old, ornate house. The car, which appears to be from the 1960s or 1970s, is a hardtop with a striking two-tone paint job featuring a dark base color with a lighter stripe. It has shiny chrome bumpers and wheel rims, giving it a well-maintained look.

The house behind the car is a large, Victorian-style home with intricate architectural details. It features a bay window on the first floor, a covered porch, and a distinctive turret with a conical roof which projects above the main roofline lending a regal appearance. The siding of the house shows signs of wear, suggesting the house may be old or weathered. The colors of the house are muted, contrasting with the vibrant color of the car.

The scene is set on a quiet residential street. The road in front of where the car is parked shows some debris, hinting at a somewhat neglected urban environment. There are trees visible in the background, suggesting that the area has established vegetation, typical of an older neighborhood.

Overall, the composition of the photo captures a nostalgic slice of mid-20th century American life, contrasting the bold character of the car with the faded grandeur of the historic house."
555970,555970.jpg,"This photograph depicts two children napping while seated. The setting appears to be the interior of a vehicle, likely a bus or a train, during the night. The child on the left is using a soft, orange, brimmed hat as a pillow. This child wears a light-colored shirt and is partially covered with a striped blue and white blanket over a dark seat. Next to this child, on the right side, the other child is asleep with their head resting on a white pillow with a yellow pillowcase. This child is wearing a yellow outfit, matching their pillowcase, and is fully curled up on their side. Both seats have matching upholstery, featuring a floral pattern with red and beige flowers on a grey background. The overall atmosphere is quiet and peaceful, representing a moment of rest during a journey."
556086,556086.jpg,"This photograph captures two men inside the cab of a locomotive. The setting seems to be during a daytime journey, viewed from a vantage point at the rear of the cab, looking forward toward the cockpit-like dashboard.

On the left, there is a man who appears to be the operator or engineer, sitting in a driver's seat. He is wearing a dark cap and a dark work jacket. His left hand is holding a control lever, and his relaxed posture suggests he might be in a monitoring phase of the journey rather than actively maneuvering the train.

On the right, another man who could be a co-worker or another train engineer is facing forward. He has the back of his head toward the camera, showing that he is wearing a white cap. His attire includes a dark jacket, similar to his counterpart. This man seems focused on the panel in front of him or possibly on the view outside, perhaps observing the tracks or the landscape.

Between and in front of them is a complex array of equipment and controls, featuring levers, dials, and digital displays necessary for operating the train. Prominently placed in the scene is a small table or cabinet in the center, supporting what looks like a pitcher or a jar, possibly for drinking water.

The interior of the cab is utilitarian with metal walls and has a small mirror and a window that allow the men to have a view outside, indicating speed or assessing station proximity. The scene outside the window appears blurry, suggesting motion, with hints of greenery likely indicating rural or non-urban surroundings.

Overall, the photograph depicts a moment of everyday professional activity inside a locomotive, highlighting the roles and environment of train operators. The composition focuses on the interaction between the men and their control equipment, framed within the tight space of the locomotive's cab."
556169,556169.jpg,"This photograph captures an urban scene set in front of a residential area. It features a group of individuals engaging in various activities outdoors on a sunny day.

In the foreground, there is a young girl adjusting a younger child's hair. They are positioned near the bottom left of the frame. The young girl is wearing a bright yellow long-sleeve top and appears to be carefully arranging the hair of a child who stands in front of her.

Further in the frame, a young man and a child are shown interacting with a motorcycle parked near the edge of the sidewalk, beside a small, fenced-in grassy area. The young man, standing, seems to be showing or explaining something about the motorcycle to the child who is attentively looking at it.

The setting includes traditional residential buildings with front porches visible in the background. The street and sidewalk are clear and clean, indicating a calm, suburban environment. Parked along the street are several vintage cars, reflecting a period look possibly from the 1960s or 1970s. Notably, the cars exhibit a design typical of American automobiles from that era with notable features like long bodies and large grilles.

Overall, the photograph depicts a slice of daily life in this community, showcasing casual, everyday interactions among children and adults, emphasizing a sense of community and leisure in an urban neighborhood setting."
556195,556195.jpg,"This photograph captures a bustling urban streetscape, characterized by a large number of cars lined up and congested traffic extending towards the horizon. The road, filled with vehicles, runs straight through the middle of the photo toward a distant, prominent classical building reminiscent of early 20th-century architectural styles. This building has a large central facade featuring columns and large stairs leading up to it, suggesting it might be a government or cultural institution.

Flanking the sides of the road are rows of mature, leafy trees which provide a green canopy above the parked cars on either side. The perspective of the photo, taken from an elevated vantage point, enhances the sense of depth and congestion, as the road and cars diminish in size toward the center of the frame.

In the distant background, beyond the main classical building, other high-rise buildings are visible, indicating this scene is set in a densely populated, urban environment. The overall lighting suggests it is either late afternoon or early morning, as the light appears soft and diffuse.

The atmosphere conveyed by this scene is one of busy city life, potentially during rush hour, juxtaposed against a backdrop of historical and modern architecture."
556253,556253.jpg,"The photograph captures a moment at a national convention, specifically the 24th Annual P.U.S.H. (People United to Save Humanity) Convention held in July 1973. The setting is an indoor auditorium. In the foreground, a speaker, an African American man, stands at a podium delivering a speech. He wears a dark suit with a tie and speaks into a pair of microphones attached to the podium.

The podium is substantial and wooden, with a large circular logo in front saying ""NATIONAL 1973 P.U.S.H CONVENTION."" Below this, another banner stretches across, specifying more details about the event, including the welcome message and the annual instance of the convention.

In the background, audiences are seated in rows, some listening attentively while others are captured in various postures of engagement or passive listening. The room's lighting casts a spotlight on the speaker and the podium, making them the focal point of the image.

Overall, the composition conveys a moment of active engagement, concentrated on the speaker at the convention. It highlights the atmosphere of a formal, organized conference with a focus on oration and audience interaction."
556281,556281.jpg,"This image features two women wearing bright pink outfits, captured during a moment of celebration or a festive event. The woman in the foreground is smiling broadly at the camera, her expression radiating joy. She is wearing a wide-brimmed pink hat that matches her vibrant pink, long-sleeve jacket adorned with large decorative buttons. Under her jacket, she sports a dress with a lighter shade of blue frills peeking out, suggesting a coordinated and festive outfit.

Her accessories include large, round pink earrings that complement her hat and attire. Her arm is raised in what appears to be a wave or a gesture of excitement. The woman's hat casts a shadow over her face, although her bright smile is prominently visible.

In the background, another woman can be seen, also dressed in a matching pink outfit and hat, although her face is partly obscured and less focused compared to the foreground figure.

The background behind these figures is nondescript and blurred, making it difficult to determine the exact setting, but it accentuates the vibrancy and focus on the women in their celebratory attire. The atmosphere suggests a joyous gathering or a public celebration where participants dress in coordinated, colorful outfits."
556336,556336.jpg,"The photograph depicts a group of miners gathered in what appears to be a lift or a confined underground setting, typical of a mining environment. There are eight men visible, and they all seem to be wearing work attire suitable for mining, including helmets equipped with lights. The miners vary in age and are attentively engaged in what looks like a critical moment, possibly related to their work duties or a briefing.

The central figure in the image is a man speaking into a portable radio or communication device, suggesting that he might be a supervisor or someone in a coordinating role. His expression is serious and focused, reinforcing the importance of the communication. The men surrounding him are equally attentive, looking either at the speaker or in the same direction, indicating shared concern or interest.

The immediate background includes two safety signs, one stating ""NO SMOKING CARRYING MATCHES"" and another emphasizing ""GOOD HOUSEKEEPING IS THE KEY TO SAFETY."" These signs hint at the hazardous conditions typically present in such work environments and the precautions necessary to maintain safety standards.

Overall, the composition captures a moment of professional interaction among miners, characterized by a collective focus and the utilitarian surroundings of their workplace. The lighting is muted, and the attire and protective gear of the miners point to the practical and hazardous nature of their work."
556429,556429.jpg,"This photo captures a rural outdoor scene featuring a curving road upon which a large truck is traveling. The truck, painted in shades of red and white, transports a load covered with a tarp. It's driving along a road surrounded by a predominantly barren landscape, with leafless trees indicating it might be late autumn or early spring.

The left side of the photo shows a muddy, textured terrain with patches of grass, leading up to a densely wooded hillside that occupies the background. The trees lack foliage, their bare branches creating a stark, intricate pattern against the sky.

The right side of the frame provides a glimpse of similar terrain across the road, with additional trees and a less visible hillside. This side of the image is partially obscured by a large, prominent tree trunk in the foreground. Wrapped around the trunk is a political campaign poster featuring a photo and text, which adds a layer of human element to the natural landscape.

Above all, the light in the photograph suggests it might be morning or late afternoon, enhancing the tranquility and isolation of this rural road scene. The image captures a moment of everyday rural life, juxtaposed with political engagement through the campaign poster."
556553,556553.jpg,"This photograph captures a lively street scene with various activities and subjects. At the center, a man with dark hair and a beard is straddling a small black-and-white pony. He wears a light pink polo shirt and dark pants. To the left, a young girl with blonde hair stands by herself, wearing purple pants and a dark top while clutching something with her hands. Further to the right of the image, there are three individuals engaged in interacting with the pony; particularly, a woman with dark, mid-length hair is feeding or petting the pony, and next to her, a young boy in blue jeans and a beige shirt looks on with a joyful expression.

In the background, a concrete building with some green foliage around it can be seen, along with several parked cars, including a prominent dark-colored car. The location looks like a parking lot adjacent to a lightly wooded area, possibly on the outskirts of a town or near a communal area. The scene conveys a casual, perhaps spontaneous gathering focused on the interaction with the pony, adding a sense of community and leisure to the setting. The brightness of the day and the shadows indicate it's a sunny day, contributing to the lively, outdoor atmosphere of the photograph."
556676,556676.jpg,"The photograph captures a scene inside what appears to be a dining car of a train. The focal point of the image is the interaction, or proximity, between an elderly, well-dressed man standing at the counter and a uniformed attendant working behind the counter. The elderly man, appearing contemplative or waiting, is dressed in a dark suit and tie, facing partially towards the viewer with his hands placed on the counter. Adjacent to him, the attendant, who is dressed in a bright red uniform with a name badge and glasses, is engaged in an activity, possibly preparing or serving a beverage using a machine on the counter.

The setting has a vintage feel with wood paneling and a reflective surface on the countertop, which adds a warm tone to the ambiance. Behind the attendant is a display filled with an assortment of snacks and beverages, including cans and bottles, positioned neatly in racks. There is a visible menu display to the attendant's side that lists various food and drink options.

The lighting is somewhat dim, suggesting an evening or nighttime setting, and highlights the silhouettes and features of the two main subjects, creating a solemn yet intimate atmosphere. The attention to detail in their stance and demeanor evokes a sense of quiet activity and service typical in a train dining experience.
"
556718,556718.jpg,"This photograph captures a busy urban street scene, likely from the 1970s or 1980s given the style of the cars. The image is filled with various models of cars that are characteristic of the time period, including sedans and coupes in an array of colors like white, beige, and dark hues.

The setting is a city street lined with large trees and traditional architecture. The buildings have a classic appearance with large windows and detailed facades, showing signs of commercial use on the ground levels, including visible shop fronts and signage. The street is bustling with activity, suggesting this could be a central area in a city.

The cars are parked along both sides of the street, and there are more traveling on the roadway. Due to the cars' vintage styles, the scene has a nostalgic feel. Additionally, there are no visible modern elements that would suggest a more recent time frame. The picture shows no pedestrians, which focuses the viewer's attention more on the vehicles and streetscape. The color palette is slightly muted, typical of film photography from that era, providing a soft yet detailed look at urban life in the past."
556804,556804.jpg,"This photograph depicts an urban, everyday scene involving two women and a bus. The bus, prominently numbered ""4211"" and partially cropped at the top, features an open door through which the interior is partially visible, hinting at additional passengers inside.

The focal point is a woman stepping off the bus. She appears to be middle-aged, wearing sunglasses, a black top adorned with a white and green striped scarf draped across her neck, a light beige skirt, and dark shoes. She holds a large grayish-brown handbag in her right hand while reaching out to grasp a handrail with her left hand, assisting her exit from the bus. 

Standing in front of her, facing away from the camera, is another woman partially visible on the right side of the frame. This second woman, presumably waiting to board the bus, wears a bright lime-green coat or dress and carries a large, woven basket-like handbag.

The setting and attire suggest a typical daytime scene, likely in a bustling urban environment inferred from the appearance of the bus and the attire of the women, suggesting a need for transportation and practicality in their activities. The overall composition captures a moment of movement and everyday routine, emphasizing the public transit element and the interactions that accompany it."
556874,556874.jpg,"This photograph captures a scene of railway maintenance on a bright day under a clear blue sky. Two workers are focusing on their tasks along a dual set of railway tracks which extend straight into the horizon.

On the left side of the photo, one worker, wearing a hard hat, safety goggles, and overalls, is bending over a complex, cart-like piece of machinery loaded with various tools and equipment. The machinery appears to be designed for working on the railway, as it's equipped with mechanisms possibly used for handling the railway tracks or ties.

The second worker is farther along the track, working on a similar rail-tied piece of equipment. He seems to be adjusting or analyzing a part of this machinery, wearing a checked shirt and jeans, suggesting a more informal attire compared to the first worker.

The ground around the tracks is covered with gravel, typical of railway lines, ensuring stable ground for the tracks. The area beside the railway is grassy, stretching into a flat landscape that hints at a rural setting. An additional detail is a road sign by the side of the tracks reading ""NEXT 735 FT,"" accompanied by warning or information symbols, indicating caution or providing information about upcoming railway interactions.

The background features a vast, open sky with a few wispy clouds, emphasizing the openness of the rural environment. A faint presence of telephone poles and sparse vegetation also hint at the minimalistic and functional nature of the surroundings typical to such industrial activities."
556893,556893.jpg,"This photograph captures a scene of industrial activity, likely at a construction or mining site. Foreground elements include various rugged pieces of machinery and equipment, among which a notable rusted, cylindrical object stands out. The ground is strewn with rock and dirt, reflecting the rough working environment.

In the mid to background, multiple workers wearing hard hats are visible. They are engaged in what appears to be strenuous physical labor, possibly involving digging or moving materials as suggested by their postures and the tools in use, such as shovels. The workers' apparel, including heavy jackets and boots, implies a need for protection and durability in their tasks.

The atmosphere of the scene suggests either early morning or late afternoon, judging by the softer lighting with long shadows cast by the machinery and people, indicating that the sun is low in the sky. The sky is clear and vivid, adding a sense of openness to the environment.

The composition of the photograph emphasizes the industrial nature of the work, with a focus on manual labor and the machinery integral to the operations on site. The perspective chosen, looking slightly upward towards the action, lends a dynamic and immersive feel to the image."
556916,556916.jpg,"This aerial photograph captures a lush, densely forested landscape surrounded by majestic mountain ranges in the distance. The scene is depicted under clear skies, enhancing the vibrant natural colors.

Foreground: At the lower center of the image, a cluster of residential buildings, possibly a small village or community, is nestled among clearings in the vast forest. The houses are surrounded by patches of cleared land, some of which appear to be used for agriculture.

Middle ground: Beyond the residential area, the landscape is dominated by a dense coniferous forest, stretching out towards a large body of water, possibly a lake or a wide river.

Background: In the distance, towering mountain ranges rise dramatically. Their peaks, some covered with snow, contrast with the dark green tones of the forests and the deep blue of the water body. The mountains add a dramatic backdrop to the serene forest and residential scene.

Overall, the photograph offers a striking view of a tranquil, predominantly natural environment, characterized by dense forestry and majestic mountainous landscapes. The community appears small and integrated into the natural surroundings, suggesting a harmonious balance between human habitation and nature."
557002,557002.jpg,"This image offers a high-altitude aerial view of a meandering river flowing through a densely forested landscape. The river is a prominent, dark blue feature and snakes smoothly from the lower-right corner towards the center-left of the image, and curves slightly as it passes beneath the viewing perspective. Its banks are sharply defined, contrasting with the lush surrounding forests.

The forests are thick and continuous, exhibiting deep green colors, indicating a healthy, possibly coniferous woodland. The view extends to the horizon, where the land remains densely forested, and a very faint outline of mountains can be seen in the far distance under a pale sky. This suggests the photograph was taken during the day under clear or slightly hazy conditions.

There are no visible structures, vehicles, or people, highlighting the area's natural and untouched appearance. The overall impression is one of serene, uninterrupted wilderness, likely located in a region valued for its natural beauty and ecological importance."
557007,557007.jpg,"The image presents a group of five individuals situated in a forested area that appears to have experienced significant damage, leading to a large number of fallen trees. The trees, many devoid of leaves and some broken at the trunk, create a scene of natural destruction, likely from a storm or logging activity.

In the foreground, one of the individuals, wearing a bright red jacket, is facing away from the camera, looking towards the other group members. To the right, partially blocked by a tree trunk, another member with blonde curly hair and a dark jacket is seen from the back. The center of the image reveals three more people. One, with a warm yellow jacket and brown hair, is bending over slightly, possibly examining or picking up something from the ground. Accompanying this individual are two others, both wearing jackets—one in blue and the other in a darker shade—engaged in conversation or observing their surroundings.

The environment is densely packed with tall, thin tree trunks, and the ground is covered with foliage, branches, and fallen tree limbs, contributing to a rugged terrain. The lighting in the photo is muted, suggesting an overcast sky, which adds a somber tone to the setting. This context and the attire of the people suggest an outdoor excursion possibly related to a nature study, forestry investigation, or a similar activity oriented around understanding or managing the landscape."
557099,557099.jpg,"The photograph captures a serene natural landscape dominated by dense woodland and sprawling fields. In the foreground, there is a dense cluster of wildflowers and grasses. These plants vary in height and color, creating a textured tapestry of greens, whites, and hints of red. The middle ground shows a rolling meadow or clearing, which gently slopes downwards, partially bordered by trees. It is a sunlit space, contrasting with the shady area of forest around it. In the background, dense, lush green trees on rising terrain occupy most of the view, hinting at a hilly or mountainous area. The trees are tightly packed, exhibiting varying shades of green and suggesting a rich, diverse woodland. The sky above is a clear blue, adding a sense of clarity and openness to the scene. Overall, the composition emphasizes the beauty and tranquility of an untouched natural environment."
557248,557248.jpg,"This photograph depicts an industrial scene characterized by large structures and significant air pollution. In the foreground, a grassy hillside sprinkled with small yellow flowers leads up to the industrial area. Across the image, several conveyor belts and bridges connect different sections of the facility. One person is visible walking along one of these elevated walkways.

The main focus of the image is the massive amounts of dark smoke billowing into the sky from the machinery or process happening in the background. This cloud of smoke dominates the upper part of the photo, suggesting air pollution as a significant concern in this industrial setup. Central to the background, a large, solid, block-like building with no visible windows stacks above some part of the machinery, further emphasizing the heavy industrial nature of the scene.

The lighting in the image is subdued, likely due to the overcast sky, which is obscured by the thick smoke, giving the scene a somewhat grim and moody undertone. The overall composition underscores themes of industry, pollution, and perhaps the environmental impact of such facilities."
557252,557252.jpg,"This photograph captures a dynamic scene of a water body, possibly a river or stream, filled with what appears to be foam or froth. The foam is unevenly spread across the surface, creating abstract, fluid patterns, highlighting a mixture of white, navy, and cyan hues. The source of this accumulation isn't clear from the image, but it could be natural or the result of water agitation downstream of a visible small waterfall or rapid on the upper left side of the frame.

The surrounding environment suggests a natural setting with dark, lush vegetation faintly visible in the background, contributing a rich, deep green contrast to the predominantly blue and white of the water. The lighting suggests this photo was taken during a time of day with strong sunlight, cast from an angle that enhances the texture and contrast of the foam on the water.

Overall, the composition is rich in textures and colors, centered around the intriguing patterns formed by the froth on the water's surface."
557279,557279.jpg,"This photograph depicts an urban scene with four people walking along a paved path. In the foreground, three individuals appear to be together, walking from right to left. These include a young child and two older women, the adult woman in bright orange and the older child in a pink coat. There is also a younger woman walking in the opposite direction to the left, dressed casually in dark colors.

The background features modern city skyscrapers partially shrouded in haze, suggesting distance and perhaps pollution or morning mist. Adjacent to the path are rows of brick apartment buildings which look relatively new, with a design typical of mid-to-late 20th-century urban architecture.

Overall, the scene captures a moment of everyday urban life, probably in a residential area close to the commercial center of a city, illustrating a contrast between residential living spaces and the commercial cityscape. The image also conveys a sense of the era, likely in the late 20th century, through the style of clothing and the architectural designs."
557292,557292.jpg,"This photograph captures a multilevel parking structure filled with a variety of cars. The image is taken from an elevated angle, looking down on the structure, showcasing four levels of the concrete parking garage.

The cars parked on each level display a range of colors and sizes, indicative of models from the 1960s or 1970s, judging by their design. Several cars are notable for their bright colors like red, yellow, and blue, interspersed with more neutral tones of black, white, and grey.

The lanes where the cars are parked appear orderly, arranged in neat rows confined by the concrete barriers of each parking level. There are no visible people or other activities besides the parked cars. The focus of the photograph is purely on the parked vehicles and the structure itself, emphasizing the pattern and repetition in urban design and automotive presence.

The concrete barriers have a repetitive triangular pattern underneath each level, adding a textural detail to the otherwise functional appearance of the parking garage. The high contrast between the dark shadows of the structure and the brightly lit surfaces by sunlight enhances the visual impact of the composition. This type of image often serves to convey themes of urban development, transport, or the proliferation of automobiles in urban settings."
557342,557342.jpg,"The photograph depicts a dilapidated interior, possibly of an abandoned building. The scene is characterized by a sense of neglect and decay. The floor is covered with square tiles in a checkerboard pattern of white and grey, but many tiles are dirty, damaged, or missing, revealing the subfloor in areas.

On the left side of the image, part of a wall and door frame can be seen. The wall is dirty and stained, suggesting water damage or mold. There is a small pile of debris on the floor next to the wall, including crumbled pieces of wall or ceiling material.

In the center and right of the image, there is a metal cabinet that has been overturned and severely damaged. The doors of the cabinet are ajar or missing, and its contents appear to have been removed or scattered. Surrounding this central wreckage, various debris, including papers, dirt, and unidentified objects, are strewn across the floor.

Lighting in the photograph is dim and natural, suggesting that the image was taken in daylight, possibly with light entering through unseen windows or gaps in the structure. The overall atmosphere is one of abandonment and dilapidation, emphasizing a sense of neglect or a past event that led to the current state of disrepair."
557373,557373.jpg,"The photograph displays an industrial scene dominated by a striking contrast between the natural sky and human-made infrastructure. In the background, a large plume of smoke or steam billows from a tall stack, dispersing into the sky filled with fluffy clouds, which partially obscure a vivid blue backdrop. This vertical element draws significant attention due to its scale and the environmental implications of such emissions.

In the mid-ground, several industrial buildings of varying heights and structures contribute to a somewhat cluttered architectural landscape. The buildings are primarily in shades of dark blue and gray, suggesting metallic construction, and feature utilitarian designs typical of manufacturing or processing facilities. A prominent feature among these is a large spherical structure, possibly a storage tank, which adds a distinct geometric contrast to the otherwise angular environment.

The foreground includes a dirt path or road, suggestive of an access route possibly used for transporting materials, flanked by uneven, grassy areas that appear somewhat neglected. Visible also are railway tracks, indicative of the transportation of goods in and out of this area, enhancing the industrial vibe of the scene. On the left, partially cut from view, is a large container with the words “GREE PRODUCTS CONTAINERS”, likely used for storage or transport of specific materials or waste related to the industrial activities.

Overall, the photograph captures a moment in an industrial area, highlighting the intersection of heavy industry and environmental impact, underpinned by a somber, utilitarian atmosphere. The scene is devoid of any visible human activity, focusing entirely on the industrial components and their environmental footprint.
"
557379,557379.jpg,"This photograph depicts a vibrant rural scene nestled in a valley surrounded by lush green mountains. In the foreground, a quaint residential area is visible, comprising several small homes with pitched roofs, tidy yards, and a smattering of outbuildings including sheds and garages. The houses are modest, primarily single-story, and arranged in a somewhat orderly pattern, highlighting the sense of a closely-knit community.

The area is thick with trees, adding a rich green canopy over the neighborhood. The scene captures a moment of serene, day-to-day life with no visible people, suggesting a quiet afternoon. A network of small roads or paths interconnects these homes, and a few vehicles can be seen, one of which looks like a red truck. 

In the middle distance, a railway line runs parallel to a road, emphasizing the transport links within this rural setting. Beyond this residential and local transport hub, the picture offers a view of an industrial facility located between the mountains. Prominent features of this facility include multiple large structures, possibly silos or processing plants, and tall stacks emitting plumes of smoke or steam into the clear blue sky. These components suggest that the facility is possibly a manufacturing or processing plant integral to the local economy, yet distinct and separate from the residential area.

The overall composition strikingly contrasts the industrial background with the peaceful, tree-filled residential area, encapsulated by the natural beauty of the encircling mountainous terrain. This snapshot captures both the industrial and rural aspects of life in this region, framed against a large, clear sky that conveys a sense of openness and tranquility."
557404,557404.jpg,"This photograph captures a picturesque view of a residential area nestled in a valley bordered by forested hills. The area features a variety of two-story houses, closely packed together, each painted in different hues such as white, beige, light blue, and mint green, adding a colorful vibrancy to the scene. The roofs of these houses are predominantly steep and gabled, typical of suburban American homes. In the background, the hills rise steeply, densely covered in lush green trees, which suggests a remote or semi-rural setting. There is a clear, blue sky above, indicating a bright sunny day. The view seems to be taken from a higher vantage point, possibly from another hill, giving a comprehensive overlook of both the community and the natural surroundings. The foreground is somewhat darkened, likely due to shading from the trees where the photo is shot from, adding a frame-like effect to the composition. This setting ostensibly provides a serene, community-oriented living space, closely interconnected with nature."
557627,557627.jpg,"This photograph features an intriguing view framed within what appears to be a dark, rectangular opening, possibly a window or a gap in a structure. The main focus of the image is the landscape seen through this opening.

The landscape depicted is a vast, flat desert expanse under a twilight or dusk sky. The color palette is predominantly in shades of deep blues and purples, suggesting it could be either late evening or early dawn. A striking feature of the landscape is a thin, bright, horizontal line that stretches across the field of view, which could be a distant road or boundary illuminated by the sun's low light or vehicle headlights.

The foreground within the framed view shows silhouettes of shrubbery, likely desert vegetation, which adds a textural contrast to the smooth, flat expanses in the distance. There's also what seems to be a hanging element, possibly a part of the plant or an artifact from the window framing, adding an eerie touch to the scene.

The overall mood of the image is serene yet mysterious, emphasized by the limited light and the framing that offers only a restricted glimpse of the broader landscape. The viewer may feel like they are peering into a hidden or forbidden part of the world."
557635,557635.jpg,"This photograph appears to depict the facade of a historical building, likely captured using black and white film, giving it a classic appearance. The building itself is three stories high, with ornamental architectural details that include arches, columns, and decorative molding. The upper part of the building’s facade features a pattern of repeating arched windows and pilasters, contributing to its elegant aesthetic. The top of the building is marked with a cornice decorated with brackets and has the year ""1885"" prominently displayed, suggesting the date of construction or significant renovation.

On the ground level, there are commercial storefronts. Visible signage includes ""Turk's Jewelry,"" which offers ""Bulova, Elgin, Watches,"" and another for ""Alfredo's Discotheque."" The signs indicate the types of businesses operating in the building at the time the photo was taken. The storefronts are equipped with traditional awnings and large display windows.

A lone figure can be seen walking in front of the storefronts, which adds a sense of scale and life to the scene. Despite the street being mostly empty, the presence of this individual suggests some level of pedestrian activity.

The overall composition conveys a sense of historical context and urban life, captured with clear attention to architectural detail and the everyday use of the building."
557731,557731.jpg,"This photograph shows a construction scene under a clear blue sky. The main focus is on a person who appears to be a construction worker, standing on the top of a tall, partially constructed wooden structure. The worker is wearing a white tank top and dark shorts, and is positioned amidst the framework of the structure, holding onto a piece of wood or tool, possibly engaged in the assembly or inspection of the edifice.

The structure itself is made of wooden planks and beams, supported by metal scaffolding. It has a multi-level design, with the worker located on the uppermost level which is open and exposed. The wooden planks used in the construction are light in color, likely indicating new or untreated wood.

In the background, there's a clear blue sky which suggests the photograph was taken on a bright, sunny day. The composition focuses on vertical and horizontal lines created by the beams and supports of the structure, giving it a grid-like appearance that leads the viewer's eye towards the central figure of the worker. The perspective is slightly upward, emphasizing the height of the structure and the elevated position of the worker."
557759,557759.jpg,"This photograph features a close-up view of a mailbox mounted on a metal post. The mailbox is traditional in design, primarily rectangular, with a curved top and a front that includes a door with a small, horizontal handle for opening. It is weathered with a metallic finish that showcases various signs of wear and exposure to elements.

Above the mailbox, there is a distinct and decorative sign that adds a personalized, rustic charm to the scene. The sign is crafted from black metal and depicts a scene of a farmer, wearing a hat, plowing a field with a horse. The scene is framed within the outline of a nameplate that reads ""W. H. CORNELL,"" suggesting this is the name of the property or mailbox owner.

The background of the photograph is softly blurred, providing a contrast that highlights the mailbox and sign. The background color tone is greenish-gray, likely indicating grass or a garden in soft focus, which suggests a rural or semi-rural setting.

The overall composition of the photograph effectively draws attention to the mailbox and the decorative sign, emphasizing a theme of rural life and personalization in everyday objects."
557819,557819.jpg,"This photograph showcases a large, red and white ship floating on a calm blue sea. The view is from an aerial perspective, looking down on the ship which is positioned at an angle from the top right to the bottom center of the frame. The ship is a tanker, indicated by its robust structure with visible deck equipment including piping and storage areas, commonly used for transporting liquids such as oil or chemicals.

The front of the ship, or bow, is pointed towards the bottom of the image, cutting through the water, leaving small ripples in its wake. The rear of the ship, or stern, is partially visible and is crowded with more industrial equipment, including what looks like cranes or large winches. The deck is marked with several safety and operational features like railings and possibly some access hatches.

The ship's superstructure, which includes the bridge and crew quarters, is predominantly white and located towards the rear. This part of the ship rises noticeably above the main body of the tanker and is equipped with various antennas and radar equipment visible on the top, emphasizing its navigational capabilities.

The vast surrounding waters hint at open sea conditions, and the lighting suggests this may be either early morning or late afternoon, casting a subtle glow and long shadows on the ship. There are no other vessels visible in the immediate vicinity, emphasizing the solitary voyage of this tanker. There is a sense of calm and isolation conveyed by the endless water surrounding the ship."
557823,557823.jpg,"This is an image depicting a wooded scene with a bubbling, rocky creek flowing through it. The photograph captures a small, rugged stream as it cascades over various sizes of rocks and boulders, creating white, foamy water as it tumbles downstream. The surrounding landscape is densely filled with trees, displaying a mixture of autumn colors among the leaves, ranging from green and yellow to hints of orange and brown. This suggests that the photo was taken in fall. The trees are thick and lush, covering much of the upper part of the image, with their branches and foliage forming a canopy over parts of the creek. The overall atmosphere is serene, reflecting a quiet, natural setting that is typical of a forest environment. The lighting appears natural and somewhat dim, hinting that the photo may have been taken either in early morning or late afternoon, adding a softness to the scene with gentle shadows cast across the creek and stones."
557921,557921.jpg,"This photograph appears to capture a moment inside a vehicle inspection or maintenance facility, with a vintage aesthetic that suggests it was taken several decades ago. The image features four individuals and a car within an industrial setting.  

The main focal point of the image is a blue vintage Volkswagen Beetle, marked with a ""USA"" sticker and a license plate reading ""8288 AP"". There are three men and one woman in the image. Starting on the left, a younger man wearing glasses is holding what seems to be a long measuring stick, dressed in a white short-sleeved shirt tucked into dark pants with a red belt. He is looking slightly upward towards something outside the frame.

Next, leaning against a desk or counter, there is a young man dressed similarly in a white shirt and dark pants. He appears engaged in conversation or observing someone outside the frame, with an attentive expression.

In the background, a woman can be seen. She appears slightly blurred compared to the others, and her expression or activity is less discernible. She wears a light-colored outfit, perhaps a blouse, and carries what looks like a purse or a bag.

On the far right, an older man stands near the Volkswagen Beetle. He is also dressed in a white shirt and darker pants, sporting a calm and observant expression while looking off to his left. 

The setting includes industrial elements like large, paneled windows that allow for ample natural light, and the walls look to be made of dark, possibly metallic materials. The overall atmosphere is busy yet orderly, typical of a workplace focused on technical or mechanical tasks."
558116,558116.jpg,"This photograph captures a historical or monumental structure which appears to be a large, ornamental gazebo or pavilion located in a park-like setting. The structure stands prominently on a sizeable foundation, which elevates it above the surrounding grass-covered grounds. Architecturally, the pavilion features several classic elements such as multiple columns supporting a round dome topped with a smaller, secondary dome and a spire. The color scheme is primarily white, which contrasts with the clear blue sky and the lush greenery around it.

There are no visible people or activities in the immediate vicinity of the structure, suggesting a quiet, possibly early morning or less crowded time of day. The surrounding area includes mature trees that provide a natural canopy and partial shade to the environment. Some of these trees frame the photograph, creating a serene and picturesque setting. In the background, beyond a neatly cut lawn, there appears to be a line of small buildings or facilities, possibly supporting structures or service areas for the maintenance of the park.

Overall, the composition of the photograph is arranged to convey the grandeur and tranquility of this architectural feature within its natural surroundings, highlighting the contrast between the man-made structure and the natural beauty of the landscape."
558119,558119.jpg,"This image depicts a bustling street scene, possibly during a festival or public event, as evidenced by the large gathering of people and streets blocked off for pedestrian access. The photograph is taken from an elevated perspective looking down at a bustling town street lined with two- and three-story buildings.

On the left side of the image, there are several shops visible, including a clothing store and a drugstore, both marked with prominent signage. The facades of these buildings are decorated with vivid color schemes and details like awnings and flower boxes. The building architecture is rather classic with rectangular windows and flat roofs, typical of many small-town commercial buildings.

The street is crowded with people; some are walking, while others are gathered around in groups, indicating a social or communal event. There are multiple vendor stalls, with one specific cluster visible on the right-hand sidewalk, where tables appear to be selling various items. The crowd is diverse, involving adults and children, some casually dressed, likely enjoying a warm day outdoors.

In the middle of the road, a parade or procession appears to be forming, getting ready to move. The street itself is marked with traditional crosswalks and traffic lights, emphasizing the urban setting.

Towards the horizon, the street is lined with similar types of buildings and continues to be crowded with people, suggesting the event likely covers a significant stretch of the town. The sky is bright and clear, indicating the event is happening on a sunny day, casting shadows that suggest it's either morning or late afternoon."
558137,558137.jpg,"This photograph captures a cheerful scene featuring a police officer standing beside a vintage police car. The officer, wearing a light tan uniform with short sleeves, a badge, and sergeant stripes, smiles broadly at the camera. He has a fair complexion, is balding, and wears dark sunglasses and a standard policeman’s cap. The officer is holding the door of the police car, which is painted yellow with the word ""Polizie"" and the number 4 prominently displayed. The car also features a red emergency siren light on top.

In the background, there is a vibrant, lively atmosphere with multiple people evidently enjoying a public event. Crowds of adults and children can be seen, some seated and others standing. They appear casual and are dressed in typical outdoor, summer clothing. Notably, behind the police officer and the squad car, there is a structure with yellow and blue striped canopies, possibly indicating a fair or festival setting. The overall ambiance is sunny and festive, suggesting a community gathering or public celebration in a small town. The text on the car, ""City of New Ulm"", provides a locality context, referencing New Ulm, a city likely celebrating a local event. This photograph, rich in color and detail, captures a moment of community engagement and law enforcement presence in an amicable setting."
558169,558169.jpg,"This image displays a newborn baby lying on a white, slightly crumpled sheet inside what appears to be a medical environment, likely a hospital. The baby has vernix caseosa, a waxy, white protective coating, and appears to be covered in amniotic fluid, which suggests the photo was taken shortly after birth. The baby’s skin is reddish, typical of newborns, and there are visible health monitoring clips attached to one of its feet, likely for measuring heart rate and oxygen levels. The umbilical cord is clamped and visible. The baby's arms are raised near its face, with one hand close to the eyes, displaying natural infant reflexes. The background is neutral and out of focus, drawing attention to the infant, and there is a metallic edge of a container (possibly a baby bassinet or medical table) that adds to the clinical setting of the image. Overall, the photograph captures the immediate moments following birth, highlighting the raw and beginning stages of life."
558205,558205.jpg,"This photograph depicts a scene from a school environment during what appears to be a sunny day. In the background stands a large two-story building prominently labeled as ""New Ulm Senior High School."" The architecture of the school includes symmetric rows of windows and a minimalistic, rectangular design typical of many educational institutions. The color scheme of the building involves red bricks and white trim around the windows and doors.

In the foreground, a neatly maintained grass lawn sets the stage where several students are seen walking along a paved sidewalk that leads towards the school's main entrance. These students appear to be in casual clothing, suggesting the photo was taken during a regular school day.

To the right foreground, a man stands facing the school, perhaps observing the students or waiting for someone. He has his hands in his jacket pockets, and his posture is relaxed; he is dressed in a dark jacket and jeans, which along with his hairstyle, reflects typical casual attire of possibly the late 20th century.

The overall ambiance is peaceful and routine, with no extraordinary activities happening, just the daily flow of students likely between classes or at the start or end of the school day. The lighting suggests early morning or late afternoon, given the long shadows and soft, warm glow, which adds a nostalgic or serene quality to the scene."
558221,558221.jpg,"This image captures a scene from a school band rehearsal. There are several young musicians seated, predominantly playing woodwind and brass instruments.

At the forefront of the image, there is a young girl playing a saxophone. She has long, straight blonde hair and is wearing a white knit sweater with dark horizontal stripes on the sleeves. She is focused intensely on her music, her cheeks puffed out as she blows into the instrument.

Beside her, visible to the left of the frame, is another young musician, a boy focusing on his instrument, also a saxophone. He has short brown hair and wears a maroon shirt. Only parts of his face and his instrument are visible, showing a profile view as he plays.

In the background, other band members can be observed. They are also engrossed in their music, each holding various brass instruments, and they appear to be predominantly male. The setting seems to be a classroom or a practice room, indicated by the typical school chairs and the informal arrangement of the musicians.

The ambiance of the room suggests a lively practice session, with everyone seated closely together, emphasizing the communal and educational nature of the activity. Music stands with sheets of music are in front of each musician, adding to the organized chaos typical of school band rehearsals."
558230,558230.jpg,"This photograph captures two young girls roller skating in an indoor environment. The image has a notably blurred and dynamic quality, conveying a sense of motion and energy. The lighting is soft and ambient, with some bright light streaks emanating from the background, adding a dreamlike effect to the scene.

The girl on the left has curly blonde hair and wears a teal-colored top paired with a long grey skirt. The girl on the right features straight light brown hair, and is dressed in a patterned shirt with a white background adorned with dark spots, complemented by pastel pink pants. Both are wearing traditional four-wheel roller skates.

The background is indistinct due to the movement and lighting, but hints of other individuals and architectural structures suggest the setting could be a skating rink or a similar recreational venue. The focus and composition emphasize the interaction between the two girls, who are holding hands, possibly assisting each other in balance or coordination as they skate. Their facial expressions are somewhat neutral, possibly concentrating on their movement."
558390,558390.jpg,"This photograph captures a scene inside a church during a sermon or speech. The main focus is a man standing at a pulpit, reading or speaking. He appears to be a clergy member, wearing glasses and a green and white clerical stole over a black robe. The pulpit is made of wood and has a microphone attached, suggesting a formal address to an audience.

The background features architectural elements typical of a church, including high walls with a series of arched windows that let in natural light. Above the windows, there are statues of three figures, possibly saints, standing in a row, all of them wearing robes and with their hands either folded in prayer or extended outward.

In the foreground, slightly blurred, there appears to be a floral arrangement or decorations that add a touch of color, predominantly red, to the scene. This hints at a special occasion or celebrates the church service. Subdued indoor lighting, augmented by the sunlight coming through the windows, creates a solemn and respectful atmosphere typical of religious gatherings."
558397,558397.jpg,"The photograph depicts a group of people outside a church building, likely either before or after a service given their positioning and attire. The church features a modern architectural style with a prominent roof that slopes upwards towards a central point, surmounted by a simple cross. The façade of the church is constructed from stone materials, suggesting a sturdy and possibly recently built structure.

In the foreground, there is a concrete pathway leading up to the church entrance. There are various individuals, dressed in semi-formal and formal attire typical of Sunday church-going clothes, engaged in conversations or walking towards the church doors. The age range of the individuals varies, including adults of varying ages and a few children. 

The composition captures a clear blue sky without clouds, and the shadows imply that it is either early morning or late afternoon. There is a tree branch visible in the top left corner, indicating the presence of trees around the area, which speaks to a landscaped church setting. Overall, the scene captures a regular moment of social and community engagement centered around a religious event or regular church service."
