nid,date,title,agency_id,nail_num,img_url,img_path,photographer,photographer_desc,birth_year,death_year,id,place_name,coordinates,category
542663,1972-05-01,"EDGARD STEPHENS, PROFESSOR OF ENVIRONMENTAL SCIENCE AT THE STATEWIDE AIR POLLUTION RESEARCH CENTER, USING OPTICAL PARTICLE COUNTER",003/50/000000,NWDNS-412-DA-170,https://s3.us-east-1.amazonaws.com/NARAprodstorage/lz/stillpix/412-da/412-DA-00170_01-0405M.TIF,542663.jpg,"Daniels, Gene,",,,,10046392.0,Riverside (Calif.),"33 57 N, 117 23 W (33.95, -117.38)",Pollution and Environmental Damage
542673,1972-05-01,SMOG OVER LOS ANGELES IS MONITORED BY SCIENTISTS FROM NASA AND STATEWIDE AIR POLLUTION RESEARCH CENTER. THEY ARE TAKING HYDROCARBON SAMPLES THROUGH NOSE OF NASA-SUPPLIED PLANE,003/60/000000,NWDNS-412-DA-180,https://s3.us-east-1.amazonaws.com/NARAprodstorage/lz/stillpix/412-da/412-DA-00180_01-0415M.TIF,542673.jpg,"Daniels, Gene,",,,,10046660.0,Los Angeles (Calif.),"34 03 N, 118 14 W (34.05, -118.23)",Pollution and Environmental Damage
542728,1972-05-01,HOLIDAY CROWDS VISIT GENERAL SHERMAN TREE,004/55/000000,NWDNS-412-DA-235,https://s3.us-east-1.amazonaws.com/NARAprodstorage/lz/stillpix/412-da/412-DA-00235_02-0308M.TIF,542728.jpg,"Daniels, Gene,",,,,10044121.0,Sequoia National Forest (Calif.),"36 00 N, 118 30 W (36, -118.5)",Nature and Wildlife
542759,1972-05-01,AIR POLLUTION CONTROL DEPARTMENT OFFICERS MEL SCHRECKENGOST AND DICK FEHRENBACK DISCUSSING CITATION WITH DRIVER OF VIOLATING TRUCK,005/26/000000,NWDNS-412-DA-266,https://s3.us-east-1.amazonaws.com/NARAprodstorage/lz/stillpix/412-da/412-DA-00266_02-0339M.TIF,542759.jpg,"Daniels, Gene,",,,,10046015.0,Long Beach (Calif.),"33 46 N, 118 11 W (33.767, -118.18)",Transportation and Infrastructure
542766,1972-05-01,AIR POLLUTION CONTROL CENTER,005/33/000000,NWDNS-412-DA-273,https://s3.us-east-1.amazonaws.com/NARAprodstorage/lz/stillpix/412-da/412-DA-00273_02-0346M.TIF,542766.jpg,"Daniels, Gene,",,,,10036457.0,Los Angeles County (Calif.),"34 22 N, 118 12 W (34.367, -118.2)",Urban Landscape
542883,1972-05-01,CALIFORNIA--MOONSTONE BEACH,007/30/000000,NWDNS-412-DA-390,https://s3.us-east-1.amazonaws.com/NARAprodstorage/lz/stillpix/412-da/412-DA-00390_02-0463M.TIF,542883.jpg,"Sennett, Tomas","Tomas Sennett, photojournalist and contributing photographer to the Environmental Protection Agency's Documerica project in the early 1970s.",,,10040528.0,Moonstone (Calif.),"41 01 N, 124 06 W (41.017, -124.1)",Rural Landscape
543371,1972-05-01,"Packing Expedition Of Explorer Post 397 Of Los Angeles Area. Hike Started At 7500 Ft., Finished At Frozen Monarch Lake (11,200 ft.)",015/39/000000,NWDNS-412-DA-878,https://s3.us-east-1.amazonaws.com/NARAprodstorage/lz/stillpix/412-da/412-DA-00878_04-0999M.TIF,543371.jpg,"Rowan, Dick","Dick Rowan, photojournalist and contributing photographer to the Environmental Protection Agency's Documerica project in the early 1970s.",,,10043776.0,Monarch Lakes (Calif.),"36 27 N, 118 33 W (36.45, -118.55)",Nature and Wildlife
543533,1972-05-01,Scum Along Lake Shore,018/21/000000,NWDNS-412-DA-1040,https://s3.us-east-1.amazonaws.com/NARAprodstorage/lz/stillpix/412-da/412-DA-01040_05-1581M.TIF,543533.jpg,"Rain, Belinda","Belinda Rain, Documerica photographer for the Environmental Protection Agency in the early 1970s.",,,10043964.0,"Tahoe, Lake (Calif. and Nev.)","39 10 N, 120 08 W (39.167, -120.13)",Pollution and Environmental Damage
543584,1972-05-01,Condominium Construction,019/12/000000,NWDNS-412-DA-1091,https://s3.us-east-1.amazonaws.com/NARAprodstorage/lz/stillpix/412-da/412-DA-01091_05-1632M.TIF,543584.jpg,"Rain, Belinda","Belinda Rain, Documerica photographer for the Environmental Protection Agency in the early 1970s.",,,10043964.0,"Tahoe, Lake (Calif. and Nev.)","39 10 N, 120 08 W (39.167, -120.13)",Pollution and Environmental Damage
543750,1972-05-01,"SETTLING POND WHERE WASTES ARE ALLOWED TO ""SETTLE OUT"" FROM MILLING PROCESS AT IDARADO MILL",021/57/001257,NWDNS-412-DA-1257,https://s3.us-east-1.amazonaws.com/NARAprodstorage/lz/stillpix/412-da/412-DA-01257_05-1798M.TIF,543750.jpg,"Gillette, Bill,","Bill Gillette (b. Apr. 3, 1932), photojournalist.",1932.0,,10040221.0,Telluride (Colo.),"37 56 N, 107 48 W (37.933, -107.8)",Pollution and Environmental Damage
543756,1972-05-01,ACID AND RADIUM 226 LEAK FROM URANIUM MILL TAILINGS POND INTO THE SAN MIGUEL RIVER,022/03/001263,NWDNS-412-DA-1263,https://s3.us-east-1.amazonaws.com/NARAprodstorage/lz/stillpix/412-da/412-DA-01263_05-1804M.TIF,543756.jpg,"Gillette, Bill,","Bill Gillette (b. Apr. 3, 1932), photojournalist.",1932.0,,10040223.0,Uravan (Colo.),"38 22 N, 108 44 W (38.367, -108.73)",Pollution and Environmental Damage
543765,1972-05-01,OPEN DUMP IN THE SAN JUAN MOUNTAINS. THE SAN MIGUEL RIVER FLOWS PAST THE DUMP,022/12/001272,NWDNS-412-DA-1272,https://s3.us-east-1.amazonaws.com/NARAprodstorage/lz/stillpix/412-da/412-DA-01272_05-1813M.TIF,543765.jpg,"Gillette, Bill,","Bill Gillette (b. Apr. 3, 1932), photojournalist.",1932.0,,10040221.0,Telluride (Colo.),"37 56 N, 107 48 W (37.933, -107.8)",Pollution and Environmental Damage
543848,1972-06-01,MILL AND MINE TAILINGS PILES LEFT FROM ABANDONED GOLD MILL,023/35/001355,NWDNS-412-DA-1355,https://s3.us-east-1.amazonaws.com/NARAprodstorage/lz/stillpix/412-da/412-DA-01355_05-1896M.TIF,543848.jpg,"Gillette, Bill,","Bill Gillette (b. Apr. 3, 1932), photojournalist.",1932.0,,10040653.0,Cripple Creek (Colo.),"38 44 N, 105 10 W (38.733, -105.17)",Industrial Site
544102,1972-06-01,PHELPS LODGE CORP.'S ABANDONED MINE TOWER AT THE LAVENDER PIT MINE,027/49/001609,NWDNS-412-DA-1609,https://s3.us-east-1.amazonaws.com/NARAprodstorage/lz/stillpix/412-da/412-DA-01609_05-2150M.TIF,544102.jpg,"Keyes, Cornelius M.",,1944.0,,10039787.0,Bisbee (Ariz.),"31 26 N, 109 55 W (31.433, -109.92)",Pollution and Environmental Damage
544115,1972-05-01,ARIZONA--LAKE POWELL,028/02/001622,NWDNS-412-DA-1622,https://s3.us-east-1.amazonaws.com/NARAprodstorage/lz/stillpix/412-da/412-DA-01622_05-2163M.TIF,544115.jpg,"Eiler, Lyntha Scott,","Lyntha Scott Eiler was born in Champaign, Illinois in 1946, the daughter of Charles ""Chuck"" L. Scott, an award winning photojournalist and the co-founder of the School of Visual Communication at Ohio University, and Jane Scott. A career photojournalist, she works with photojournalist Terry Eiler at the Ohio University Scotland Field School in Documentary Photojournalism.",1946.0,,10043600.0,"Powell, Lake (Utah and Ariz.)","40 37 N, 110 47 W (40.617, -110.78)",Transportation and Infrastructure
544135,1972-06-01,STRIP MINING OPERATIONS AT THE NAVAJO MINE OF THE UTAH CONSTRUCTION AND MINING COMPANY. THE NAVAJO MINE SERVICES THE FOUR CORNERS GENERATING PLANT,028/22/001642,NWDNS-412-DA-1642,https://s3.us-east-1.amazonaws.com/NARAprodstorage/lz/stillpix/412-da/412-DA-01642_05-2183M.TIF,544135.jpg,"Eiler, Lyntha Scott,","Lyntha Scott Eiler was born in Champaign, Illinois in 1946, the daughter of Charles ""Chuck"" L. Scott, an award winning photojournalist and the co-founder of the School of Visual Communication at Ohio University, and Jane Scott. A career photojournalist, she works with photojournalist Terry Eiler at the Ohio University Scotland Field School in Documentary Photojournalism.",1946.0,,10044198.0,Shiprock Peak (Ariz.),"34 20 N, 113 11 W (34.333, -113.18)",Pollution and Environmental Damage
544235,1972-09-01,CITIZENS PROTEST FURTHER DESTRUCTION OF MISSISSIPPI RIVER BANK. THEY WANT THE AREA PRESERVED AS A PARK,030/02/001742,NWDNS-412-DA-1742,https://s3.us-east-1.amazonaws.com/NARAprodstorage/lz/stillpix/412-da/412-DA-01742_05-2283M.TIF,544235.jpg,"Messina, John,",Jonn Messina (b. 1941) was a photographer for the Environmental Protection Agency's Documerica program in the early 1970s.,1940.0,,10045323.0,Louisiana,"31 00 N, 092 00 W (31, -92)",Industrial Site
544357,1972-05-01,NAVAHO BOY LEANS AGAINST TOWER OF DISCARDED TIRES. LACK OF DISPOSAL FACILITIES IS A COMMON PROBLEM IN REMOTE AREAS OF THE NAVAHO RESERVATION,032/04/001864,NWDNS-412-DA-1864,https://s3.us-east-1.amazonaws.com/NARAprodstorage/lz/stillpix/412-da/412-DA-01864_05-2405M.TIF,544357.jpg,"Eiler, Terry,","Terrill ""Terry"" E. Eiler was born August 11, 1944, in Boston, Massachusetts. A career photojournalist, he currently directs the School of Visual Communication at Ohio University. He graduated from Ohio University in 1966 and 1969 with degrees in photography.",1944.0,,10039763.0,Red Rock (Ariz.),"36 36 N, 109 03 W (36.6, -109.05)",Agriculture and Farming
544537,1972-08-01,SHARK VALLEY RANGER STATION,035/04/002044,NWDNS-412-DA-2044,https://s3.us-east-1.amazonaws.com/NARAprodstorage/lz/stillpix/412-da/412-DA-02044_06-0232M.TIF,544537.jpg,"Ward, Fred,",,1935.0,,10038284.0,Everglades National Park (Fla.),"25° 18' 46"" N, 080° 56' 14"" W",Transportation and Infrastructure
544647,1972-07-01,LITTER LEFT BY VISITORS IN THE TAMIAMI CANAL AREA BESIDE EVERGLADES NATIONAL PARK,036/54/002154,NWDNS-412-DA-2154,https://s3.us-east-1.amazonaws.com/NARAprodstorage/lz/stillpix/412-da/412-DA-02154_06-0342M.TIF,544647.jpg,"Ward, Fred,",,1935.0,,10045286.0,Florida,"28 00 N, 082 00 W (28, -82)",Pollution and Environmental Damage
544704,1972-08-01,SETTING SUN AMID SMOKE CLOUD,037/51/002211,NWDNS-412-DA-2211,https://s3.us-east-1.amazonaws.com/NARAprodstorage/lz/stillpix/412-da/412-DA-02211_06-0399M.TIF,544704.jpg,"Rain, Belinda","Belinda Rain, Documerica photographer for the Environmental Protection Agency in the early 1970s.",,,10045913.0,San Francisco (Calif.),"37 46 N, 122 25 W (37.767, -122.42)",Industrial Site
544895,1972-05-01,NARROW GORGE CARVED IN THE SANDSTONE OF ESCALANTE CANYON,041/02/002402,NWDNS-412-DA-2402,https://s3.us-east-1.amazonaws.com/NARAprodstorage/lz/stillpix/412-da/412-DA-02402_06-0590M.TIF,544895.jpg,"Norton, Boyd,","Boyd Norton (b. Apr. 8, 1936) contributed photographs to the Environmental Protection Agency's Documerica project in the early 1970s.",1936.0,,10042414.0,Escalante (Utah),"37 46 N, 111 36 W (37.767, -111.6)",Nature and Wildlife
544965,1972-08-01,"JELLYFISH, AND THEIR ABILITY TO FLUORESCE, IS THE RESEARCH ENGAGING THIS GRADUATE STUDENT AT THE MARINE BIOLOGY LABORATORY OF THE UNIVERSITY OF WASHINGTON",042/12/002472,NWDNS-412-DA-2472,https://s3.us-east-1.amazonaws.com/NARAprodstorage/lz/stillpix/412-da/412-DA-02472_06-0660M.TIF,544965.jpg,"Daniels, Gene,",,,,,,,Pollution and Environmental Damage
544970,1972-05-01,"SMOKE FROM LUMBER MILL'S ""TEEPEE"" BURNER OBSCURES ADMINISTRATION BUILDING",042/17/002477,NWDNS-412-DA-2477,https://s3.us-east-1.amazonaws.com/NARAprodstorage/lz/stillpix/412-da/412-DA-02477_06-0665M.TIF,544970.jpg,"Norton, Boyd,","Boyd Norton (b. Apr. 8, 1936) contributed photographs to the Environmental Protection Agency's Documerica project in the early 1970s.",1936.0,,10042443.0,Panguitch (Utah),"37 49 N, 112 26 W (37.817, -112.43)",Pollution and Environmental Damage
545304,1972-05-01,"ABANDONED CAR IN CLEAR CREEK CANYON, NEAR DUMONT",047/51/002811,NWDNS-412-DA-2811,https://s3.us-east-1.amazonaws.com/NARAprodstorage/lz/stillpix/412-da/412-DA-02811_06-0999M.TIF,545304.jpg,"McAllister, Bruce,","Bruce McAllister, born 1936 in San Francisco, California, is photojournalist and contributing photographer to the Environmental Protection Agency's Documerica project in the early 1970s.",1936.0,,10040441.0,Dumont (Colo.),"39 45 N, 105 35 W (39.75, -105.58)",Transportation and Infrastructure
545435,1972-05-01,CHIMNEYS OF U.S. STEEL PLANT EMIT SMOKE 24 HOURS A DAY,050/08/002948,NWDNS-412-DA-2948,https://s3.us-east-1.amazonaws.com/NARAprodstorage/lz/stillpix/412-da/412-DA-02948_06-1129M.TIF,545435.jpg,"Woodson, LeRoy,","LeRoy Woodson, photojournalist and contributing photographer to the Environmental Protection Agency's Documerica project in the early 1970s.",,,10045516.0,Birmingham (Ala.),"33 31 N, 086 48 W (33.517, -86.8)",Pollution and Environmental Damage
545483,1972-06-01,ENLARGED LUNG OF EMPHYSEMA VICTIM. SEVERE AIR POLLUTION INCREASES RISK OF RESPIRATORY AND PULMONARY DISEASES AMONG WORKERS OF THE BIRMINGHAM AREA,050/56/002996,NWDNS-412-DA-2996,https://s3.us-east-1.amazonaws.com/NARAprodstorage/lz/stillpix/412-da/412-DA-02996_07-1810M.TIF,545483.jpg,"Woodson, LeRoy,","LeRoy Woodson, photojournalist and contributing photographer to the Environmental Protection Agency's Documerica project in the early 1970s.",,,10045516.0,Birmingham (Ala.),"33 31 N, 086 48 W (33.517, -86.8)",Pollution and Environmental Damage
545506,1972-05-01,TRASH PILES HIGH IN BIRMINGHAM STREET,051/19/003019,NWDNS-412-DA-3019,https://s3.us-east-1.amazonaws.com/NARAprodstorage/lz/stillpix/412-da/412-DA-03019_07-1833M.TIF,545506.jpg,"Woodson, LeRoy,","LeRoy Woodson, photojournalist and contributing photographer to the Environmental Protection Agency's Documerica project in the early 1970s.",,,10045516.0,Birmingham (Ala.),"33 31 N, 086 48 W (33.517, -86.8)",Urban Landscape
545515,1972-05-01,MEMBER OF WEEKEND TRIP TO BANKHEAD NATIONAL FOREST. GASP (GREATER SOCIETY TO STOP POLLUTION) ORGANIZED THE TRIP TO DRAMATIZE BATTLE AGAINST CLEAR-CUTTING HERE. BANKHEAD NATIONAL FOREST IS 90 MILES NORTH OF BIRMINGHAM,051/28/003028,NWDNS-412-DA-3028,https://s3.us-east-1.amazonaws.com/NARAprodstorage/lz/stillpix/412-da/412-DA-03028_07-1842M.TIF,545515.jpg,"Woodson, LeRoy,","LeRoy Woodson, photojournalist and contributing photographer to the Environmental Protection Agency's Documerica project in the early 1970s.",,,10045516.0,Birmingham (Ala.),"33 31 N, 086 48 W (33.517, -86.8)",Nature and Wildlife
545663,1972-10-01,"EPA MAN CHECKS LOG BOOM FOR LEAKAGE OF OIL AND DEBRIS FOLLOWING A MASSIVE OIL SPILL INTO THE SAN JUAN RIVER. ORIGIN OF THE SPILL WAS A BURST PIPELINE, 200 MILES UPSTREAM. MADE CHIEFLY OF TELEPHONE POLES, THE BOOM HELD THE OIL IN CHECK UNTIL FLOOD CONDITIONS CAUSED IT TO OVERFLOW INTO LAKE POWELL. CLEAN-UP OPERATIONS, INVOLVING CREWS FROM PIPELINE COMPANY, ARMY, COAST GUARD, AND OTHER AGENCIES WERE SUPERVISED BY EPA",053/56/003176,NWDNS-412-DA-3176,https://s3.us-east-1.amazonaws.com/NARAprodstorage/lz/stillpix/412-da/412-DA-03176_07-1990M.TIF,545663.jpg,"Hiser, David,","David Hiser (b. Sept. 2, 1937), photojournalist and photo educator, has a B.A. degree from the University of Washington, and has worked for the National Geographic Society, producing twenty stories in National Geographic Magazine with contributions to numerous National Geographic books and films. His assignments have ranged widely: Aztecs, Death Valley, Coyotes, Early Man, Hudson Bay, Pompeii, Polynesian Sailing Canoes, Sri Lanka, Tasmania and Tarahumara Indians among others. He has also worked for Newsweek, Smithsonian and Geo, producing a large stock photo archive used in advertising, corporate media and college textbooks.

With a strong interest in teaching, Hiser has led imaging workshops at The Maine Photo Workshops, Anderson Ranch Art Center and many other institutions.  He is currently a Research Associate at Digital Arts Aspen where he has designed and implemented digital imaging workshops for a wide variety of clients.",1937.0,,10043600.0,"Powell, Lake (Utah and Ariz.)","40 37 N, 110 47 W (40.617, -110.78)",Pollution and Environmental Damage
545677,1972-10-01,"UNLOADING OIL LADEN DEBRIS: PART OF EPA SUPERVISED CLEAN-UP OF THE SAN JUAN RIVER OIL SPILL. 285,000 GALLONS OF CRUDE OIL SPILLED FROM A BURST PIPELINE AND FLOWED 200 MILES DOWNSTREAM BEFORE IT WAS CONTAINED BY A LOG BOOM. THIS DISPOSAL SITE WAS DUG IN A HILLTOP ABOUT A QUARTER MILE FROM THE BOOM",054/10/003190,NWDNS-412-DA-3190,https://s3.us-east-1.amazonaws.com/NARAprodstorage/lz/stillpix/412-da/412-DA-03190_07-2004M.TIF,545677.jpg,"Hiser, David,","David Hiser (b. Sept. 2, 1937), photojournalist and photo educator, has a B.A. degree from the University of Washington, and has worked for the National Geographic Society, producing twenty stories in National Geographic Magazine with contributions to numerous National Geographic books and films. His assignments have ranged widely: Aztecs, Death Valley, Coyotes, Early Man, Hudson Bay, Pompeii, Polynesian Sailing Canoes, Sri Lanka, Tasmania and Tarahumara Indians among others. He has also worked for Newsweek, Smithsonian and Geo, producing a large stock photo archive used in advertising, corporate media and college textbooks.

With a strong interest in teaching, Hiser has led imaging workshops at The Maine Photo Workshops, Anderson Ranch Art Center and many other institutions.  He is currently a Research Associate at Digital Arts Aspen where he has designed and implemented digital imaging workshops for a wide variety of clients.",1937.0,,10043600.0,"Powell, Lake (Utah and Ariz.)","40 37 N, 110 47 W (40.617, -110.78)",Pollution and Environmental Damage
545775,1972-05-01,"EKKER BUTTE RISES IN THE CRYSTAL AIR OF CANYONLANDS NATIONAL PARK. THE SMALLER ARCHES NATIONAL PARK LIES JUST TO THE NORTH OF THE TOWN. BATES WILSON, SUPERINTENDENT OF BOTH PARKS, SAYS THEIR MOST IMPORTANT FEATURE AT THIS TIME IS THEIR CLEAR ATMOSPHERE. HE FEARS THIS WILL BE HARMED SOON BY THE OPERATION OF GIANT COAL-BURNING POWER PLANTS IN UTAH AND ADJOINING STATES. SOME PEOPLE FEEL THAT THE AIR IS ALREADY BEGINNING TO SUFFER FROM THE EFFECTS OF THE HUGE PLANT AT SHIPROCK, NEW MEXICO",055/48/003288,NWDNS-412-DA-3288,https://s3.us-east-1.amazonaws.com/NARAprodstorage/lz/stillpix/412-da/412-DA-03288_07-2102M.TIF,545775.jpg,"Hiser, David,","David Hiser (b. Sept. 2, 1937), photojournalist and photo educator, has a B.A. degree from the University of Washington, and has worked for the National Geographic Society, producing twenty stories in National Geographic Magazine with contributions to numerous National Geographic books and films. His assignments have ranged widely: Aztecs, Death Valley, Coyotes, Early Man, Hudson Bay, Pompeii, Polynesian Sailing Canoes, Sri Lanka, Tasmania and Tarahumara Indians among others. He has also worked for Newsweek, Smithsonian and Geo, producing a large stock photo archive used in advertising, corporate media and college textbooks.

With a strong interest in teaching, Hiser has led imaging workshops at The Maine Photo Workshops, Anderson Ranch Art Center and many other institutions.  He is currently a Research Associate at Digital Arts Aspen where he has designed and implemented digital imaging workshops for a wide variety of clients.",1937.0,,10038273.0,Canyonlands National Park (Utah),"38 10 N, 109 59 W (38.167, -109.98)",Rural Landscape
545971,1972-12-01,A NATURAL GAS INSTALLATION BURNS ITS PETRO WASTE MARSHLANDS IN FOREGROUND NEAR THE FREEPORT SULPHUR CO. PIPELINE CANAL,059/04/003484,NWDNS-412-DA-3484,https://s3.us-east-1.amazonaws.com/NARAprodstorage/lz/stillpix/412-da/412-DA-03484_07-2298M.TIF,545971.jpg,"Messina, John,",Jonn Messina (b. 1941) was a photographer for the Environmental Protection Agency's Documerica program in the early 1970s.,1940.0,,10045862.0,New Orleans (La.),"29 57 N, 090 04 W (29.95, -90.067)",Pollution and Environmental Damage
546060,1972-11-01,"BAYOU SEGNETTE SWAMPLAND, WHICH HAS BEEN DEVASTATED BY RUNOFF PETROLEUM SLUDGE FROM A NEARBY NATURAL GAS INSTALLATION STUMPS OF GIANT VIRGIN CYPRESS TREES ATTEST TO THE RAVAGES OF INDUSTRIAL POLLUTION",060/33/003573,NWDNS-412-DA-3573,https://s3.us-east-1.amazonaws.com/NARAprodstorage/lz/stillpix/412-da/412-DA-03573_07-2387M.TIF,546060.jpg,"Messina, John,",Jonn Messina (b. 1941) was a photographer for the Environmental Protection Agency's Documerica program in the early 1970s.,1940.0,,10045862.0,New Orleans (La.),"29 57 N, 090 04 W (29.95, -90.067)",Pollution and Environmental Damage
546138,1972-06-01,CLOSE-UP OF GARBAGE AND TINY DEAD FISH WHICH WERE WASHED ASHORE ALONG LAKE CHARLES. MERCURY CONTENT OF THE LAKE IS HIGH BECAUSE OF HEAVY CONCENTRATION OF INDUSTRY NEARBY,061/51/003651,NWDNS-412-DA-3651,https://s3.us-east-1.amazonaws.com/NARAprodstorage/lz/stillpix/412-da/412-DA-03651_07-2465M.TIF,546138.jpg,"St. Gil, Marc,","Marc St. Gil was born in Helmond, The Netherlands, on February 10, 1924. He worked as a photojournalist and contributing photographer to the Environmental Protection Agency's Project Documerica in the 1970s. He died on August 13, 1992, in Katy, Texas, near Houston.",1924.0,1992.0,10042954.0,Lake Charles (La. : Lake),"30 13 N, 093 14 W (30.217, -93.233)",Pollution and Environmental Damage
546237,1972-07-01,SULPHUR FUMES POUR OUT OF THE SMOKESTACKS OF THE OLIN MATHIESON CHEMICAL PLANT,063/30/003750,NWDNS-412-DA-3750,https://s3.us-east-1.amazonaws.com/NARAprodstorage/lz/stillpix/412-da/412-DA-03750_07-2564M.TIF,546237.jpg,"St. Gil, Marc,","Marc St. Gil was born in Helmond, The Netherlands, on February 10, 1924. He worked as a photojournalist and contributing photographer to the Environmental Protection Agency's Project Documerica in the 1970s. He died on August 13, 1992, in Katy, Texas, near Houston.",1924.0,1992.0,10042954.0,Lake Charles (La. : Lake),"30 13 N, 093 14 W (30.217, -93.233)",Pollution and Environmental Damage
546252,1972-05-01,"CONSTRUCTION OF I-55, NORTH OF DURANT. WATER IS BEING SPRAYED ON ROADWAY BASE AND ON STEEL RODS. THE STEEL ROD USED HERE FOR REINFORCEMENT, WERE MADE FROM SHREDDED AUTOMOBILES",063/45/003765,NWDNS-412-DA-3765,https://s3.us-east-1.amazonaws.com/NARAprodstorage/lz/stillpix/412-da/412-DA-03765_07-2579M.TIF,546252.jpg,"Shrout, Bill","Bill Shrout, photojournalist and contributing photographer to the Environmental Protection Agency's Documerica project in the early 1970s.",,,10046448.0,Jackson (Miss.),"32 17 N, 090 11 W (32.283, -90.183)",Pollution and Environmental Damage
546261,1972-05-01,"COMPACTED OLD CARS ON FLATBED TRUCK ARE READY FOR THE SHREDDER (IN BACKGROUND), AT THE KLEAN STEEL MANUFACTURING CORPORATION IN FLOWOOD. MR. V.T. HAWKINS, DIRECTOR OF SOLID WASTE PLANNING, STATE BOARD OF HEALTH, IS ALONGSIDE THE TRUCK",063/54/003774,NWDNS-412-DA-3774,https://s3.us-east-1.amazonaws.com/NARAprodstorage/lz/stillpix/412-da/412-DA-03774_07-2588M.TIF,546261.jpg,"Shrout, Bill","Bill Shrout, photojournalist and contributing photographer to the Environmental Protection Agency's Documerica project in the early 1970s.",,,10046448.0,Jackson (Miss.),"32 17 N, 090 11 W (32.283, -90.183)",Transportation and Infrastructure
546423,1973-05-01,IRWIN MANAGEMENT OFFICES,066/36/003936,NWDNS-412-DA-3936,https://s3.us-east-1.amazonaws.com/NARAprodstorage/lz/stillpix/412-da/412-DA-03936_07-2750M.TIF,546423.jpg,"Haun, Declan,","Declan Haun (1937-1994), photojournalist and contributing photographer to the Environmental Protection Agency's Documerica project in the early 1970s.",1937.0,1994.0,10045485.0,Columbus (Ind.),"39 12 N, 085 55 W (39.2, -85.917)",Urban Landscape
546582,1973-05-01,"LOOKING SOUTH, WHITE HOUSE TO POTOMAC RIVER",069/15/004095,NWDNS-412-DA-4095,https://s3.us-east-1.amazonaws.com/NARAprodstorage/lz/stillpix/412-da/412-DA-04095_08-1714M.TIF,546582.jpg,"Okamoto, Yoichi R.",Yoichi Robert Okamoto (b . 1915) was President Lyndon B. Johnson's official photographer.,1915.0,1985.0,10046466.0,Washington (D.C.),"38 50 N, 077 00 W (38.833, -77)",Urban Landscape
546599,1973-03-01,"PARKING AREA AT WOODWARD HIGH SCHOOL ON OLD GEORGETOWN ROAD IN BETHESDA, MD",069/32/004112,NWDNS-412-DA-4112,https://s3.us-east-1.amazonaws.com/NARAprodstorage/lz/stillpix/412-da/412-DA-04112_08-1731M.TIF,546599.jpg,"Okamoto, Yoichi R.",Yoichi Robert Okamoto (b . 1915) was President Lyndon B. Johnson's official photographer.,1915.0,1985.0,10046466.0,Washington (D.C.),"38 50 N, 077 00 W (38.833, -77)",Transportation and Infrastructure
546621,1973-05-01,METRO SUBWAY CONSTRUCTION ADDS TO CITY TRAFFIC PROBLEMS,069/54/004134,NWDNS-412-DA-4134,https://s3.us-east-1.amazonaws.com/NARAprodstorage/lz/stillpix/412-da/412-DA-04134_08-1753M.TIF,546621.jpg,"Okamoto, Yoichi R.",Yoichi Robert Okamoto (b . 1915) was President Lyndon B. Johnson's official photographer.,1915.0,1985.0,10046466.0,Washington (D.C.),"38 50 N, 077 00 W (38.833, -77)",Transportation and Infrastructure
546632,1973-03-01,"MECHANICS AT WORK AT ""CALL CARL,"" COMPUTERIZED CENTER",070/05/004145,NWDNS-412-DA-4145,https://s3.us-east-1.amazonaws.com/NARAprodstorage/lz/stillpix/412-da/412-DA-04145_08-1764M.TIF,546632.jpg,"Okamoto, Yoichi R.",Yoichi Robert Okamoto (b . 1915) was President Lyndon B. Johnson's official photographer.,1915.0,1985.0,10046466.0,Washington (D.C.),"38 50 N, 077 00 W (38.833, -77)",Pollution and Environmental Damage
546651,1973-03-01,"PARK AND RIDE STATION AT SPRINGFIELD, VA. THESE WIND CHILLED MEN ARE WAITING FOR THE PENTAGON BUS",070/24/004164,NWDNS-412-DA-4164,https://s3.us-east-1.amazonaws.com/NARAprodstorage/lz/stillpix/412-da/412-DA-04164_08-1783M.TIF,546651.jpg,"Okamoto, Yoichi R.",Yoichi Robert Okamoto (b . 1915) was President Lyndon B. Johnson's official photographer.,1915.0,1985.0,10046466.0,Washington (D.C.),"38 50 N, 077 00 W (38.833, -77)",People and Community
546687,1973-05-01,"NEW TRAFFIC ""MIXING BOWL"" (NEAR PENTAGON), LOOKING WEST",070/60/004200,NWDNS-412-DA-4200,https://s3.us-east-1.amazonaws.com/NARAprodstorage/lz/stillpix/412-da/412-DA-04200_08-1819M.TIF,546687.jpg,"Okamoto, Yoichi R.",Yoichi Robert Okamoto (b . 1915) was President Lyndon B. Johnson's official photographer.,1915.0,1985.0,10046466.0,Washington (D.C.),"38 50 N, 077 00 W (38.833, -77)",Transportation and Infrastructure
546847,1973-02-01,"DON MILLER, OF THE MARYLAND WATER RESOURCES ADMINISTRATION, CHECKS WATER OF STONY RUN AFTER ACCIDENTAL SPILLAGE OF 4000 GALLONS OF OIL",073/40/004360,NWDNS-412-DA-4360,https://s3.us-east-1.amazonaws.com/NARAprodstorage/lz/stillpix/412-da/412-DA-04360_08-1979M.TIF,546847.jpg,"Pickerell, Jim,","Jim Pickerell (b. James Howard Pickerell, June 9, 1936, Dayton, Ohio) is a career photojournalist who took photographs for the Environmental Protection Agency's Documerica project in the early 1970s.",1936.0,,10045428.0,Baltimore (Md.),"39 17 25 N, 076 36 44 W (39.283, -76.6)",Pollution and Environmental Damage
546855,1973-06-01,A REST AND A CHAT ON A PARK BENCH,073/48/004368,NWDNS-412-DA-4368,https://s3.us-east-1.amazonaws.com/NARAprodstorage/lz/stillpix/412-da/412-DA-04368_08-1987M.TIF,546855.jpg,"Pickerell, Jim,","Jim Pickerell (b. James Howard Pickerell, June 9, 1936, Dayton, Ohio) is a career photojournalist who took photographs for the Environmental Protection Agency's Documerica project in the early 1970s.",1936.0,,10045537.0,Annapolis (Md.),"38 58 N, 076 29 W (38.967, -76.483)",People and Community
546869,1973-05-01,"LONGSHOREMAN UNLOADS CARGO AT DUNDALK MARINE TERMINAL, A MARYLAND PORT AUTHORITY FACILITY, IN BALTIMORE HARBOR",074/02/004382,NWDNS-412-DA-4382,https://s3.us-east-1.amazonaws.com/NARAprodstorage/lz/stillpix/412-da/412-DA-04382_08-2001M.TIF,546869.jpg,"Pickerell, Jim,","Jim Pickerell (b. James Howard Pickerell, June 9, 1936, Dayton, Ohio) is a career photojournalist who took photographs for the Environmental Protection Agency's Documerica project in the early 1970s.",1936.0,,10045428.0,Baltimore (Md.),"39 17 25 N, 076 36 44 W (39.283, -76.6)",Transportation and Infrastructure
546910,1973-04-01,"CONTAINER CARGO IS UNLOADED AT DUNDALK MARINE TERMINAL, A MARYLAND PORT AUTHORITY FACILITY",074/43/004423,NWDNS-412-DA-4423,https://s3.us-east-1.amazonaws.com/NARAprodstorage/lz/stillpix/412-da/412-DA-04423_08-2042M.TIF,546910.jpg,"Pickerell, Jim,","Jim Pickerell (b. James Howard Pickerell, June 9, 1936, Dayton, Ohio) is a career photojournalist who took photographs for the Environmental Protection Agency's Documerica project in the early 1970s.",1936.0,,10045428.0,Baltimore (Md.),"39 17 25 N, 076 36 44 W (39.283, -76.6)",Transportation and Infrastructure
547038,1973-04-01,LAKE MICHIGAN STORM HAS RIPPED SIDING FROM HOUSE AND TORN UP THE YARD IN ZION,076/51/004551,NWDNS-412-DA-4551,https://s3.us-east-1.amazonaws.com/NARAprodstorage/lz/stillpix/412-da/412-DA-04551_08-2170M.TIF,547038.jpg,"Sequeira, Paul","Paul Sequeira, photojournalist and contributing photographer to the Environmental Protection Agency's Documerica project in the early 1970s.",,,10045399.0,Chicago (Ill.),"41 51 N, 087 39 W (41.85, -87.65)",Rural Landscape
547100,1973-03-01,WAVES POUND SEAWALL IN MICHIGAN CITY,077/53/004613,NWDNS-412-DA-4613,https://s3.us-east-1.amazonaws.com/NARAprodstorage/lz/stillpix/412-da/412-DA-04613_08-2232M.TIF,547100.jpg,"Sequeira, Paul","Paul Sequeira, photojournalist and contributing photographer to the Environmental Protection Agency's Documerica project in the early 1970s.",,,10045999.0,Gary (Ind.),"41 35 N, 087 20 W (41.583, -87.333)",Urban Landscape
547165,1973-05-01,A GUARD IS POSTED ON THE ONLY ACCESS ROAD TO THE LAKESIDE COMMUNITY OF DUNE ACRES,078/58/004678,NWDNS-412-DA-4678,https://s3.us-east-1.amazonaws.com/NARAprodstorage/lz/stillpix/412-da/412-DA-04678_08-2297M.TIF,547165.jpg,"Sequeira, Paul","Paul Sequeira, photojournalist and contributing photographer to the Environmental Protection Agency's Documerica project in the early 1970s.",,,10045999.0,Gary (Ind.),"41 35 N, 087 20 W (41.583, -87.333)",People and Community
547172,1973-03-01,STEEL MILL WASTE ALONG THE SOUTHERN SHORE OF LAKE MICHIGAN,079/05/004685,NWDNS-412-DA-4685,https://s3.us-east-1.amazonaws.com/NARAprodstorage/lz/stillpix/412-da/412-DA-04685_08-2304M.TIF,547172.jpg,"Sequeira, Paul","Paul Sequeira, photojournalist and contributing photographer to the Environmental Protection Agency's Documerica project in the early 1970s.",,,10045999.0,Gary (Ind.),"41 35 N, 087 20 W (41.583, -87.333)",Pollution and Environmental Damage
547381,1973-05-01,"AUCTIONEER DOES BRISK BUSINESS AT THE HICKMAN SATURDAY AUCTION, 15 MILES SOUTH OF LINCOLN",082/34/004894,NWDNS-412-DA-4894,https://s3.us-east-1.amazonaws.com/NARAprodstorage/lz/stillpix/412-da/412-DA-04894_08-2513M.TIF,547381.jpg,"O'Rear, Charles,","Charles O'Rear (b. Nov. 26, 1941) was a contributing photographer to the Environmental Protection Agency's Documerica project in the early 1970s.",1941.0,,10046002.0,Lincoln (Neb.),"40 48 N, 096 40 W (40.8, -96.667)",Agriculture and Farming
547877,1973-05-01,PLUM BEACH AT SHEEPSHEAD BAY,090/50/005390,NWDNS-412-DA-5390,https://s3.us-east-1.amazonaws.com/NARAprodstorage/lz/stillpix/412-da/412-DA-05390_09-0070M.TIF,547877.jpg,"Tress, Arthur,","Arthur Tress (b. 1940), photojournalist.",1940.0,,10045276.0,New York (N.Y.),"40 42 N, 074 00 W (40.7, -74)",Pollution and Environmental Damage
547878,1973-05-01,Garbage Outside a Seafood Restaurant in Sheepshead Bay,090/51/005391,NWDNS-412-DA-5391,https://s3.us-east-1.amazonaws.com/NARAprodstorage/lz/stillpix/412-da/412-DA-05391_09-0071M.TIF,547878.jpg,"Tress, Arthur,","Arthur Tress (b. 1940), photojournalist.",1940.0,,10045276.0,New York (N.Y.),"40 42 N, 074 00 W (40.7, -74)",Pollution and Environmental Damage
547983,1973-05-01,DUMPING GARBAGE IN LANDFILL OPERATION ON JAMAICA BAY INCREASED WATER POLLUTION AS WELL AS SERIOUS ECOLOGICAL DAMAGE IS FEARED,092/36/005496,NWDNS-412-DA-5496,https://s3.us-east-1.amazonaws.com/NARAprodstorage/lz/stillpix/412-da/412-DA-05496_09-0176M.TIF,547983.jpg,"Tress, Arthur,","Arthur Tress (b. 1940), photojournalist.",1940.0,,10045276.0,New York (N.Y.),"40 42 N, 074 00 W (40.7, -74)",Pollution and Environmental Damage
548159,1973-03-01,SOIL CONSERVATION SERVICE SIGN AT TILLY JANE CAMPGROUND ON MT. HOOD. FEDERAL AND STATE COOPERATIVE SNOW SURVEYS ARE CARRIED OUT HERE,002/05/005672,NWDNS-412-DA-5672,https://s3.us-east-1.amazonaws.com/NARAprodstorage/lz/stillpix/412-da/412-DA-05672_09-0352M.TIF,548159.jpg,"Falconer, David","David Falconer, photojournalist and contributing photographer to the Environmental Protection Agency's Documerica project in the early 1970s.",,,10045767.0,Portland (Or.),"45 31 N, 122 40 W (45.517, -122.67)",Nature and Wildlife
548301,1973-04-01,"FISHERMEN AT PASS MANCHAC. SINCE THE RECENT OPENING OF THE BONNET CARRE SPILLWAY, MUDDY AND POLLUTED MISSISSIPPI RIVER WATER HAS ENTERED THE BRACKISH LAKES PONTCHARTRAIN AND MAUREPAS MANCHAC IS DIRECTLY BETWEEN THE TWO LAKES, AND FISHING HAS SUFFERED WITH THE DECLINE IN WATER QUALITY",097/54/005814,NWDNS-412-DA-5814,https://s3.us-east-1.amazonaws.com/NARAprodstorage/lz/stillpix/412-da/412-DA-05814_09-0494M.TIF,548301.jpg,"Messina, John,",Jonn Messina (b. 1941) was a photographer for the Environmental Protection Agency's Documerica program in the early 1970s.,1940.0,,10045862.0,New Orleans (La.),"29 57 N, 090 04 W (29.95, -90.067)",Transportation and Infrastructure
548485,1973-05-01,LOOKING TO THE NORTHWEST FROM THE CENTER OF NEPTUNE ROAD,100/58/005998,NWDNS-412-DA-5998,https://s3.us-east-1.amazonaws.com/NARAprodstorage/lz/stillpix/412-da/412-DA-05998_09-0678M.TIF,548485.jpg,"Manheim, Michael Philip,","Michael Philip Manheim was born June 20, 1940, in Canton, Ohio. He worked as a professional photographer in Massachusetts from 1969 to 1994, and took photographs of the Boston area for the Environmental Protection Agency's Documerica program in the early 1970s.",1940.0,,,,,Nature and Wildlife
548555,1973-06-01,SAILING ON ONE OF THE LAKES IN THE CENTURY VILLAGE RETIREMENT COMMUNITY,102/08/006068,NWDNS-412-DA-6068,https://s3.us-east-1.amazonaws.com/NARAprodstorage/lz/stillpix/412-da/412-DA-06068_09-0748M.TIF,548555.jpg,"Schulke, Flip,","Flip Schulke (b. Graeme Phelps Schulke, June 24, 1930, Cornish, N.H.-d. May 15, 2008, West Palm Beach, Fla.), photojournalist, was well known for photographing America's Civil Rights Movement and Dr. Martin Luther King, Jr., as well as President John F. Kennedy and seven other American presidents. He was a contributing photographer to the Environmental Protection Agency's Project DOCUMERICA in the early 1970s.",1930.0,2008.0,10045752.0,West Palm Beach (Fla.),"26 42 N, 080 03 W (26.7, -80.05)",Transportation and Infrastructure
548687,1973-06-01,"IF YOU LOOK VERY HARD, AND HAVE A GOOD GUIDE TO THE AREA, YOU CAN FIND ONE OF THE PRIZED MAHOGANY TREES FOR WHICH KEY LARGO WAS FAMOUS. DURING THE 18TH AND 19TH CENTURIES ENGLISH CABINET MAKERS USED THESE TREES TO CREATE FINE FURNITURE. THE TREES ARE SCARCER NOW, OWING TO EXTENSIVE LAND DEVELOPMENT",104/20/006200,NWDNS-412-DA-6200,https://s3.us-east-1.amazonaws.com/NARAprodstorage/lz/stillpix/412-da/412-DA-06200_09-0880M.TIF,548687.jpg,"Schulke, Flip,","Flip Schulke (b. Graeme Phelps Schulke, June 24, 1930, Cornish, N.H.-d. May 15, 2008, West Palm Beach, Fla.), photojournalist, was well known for photographing America's Civil Rights Movement and Dr. Martin Luther King, Jr., as well as President John F. Kennedy and seven other American presidents. He was a contributing photographer to the Environmental Protection Agency's Project DOCUMERICA in the early 1970s.",1930.0,2008.0,10045286.0,Florida,"28 00 N, 082 00 W (28, -82)",Rural Landscape
548702,1973-06-01,"MANGROVE TREES GROWING OFF-SHORE FROM THE STATE PARK AT LONG KEY. MANGROVES, IMPORTANT TO THE AREA'S ECOSYSTEM, HAVE BEEN CLEARED OUT IN GREAT NUMBERS BY LAND DEVELOPERS. STUDIES INDICATE THAT THE REMOVAL OF THE TREES, AMONG OTHER HARMFUL EFFECTS THREATENS THE FOOD CHAIN NECESSARY TO MARINE LIFE AND, THEREFORE ENDANGERS THE LOCAL FISHERIES",104/35/006215,NWDNS-412-DA-6215,https://s3.us-east-1.amazonaws.com/NARAprodstorage/lz/stillpix/412-da/412-DA-06215_09-0895M.TIF,548702.jpg,"Schulke, Flip,","Flip Schulke (b. Graeme Phelps Schulke, June 24, 1930, Cornish, N.H.-d. May 15, 2008, West Palm Beach, Fla.), photojournalist, was well known for photographing America's Civil Rights Movement and Dr. Martin Luther King, Jr., as well as President John F. Kennedy and seven other American presidents. He was a contributing photographer to the Environmental Protection Agency's Project DOCUMERICA in the early 1970s.",1930.0,2008.0,10046842.0,Florida Keys (Fla.),"24 40 N, 081 35 W (24.667, -81.583)",Rural Landscape
548711,1973-06-01,"ONE OF THE MANY SPECIES OF CORAL AT JOHN PENNEKAMP CORAL REEF STATE PARK, A FEW MILES OFF KEY LARGO",104/44/006224,NWDNS-412-DA-6224,https://s3.us-east-1.amazonaws.com/NARAprodstorage/lz/stillpix/412-da/412-DA-06224_09-0904M.TIF,548711.jpg,"Schulke, Flip,","Flip Schulke (b. Graeme Phelps Schulke, June 24, 1930, Cornish, N.H.-d. May 15, 2008, West Palm Beach, Fla.), photojournalist, was well known for photographing America's Civil Rights Movement and Dr. Martin Luther King, Jr., as well as President John F. Kennedy and seven other American presidents. He was a contributing photographer to the Environmental Protection Agency's Project DOCUMERICA in the early 1970s.",1930.0,2008.0,10045286.0,Florida,"28 00 N, 082 00 W (28, -82)",Pollution and Environmental Damage
548786,1973-06-01,"A SMALL, PRIVATELY-OWNED KEY NEAR SUMMERLAND KEY. NOTE FINE BEACH",105/59/006299,NWDNS-412-DA-6299,https://s3.us-east-1.amazonaws.com/NARAprodstorage/lz/stillpix/412-da/412-DA-06299_09-0979M.TIF,548786.jpg,"Schulke, Flip,","Flip Schulke (b. Graeme Phelps Schulke, June 24, 1930, Cornish, N.H.-d. May 15, 2008, West Palm Beach, Fla.), photojournalist, was well known for photographing America's Civil Rights Movement and Dr. Martin Luther King, Jr., as well as President John F. Kennedy and seven other American presidents. He was a contributing photographer to the Environmental Protection Agency's Project DOCUMERICA in the early 1970s.",1930.0,2008.0,10045286.0,Florida,"28 00 N, 082 00 W (28, -82)",Pollution and Environmental Damage
549045,1972-05-01,"SMILING PARTICIPANT IN THE ""JUNIOR RODEO"", SPONSORED BY THE PARKER INDIAN RODEO ASSOCIATION AND HELD ON THE COLORADO RIVER INDIAN RESERVATION",110/19/006559,NWDNS-412-DA-6559,https://s3.us-east-1.amazonaws.com/NARAprodstorage/lz/stillpix/412-da/412-DA-06559_09-1238M.TIF,549045.jpg,"O'Rear, Charles,","Charles O'Rear (b. Nov. 26, 1941) was a contributing photographer to the Environmental Protection Agency's Documerica project in the early 1970s.",1941.0,,10046088.0,Yuma (Ariz.),"32 43 N, 114 37 W (32.717, -114.62)",Agriculture and Farming
549054,1972-05-01,FISHERMAN NEAR EL CENTRO,110/28/006568,NWDNS-412-DA-6568,https://s3.us-east-1.amazonaws.com/NARAprodstorage/lz/stillpix/412-da/412-DA-06568_09-1247M.TIF,549054.jpg,"O'Rear, Charles,","Charles O'Rear (b. Nov. 26, 1941) was a contributing photographer to the Environmental Protection Agency's Documerica project in the early 1970s.",1941.0,,10040641.0,Blythe (Calif.),"33 36 N, 114 35 W (33.6, -114.58)",Agriculture and Farming
549303,1973-05-01,"OUTFLOW OF DRAINAGE FROM THE WORLD TRADE CENTER, NEW YORK'S LATEST GIANT, UNDER CONSTRUCTION BETWEEN VESEY AND LIBERTY STREETS IN LOWER MANHATTAN. THERE IS NO PROVISION FOR WASTE TREATMENT. AS IS THE CASE WITH ALL WESTSIDE BUILDINGS, SEWAGE WILL GO DIRECTLY INTO THE ALREADY BADLY POLLUTED HUDSON RIVER",114/37/006817,NWDNS-412-DA-6817,https://s3.us-east-1.amazonaws.com/NARAprodstorage/lz/stillpix/412-da/412-DA-06817_10-0197M.TIF,549303.jpg,"Blanche, Wilbert Holman,","Wilbert H. Blanche (b. December 13, 1916, Brooklyn, New York - d. May 5, 1993, Thornwood, New York) was a freelance photographer in New York. During the 1950s through the 1970s, his glamor and sports photographs appeared in magazines such as Esquire, Modern Man, and Sports Illustrated. In the early 1970s, Blanche was hired by the Environmental Protection Agency as a photographer for the Documerica project.",1916.0,1993.0,10045276.0,New York (N.Y.),"40 42 N, 074 00 W (40.7, -74)",Urban Landscape
549766,1973-03-01,"APARTMENTS OF ""CO-OP CITY,"" A VAST HOUSING DEVELOPMENT IN THE BRONX, NOT FAR FROM PELHAM. THESE BUILDINGS STAND ON THE EDGE OF A LANDFILL DUMP, WHERE GARBAGE CONTINUES TO PILE UP ALTHOUGH THE AREA HAS ALREADY EXCEEDED ITS DUMPING CAPACITY",122/21/007281,NWDNS-412-DA-7281,https://s3.us-east-1.amazonaws.com/NARAprodstorage/lz/stillpix/412-da/412-DA-07281_10-0660M.TIF,549766.jpg,"Miller, Gary",Gary Miller was a photographer for the Environmental Protection Agency's DOCUMERICA project in the early 1970s.,,,10045276.0,New York (N.Y.),"40 42 N, 074 00 W (40.7, -74)",Urban Landscape
549774,1973-03-01,"ILLEGAL DUMPING AREA OFF THE NEW JERSEY TURNPIKE, FACING MANHATTAN ACROSS THE HUDSON RIVER. TO THE SOUTH IS THE LANDFILL SITE OF THE PROPOSED LIBERTY STATE PARK",122/29/007289,NWDNS-412-DA-7289,https://s3.us-east-1.amazonaws.com/NARAprodstorage/lz/stillpix/412-da/412-DA-07289_10-0668M.TIF,549774.jpg,"Miller, Gary",Gary Miller was a photographer for the Environmental Protection Agency's DOCUMERICA project in the early 1970s.,,,10046023.0,Jersey City (N.J.),"40 43 N, 074 04 W (40.717, -74.067)",Pollution and Environmental Damage
549789,1973-04-01,LOT BEHIND APARTMENT HOUSE AT LEXINGTON AVENUE AND 105TH STREET IS STREWN WITH ASSORTED TRASH,122/44/007304,NWDNS-412-DA-7304,https://s3.us-east-1.amazonaws.com/NARAprodstorage/lz/stillpix/412-da/412-DA-07304_10-0683M.TIF,549789.jpg,"Miller, Gary",Gary Miller was a photographer for the Environmental Protection Agency's DOCUMERICA project in the early 1970s.,,,10045276.0,New York (N.Y.),"40 42 N, 074 00 W (40.7, -74)",Pollution and Environmental Damage
549817,1973-03-01,"GARBAGE IS TOWED DOWN THE EAST RIVER TO STATEN ISLAND LANDFILL, MANHATTAN IN BACKGROUND",123/12/007332,NWDNS-412-DA-7332,https://s3.us-east-1.amazonaws.com/NARAprodstorage/lz/stillpix/412-da/412-DA-07332_10-0711M.TIF,549817.jpg,"Miller, Gary",Gary Miller was a photographer for the Environmental Protection Agency's DOCUMERICA project in the early 1970s.,,,10045276.0,New York (N.Y.),"40 42 N, 074 00 W (40.7, -74)",Pollution and Environmental Damage
550001,1973-04-01,COPLEY SQUARE AT 9 A.M. JOHN HANCOCK BUILDING AND TRINITY CHURCH,126/16/007516,NWDNS-412-DA-7516,https://s3.us-east-1.amazonaws.com/NARAprodstorage/lz/stillpix/412-da/412-DA-07516_10-0895M.TIF,550001.jpg,"Halberstadt, Ernst,","Ernst Halberstadt (1910-1987) was born in Germany. He graduated from the Massachusetts College of Art in Boston and later worked on murals at Radio City Music Hall, and with Diego Rivera in Detroit. He worked as a WPA (Works Progress Administration) supervisor and documented the slums in Boston in the 1930s. He also worked as a commercial photographer.",1910.0,1987.0,10045553.0,Boston (Mass.),"42 21 N, 071 03 W (42.35, -71.05)",Urban Landscape
550024,1973-02-01,"Shawmut Avenue in Roxbury Section, Looking toward Copley Square. John Hancock Building at Rear",126/39/007539,NWDNS-412-DA-7539,https://s3.us-east-1.amazonaws.com/NARAprodstorage/lz/stillpix/412-da/412-DA-07539_10-0918M.TIF,550024.jpg,"Halberstadt, Ernst,","Ernst Halberstadt (1910-1987) was born in Germany. He graduated from the Massachusetts College of Art in Boston and later worked on murals at Radio City Music Hall, and with Diego Rivera in Detroit. He worked as a WPA (Works Progress Administration) supervisor and documented the slums in Boston in the 1930s. He also worked as a commercial photographer.",1910.0,1987.0,10045553.0,Boston (Mass.),"42 21 N, 071 03 W (42.35, -71.05)",Urban Landscape
550128,1973-06-01,AMISH SHOPPER ON BUSY THOROUGHFARE IN MIDDLEFIELD,128/23/007643,NWDNS-412-DA-7643,https://s3.us-east-1.amazonaws.com/NARAprodstorage/lz/stillpix/412-da/412-DA-07643_10-1022M.TIF,550128.jpg,"Aleksandrowicz, Frank J.",,1921.0,,10045424.0,Cleveland (Ohio),"41 29 N, 081 41 W (41.483, -81.683)",Urban Landscape
550134,1973-06-01,CLEVELAND ON LAKE ERIE,128/29/007649,NWDNS-412-DA-7649,https://s3.us-east-1.amazonaws.com/NARAprodstorage/lz/stillpix/412-da/412-DA-07649_10-1028M.TIF,550134.jpg,"Aleksandrowicz, Frank J.",,1921.0,,10045424.0,Cleveland (Ohio),"41 29 N, 081 41 W (41.483, -81.683)",Industrial Site
550144,1973-05-01,OLD VICTORIAN HOUSE AT 2904 CLINTON STREET IS BEING RESTORED AS PART OF THE OHIO CITY AREA RENEWAL PROJECT,128/39/007659,NWDNS-412-DA-7659,https://s3.us-east-1.amazonaws.com/NARAprodstorage/lz/stillpix/412-da/412-DA-07659_10-1038M.TIF,550144.jpg,"Aleksandrowicz, Frank J.",,1921.0,,10045424.0,Cleveland (Ohio),"41 29 N, 081 41 W (41.483, -81.683)",Urban Landscape
550257,1973-06-01,VACANT AND ABANDONED HOMES IN INNER CITY INVITE ARSON VANDALISM AND DUMPING,130/32/007772,NWDNS-412-DA-7772,https://s3.us-east-1.amazonaws.com/NARAprodstorage/lz/stillpix/412-da/412-DA-07772_10-1151M.TIF,550257.jpg,"Aleksandrowicz, Frank J.",,1921.0,,10045424.0,Cleveland (Ohio),"41 29 N, 081 41 W (41.483, -81.683)",Pollution and Environmental Damage
550582,1973-08-01,"VIEW SOUTHEAST TOWARD DELTA JUNCTION. THIS SMALL TOWN LIES AT THE MAIN HIGHWAY INTERSECTION OF THE ALASKA HIGHWAY (THE ALCAN) AND ALASKA'S RICHARDSON HIGHWAY, WHICH LINKS FAIRBANKS AND VALDEZ THE SOUTHERN TERMINUS OF THE PIPELINE",135/57/008097,NWDNS-412-DA-8097,https://s3.us-east-1.amazonaws.com/NARAprodstorage/lz/stillpix/412-da/412-DA-08097_11-0218M.TIF,550582.jpg,"Cowals, Dennis,","Dennis Cowals (b. 1945), photojournalist and contributing photographer to the Environmental Protection Agency's Documerica project in the early 1970s.",1945.0,,10045354.0,Alaska,"65 00 N, 153 00 W (65, -153)",Pollution and Environmental Damage
550630,1973-08-01,"CHUGACH PEAKS SOUTH OF THE RICHARDSON HIGHWAY. VIEW SOUTH HERE, THE PIPELINE ROUTE RUNS LEFT TO RIGHT, EAST TO WEST, ALONG THE CLEARED CUT ABOVE THE RIVER",136/45/008145,NWDNS-412-DA-8145,https://s3.us-east-1.amazonaws.com/NARAprodstorage/lz/stillpix/412-da/412-DA-08145_11-0266M.TIF,550630.jpg,"Cowals, Dennis,","Dennis Cowals (b. 1945), photojournalist and contributing photographer to the Environmental Protection Agency's Documerica project in the early 1970s.",1945.0,,10045354.0,Alaska,"65 00 N, 153 00 W (65, -153)",Pollution and Environmental Damage
550645,1973-08-01,"GLACIERS GUARDING THE ENTRANCE TO THOMPSON PASS. VIEW SOUTH. BECAUSE THE VALLEYS THROUGH WHICH THE PIPELINE AND HIGHWAY RUN ARE SO STEEP, THESE GLACIERS ARE INVISIBLE FROM THE VALLEY FLOOR",136/60/008160,NWDNS-412-DA-8160,https://s3.us-east-1.amazonaws.com/NARAprodstorage/lz/stillpix/412-da/412-DA-08160_11-0281M.TIF,550645.jpg,"Cowals, Dennis,","Dennis Cowals (b. 1945), photojournalist and contributing photographer to the Environmental Protection Agency's Documerica project in the early 1970s.",1945.0,,10045354.0,Alaska,"65 00 N, 153 00 W (65, -153)",Pollution and Environmental Damage
550665,1973-06-01,"FISHING IN THE ANDROSCOGGIN RIVER IN THE ""13-MILE WOOD"" AREA NEAR ERROL. THE RIVER RISES IN NEARBY LAKE UMBAGOG ON THE MAINE-NEW HAMPSHIRE BOUNDARY",137/20/008180,NWDNS-412-DA-8180,https://s3.us-east-1.amazonaws.com/NARAprodstorage/lz/stillpix/412-da/412-DA-08180_11-0301M.TIF,550665.jpg,"Steinhacker, Charles,","Charles Steinhacker (b. 1937, New Rochelle, N.Y.), photographer, was a working photographer from1963 to 1977, contributing to Life, National Geographic and many other leading magazines. It was also during this period that he published three large-format books of his photographs which established his reputation as one of the leading conservation photographers in the country. He was a contributing photographer to the Environmental Protection Agency's Documerica project in the 1970s.",1937.0,,10041157.0,Berlin (N.H.),"44 28 N, 071 11 W (44.467, -71.183)",Pollution and Environmental Damage
550673,1973-06-01,"VIEW NORTH ALONG THE ANDROSCOGGIN RIVER FROM THE BROWN PAPER COMPANY, ONE OF THE CITY'S INDUSTRIAL PLANTS",137/28/008188,NWDNS-412-DA-8188,https://s3.us-east-1.amazonaws.com/NARAprodstorage/lz/stillpix/412-da/412-DA-08188_11-0309M.TIF,550673.jpg,"Steinhacker, Charles,","Charles Steinhacker (b. 1937, New Rochelle, N.Y.), photographer, was a working photographer from1963 to 1977, contributing to Life, National Geographic and many other leading magazines. It was also during this period that he published three large-format books of his photographs which established his reputation as one of the leading conservation photographers in the country. He was a contributing photographer to the Environmental Protection Agency's Documerica project in the 1970s.",1937.0,,10041157.0,Berlin (N.H.),"44 28 N, 071 11 W (44.467, -71.183)",Industrial Site
550753,1973-06-01,"ALGAE COLLECT INSIDE BAYS OF THE FOX RIVER BETWEEN APPLETON AND GREEN BAY. THERE ARE 19 SOURCES OF INDUSTRIAL POLLUTION ALONG THIS 40-MILE STRETCH. THE PROBLEM IS COMPOUNDED BY ALGAE IN LAKE WINNEBAGO, WHICH DIES IN THE LAKE, DECOMPOSE IN THE RIVER, AND PASS INTO THE BAY",138/48/008268,NWDNS-412-DA-8268,https://s3.us-east-1.amazonaws.com/NARAprodstorage/lz/stillpix/412-da/412-DA-08268_11-0389M.TIF,550753.jpg,"Rozumalski, Ted,","Ted Rozumalski (b. 1931), photojournalist and contributing photographer to the Environmental Protection Agency's Documerica project in the early 1970s.",1931.0,,10045106.0,Wisconsin,"45 00 N, 090 00 W (45, -90)",Pollution and Environmental Damage
550782,1973-08-01,ONE OF THE MANY SWAMPS OF NORTHEASTERN WISCONSIN THAT CONTRIBUTE TO THE HEADWATERS OF THE WISCONSIN RIVER,139/17/008297,NWDNS-412-DA-8297,https://s3.us-east-1.amazonaws.com/NARAprodstorage/lz/stillpix/412-da/412-DA-08297_11-0418M.TIF,550782.jpg,"Rozumalski, Ted,","Ted Rozumalski (b. 1931), photojournalist and contributing photographer to the Environmental Protection Agency's Documerica project in the early 1970s.",1931.0,,10045106.0,Wisconsin,"45 00 N, 090 00 W (45, -90)",Rural Landscape
550812,1973-07-01,PEPSI CANS AND OTHER LITTER NEAR THE BANKS OF THE WISCONSIN RIVER AT MERRILL,139/47/008327,NWDNS-412-DA-8327,https://s3.us-east-1.amazonaws.com/NARAprodstorage/lz/stillpix/412-da/412-DA-08327_11-0448M.TIF,550812.jpg,"Rozumalski, Ted,","Ted Rozumalski (b. 1931), photojournalist and contributing photographer to the Environmental Protection Agency's Documerica project in the early 1970s.",1931.0,,10045106.0,Wisconsin,"45 00 N, 090 00 W (45, -90)",Pollution and Environmental Damage
550870,1973-07-01,CHARMIN PAPER COMPANY AT GREEN BAY CONTRIBUTES ITS SHARE OF SMOKE AND SULFITE ODOR TO THE HEAVILY INDUSTRIALIZED BAY AREA. THE LEADING INDUSTRY HERE IS PAPER AND PAPER PRODUCTS,140/45/008385,NWDNS-412-DA-8385,https://s3.us-east-1.amazonaws.com/NARAprodstorage/lz/stillpix/412-da/412-DA-08385_11-0506M.TIF,550870.jpg,"Rozumalski, Ted,","Ted Rozumalski (b. 1931), photojournalist and contributing photographer to the Environmental Protection Agency's Documerica project in the early 1970s.",1931.0,,10045106.0,Wisconsin,"45 00 N, 090 00 W (45, -90)",Pollution and Environmental Damage
550938,1973-09-01,SMOKESTACK OF THE DU POINT CHEMICAL PLANT ON THE HOUSTON SHIP CHANNEL,141/53/008453,NWDNS-412-DA-8453,https://s3.us-east-1.amazonaws.com/NARAprodstorage/lz/stillpix/412-da/412-DA-08453_11-0574M.TIF,550938.jpg,"Pittman, Blair,","Blair Pittman (b. 1937), photojournalist, took photographs for the Environmental Protection Agency's Documerica project in the early 1970s.",1937.0,,10045425.0,Houston (Tex.),"29 45 N, 095 21 W (29.75, -95.35)",Pollution and Environmental Damage
550975,1973-05-01,"GLEN FERRIS, ON THE KANAWHA RIVER NEAR GAULEY BRIDGE, IS A POPULAR SPOT FOR CAMPING AND FISHING",142/30/008490,NWDNS-412-DA-8490,https://s3.us-east-1.amazonaws.com/NARAprodstorage/lz/stillpix/412-da/412-DA-08490_11-0611M.TIF,550975.jpg,"Schaefer, Harry","Harry Schaefer, photojournalist and contributing photographer to the Environmental Protection Agency's Documerica project in the early 1970s.",,,10045375.0,Charleston (W. Va.),"38 20 N, 081 37 W (38.333, -81.617)",Pollution and Environmental Damage
551052,1973-06-01,LOOKING UP THE KANAWHA RIVER VALLEY FROM DEEP WATER TOWARD ALLOY WHERE SMOKE FROM UNION CARBIDE'S FERROALLOY PLANT RISES HIGH INTO THE AIR,143/47/008567,NWDNS-412-DA-8567,https://s3.us-east-1.amazonaws.com/NARAprodstorage/lz/stillpix/412-da/412-DA-08567_11-0688M.TIF,551052.jpg,"Schaefer, Harry","Harry Schaefer, photojournalist and contributing photographer to the Environmental Protection Agency's Documerica project in the early 1970s.",,,10045375.0,Charleston (W. Va.),"38 20 N, 081 37 W (38.333, -81.617)",Pollution and Environmental Damage
551072,1973-06-01,RESIDENTIAL STREET IN WEST BELLE. DUPONT PLANT IN BACKGROUND,144/07/008587,NWDNS-412-DA-8587,https://s3.us-east-1.amazonaws.com/NARAprodstorage/lz/stillpix/412-da/412-DA-08587_11-0708M.TIF,551072.jpg,"Schaefer, Harry","Harry Schaefer, photojournalist and contributing photographer to the Environmental Protection Agency's Documerica project in the early 1970s.",,,10045375.0,Charleston (W. Va.),"38 20 N, 081 37 W (38.333, -81.617)",Industrial Site
551089,1973-06-01,"RALEIGH JUNK COMPANY, A LARGE SCRAP METAL OPERATION ON THE KANAWHA RIVER AT RIVERSIDE",144/24/008604,NWDNS-412-DA-8604,https://s3.us-east-1.amazonaws.com/NARAprodstorage/lz/stillpix/412-da/412-DA-08604_11-0725M.TIF,551089.jpg,"Schaefer, Harry","Harry Schaefer, photojournalist and contributing photographer to the Environmental Protection Agency's Documerica project in the early 1970s.",,,10045375.0,Charleston (W. Va.),"38 20 N, 081 37 W (38.333, -81.617)",Pollution and Environmental Damage
551173,1973-09-01,MONSANTO CHEMICAL COMPANY AT NITRO ON THE KANAWHA RIVER INTERSTATE 64 CROSSES THE RIVER JUST BELOW THE PLANT. IN THE DISTANCE ARE THE CHIMNEYS AND COOLING TOWERS OF THE JOHN AMOS POWER PLANT,145/48/008688,NWDNS-412-DA-8688,https://s3.us-east-1.amazonaws.com/NARAprodstorage/lz/stillpix/412-da/412-DA-08688_11-0809M.TIF,551173.jpg,"Schaefer, Harry","Harry Schaefer, photojournalist and contributing photographer to the Environmental Protection Agency's Documerica project in the early 1970s.",,,10045375.0,Charleston (W. Va.),"38 20 N, 081 37 W (38.333, -81.617)",Industrial Site
551280,1973-05-01,FISHERMAN LAUNCHES HIS BOAT INTO THE GRAND GLAIZE ARM OF THE LAKE FROM THE CAMP-GROUNDS IN LAKE OF THE OZARKS STATE PARK,147/35/008795,NWDNS-412-DA-8795,https://s3.us-east-1.amazonaws.com/NARAprodstorage/lz/stillpix/412-da/412-DA-08795_11-0916M.TIF,551280.jpg,"Kuykendall, Bill","Bill (William) Kuykendall, photojournalist and contributing photographer to the Environmental Protection Agency's Documerica project in the early 1970s.",,,10038311.0,"Ozarks, Lake of the, State Park (Mo.)","38 05 N, 092 37 W (38.083, -92.617)",Nature and Wildlife
551389,1973-04-01,"ANNUAL SMELT RUN AT SINGING BRIDGE, TAWAS CITY. IN MID-APRIL THOUSANDS OF FISHERMEN GATHER AT WHITNEY DRAIN, A MANMADE CANAL ON LAKE HURON, TO DIPNET FOR THESE SMALL FISH. FOG DOES NOT DETER THE FISHERMEN",149/24/008904,NWDNS-412-DA-8904,https://s3.us-east-1.amazonaws.com/NARAprodstorage/lz/stillpix/412-da/412-DA-08904_11-1025M.TIF,551389.jpg,"Emmerich, Donald","Donald Emmerich, photojournalist and contributing photographer to the Environmental Protection Agency's Documerica project in the early 1970s.",,,10045854.0,Saginaw (Mich.),"43 25 N, 083 57 W (43.417, -83.95)",Pollution and Environmental Damage
551402,1973-04-01,"ANNUAL SMELT RUN AT SINGING BRIDGE, TAWAS CITY. IN MID-APRIL THOUSANDS OF FISHERMEN GATHER AT WHITNEY DRAIN, A MANMADE CANAL ON LAKE HURON, TO DIPNET FOR THESE SMALL FISH. FISHERMEN, WAITING FOR THE NEXT RUN, ENJOY A CAMP FIRE",149/37/008917,NWDNS-412-DA-8917,https://s3.us-east-1.amazonaws.com/NARAprodstorage/lz/stillpix/412-da/412-DA-08917_11-1038M.TIF,551402.jpg,"Emmerich, Donald","Donald Emmerich, photojournalist and contributing photographer to the Environmental Protection Agency's Documerica project in the early 1970s.",,,10045854.0,Saginaw (Mich.),"43 25 N, 083 57 W (43.417, -83.95)",People and Community
551403,1973-04-01,"ANNUAL SMELT RUN AT SINGING BRIDGE, TAWAS CITY. IN MID-APRIL THOUSANDS OF FISHERMEN GATHER AT WHITNEY DRAIN, A MANMADE CANAL ON LAKE HURON, TO DIPNET FOR THESE SMALL FISH. DIPNETTING AT NIGHT",149/38/008918,NWDNS-412-DA-8918,https://s3.us-east-1.amazonaws.com/NARAprodstorage/lz/stillpix/412-da/412-DA-08918_11-1039M.TIF,551403.jpg,"Emmerich, Donald","Donald Emmerich, photojournalist and contributing photographer to the Environmental Protection Agency's Documerica project in the early 1970s.",,,10045854.0,Saginaw (Mich.),"43 25 N, 083 57 W (43.417, -83.95)",People and Community
551496,1973-06-01,"THE ATTRACTIVE LIGHTING AND WELL-KEPT SHRUBS, TREES AND FLOWERS MAKE NICOLLET MALL A QUIET OASIS IN THE CITY",151/11/009011,NWDNS-412-DA-9011,https://s3.us-east-1.amazonaws.com/NARAprodstorage/lz/stillpix/412-da/412-DA-09011_11-1132M.TIF,551496.jpg,"Emmerich, Donald","Donald Emmerich, photojournalist and contributing photographer to the Environmental Protection Agency's Documerica project in the early 1970s.",,,10045983.0,Minneapolis (Minn.),"44 58 N, 093 15 W (44.967, -93.25)",Urban Landscape
551712,1973-06-01,"STAIRWAY TO CARL SCHURZ PARK, BETWEEN EAST END AVENUE AND THE EAST RIVER IN MANHATTAN'S UPPER EAST SIDE. THE PARK, WHICH EXTENDS FROM 84TH STREET TO 90TH STREET AND AFFORDS SUPERB VIEWS OF THE RIVER TRAFFIC BELOW, IS ALSO THE SITE OF HISTORIC GRACIE MANSION NOW THE RESIDENCE OF THE MAYOR OF NEW YORK",154/47/009227,NWDNS-412-DA-9227,https://s3.us-east-1.amazonaws.com/NARAprodstorage/lz/stillpix/412-da/412-DA-09227_12-1286M.TIF,551712.jpg,"Szasz, Suzanne,","Suzanne Szasz (1915-1997) was born in Budapest, Hungary. She was a career photojournalist.",1915.0,1997.0,10045276.0,New York (N.Y.),"40 42 N, 074 00 W (40.7, -74)",Urban Landscape
551790,1973-09-01,MUNICH'S LARGE AND BEAUTIFUL FUSSGANGERZONE (PEDESTRIAN ZONE) HAS RETURNED THE CITY'S COMMERCIAL AND CULTURAL CENTER TO THE PEOPLE. IT IS TOTALLY TRAFFIC FREE. NOT EVEN BICYCLE RIDING IS PERMITTED,156/05/009305,NWDNS-412-DA-9305,https://s3.us-east-1.amazonaws.com/NARAprodstorage/lz/stillpix/412-da/412-DA-09305_12-1364M.TIF,551790.jpg,"Okamoto, Yoichi R.",Yoichi Robert Okamoto (b . 1915) was President Lyndon B. Johnson's official photographer.,1915.0,1985.0,10044897.0,Munich (Germany),"48 08 N, 011 35 E (48.133, 11.583)",Urban Landscape
551875,1973-09-01,"AUTOMATIC VENDORS SELL TICKETS FOR PUBLIC TRANSPORTATION--BUS, TROLLEY, SUBWAY AND SCHNELLBAHN (EXPRESS) DATE AND TIME ARE RECORDED ON THE TICKET WHEN IT IS INSERTED INTO THE PUNCHER MARKED ""E."" NO TRANSFERS ARE NEEDED",157/30/009390,NWDNS-412-DA-9390,https://s3.us-east-1.amazonaws.com/NARAprodstorage/lz/stillpix/412-da/412-DA-09390_12-1449M.TIF,551875.jpg,"Okamoto, Yoichi R.",Yoichi Robert Okamoto (b . 1915) was President Lyndon B. Johnson's official photographer.,1915.0,1985.0,10044897.0,Munich (Germany),"48 08 N, 011 35 E (48.133, 11.583)",Industrial Site
551914,1973-09-01,TRUCK DELIVERY IS SO SLOW ON THE INNER CITY'S NARROW STREETS THAT MANY DELIVERIES ARE MADE ON FOOT,158/09/009429,NWDNS-412-DA-9429,https://s3.us-east-1.amazonaws.com/NARAprodstorage/lz/stillpix/412-da/412-DA-09429_12-1488M.TIF,551914.jpg,"Okamoto, Yoichi R.",Yoichi Robert Okamoto (b . 1915) was President Lyndon B. Johnson's official photographer.,1915.0,1985.0,10044903.0,Vienna (Austria),"48 13 N, 016 22 E (48.217, 16.367)",Urban Landscape
551996,1973-04-01,AUTO WRECKERS AND AUTO JUNK-YARD ON MERIDITH AVENUE UNWANTED AUTOMOBILE BODIES AND PARTS ARE DUMPED INTO ARTHUR KILL,159/31/009511,NWDNS-412-DA-9511,https://s3.us-east-1.amazonaws.com/NARAprodstorage/lz/stillpix/412-da/412-DA-09511_12-1569M.TIF,551996.jpg,"Szasz, Suzanne,","Suzanne Szasz (1915-1997) was born in Budapest, Hungary. She was a career photojournalist.",1915.0,1997.0,10046846.0,"Staten Island (New York, N.Y.)","40 35 N, 074 09 W (40.583, -74.15)",Pollution and Environmental Damage
552061,1973-04-01,"OUTFALL FROM THE SHAWNEE AVENUE PUMPING PLANT INTO THE KANSAS RIVER, JUST DOWN-STREAM FROM THE KANSAS CITY RAILROAD TERMINAL BRIDGE. DISCHARGE CONTAINS A CHEMICAL THAT HAS CAUSED THE RED DISCOLORATION",160/36/009576,NWDNS-412-DA-9576,https://s3.us-east-1.amazonaws.com/NARAprodstorage/lz/stillpix/412-da/412-DA-09576_12-1634M.TIF,552061.jpg,"Paik, Kenneth,","K. Kenneth Pail (1940-2006), photojournalist, picture editor, and columnist. He immigrated to America in 1963 from his native Seoul, South Korea. He was a photographer at The Kansas City Star and Times after finishing graduate school at the University of Missouri School of Journalism in Columbia. Paik once worked as the graphics director for the newspapers in Jacksonville, Florida, and then later became the director of photography for The Evening Sun in Baltimore, Maryland. He was promoted to assistant managing editor for news at The Evening Sun and worked in that role until he left the newspaper in 1992 to be a columnist and consultant for the New York City edition of Korea Times. He won a World Press Photo award for his coverage of the first major famine in Ethiopia. In 1982, NPPA honored him with the J. Winton Lemen Fellowship Award for outstanding service in the interests of press photography and for outstanding technical achievement in photography.",1940.0,2006.0,10040951.0,Kansas City (Kan.),"39 06 N, 094 37 W (39.1, -94.617)",Pollution and Environmental Damage
552077,1973-06-01,12TH STREET IN THE EARLY MORNING LOOKING SOUTH TOWARD THE KANSAS RIVER. JUNK CARS ARE BEING BROUGHT TO A LOCAL FACTORY WHICH PROCESSES SCRAP METAL,160/52/009592,NWDNS-412-DA-9592,https://s3.us-east-1.amazonaws.com/NARAprodstorage/lz/stillpix/412-da/412-DA-09592_12-1650M.TIF,552077.jpg,"Paik, Kenneth,","K. Kenneth Pail (1940-2006), photojournalist, picture editor, and columnist. He immigrated to America in 1963 from his native Seoul, South Korea. He was a photographer at The Kansas City Star and Times after finishing graduate school at the University of Missouri School of Journalism in Columbia. Paik once worked as the graphics director for the newspapers in Jacksonville, Florida, and then later became the director of photography for The Evening Sun in Baltimore, Maryland. He was promoted to assistant managing editor for news at The Evening Sun and worked in that role until he left the newspaper in 1992 to be a columnist and consultant for the New York City edition of Korea Times. He won a World Press Photo award for his coverage of the first major famine in Ethiopia. In 1982, NPPA honored him with the J. Winton Lemen Fellowship Award for outstanding service in the interests of press photography and for outstanding technical achievement in photography.",1940.0,2006.0,10040951.0,Kansas City (Kan.),"39 06 N, 094 37 W (39.1, -94.617)",Transportation and Infrastructure
552092,1973-06-01,THE OWNER OF THIS HUGE JUNK SHOP ON THE KANSAS RIVER IN BONNER SPRING DIED IN 1971. NOW THERE IS ONLY THE RIVER AND THE JUNK EACH DAY THE RIVER CLAIMS A SMALL PART,161/07/009607,NWDNS-412-DA-9607,https://s3.us-east-1.amazonaws.com/NARAprodstorage/lz/stillpix/412-da/412-DA-09607_12-1665M.TIF,552092.jpg,"Paik, Kenneth,","K. Kenneth Pail (1940-2006), photojournalist, picture editor, and columnist. He immigrated to America in 1963 from his native Seoul, South Korea. He was a photographer at The Kansas City Star and Times after finishing graduate school at the University of Missouri School of Journalism in Columbia. Paik once worked as the graphics director for the newspapers in Jacksonville, Florida, and then later became the director of photography for The Evening Sun in Baltimore, Maryland. He was promoted to assistant managing editor for news at The Evening Sun and worked in that role until he left the newspaper in 1992 to be a columnist and consultant for the New York City edition of Korea Times. He won a World Press Photo award for his coverage of the first major famine in Ethiopia. In 1982, NPPA honored him with the J. Winton Lemen Fellowship Award for outstanding service in the interests of press photography and for outstanding technical achievement in photography.",1940.0,2006.0,10040951.0,Kansas City (Kan.),"39 06 N, 094 37 W (39.1, -94.617)",Urban Landscape
552120,1973-06-01,"WARREN FREEMAN, 50, BUILT A COTTAGE ON AN ISLAND IN THE KANSAS RIVER. THE ISLAND LIES BETWEEN THE 18TH STREET AND EAST KANSAS AVENUE BRIDGES. UNEMPLOYMENT CHECKS AND FISHING ARE HIS PRESENT MEANS OF SUPPORT. FREEMAN IS LOADING HIS BOAT ON AN AUTOMOBILE TRAILER",161/35/009635,NWDNS-412-DA-9635,https://s3.us-east-1.amazonaws.com/NARAprodstorage/lz/stillpix/412-da/412-DA-09635_12-1693M.TIF,552120.jpg,"Paik, Kenneth,","K. Kenneth Pail (1940-2006), photojournalist, picture editor, and columnist. He immigrated to America in 1963 from his native Seoul, South Korea. He was a photographer at The Kansas City Star and Times after finishing graduate school at the University of Missouri School of Journalism in Columbia. Paik once worked as the graphics director for the newspapers in Jacksonville, Florida, and then later became the director of photography for The Evening Sun in Baltimore, Maryland. He was promoted to assistant managing editor for news at The Evening Sun and worked in that role until he left the newspaper in 1992 to be a columnist and consultant for the New York City edition of Korea Times. He won a World Press Photo award for his coverage of the first major famine in Ethiopia. In 1982, NPPA honored him with the J. Winton Lemen Fellowship Award for outstanding service in the interests of press photography and for outstanding technical achievement in photography.",1940.0,2006.0,10040951.0,Kansas City (Kan.),"39 06 N, 094 37 W (39.1, -94.617)",Pollution and Environmental Damage
552193,1973-06-01,BLACK SMOKE POURING FROM CROWN ZELLERBACH KRAFT PULP MILL,162/48/009708,NWDNS-412-DA-9708,https://s3.us-east-1.amazonaws.com/NARAprodstorage/lz/stillpix/412-da/412-DA-09708_12-1766M.TIF,552193.jpg,"Wilson, Doug,",,1939.0,,,,,Pollution and Environmental Damage
552282,1973-05-01,"CRAB NETTING AT BRINNON TIDE FLAT ON THE HOOD CANAL BRINGS OUT LARGE CROWDS DURING THE SPRING AND SUMMER MINUS TIDES. CATCH IS MAINLY DUNGENESS CRABS, WHICH MUST MEASURE SIX INCHES ACROSS THE SHELL. ONLY THE MALE CRABS MAY BE RETAINED",164/17/009797,NWDNS-412-DA-9797,https://s3.us-east-1.amazonaws.com/NARAprodstorage/lz/stillpix/412-da/412-DA-09797_12-1855M.TIF,552282.jpg,"Wilson, Doug,",,1939.0,,10045797.0,Seattle (Wash.),"47 36 N, 122 19 W (47.6, -122.32)",Pollution and Environmental Damage
552369,1973-09-01,"LOS ANGELES REACTIVE POLLUTANT PROGRAM (LARPP), A UNIQUE MULTI-AGENCY AIR POLLUTION RESEARCH STUDY SPONSORED BY THE COORDINATING RESEARCH COUNCIL, A GOVERNMENT-INDUSTRY RESEARCH GROUP",165/44/009884,NWDNS-412-DA-9884,https://s3.us-east-1.amazonaws.com/NARAprodstorage/lz/stillpix/412-da/412-DA-09884_12-1942M.TIF,552369.jpg,"Daniels, Gene,",,,,10046660.0,Los Angeles (Calif.),"34 03 N, 118 14 W (34.05, -118.23)",Agriculture and Farming
552378,1973-09-01,"LOS ANGELES REACTIVE POLLUTANT PROGRAM (LARPP), A UNIQUE MULTI-AGENCY AIR POLLUTION RESEARCH STUDY SPONSORED BY THE COORDINATING RESEARCH COUNCIL, A GOVERNMENT-INDUSTRY RESEARCH GROUP",165/53/009893,NWDNS-412-DA-9893,https://s3.us-east-1.amazonaws.com/NARAprodstorage/lz/stillpix/412-da/412-DA-09893_12-1951M.TIF,552378.jpg,"Daniels, Gene,",,,,10046660.0,Los Angeles (Calif.),"34 03 N, 118 14 W (34.05, -118.23)",Transportation and Infrastructure
552390,1973-09-01,"THE LOS ANGELES REACTIVE POLLUTANT PROGRAM (LARPP), IS A UNIQUE, MULTI-AGENCY AIR POLLUTION RESEARCH STUDY SPONSORED BY THE COORDINATING RESEARCH COUNCIL, A GOVERNMENT-INDUSTRY RESEARCH GROUP. AT THE OPERATIONS CENTER IN EL MONTE, THE ENTIRE PROJECT IS PLOTTED, MAPPED, AND RECORDED BY PERSONNEL FROM EPA AND METRONICS CORPORATION",166/05/009905,NWDNS-412-DA-9905,https://s3.us-east-1.amazonaws.com/NARAprodstorage/lz/stillpix/412-da/412-DA-09905_12-1963M.TIF,552390.jpg,"Daniels, Gene,",,,,10046660.0,Los Angeles (Calif.),"34 03 N, 118 14 W (34.05, -118.23)",Transportation and Infrastructure
552674,1972-10-01,"FAIRVIEW CHURCH AND SCHOOL ARE ABANDONED NOW. IN THE 1950'S FIFTY-SIX STUDENTS ATTENDED FAIRVIEW SCHOOL (TO THE RIGHT OF THE CHURCH) AND FAIRVIEW WAS THE COMMUNITY CENTER FOR THE FARM PEOPLE IN THE AREA. WHEN SMALL RANCHES COULD NO LONGER SUPPORT THEIR OWNERS, MANY HAD TO LEAVE",170/49/010189,NWDNS-412-DA-10189,https://s3.us-east-1.amazonaws.com/NARAprodstorage/lz/stillpix/412-da/412-DA-10189_12-2247M.TIF,552674.jpg,"Hiser, David,","David Hiser (b. Sept. 2, 1937), photojournalist and photo educator, has a B.A. degree from the University of Washington, and has worked for the National Geographic Society, producing twenty stories in National Geographic Magazine with contributions to numerous National Geographic books and films. His assignments have ranged widely: Aztecs, Death Valley, Coyotes, Early Man, Hudson Bay, Pompeii, Polynesian Sailing Canoes, Sri Lanka, Tasmania and Tarahumara Indians among others. He has also worked for Newsweek, Smithsonian and Geo, producing a large stock photo archive used in advertising, corporate media and college textbooks.

With a strong interest in teaching, Hiser has led imaging workshops at The Maine Photo Workshops, Anderson Ranch Art Center and many other institutions.  He is currently a Research Associate at Digital Arts Aspen where he has designed and implemented digital imaging workshops for a wide variety of clients.",1937.0,,10040420.0,Rifle (Colo.),"39 32 N, 107 46 W (39.533, -107.77)",Rural Landscape
552788,1973-10-01,"EXHIBIT AT THE FIRST SYMPOSIUM ON LOW POLLUTION POWER SYSTEMS DEVELOPMENT HELD AT THE MARRIOTT MOTOR INN, ANN ARBOR VEHICLES AND HARDWARE WERE ASSEMBLED AT THE EPA ANN ARBOR LABORATORY. PART OF THE EXHIBIT WAS HELD IN THE MOTEL PARKING LOT SEEN HERE ARE SYMPOSIUM PARTICIPANTS WITH GENERAL MOTORS GASOLINE POWERED VEHICLE (FOREGROUND) AND, IN BACKGROUND, THE EPA/WILLIAMS TURBINE CAR",172/43/010303,NWDNS-412-DA-10303,https://s3.us-east-1.amazonaws.com/NARAprodstorage/lz/stillpix/412-da/412-DA-10303_12-2361M.TIF,552788.jpg,"Lodge, Frank","Frank Lodge, photojournalist and contributing photographer to the Environmental Protection Agency's Documerica project in the early 1970s.",,,10045507.0,Detroit (Mich.),"42 19 N, 083 02 W (42.317, -83.033)",Transportation and Infrastructure
552806,1973-05-01,IN THE SPRING OF 1973 THE MISSISSIPPI RIVER REACHED ITS HIGHEST LEVEL IN MORE THAN 150 YEARS. UNPRECEDENTED FLOODING OCCURRED THROUGHOUT THE RIVER BASIN. PARTICULARLY AFFECTED WERE THE MARSH AREAS BELOW NEW ORLEANS AND THE ENTIRE ATCHAFALAYA RIVER BASIN LAFITTE SHRIMP FISHERMAN WEAVES NET. THREE WEEKS EARLIER THIS AREA WAS UNDER FLOOD WATER,173/01/010321,NWDNS-412-DA-10321,https://s3.us-east-1.amazonaws.com/NARAprodstorage/lz/stillpix/412-da/412-DA-10321_12-2379M.TIF,552806.jpg,"Messina, John,",Jonn Messina (b. 1941) was a photographer for the Environmental Protection Agency's Documerica program in the early 1970s.,1940.0,,10045862.0,New Orleans (La.),"29 57 N, 090 04 W (29.95, -90.067)",Pollution and Environmental Damage
552828,1973-05-01,IN THE SPRING OF 1973 THE MISSISSIPPI RIVER REACHED ITS HIGHEST LEVEL IN MORE THAN 150 YEARS. UNPRECEDENTED FLOODING OCCURRED THROUGHOUT THE RIVER BASIN. PARTICULARLY AFFECTED WERE THE MARSH AREA BELOW NEW ORLEANS AND THE ENTIRE ATCHAFALAYA RIVER BASIN STEVENSVILLE ROAD HOUSE NEAR MORGAN CITY FLOODED BY WATERS FROM LAKE PALOURDE. LAKE COULD NOT DRAIN INTO THE FLOOD-SWOLLEN ATCHAFALAYA,173/23/010343,NWDNS-412-DA-10343,https://s3.us-east-1.amazonaws.com/NARAprodstorage/lz/stillpix/412-da/412-DA-10343_12-2401M.TIF,552828.jpg,"Messina, John,",Jonn Messina (b. 1941) was a photographer for the Environmental Protection Agency's Documerica program in the early 1970s.,1940.0,,10045862.0,New Orleans (La.),"29 57 N, 090 04 W (29.95, -90.067)",Pollution and Environmental Damage
552834,1973-05-01,IN THE SPRING OF 1973 THE MISSISSIPPI RIVER REACHED ITS HIGHEST LEVEL IN MORE THAN 150 YEARS. UNPRECEDENTED FLOODING OCCURRED THROUGHOUT THE RIVER BASIN. PARTICULARLY AFFECTED WERE THE MARSH AREA BELOW NEW ORLEANS AND THE ENTIRE ATCHAFALAYA RIVER BASIN FLOODED SUGAR CANE FIELD ON HIGHWAY 70 BETWEEN BELLE RIVER AND PIERRE PART,173/29/010349,NWDNS-412-DA-10349,https://s3.us-east-1.amazonaws.com/NARAprodstorage/lz/stillpix/412-da/412-DA-10349_12-2407M.TIF,552834.jpg,"Messina, John,",Jonn Messina (b. 1941) was a photographer for the Environmental Protection Agency's Documerica program in the early 1970s.,1940.0,,10045862.0,New Orleans (La.),"29 57 N, 090 04 W (29.95, -90.067)",Rural Landscape
552880,1973-06-01,LAKE BORGNE OYSTERMEN CLAIM RELEASE OF MISSISSIPPI RIVER FLOOD WATERS HAS POLLUTED THEIR OYSTER BEDS. SOME OF THE MEN ARE PREPARING A LEGAL DEPOSITION. ABOARD CAPTAIN PETE TESVICH'S BOAT THEY COLLECT EVIDENCE FOR THEIR CASE. TESVICH'S GROUP HAS BOARDED BOAT CARRYING A GROUP OF U.S. ARMY CORPS OF ENGINEERS BIOLOGISTS TOGETHER THEY EXAMINE THE DEAD AND DISEASED OYSTERS. OYSTERMAN TOM HADLEY PROBES A DISEASED OYSTER,174/15/010395,NWDNS-412-DA-10395,https://s3.us-east-1.amazonaws.com/NARAprodstorage/lz/stillpix/412-da/412-DA-10395_12-2453M.TIF,552880.jpg,"Messina, John,",Jonn Messina (b. 1941) was a photographer for the Environmental Protection Agency's Documerica program in the early 1970s.,1940.0,,10045862.0,New Orleans (La.),"29 57 N, 090 04 W (29.95, -90.067)",Pollution and Environmental Damage
552882,1973-06-01,PASSION FLOWER VINE GROWING IN A DITCH BESIDE A COUNTRY ROAD AT TATE COVE NEAR VILLE PLATTE,174/17/010397,NWDNS-412-DA-10397,https://s3.us-east-1.amazonaws.com/NARAprodstorage/lz/stillpix/412-da/412-DA-10397_12-2455M.TIF,552882.jpg,"Messina, John,",Jonn Messina (b. 1941) was a photographer for the Environmental Protection Agency's Documerica program in the early 1970s.,1940.0,,10046288.0,Baton Rouge (La.),"30 27 N, 091 09 W (30.45, -91.15)",Rural Landscape
552928,1972-03-01,"IN MARCH OF 1972, A BARGE CARRYING LIQUID CHLORINE RAMMED THE MCALPINE DAM. (SEQUENCE) (FROM THE DOCUMERICA-1 EXHIBITION. FOR OTHER IMAGES IN THIS ASSIGNMENT, SEE FICHE NUMBERS 24, 25.)",175/03/010443,NWDNS-412-DA-10443,https://s3.us-east-1.amazonaws.com/NARAprodstorage/lz/stillpix/412-da/412-DA-10443_12-2500M.TIF,552928.jpg,"Strode, William,","William Hall Strode III (b. Aug. 6, 1937), photojournalist and publisher. Photographer for the Environmental Protection Agency's Documerica project in the early 1970s.",1937.0,,10046039.0,Louisville (Ky.),"38 15 N, 085 45 W (38.25, -85.75)",Transportation and Infrastructure
553008,1972-05-01,"ABANDONED AUTO. (FROM THE DOCUMERICA-1 EXHIBITION. FOR OTHER IMAGES IN THIS ASSIGNMENT, SEE FICHE NUMBER 35.)",176/23/010523,NWDNS-412-DA-10523,https://s3.us-east-1.amazonaws.com/NARAprodstorage/lz/stillpix/412-da/412-DA-10523_13-0003M.TIF,553008.jpg,"Reaves, Bill,","Bill Reaves (b. 1934), photojournalist and contributing photographer to the Environmental Protection Agency's Documerica project in the early 1970s.",1934.0,,10043953.0,"Travis, Lake (Tex.)","30 23 N, 097 54 W (30.383, -97.9)",Rural Landscape
553026,1972-05-01,"EXHIBIT OF POLLUTION CONTROL SYSTEMS AT FOUR CORNERS POWER PLANT. (FROM THE DOCUMERICA-1 EXHIBITION. FOR OTHER IMAGES IN THIS ASSIGNMENT, SEE FICHE NUMBERS 27, 28, 31, 32, 33.)",176/41/010541,NWDNS-412-DA-10541,https://s3.us-east-1.amazonaws.com/NARAprodstorage/lz/stillpix/412-da/412-DA-10541_13-0021M.TIF,553026.jpg,"Eiler, Lyntha Scott,","Lyntha Scott Eiler was born in Champaign, Illinois in 1946, the daughter of Charles ""Chuck"" L. Scott, an award winning photojournalist and the co-founder of the School of Visual Communication at Ohio University, and Jane Scott. A career photojournalist, she works with photojournalist Terry Eiler at the Ohio University Scotland Field School in Documentary Photojournalism.",1946.0,,,,,Industrial Site
553137,1973-06-01,DERBY DAM ON THE TRUCKEE RIVER IS ONE OF THE FACILITIES IN THE NEWLANDS IRRIGATION PROJECT,178/58/010678,NWDNS-412-DA-10678,https://s3.us-east-1.amazonaws.com/NARAprodstorage/lz/stillpix/412-da/412-DA-10678_13-0130M.TIF,553137.jpg,"Dovydenas, Jonas,",Jonas Dovydenas (b. 1939) emigrated to USA in 1949. He is a graduate of Brown University and a free-lance photographer since 1968.,1939.0,,10045877.0,Reno (Nev.),"39 31 N, 119 48 W (39.517, -119.8)",Pollution and Environmental Damage
553259,1973-08-01,"AUGUST BRINGS THE ""D'AUG DAYS"" TO FOUNTAIN SQUARE. ""D'AUG DAYS"" IS A MONTH LONG FESTIVAL OF ARTS PRESENTED TO, FOR, AND SOMETIMES BY, THE PEOPLE. CROWDS IN THE SQUARE WATCH AS DANCERS PERFORM UNDER SPOTLIGHTS",180/60/010800,NWDNS-412-DA-10800,https://s3.us-east-1.amazonaws.com/NARAprodstorage/lz/stillpix/412-da/412-DA-10800_13-0252M.TIF,553259.jpg,"Hubbard, Tom,","Tom Hubbard (b. Harvey Thomas Hubbard, July 18, 1931), photojournalist and Documerica photographer in the 1970s, was a local television director for ten years in Norfolk, Virginia and Atlanta, Georgia, before switching to newspaper photojournalism in Atlanta. He moved to the Cincinnati Enquirer for twelve years. While at the Enquirer, from 1966 to 1978, he won twenty-two Ohio awards for photojournalism and two national awards, including a National Press Photographers Association award for best photo story coverage of the Senate Watergate hearings.

Hubbard did freelance photojournalism in Cincinnati from 1978 to 1983, primarily doing work for local hospitals and for Black Star Photo Agency in New York. His Black Star assignments have appeared in many national magazines including Time, People Weekly, TV Guide, US Magazine, The New York Times, BusinessWeek, Fortune, Barrons, Der Spiegel, Family Circle, Good Housekeeping, etc. Hubbard holds master¿s from the University of Cincinnati. He taught photojournalism at The Ohio State University School of Journalism and Communication from 1983 to 1998. He has been creating and showing digital abstract art since 2000.",1931.0,,10045412.0,Cincinnati (Ohio),"39 09 N, 084 27 W (39.15, -84.45)",People and Community
553434,1973-08-01,"WATER IN DRAINAGE DITCH, CLOGGED WITH WASTES, FLOWS FROM THE LEOMINSTER DUMP AREA INTO THE ALREADY SEVERELY POLLUTED NASHUA RIVER",183/55/010975,NWDNS-412-DA-10975,https://s3.us-east-1.amazonaws.com/NARAprodstorage/lz/stillpix/412-da/412-DA-10975_13-0427M.TIF,553434.jpg,"Massar, Ivan,","Ivan Massar (b. 1924), photographer for the Environmental Protection Agency's Documerica project in the 1970s.",1924.0,,10045413.0,Fitchburg (Mass.),"42 35 N, 071 48 W (42.583, -71.8)",Pollution and Environmental Damage
553497,1973-10-01,"THE WATKINS OF MULKY SQUARE, A FAMILY OF ELEVEN, LIVE IN THE 1600 BLOCK OF MADISON STREET, A FEW BLOCKS FROM THE AREA BEING CLEARED FOR I-635. MRS. WATKINS AND SOME OF HER YOUNGER CHILDREN",184/58/011038,NWDNS-412-DA-11038,https://s3.us-east-1.amazonaws.com/NARAprodstorage/lz/stillpix/412-da/412-DA-11038_13-0490M.TIF,553497.jpg,"Paik, Kenneth,","K. Kenneth Pail (1940-2006), photojournalist, picture editor, and columnist. He immigrated to America in 1963 from his native Seoul, South Korea. He was a photographer at The Kansas City Star and Times after finishing graduate school at the University of Missouri School of Journalism in Columbia. Paik once worked as the graphics director for the newspapers in Jacksonville, Florida, and then later became the director of photography for The Evening Sun in Baltimore, Maryland. He was promoted to assistant managing editor for news at The Evening Sun and worked in that role until he left the newspaper in 1992 to be a columnist and consultant for the New York City edition of Korea Times. He won a World Press Photo award for his coverage of the first major famine in Ethiopia. In 1982, NPPA honored him with the J. Winton Lemen Fellowship Award for outstanding service in the interests of press photography and for outstanding technical achievement in photography.",1940.0,2006.0,10046046.0,Kansas City (Mo.),"39 05 N, 094 34 W (39.083, -94.567)",Urban Landscape
553529,1973-10-01,BILLY WATKINS EATS A BOWL OF CEREAL IN THE LIVING ROOM OF HIS HOUSE IN MULKY SQUARE. BILLY IS ONE OF 9 CHILDREN OF A BISCUIT COMPANY WORKER AND HIS WIFE,185/30/011070,NWDNS-412-DA-11070,https://s3.us-east-1.amazonaws.com/NARAprodstorage/lz/stillpix/412-da/412-DA-11070_13-0522M.TIF,553529.jpg,"Paik, Kenneth,","K. Kenneth Pail (1940-2006), photojournalist, picture editor, and columnist. He immigrated to America in 1963 from his native Seoul, South Korea. He was a photographer at The Kansas City Star and Times after finishing graduate school at the University of Missouri School of Journalism in Columbia. Paik once worked as the graphics director for the newspapers in Jacksonville, Florida, and then later became the director of photography for The Evening Sun in Baltimore, Maryland. He was promoted to assistant managing editor for news at The Evening Sun and worked in that role until he left the newspaper in 1992 to be a columnist and consultant for the New York City edition of Korea Times. He won a World Press Photo award for his coverage of the first major famine in Ethiopia. In 1982, NPPA honored him with the J. Winton Lemen Fellowship Award for outstanding service in the interests of press photography and for outstanding technical achievement in photography.",1940.0,2006.0,10046046.0,Kansas City (Mo.),"39 05 N, 094 34 W (39.083, -94.567)",People and Community
553638,1973-09-01,"IN AUGUST, 1973, A MAJOR FOREST FIRE SWEPT THROUGH THE WESTERN SLOPES OF THE SIERRA MOUNTAIN RANGE NEAR SONORA, CALIFORNIA SALVAGE OPERATIONS ON ACREAGE OWNED BY THE PICKERING LUMBER COMPANY OF STANDARD, CALIFORNIA., BEGAN PROMPTLY. PICKERING LOGGERS IN BURN AREA",187/19/011179,NWDNS-412-DA-11179,https://s3.us-east-1.amazonaws.com/NARAprodstorage/lz/stillpix/412-da/412-DA-11179_13-0631M.TIF,553638.jpg,"O'Rear, Charles,","Charles O'Rear (b. Nov. 26, 1941) was a contributing photographer to the Environmental Protection Agency's Documerica project in the early 1970s.",1941.0,,10046144.0,Yosemite National Park (Calif.),"37 51 N, 119 34 W (37.85, -119.57)",Pollution and Environmental Damage
553863,1972-05-01,"NATIONAL METALS JUNKYARD. (FROM THE SITES EXHIBITION. FOR OTHER IMAGES IN THIS ASSIGNMENT, SEE FICHE NUMBERS 38, 39, 40, 58.)",191/04/011404,NWDNS-412-DA-11404,https://s3.us-east-1.amazonaws.com/NARAprodstorage/lz/stillpix/412-da/412-DA-11404_13-0856M.TIF,553863.jpg,"McAllister, Bruce,","Bruce McAllister, born 1936 in San Francisco, California, is photojournalist and contributing photographer to the Environmental Protection Agency's Documerica project in the early 1970s.",1936.0,,10045505.0,Denver (Colo.),"39 44 N, 104 59 W (39.733, -104.98)",Urban Landscape
553885,1972-09-01,"TROJAN NUCLEAR POWER PLANT ON THE COLUMBIA RIVER. (FROM THE SITES EXHIBITION. FOR OTHER IMAGES IN THIS ASSIGNMENT, SEE FICHE NUMBERS 42, 43, 44, 45, 46, 47.)",191/26/011426,NWDNS-412-DA-11426,https://s3.us-east-1.amazonaws.com/NARAprodstorage/lz/stillpix/412-da/412-DA-11426_13-0877M.TIF,553885.jpg,"Daniels, Gene,",,,,10042015.0,Prescott (Or.),"46 02 N, 122 53 W (46.033, -122.88)",Industrial Site
553992,1973-10-01,SUNSET AT MANELE BAY,193/20/011540,NWDNS-412-DA-11540,https://s3.us-east-1.amazonaws.com/NARAprodstorage/lz/stillpix/412-da/412-DA-11540_13-0984M.TIF,553992.jpg,"O'Rear, Charles,","Charles O'Rear (b. Nov. 26, 1941) was a contributing photographer to the Environmental Protection Agency's Documerica project in the early 1970s.",1941.0,,10036848.0,Lanai (Hawaii),"20 50 N, 156 55 W (20.833, -156.92)",Rural Landscape
554082,1973-11-01,HONOMANU BAY LIES IN A CONSERVATION DISTRICT OF THE ISLAND,194/50/011630,NWDNS-412-DA-11630,https://s3.us-east-1.amazonaws.com/NARAprodstorage/lz/stillpix/412-da/412-DA-11630_13-1074M.TIF,554082.jpg,"O'Rear, Charles,","Charles O'Rear (b. Nov. 26, 1941) was a contributing photographer to the Environmental Protection Agency's Documerica project in the early 1970s.",1941.0,,10046810.0,Maui (Hawaii),"20 48 N, 156 20 W (20.8, -156.33)",Rural Landscape
554190,1973-09-01,"NEAR THE TOWN OF WISCONSIN DELLS THE WISCONSIN RIVER CHANNELS THROUGH DEEP, SOFT SANDSTONE CLIFFS, CUTTING THE ROCK INTO FANTASTIC SHAPES. THESE NATURAL SPLENDORS HAVE GIVEN RISE TO A BOOMING TOURIST INDUSTRY. PEOPLE COME IN DROVES, OFTEN IN CAMPERS AND TRAILERS. BOAT TRIPS, SHOPS, BARS, AND DIVERSIONS OF EVERY KIND VIE FOR PATRONAGE IN AN AMUSEMENT COMPLEX EXTENDING 2 OR 3 MILES BEYOND THE TOWN",196/38/011738,NWDNS-412-DA-11738,https://s3.us-east-1.amazonaws.com/NARAprodstorage/lz/stillpix/412-da/412-DA-11738_13-1182M.TIF,554190.jpg,"Dovydenas, Jonas,",Jonas Dovydenas (b. 1939) emigrated to USA in 1949. He is a graduate of Brown University and a free-lance photographer since 1968.,1939.0,,10045106.0,Wisconsin,"45 00 N, 090 00 W (45, -90)",Pollution and Environmental Damage
554198,1973-06-01,HERBERT MAY AND COMPANIONS GEAR UP TO FISH ON RED LAKE,196/46/011746,NWDNS-412-DA-11746,https://s3.us-east-1.amazonaws.com/NARAprodstorage/lz/stillpix/412-da/412-DA-11746_13-1190M.TIF,554198.jpg,"Dovydenas, Jonas,",Jonas Dovydenas (b. 1939) emigrated to USA in 1949. He is a graduate of Brown University and a free-lance photographer since 1968.,1939.0,,10046817.0,Lake of the Woods County (Minn.),"48 45 N, 094 55 W (48.75, -94.917)",Agriculture and Farming
554211,1973-06-01,JUNKYARD FOR WORN-OUT AGRICULTURAL IMPLEMENTS AT KARLSTAD,196/59/011759,NWDNS-412-DA-11759,https://s3.us-east-1.amazonaws.com/NARAprodstorage/lz/stillpix/412-da/412-DA-11759_13-1203M.TIF,554211.jpg,"Dovydenas, Jonas,",Jonas Dovydenas (b. 1939) emigrated to USA in 1949. He is a graduate of Brown University and a free-lance photographer since 1968.,1939.0,,10046817.0,Lake of the Woods County (Minn.),"48 45 N, 094 55 W (48.75, -94.917)",Industrial Site
554544,1973-06-01,"BULLDOZER OPERATOR AT BIG MOOSE, DUMP COVERING TRASH IN THE ADIRONDACK FOREST PRESERVE",202/32/012092,NWDNS-412-DA-12092,https://s3.us-east-1.amazonaws.com/NARAprodstorage/lz/stillpix/412-da/412-DA-12092_14-0272M.TIF,554544.jpg,"LaBastille, Anne,","Anne LaBastille (b. Nov. 20, 1935, Montclair, N.J.-d. July 1, 2011, Plasttsburgh, N.Y.) was an ecological consultant, writer, photographer and lecturer, who obtained her Ph.D. from Cornell University in Wildlife Ecology, following an M.S. in Wildlife Management from Colorado State University and a B.S. in Conservation of Natural Resources from Cornell. She has held the post of president of West of the Wind Publications in Westport, New York. She has devoted her life to conservation of endangered wildlife, ecological studies of birds and mammals, preservation of wilderness and wildlands, international conservation projects, tropical rain forest, acid rain, and land and lake use planning. She is perhaps best known for her autobiographical Woodswoman trilogy, in which she explores her experiences building a cabin and leading a Thoreau-like existence in the Adirondacks. She was a photographer for the DOCUMERICA Project developed by the Environmental Protection Agency in the early 1970s.",1935.0,2011.0,,,,Industrial Site
554562,1973-07-01,"ABANDONED FARM WHICH DID NOT SUCCEED NEAR ELIZABETHTOWN NEW YORK, IN THE ADIRONDACK FOREST PRESERVE",202/50/012110,NWDNS-412-DA-12110,https://s3.us-east-1.amazonaws.com/NARAprodstorage/lz/stillpix/412-da/412-DA-12110_14-0290M.TIF,554562.jpg,"LaBastille, Anne,","Anne LaBastille (b. Nov. 20, 1935, Montclair, N.J.-d. July 1, 2011, Plasttsburgh, N.Y.) was an ecological consultant, writer, photographer and lecturer, who obtained her Ph.D. from Cornell University in Wildlife Ecology, following an M.S. in Wildlife Management from Colorado State University and a B.S. in Conservation of Natural Resources from Cornell. She has held the post of president of West of the Wind Publications in Westport, New York. She has devoted her life to conservation of endangered wildlife, ecological studies of birds and mammals, preservation of wilderness and wildlands, international conservation projects, tropical rain forest, acid rain, and land and lake use planning. She is perhaps best known for her autobiographical Woodswoman trilogy, in which she explores her experiences building a cabin and leading a Thoreau-like existence in the Adirondacks. She was a photographer for the DOCUMERICA Project developed by the Environmental Protection Agency in the early 1970s.",1935.0,2011.0,,,,Rural Landscape
554566,1973-07-01,"NEW HIGHWAY 30 NEAR TUPPER LAKE, NEW YORK, SHOWS FINE GRADING, DRAINAGE FIELDS AND GRASSING FOR EROSION CONTROL, IN THE ADIRONDACK FOREST PRESERVE",202/54/012114,NWDNS-412-DA-12114,https://s3.us-east-1.amazonaws.com/NARAprodstorage/lz/stillpix/412-da/412-DA-12114_14-0294M.TIF,554566.jpg,"LaBastille, Anne,","Anne LaBastille (b. Nov. 20, 1935, Montclair, N.J.-d. July 1, 2011, Plasttsburgh, N.Y.) was an ecological consultant, writer, photographer and lecturer, who obtained her Ph.D. from Cornell University in Wildlife Ecology, following an M.S. in Wildlife Management from Colorado State University and a B.S. in Conservation of Natural Resources from Cornell. She has held the post of president of West of the Wind Publications in Westport, New York. She has devoted her life to conservation of endangered wildlife, ecological studies of birds and mammals, preservation of wilderness and wildlands, international conservation projects, tropical rain forest, acid rain, and land and lake use planning. She is perhaps best known for her autobiographical Woodswoman trilogy, in which she explores her experiences building a cabin and leading a Thoreau-like existence in the Adirondacks. She was a photographer for the DOCUMERICA Project developed by the Environmental Protection Agency in the early 1970s.",1935.0,2011.0,,,,Transportation and Infrastructure
554695,1973-10-01,"FIRE TOWER ON BALD MOUNTAIN NEAR FOURTH LAKE, MOST OF THE TOWERS ARE NO LONGER USED BECAUSE FIRE PATROLS ARE MADE BY PLANE TO SAVE ON MANPOWER, IN THE ADIRONDACK FOREST PRESERVE",205/03/012243,NWDNS-412-DA-12243,https://s3.us-east-1.amazonaws.com/NARAprodstorage/lz/stillpix/412-da/412-DA-12243_14-0423M.TIF,554695.jpg,"LaBastille, Anne,","Anne LaBastille (b. Nov. 20, 1935, Montclair, N.J.-d. July 1, 2011, Plasttsburgh, N.Y.) was an ecological consultant, writer, photographer and lecturer, who obtained her Ph.D. from Cornell University in Wildlife Ecology, following an M.S. in Wildlife Management from Colorado State University and a B.S. in Conservation of Natural Resources from Cornell. She has held the post of president of West of the Wind Publications in Westport, New York. She has devoted her life to conservation of endangered wildlife, ecological studies of birds and mammals, preservation of wilderness and wildlands, international conservation projects, tropical rain forest, acid rain, and land and lake use planning. She is perhaps best known for her autobiographical Woodswoman trilogy, in which she explores her experiences building a cabin and leading a Thoreau-like existence in the Adirondacks. She was a photographer for the DOCUMERICA Project developed by the Environmental Protection Agency in the early 1970s.",1935.0,2011.0,10045276.0,New York (N.Y.),"40 42 N, 074 00 W (40.7, -74)",Pollution and Environmental Damage
554789,1973-10-01,"THIS ROAD, ROUTE 100 IN SOUTHEASTERN OHIO, WAS PAID FOR BY TAXPAYERS AND TAKEN OVER BY THE HANNA COAL COMPANY. STRIP MINING OPPONENTS CLAIM COMPANY EMPLOYEES WERE TOLD TO VOTE FOR THE ROAD CLOSING OR RISK LOSING THEIR JOBS. MANY LOCAL ROADS IN THE AREA HAVE BEEN CLOSED. OFF INTERSTATE 70",206/37/012337,NWDNS-412-DA-12337,https://s3.us-east-1.amazonaws.com/NARAprodstorage/lz/stillpix/412-da/412-DA-12337_14-0517M.TIF,554789.jpg,"Calonius, Erik","Erik Calonius, photojournalist and contributing photographer to the Environmental Protection Agency's Documerica project in the early 1970s.",,,10042070.0,Barnesville (Ohio),"39 59 N, 081 10 W (39.983, -81.167)",Rural Landscape
554902,1973-05-01,"YOUNG MAN PICKS LEAVES FROM HIS GIRL'S HAIR AFTER THEY HAD EMBRACED ON THE BANKS OF THE FRIO CANYON RIVER NEAR LEAKEY, TEXAS AND SAN ANTONIO",208/30/012450,NWDNS-412-DA-12450,https://s3.us-east-1.amazonaws.com/NARAprodstorage/lz/stillpix/412-da/412-DA-12450_14-0630M.TIF,554902.jpg,"St. Gil, Marc,","Marc St. Gil was born in Helmond, The Netherlands, on February 10, 1924. He worked as a photojournalist and contributing photographer to the Environmental Protection Agency's Project Documerica in the 1970s. He died on August 13, 1992, in Katy, Texas, near Houston.",1924.0,1992.0,10045173.0,Texas,"30 00 N, 100 00 W (30, -100)",People and Community
554976,1973-06-01,"GNARLY WESTERN RED CEDAR IN COASTAL SPRUCE FOREST WITH TYPICAL GROUND COVER IN THE PACIFIC COAST AREA OF THE OLYMPIC NATIONAL PARK, WASHINGTON",209/44/012524,NWDNS-412-DA-12524,https://s3.us-east-1.amazonaws.com/NARAprodstorage/lz/stillpix/412-da/412-DA-12524_14-0704M.TIF,554976.jpg,,,,,,,,Nature and Wildlife
555396,1973-10-01,THE COLUMBIA RIVER SHOWN HERE AT ROOSTER ROCK STATE PARK 18 MILES EAST OF PORTLAND. IS SHOWN AT A RECORD LOW. RIVER BEDS NEVER SEEN BEFORE WERE EXPOSED MORE THAN THREE MONTHS BECAUSE OF A LACK OF PRECIPITATION THE PREVIOUS YEAR,216/44/012944,NWDNS-412-DA-12944,https://s3.us-east-1.amazonaws.com/NARAprodstorage/lz/stillpix/412-da/412-DA-12944_14-1124M.TIF,555396.jpg,"Falconer, David","David Falconer, photojournalist and contributing photographer to the Environmental Protection Agency's Documerica project in the early 1970s.",,,10045326.0,Oregon,"44 00 N, 120 00 W (44, -120)",Pollution and Environmental Damage
555436,1973-12-01,"IT SEEMS PEOPLE DON'T CONSIDER SOMETHING AS A CRISIS OR NATIONAL ISSUE UNTIL IT IS REPRODUCED ON A TEE SHIRT. THIS MESSAGE ""JOIN THE ENERGY CORPS,"" WAS PRODUCED BY A POWER COMPANY, AND WORN BY A LITTLE GIRL",217/24/012984,NWDNS-412-DA-12984,https://s3.us-east-1.amazonaws.com/NARAprodstorage/lz/stillpix/412-da/412-DA-12984_14-1164M.TIF,555436.jpg,"Falconer, David","David Falconer, photojournalist and contributing photographer to the Environmental Protection Agency's Documerica project in the early 1970s.",,,10045767.0,Portland (Or.),"45 31 N, 122 40 W (45.517, -122.67)",People and Community
555460,1973-12-01,SOME MOTORISTS RAN OUT OF GAS SUCH AS THIS MAN IN PORTLAND AND HAD TO STAND IN LINE WITH A GAS CAN DURING THE FUEL CRISIS IN THE PACIFIC NORTHWEST,217/48/013008,NWDNS-412-DA-13008,https://s3.us-east-1.amazonaws.com/NARAprodstorage/lz/stillpix/412-da/412-DA-13008_14-1188M.TIF,555460.jpg,"Falconer, David","David Falconer, photojournalist and contributing photographer to the Environmental Protection Agency's Documerica project in the early 1970s.",,,10045767.0,Portland (Or.),"45 31 N, 122 40 W (45.517, -122.67)",Urban Landscape
555545,1974-06-01,"DYING CORN PLANT IS SHOWN IN A TRUCK GARDEN ABOUT 12 HOURS AFTER BEING CONTAMINATED WHEN A PENNWALT CORPORATION CHEMICAL STORAGE PLANT WAS DESTROYED BY FIRE AND EXPLOSIONS BELIEVED CAUSED BY LIGHTNING. CHEMICALS ALSO SPILLED INTO THE OLENTANGY RIVER JUNE 20, 1974, AND CAUSED A MAJOR FISH KILL. EPA AUTHORITIES SUPERVISED THE CLEANUP",219/13/013093,NWDNS-412-DA-13093,https://s3.us-east-1.amazonaws.com/NARAprodstorage/lz/stillpix/412-da/412-DA-13093_14-1273M.TIF,555545.jpg,"Sequeira, Paul","Paul Sequeira, photojournalist and contributing photographer to the Environmental Protection Agency's Documerica project in the early 1970s.",,,10045495.0,Delaware (Ohio),"40 17 N, 083 04 W (40.283, -83.067)",Pollution and Environmental Damage
555743,1974-05-01,"THE EAST SIDE OF MANHATTAN, NEW YORK. THE NEW YORK, NEW JERSEY METROPOLITAN REGION IS ONE OF THE MOST CONGESTED URBAN AND INDUSTRIAL AREAS OF THE WORLD. TRANSPORTATION IN AN AREA LIKE NEW YORK PRODUCES ENVIRONMENTAL PROBLEMS OF ITS OWN. THE AUTOMOBILE MUST TAKE RESPONSIBILITY FOR AIR POLLUTION, ONE OF THE MORE CRITICAL PROBLEMS AFFECTING THE BIGHT",222/31/013291,NWDNS-412-DA-13291,https://s3.us-east-1.amazonaws.com/NARAprodstorage/lz/stillpix/412-da/412-DA-13291_15-0171M.TIF,555743.jpg,"Alexander, Hope",,,,10045276.0,New York (N.Y.),"40 42 N, 074 00 W (40.7, -74)",Urban Landscape
555756,1974-06-01,"COASTAL DEVELOPMENT AT CONEY ISLAND, NEW YORK. THE NEW YORK, NEW JERSEY METROPOLITAN REGION IS ONE OF THE MOST CONGESTED URBAN AND INDUSTRIAL AREAS IN THE WORLD. STRESS FACTORS WHICH AFFECT THE BIGHT INCLUDE AIR AND WATER POLLUTION, DESTRUCTION OF WETLANDS WHICH ARE NURSERIES FOR MARINE LIFE, COASTAL OVERDEVELOPMENT, AND OCEAN DUMPING OF MUNICIPAL AND INDUSTRIAL WASTES",222/44/013304,NWDNS-412-DA-13304,https://s3.us-east-1.amazonaws.com/NARAprodstorage/lz/stillpix/412-da/412-DA-13304_15-0184M.TIF,555756.jpg,"Alexander, Hope",,,,10046382.0,"Coney Island (New York, N.Y.)","40 34 N, 073 59 W (40.567, -73.983)",Urban Landscape
555800,1974-04-01,"NEW YORK CITY OWNED SLUDGE VESSEL HEADING FOR A DUMP SITE IN THE NEW YORK BIGHT WITH ROCKAWAY BEACH, LONG ISLAND, IN THE BACKGROUND. ASIDE FROM SEWAGE SLUDGE AND INDUSTRIAL WASTES, THE BIGHT IS A DISPOSAL SITE FOR DREDGE SPOILS, CONSTRUCTION DEBRIS AND DERELICT VESSELS. DREDGE SPOILS ARE DUMPED SIX MILES FROM SHORE SLUDGE 12 MILES, WASTE ACID 15 MILES AND CHEMICAL WASTES 106 MILES",223/28/013348,NWDNS-412-DA-13348,https://s3.us-east-1.amazonaws.com/NARAprodstorage/lz/stillpix/412-da/412-DA-13348_15-0228M.TIF,555800.jpg,"Alexander, Hope",,,,,,,Pollution and Environmental Damage
555812,1974-05-01,"AN AREA. LANDFILL AND INCINERATION ARE ALTERNATIVES TO OCEAN DUMPING, BUT INCINERATION ADDS TO AIR POLLUTION AND LANDFILL NEEDS ADEQUATE OPEN LAND WHICH IS HARD TO FIND. LANDFILL ALSO MEANS A POTENTIAL DANGER OF POLLUTING GROUNDWATER NEAR THE DUMP SITE",223/40/013360,NWDNS-412-DA-13360,https://s3.us-east-1.amazonaws.com/NARAprodstorage/lz/stillpix/412-da/412-DA-13360_15-0240M.TIF,555812.jpg,"Alexander, Hope",,,,,,,Pollution and Environmental Damage
555865,1974-04-01,AERIAL VIEW OF THE POND WHEN CLEANUP OPERATIONS WERE HALF FINISHED. IN THE BACKGROUND BEYOND THE POND IS THE DISPOSAL SITE FOR THE LIQUID WHICH WAS TREATED AND NEUTRALIZED. IN THE UPPER LEFT PORTION OF THE PICTURE ARE EVAPORATION CELLS ON THE EDGE OF GREAT SALT LAKE. EPA PERSONNEL SUPERVISED THE CLEANUP AND DISPOSAL OF MATERIALS,224/33/013413,NWDNS-412-DA-13413,https://s3.us-east-1.amazonaws.com/NARAprodstorage/lz/stillpix/412-da/412-DA-13413_15-0293M.TIF,555865.jpg,"McAllister, Bruce,","Bruce McAllister, born 1936 in San Francisco, California, is photojournalist and contributing photographer to the Environmental Protection Agency's Documerica project in the early 1970s.",1936.0,,10045932.0,Ogden (Utah),"41 13 N, 111 58 W (41.217, -111.97)",Transportation and Infrastructure
555868,1974-04-01,"PUMPING OPERATION UNDERWAY WHICH REMOVED SOME 1,200,000 GALLONS OF ACID WATER AND OIL FROM THE FIVE ACRE POND. THE LIQUID WAS NEUTRALIZED AFTER REMOVAL AND TRUCKED TO A NEARBY SITE FOR DISPOSAL. THE POND WAS CLEANED UP UNDER EPA SUPERVISION TO PREVENT POSSIBLE CONTAMINATION OF NEARBY GREAT SALT LAKE AND A WILDLIFE REFUGE",224/36/013416,NWDNS-412-DA-13416,https://s3.us-east-1.amazonaws.com/NARAprodstorage/lz/stillpix/412-da/412-DA-13416_15-0296M.TIF,555868.jpg,"McAllister, Bruce,","Bruce McAllister, born 1936 in San Francisco, California, is photojournalist and contributing photographer to the Environmental Protection Agency's Documerica project in the early 1970s.",1936.0,,10045932.0,Ogden (Utah),"41 13 N, 111 58 W (41.217, -111.97)",Pollution and Environmental Damage
555870,1974-04-01,CLEANUP OPERATIONS ON THIS FIVE ACRE POND WERE HALF FINISHED WHEN THIS PICTURE WAS TAKEN. DIKES HAD BEEN PLACED TO SEPARATE THE ACID WATER AND OIL FOR REMOVAL. AS THE LIQUID WAS REMOVED THE JUNKED CARS AND OTHER DEBRIS WERE PILED FOR DISPOSAL. EPA PERSONNEL SUPERVISED THE CLEANUP WHICH WAS DONE TO PREVENT POSSIBLE CONTAMINATION OF THE AREA,224/38/013418,NWDNS-412-DA-13418,https://s3.us-east-1.amazonaws.com/NARAprodstorage/lz/stillpix/412-da/412-DA-13418_15-0298M.TIF,555870.jpg,"McAllister, Bruce,","Bruce McAllister, born 1936 in San Francisco, California, is photojournalist and contributing photographer to the Environmental Protection Agency's Documerica project in the early 1970s.",1936.0,,10045932.0,Ogden (Utah),"41 13 N, 111 58 W (41.217, -111.97)",Pollution and Environmental Damage
555876,1974-04-01,"SOME OF THE LIQUID SLUDGE WHICH HAD BEEN TREATED AND SPREAD AT THE DISPOSAL AREA TRICKLED TO THE LOWEST PORTION OF SITE. IT WAS COLLECTED AND RETURNED TO ANOTHER PART OF THE DISPOSAL AREA. EPA PERSONNEL SUPERVISED CLEANUP OF THE CONTAMINATED POND, TREATMENT AND DISPOSAL. THE POND POSED A POSSIBLE HAZARD TO GREAT SALT LAKE AND A NEARBY WILDLIFE REFUGE",224/44/013424,NWDNS-412-DA-13424,https://s3.us-east-1.amazonaws.com/NARAprodstorage/lz/stillpix/412-da/412-DA-13424_15-0304M.TIF,555876.jpg,"McAllister, Bruce,","Bruce McAllister, born 1936 in San Francisco, California, is photojournalist and contributing photographer to the Environmental Protection Agency's Documerica project in the early 1970s.",1936.0,,10045932.0,Ogden (Utah),"41 13 N, 111 58 W (41.217, -111.97)",Agriculture and Farming
555922,1974-06-01,"PRIVATE RESIDENCE ON NORTH MAIN STREET IN PATERSON, NEW JERSEY. THE INNER CITY TODAY IS AN ABSOLUTE CONTRADICTION TO THE MAIN STREAM AMERICA OF GAS STATIONS, EXPRESSWAYS, SHOPPING CENTERS AND TRACT HOMES. IT IS POPULATED BY BLACKS, LATINS AND THE WHITE POOR. MOST OF ALL, THE INNER CITY IS HUMAN BEINGS, AS THREATENED AND BEAUTIFUL AS THE 19TH CENTURY BUILDINGS IN THEIR ENVIRONMENT",225/30/013470,NWDNS-412-DA-13470,https://s3.us-east-1.amazonaws.com/NARAprodstorage/lz/stillpix/412-da/412-DA-13470_15-0350M.TIF,555922.jpg,"Lyon, Danny,","Danny Lyon (b. 1942, New York City), photographer and film maker.",1942.0,,10045805.0,Paterson (N.J.),"40 55 N, 074 10 W (40.917, -74.167)",Urban Landscape
555970,1974-06-01,"CHILDREN SLEEPING IN ONE OF THE CHAIR CARS ON THE SOUTHWEST LIMITED, AN OVERNIGHT TRAIN FROM LOS ANGELES, CALIFORNIA, TO ALBUQUERQUE, NEW MEXICO. COMPARTMENTS ARE AVAILABLE FOR PASSENGERS WHO WISH TO PAY MORE MONEY. THE TRAIN ALSO HAS A DOME CAR, DINING CAR AND LOUNGE CAR. IT ENDS ITS RUN IN CHICAGO",226/18/013518,NWDNS-412-DA-13518,https://s3.us-east-1.amazonaws.com/NARAprodstorage/lz/stillpix/412-da/412-DA-13518_15-0398M.TIF,555970.jpg,"O'Rear, Charles,","Charles O'Rear (b. Nov. 26, 1941) was a contributing photographer to the Environmental Protection Agency's Documerica project in the early 1970s.",1941.0,,,,,Pollution and Environmental Damage
556086,1974-06-01,"FIREMAN, LEFT, AND ENGINEER IN THE CAB OF THE EMPIRE BUILDER PASSENGER TRAIN AS IT HEADS WEST FROM CHICAGO TO EAST GLACIER PARK MONTANA, AND SEATTLE, WASHINGTON. AMTRAK, SINCE IT ASSUMED RESPONSIBILITY FOR MOST U.S. INTERCITY RAIL PASSENGER SERVICE IN 1971 HAS BEEN WORKING TO IMPROVE FACILITIES AND ATTRACT RIDERS BY USING METHODS EMPLOYED BY THE AIRLINES SUCH AS COMPUTERIZED RESERVATIONS",228/14/013634,NWDNS-412-DA-13634,https://s3.us-east-1.amazonaws.com/NARAprodstorage/lz/stillpix/412-da/412-DA-13634_15-0514M.TIF,556086.jpg,"O'Rear, Charles,","Charles O'Rear (b. Nov. 26, 1941) was a contributing photographer to the Environmental Protection Agency's Documerica project in the early 1970s.",1941.0,,10045399.0,Chicago (Ill.),"41 51 N, 087 39 W (41.85, -87.65)",Industrial Site
556169,1973-06-01,BLACK NEIGHBORS OUTSIDE ON CHICAGO'S WEST SIDE. THEY ARE PART OF THE NEARLY 1.2 MILLION PEOPLE OF THEIR RACE WHO MAKE UP MORE THAN ONE THIRD OF CHICAGO'S POPULATION. THE WEST SIDE WAS HARD HIT BY RIOTS AND FIRES IN THE MID AND LATE 1960'S. THE 1970 CENSUS NOTED THAT 22 TO 29% OF THE AREA'S RESIDENTS LIVED BELOW THE OFFICIAL POVERTY LEVEL. BLACK BUSINESSMEN REACHED AGREEMENTS WITH NATIONAL FRANCHISES WHICH RESULTED IN PUMPING $20 MILLION IN JOBS FOR RESIDENTS BY 1974,229/37/013717,NWDNS-412-DA-13717,https://s3.us-east-1.amazonaws.com/NARAprodstorage/lz/stillpix/412-da/412-DA-13717_15-0597M.TIF,556169.jpg,"White, John H.,","John H. White (b. 1945), photojournalist and contributing photographer to the Environmental Protection Agency's Documerica project in the early 1970s.",1945.0,,10045399.0,Chicago (Ill.),"41 51 N, 087 39 W (41.85, -87.65)",People and Community
556195,1973-10-01,"A PORTION OF LAKE SHORE DRIVE IN CHICAGO. IT AND THE OUTER DRIVE ARE THE CITY'S MOST SPECTACULAR STREET. TRAFFIC MOTORS ALONG LAKE MICHIGAN FROM 5600 NORTH TO 6600 SOUTH, GENERALLY AT 45 MPH. THE DRIVE PROVIDES A CONTINUOUS, LANDSCAPED ASPECT OF CHICAGO'S FRONT YARD. THERE ARE FOUR LANES EACH WAY, BUT SIX LANES ARE ONE WAY IN AND SIX OUT DURING THE MORNING AND EVENING RUSH HOURS. THE FIELD MUSEUM OF NATURAL HISTORY IS SEEN IN THE BACKGROUND",230/03/013743,NWDNS-412-DA-13743,https://s3.us-east-1.amazonaws.com/NARAprodstorage/lz/stillpix/412-da/412-DA-13743_15-0623M.TIF,556195.jpg,"White, John H.,","John H. White (b. 1945), photojournalist and contributing photographer to the Environmental Protection Agency's Documerica project in the early 1970s.",1945.0,,10045399.0,Chicago (Ill.),"41 51 N, 087 39 W (41.85, -87.65)",Transportation and Infrastructure
556253,1973-07-01,THE REV. JESSE JACKSON SPEAKS ON A RADIO BROADCAST FROM THE HEADQUARTERS OF OPERATION PUSH AT ITS ANNUAL CONVENTION. ONE OF THE AIMS OF THE ORGANIZATION IS TO OPEN THE WORLD OF BUSINESS TO SMALL BLACK OWNED BUSINESSES. REV. JACKSON IS CREDITED FOR HELPING TO MAKE CHICAGO THE BLACK BANKING CAPITAL OF THE COUNTRY. HE HELPED PERSUADE WHITE COMPANIES TO STOP TAKING PROFITS EARNED FROM BLACK CONSUMERS TO THE WHITE SUBURBS,231/01/013801,NWDNS-412-DA-13801,https://s3.us-east-1.amazonaws.com/NARAprodstorage/lz/stillpix/412-da/412-DA-13801_15-0681M.TIF,556253.jpg,"White, John H.,","John H. White (b. 1945), photojournalist and contributing photographer to the Environmental Protection Agency's Documerica project in the early 1970s.",1945.0,,10045399.0,Chicago (Ill.),"41 51 N, 087 39 W (41.85, -87.65)",People and Community
556281,1973-08-01,"CLOSEUP OF A BLACK BEAUTY GRACING A FLOAT DURING THE ANNUAL BUD BILLIKEN DAY PARADE ALONG DR. MARTIN L. KING JR. DRIVE ON CHICAGO'S SOUTH SIDE. UP TO A HALF MILLION PEOPLE VIEW ONE OF THE LARGEST EVENTS OF THE YEAR, HELD FOR BLACKS OF ALL AGES AND ECONOMIC STATUS. THE PARADE ALSO INCLUDES BLACK POLITICIANS, BLACK BUSINESSES DISPLAYING THEIR PRODUCTS AND BLACK BANDS",231/29/013829,NWDNS-412-DA-13829,https://s3.us-east-1.amazonaws.com/NARAprodstorage/lz/stillpix/412-da/412-DA-13829_15-0709M.TIF,556281.jpg,"White, John H.,","John H. White (b. 1945), photojournalist and contributing photographer to the Environmental Protection Agency's Documerica project in the early 1970s.",1945.0,,10045399.0,Chicago (Ill.),"41 51 N, 087 39 W (41.85, -87.65)",Agriculture and Farming
556336,1974-04-01,"SHIFT OF MINERS IN THE ELEVATOR WHICH WILL TAKE THEM DOWN TO WORK IN THE VIRGINIA-POCAHONTAS MINE #4 NEAR RICHLANDS, VIRGINIA THEY ARE HEADED FOR THE 1,200 FOOT LEVEL. THE BLACK HATS SIGNIFY THAT THE MEN ARE EXPERIENCED MINERS. THE MINER WITH THE GREEN HAT IS A SAFETY MAN. THESE MINES HAVE THREE SHIFTS, TWO WORKING AND ONE CLEANUP",232/24/013884,NWDNS-412-DA-13884,https://s3.us-east-1.amazonaws.com/NARAprodstorage/lz/stillpix/412-da/412-DA-13884_15-0764M.TIF,556336.jpg,"Corn, Jack,","Jack (John Felton) Corn, educator, author, photojournalist, air force photographer, was born in Nashville, Tennessee on January 14, 1929. Corn is retired from Western Kentucky University Journalism program as Professional Photojournalist-in-Residence (1990-1995). He is recognized by Board of Regents as Photojournalism Professional-in-Residence of Journalism, Emeritus effective October 26, 2004. He was Director of Photography of the Chicago Tribune from 1984 to 1991, and during which time the Tribune began using editorial color on a daily basis and became the first paper in the USA to move electronic images for daily production. He is the founder of Western Kentucky University¿s ¿Mountain People¿s Workshop¿ in 1978 and faculty member from 1978 through 1983. Corn was a contributing photographer for the Environmental Protection Agency's Documerica project in the early 1970s.",1929.0,,10042559.0,Richlands (Va.),"37 05 N, 081 47 W (37.083, -81.783)",Pollution and Environmental Damage
556429,1974-04-01,"TRUCK MAKING ITS WAY UP BLAIR MOUNTAIN, A PLACE NEAR LOGAN WEST VIRGINIA, WHICH HOLDS AN IMPORTANT PLACE IN UNION HISTORY PROTESTING FOR BETTER WORKING CONDITIONS, MINERS MARCHED OVER THIS MOUNTAIN IN 1921. MANY WERE SHOT AND KILLED WHEN MET BY FEDERAL TROOPS. THAT ACTION GALVANIZED THE MINERS INTO ACTION AND LED TO UNION ORGANIZATION",233/57/013977,NWDNS-412-DA-13977,https://s3.us-east-1.amazonaws.com/NARAprodstorage/lz/stillpix/412-da/412-DA-13977_15-0857M.TIF,556429.jpg,"Corn, Jack,","Jack (John Felton) Corn, educator, author, photojournalist, air force photographer, was born in Nashville, Tennessee on January 14, 1929. Corn is retired from Western Kentucky University Journalism program as Professional Photojournalist-in-Residence (1990-1995). He is recognized by Board of Regents as Photojournalism Professional-in-Residence of Journalism, Emeritus effective October 26, 2004. He was Director of Photography of the Chicago Tribune from 1984 to 1991, and during which time the Tribune began using editorial color on a daily basis and became the first paper in the USA to move electronic images for daily production. He is the founder of Western Kentucky University¿s ¿Mountain People¿s Workshop¿ in 1978 and faculty member from 1978 through 1983. Corn was a contributing photographer for the Environmental Protection Agency's Documerica project in the early 1970s.",1929.0,,10042265.0,Logan (W. Va.),"37 50 N, 081 59 W (37.833, -81.983)",Rural Landscape
556553,1974-06-01,"A MINER WHO HAD COMPLETED HIS WORK SHIFT IS SHOWN ON A PONY BELONGING TO THE FAMILY OF THE TAVERN OPERATOR. A SHORT WHILE LATER HE WAS BUCKED OFF. THERE IS LITTLE FOR THE YOUNG MINERS TO DO IN THE SMALL MINING TOWNS OTHER THAN DRINK BEER AND TALK. IN RHODELL, WEST VIRGINIA, NEAR BECKLEY",236/01/014101,NWDNS-412-DA-14101,https://s3.us-east-1.amazonaws.com/NARAprodstorage/lz/stillpix/412-da/412-DA-14101_15-0981M.TIF,556553.jpg,"Corn, Jack,","Jack (John Felton) Corn, educator, author, photojournalist, air force photographer, was born in Nashville, Tennessee on January 14, 1929. Corn is retired from Western Kentucky University Journalism program as Professional Photojournalist-in-Residence (1990-1995). He is recognized by Board of Regents as Photojournalism Professional-in-Residence of Journalism, Emeritus effective October 26, 2004. He was Director of Photography of the Chicago Tribune from 1984 to 1991, and during which time the Tribune began using editorial color on a daily basis and became the first paper in the USA to move electronic images for daily production. He is the founder of Western Kentucky University¿s ¿Mountain People¿s Workshop¿ in 1978 and faculty member from 1978 through 1983. Corn was a contributing photographer for the Environmental Protection Agency's Documerica project in the early 1970s.",1929.0,,10042308.0,Rhodell (W. Va.),"37 36 N, 081 18 W (37.6, -81.3)",Transportation and Infrastructure
556676,1974-04-01,"SNACK BAR IS A POPULAR PLACE ON AMTRAK PASSENGER TRAINS THROUGHOUT THE UNITED STATES. THIS ONE IS SITUATED ABOARD ONE OF THE METROLINERS THAT MAKE A TOTAL OF 16 ROUND TRIPS BETWEEN WASHINGTON, DISTRICT OF COLUMBIA, AND NEW YORK CITY EACH DAY. THE CORPORATION REPORTED 18,000,000 PASSENGERS IN THE U.S. DURING 1974, AN INCREASE OF 10 PERCENT FROM THE PREVIOUS YEAR. DESPITE THE ADDED NUMBER OF RIDERS THE CORPORATION REPORTED A DEFICIT OF $272.6 MILLION AND REVENUES OF $256.9 MILLION",238/04/014224,NWDNS-412-DA-14224,https://s3.us-east-1.amazonaws.com/NARAprodstorage/lz/stillpix/412-da/412-DA-14224_15-1104M.TIF,556676.jpg,"Pickerell, Jim,","Jim Pickerell (b. James Howard Pickerell, June 9, 1936, Dayton, Ohio) is a career photojournalist who took photographs for the Environmental Protection Agency's Documerica project in the early 1970s.",1936.0,,,,,People and Community
556718,1974-05-01,"CARS WERE ILLEGALLY PARKED ON TRAFFIC ""ISLANDS"", SIDEWALKS THE GRASS, BUS LANES AND NEAR FIREPLUGS DURING A BUS STRIKE IN WASHINGTON, DISTRICT OF COLUMBIA, IN MAY, 1974. SOME 250,000 PEOPLE WERE FORCED TO FIND ALTERNATE METHODS OF TRANSPORTATION, USUALLY THE CAR. MONUMENTAL TRAFFIC JAMS RESULTED AS DRIVERS LEARNED THERE WERE MORE AUTOS THAN PLACES TO PARK LEGALLY. VERY FEW TICKETS WERE GIVEN FOR VIOLATIONS BECAUSE OF THE SITUATION. NORMALLY 1,800 BUSES ARE USED DURING RUSH HOURS",238/46/014266,NWDNS-412-DA-14266,https://s3.us-east-1.amazonaws.com/NARAprodstorage/lz/stillpix/412-da/412-DA-14266_15-1146M.TIF,556718.jpg,"Pickerell, Jim,","Jim Pickerell (b. James Howard Pickerell, June 9, 1936, Dayton, Ohio) is a career photojournalist who took photographs for the Environmental Protection Agency's Documerica project in the early 1970s.",1936.0,,10046466.0,Washington (D.C.),"38 50 N, 077 00 W (38.833, -77)",Urban Landscape
556804,1974-06-01,"ONE PASSENGER STEPS OFF A METROPOLITAN ATLANTA RAPID TRANSIT AUTHORITY (MARTA) BUS AS ANOTHER WAITS TO CLIMB ON IN ATLANTA GEORGIA. RIDERSHIP INCREASED 27 PERCENT FROM 1970 TO 1974 TO A TOTAL OF 73,727,000. MARTA HAS 715 BUSES, 490 OF THEM NEW, THAT TRAVEL 1,592 ROUTE MILES EACH WORK DAY. NEW SERVICES IN ADDITION TO THE BUSES WERE NEW ROUTES WHICH NOW TOTAL 134, NIGHT SERVICE, PASSENGER WAITING SHELTERS, FRINGE PARKING AND A FARE DECREASE FROM 40 TO 15 CENTS",240/12/014352,NWDNS-412-DA-14352,https://s3.us-east-1.amazonaws.com/NARAprodstorage/lz/stillpix/412-da/412-DA-14352_15-1232M.TIF,556804.jpg,"Pickerell, Jim,","Jim Pickerell (b. James Howard Pickerell, June 9, 1936, Dayton, Ohio) is a career photojournalist who took photographs for the Environmental Protection Agency's Documerica project in the early 1970s.",1936.0,,10045394.0,Atlanta (Ga.),"33 44 N, 084 23 W (33.733, -84.383)",People and Community
556874,1974-10-01,"SOUTHERN RAILWAY RIGHT-OF-WAY WORKER, WORKING WITH A MACHINE THAT AIDS IN REPLACING OLD TRACK WITH NEW QUARTER MILE LONG SECTIONS OF RAIL. ON A GOOD DAY, WHEN THE CREW DOESN'T HAVE TO STOP WORK TOO MANY TIMES TO LET TRAINS PASS ON PARALLEL TRACKS THEY CAN LAY SLIGHTLY LESS THAN TWO MILES OF WELDED TRACKS PER DAY IN 1974 SOUTHERN HAD AN AVERAGE OF FOUR CREWS NUMBERING 50 TO 55 MEN EACH WORKING ON THE SYSTEM'S 10,531 MILES OF RAILROAD",241/22/014422,NWDNS-412-DA-14422,https://s3.us-east-1.amazonaws.com/NARAprodstorage/lz/stillpix/412-da/412-DA-14422_16-0002M.TIF,556874.jpg,"Pickerell, Jim,","Jim Pickerell (b. James Howard Pickerell, June 9, 1936, Dayton, Ohio) is a career photojournalist who took photographs for the Environmental Protection Agency's Documerica project in the early 1970s.",1936.0,,10042389.0,Culpeper (Va.),"38 28 N, 077 59 W (38.467, -77.983)",Transportation and Infrastructure
556893,1974-10-01,"SOUTHERN RAILWAY RIGHT-OF-WAY MACHINERY AND WORK CREW IMPROVING THE ROADBED. IN 1974 THE COMPANY SPENT 18.6 PERCENT OF ITS REVENUE IN TRACK MAINTENANCE, THE HIGHEST IN THE INDUSTRY. THAT YEAR SOUTHERN LAID 91,808 TONS OF RAIL AND PLACED 2,278,318 RAILROAD TIES. THE MAXIMUM SAFE SPEED ON THE COMPANY'S TRACK IS USUALLY 60 MILES PER HOUR FOR THE ENTIRE 10,531 MILES OF THE SYSTEM. IN COMPARISON, ANOTHER COMPANY HAS ONE SECTION WITH AN EIGHT MILES PER HOUR TOP SPEED",241/41/014441,NWDNS-412-DA-14441,https://s3.us-east-1.amazonaws.com/NARAprodstorage/lz/stillpix/412-da/412-DA-14441_16-0021M.TIF,556893.jpg,"Pickerell, Jim,","Jim Pickerell (b. James Howard Pickerell, June 9, 1936, Dayton, Ohio) is a career photojournalist who took photographs for the Environmental Protection Agency's Documerica project in the early 1970s.",1936.0,,10045476.0,Alexandria (Va.),"38 48 N, 077 02 W (38.8, -77.033)",Pollution and Environmental Damage
556916,1974-07-01,AERIAL VIEW LOOKING SOUTHWEST OF THE NORTH END OF THE BANGOR ANNEX NAVY INSTALLATION. PRIVATE FARMS ARE SEEN IN THE FOREGROUND WITH ACCESS FROM CLEAR CREEK ROAD. FACILITIES FOR THE NAVY'S NEW TRIDENT SUBMARINES WILL BE BUILT IN THE AREA. THE EXPECTED POPULATION GROWTH WILL AFFECT THE HUMANS AND THE ANIMALS WHO PRESENTLY LIVE THERE,242/04/014464,NWDNS-412-DA-14464,https://s3.us-east-1.amazonaws.com/NARAprodstorage/lz/stillpix/412-da/412-DA-14464_16-0044M.TIF,556916.jpg,,,,,10045797.0,Seattle (Wash.),"47 36 N, 122 19 W (47.6, -122.32)",Rural Landscape
557002,1974-07-01,"AERIAL VIEW OF CITY WATER RESERVOIR OF BREMERTON. IT IS LOCATED SOUTHEAST OF BREMERTON IN SOUTHERN KITSAP COUNTY. THIS COMMUNITY AND OTHERS LIKE IT WILL BE AFFECTED BY POPULATION GROWTH WHEN THE NAVY'S TRIDENT SUBMARINE BASE IS BUILT NEARBY. A ""NEW CITY"" IS PROPOSED TO HOUSE A SUBSTANTIAL PORTION OF THE PROJECTED 27,000 PEOPLE WHO WILL MOVE INTO THE AREA WHEN THE NAVAL INSTALLATION IS COMPLETED",243/30/014550,NWDNS-412-DA-14550,https://s3.us-east-1.amazonaws.com/NARAprodstorage/lz/stillpix/412-da/412-DA-14550_16-0130M.TIF,557002.jpg,,,,,10045797.0,Seattle (Wash.),"47 36 N, 122 19 W (47.6, -122.32)",Pollution and Environmental Damage
557007,1973-11-01,"KITSAP COUNTY AUDUBON SOCIETY MEMBERS ON A FIELD TRIP. THEY ARE IDENTIFYING THE FAUNA AND FLORA ON A SMALL PIECE OF WILD LAND BEING MIS-USED BY WEEKEND TRAIL MOTOR BIKERS. INCREASED LAND USE PRESSURE IS EXPECTED WHEN THE NAVY'S TRIDENT SUBMARINE BASE IS BUILT NEARBY. A ""NEW CITY"" IS PROPOSED TO HOUSE A SUBSTANTIAL PORTION OF THE PROJECTED 27,000 PEOPLE WHO WILL MOVE INTO THE AREA WHEN THE NAVAL INSTALLATION IS COMPLETED",243/35/014555,NWDNS-412-DA-14555,https://s3.us-east-1.amazonaws.com/NARAprodstorage/lz/stillpix/412-da/412-DA-14555_16-0135M.TIF,557007.jpg,,,,,10045797.0,Seattle (Wash.),"47 36 N, 122 19 W (47.6, -122.32)",Pollution and Environmental Damage
557099,1974-09-01,"VIEW OF OVERGRAZED PRAIRIE WITH HARDWOOD FOREST IN THE DISTANCE IN DONIPHAN COUNTY KANSAS, NEAR TROY IN THE EXTREME NORTHEAST CORNER OF THE STATE. PLANTS THAT INHABIT THE AREA ONCE COVERED BY TALLGRASS PRAIRIE INCLUDE GOLDENROD; DOGBANE AND BROME GRASS. NORTHEAST KANSAS IS UNIQUE BECAUSE IT CONTAINS THE ONLY HARDWOOD FOREST IN THE STATE IN ADDITION TO TALLGRASS PRAIRIE",245/07/014647,NWDNS-412-DA-14647,https://s3.us-east-1.amazonaws.com/NARAprodstorage/lz/stillpix/412-da/412-DA-14647_16-0227M.TIF,557099.jpg,"Duncan, Patricia D.,","Patricia D. Duncan (b. 1932), photojournalist and contributing photographer to the Environmental Protection Agency's Documerica project in the early 1970s.",1932.0,,10038939.0,Doniphan County (Kan.),"39 48 N, 095 07 W (39.8, -95.117)",Rural Landscape
557248,1973-09-01,"POLLUTION FROM COKE BATTERIES HANGS IN THE AIR OVER A JONES AND LAUGHLIN STEEL CORPORATION PLANT AT ALIQUIPPA, PENNSYLVANIA NEAR PITTSBURGH. SOME DISCHARGE ALSO IS MADE INTO THE OHIO RIVER, THE POLLUTION HAS CONTINUED SINCE THIS PICTURE WAS TAKEN. NEW COKE BATTERIES WERE SCHEDULED FOR OPERATION IN THE FALL OF 1975",247/36/014796,NWDNS-412-DA-14796,https://s3.us-east-1.amazonaws.com/NARAprodstorage/lz/stillpix/412-da/412-DA-14796_16-0376M.TIF,557248.jpg,"Alexandrowicz, John L.",,,,10042108.0,Aliquippa (Pa.),"40 38 N, 080 14 W (40.633, -80.233)",Pollution and Environmental Damage
557252,1973-09-01,"CLOSEUP OF AN OUTFALL CONTAINING STYRENE EMPTYING INTO RACCOON CREEK WHICH EMPTIES INTO THE OHIO RIVER. IT COMES FROM THE KOPPERS CHEMICAL KOBUTA PLANT IN POTTER TOWNSHIP, BEAVER COUNTY WHICH IS WEST OF PITTSBURGH, PENNSYLVANIA",247/40/014800,NWDNS-412-DA-14800,https://s3.us-east-1.amazonaws.com/NARAprodstorage/lz/stillpix/412-da/412-DA-14800_16-0380M.TIF,557252.jpg,"Alexandrowicz, John L.",,,,10036608.0,Beaver County (Pa.),"40 45 N, 080 30 W (40.75, -80.5)",Pollution and Environmental Damage
557279,1974-10-01,NEW HOUSING HAS REPLACED THE OLD RUNDOWN AREA OF NORTHSIDE. THE LOW-COST DWELLINGS ARE NEAR THE CENTRAL BUSINESS DISTRICT AND EASILY ACCESSIBLE TO DOWNTOWN BY PUBLIC TRANSIT OR BY WALKING. THE FORMER SLUM AREA IS ATTRACTING AN INCREASING NUMBER OF PEOPLE WHO VIEW CITY LIFE AS AN ATTRACTIVE ALTERNATIVE TO THE SUBURBS,248/07/014827,NWDNS-412-DA-14827,https://s3.us-east-1.amazonaws.com/NARAprodstorage/lz/stillpix/412-da/412-DA-14827_16-0407M.TIF,557279.jpg,"Alexandrowicz, John L.",,,,10046064.0,Pittsburgh (Pa.),"40 26 N, 079 59 W (40.433, -79.983)",Urban Landscape
557292,1974-11-01,MULTI-LEVEL CAR PARKING LOT. THE FACE OF THE CITY BEGAN CHANGING IN THE EARLY 1950'S DURING THE URBAN RENEWAL RENAISSANCE PROGRAM. PARK-LIKE SETTINGS WITH VARIOUS KINDS OF PLANTINGS SCULPTURE AND POOLS WERE ADDED AROUND THE MODERN OFFICE BUILDINGS TO COMPLEMENT THE STRUCTURES AND ADD A HUMAN DIMENSION,248/20/014840,NWDNS-412-DA-14840,https://s3.us-east-1.amazonaws.com/NARAprodstorage/lz/stillpix/412-da/412-DA-14840_16-0420M.TIF,557292.jpg,"Alexandrowicz, John L.",,,,10046064.0,Pittsburgh (Pa.),"40 26 N, 079 59 W (40.433, -79.983)",Transportation and Infrastructure
557342,1975-04-01,"REMAINS OF THE KITCHEN IN A HOUSE VACATED BY THE ERNEST WATKINS FAMILY IN THE MULKEY SQUARE AREA. MANY OF THE LOW INCOME RESIDENTS OF THE WEST SIDE AREA WERE DISPLACED BY CONSTRUCTION OF AN INTERSTATE HIGHWAY THROUGH AN AREA ALREADY ISOLATED BY ROADS AND RAILROAD TRACKS. IT TOOK THE FAMILY TWO MONTHS TO LOCATE RENTAL HOUSING WITHIN THEIR PRICE RANGE ON THE OTHER SIDE OF TOWN IN KANSAS CITY, KANSAS",249/10/014890,NWDNS-412-DA-14890,https://s3.us-east-1.amazonaws.com/NARAprodstorage/lz/stillpix/412-da/412-DA-14890_16-0470M.TIF,557342.jpg,"Paik, Kenneth,","K. Kenneth Pail (1940-2006), photojournalist, picture editor, and columnist. He immigrated to America in 1963 from his native Seoul, South Korea. He was a photographer at The Kansas City Star and Times after finishing graduate school at the University of Missouri School of Journalism in Columbia. Paik once worked as the graphics director for the newspapers in Jacksonville, Florida, and then later became the director of photography for The Evening Sun in Baltimore, Maryland. He was promoted to assistant managing editor for news at The Evening Sun and worked in that role until he left the newspaper in 1992 to be a columnist and consultant for the New York City edition of Korea Times. He won a World Press Photo award for his coverage of the first major famine in Ethiopia. In 1982, NPPA honored him with the J. Winton Lemen Fellowship Award for outstanding service in the interests of press photography and for outstanding technical achievement in photography.",1940.0,2006.0,10046046.0,Kansas City (Mo.),"39 05 N, 094 34 W (39.083, -94.567)",Industrial Site
557373,1975-06-01,"UNION CARBIDE FERRO-ALLOY PLANT. EMISSIONS FROM THE METALLURIGICAL PLANT WERE REDUCED 97.7 PERCENT BETWEEN OCTOBER 1967, AND SEPTEMBER, 1975. THE DECREASE OCCURRED AFTER AGREEMENT ON A COMPLIANCE SCHEDULE BETWEEN UNION CARBIDE AND THE WEST VIRGINIA AIR POLLUTION CONTROL COMMISSION. THE U.S. ENVIRONMENTAL PROTECTION AGENCY STACK SAMPLED PLANT EMISSIONS WHILE DEVELOPING NATIONAL NEW SOURCE PERFORMANCE STANDARDS. (SEE IMAGES 8496-98)",249/41/014921,NWDNS-412-DA-14921,https://s3.us-east-1.amazonaws.com/NARAprodstorage/lz/stillpix/412-da/412-DA-14921_16-0501M.TIF,557373.jpg,"Schaefer, Harry","Harry Schaefer, photojournalist and contributing photographer to the Environmental Protection Agency's Documerica project in the early 1970s.",,,10042212.0,Alloy (W. Va.),"38 08 N, 081 16 W (38.133, -81.267)",Pollution and Environmental Damage
557379,1975-05-01,"UNION CARBIDE FERRO-ALLOY PLANT SEEN FROM DEEP WATER. TOTAL PLANT EMISSIONS DECREASED FROM 113,252 TONS TO 2,649 TONS FROM 1967 TO 1975, A DROP OF 97.7 PERCENT. THE DECREASE OCCURRED AFTER AGREEMENT ON A COMPLIANCE SCHEDULE BETWEEN UNION CARBIDE AND THE WEST VIRGINIA AIR POLLUTION CONTROL COMMISSION. THE U.S. ENVIRONMENTAL PROTECTION AGENCY STACK SAMPLED PLANT EMISSIONS WHILE DEVELOPING NATIONAL NEW SOURCE PERFORMANCE STANDARDS. (SEE IMAGES 8566 AND 8567)",249/47/014927,NWDNS-412-DA-14927,https://s3.us-east-1.amazonaws.com/NARAprodstorage/lz/stillpix/412-da/412-DA-14927_16-0507M.TIF,557379.jpg,"Schaefer, Harry","Harry Schaefer, photojournalist and contributing photographer to the Environmental Protection Agency's Documerica project in the early 1970s.",,,10045375.0,Charleston (W. Va.),"38 20 N, 081 37 W (38.333, -81.617)",Industrial Site
557404,1975-05-01,"NEAT, WELL KEPT HOMES ON A HILLSIDE OF BOOMER, NEAR THE UNION CARBIDE FERRO-ALLOY PLANT. TOTAL PLANT EMISSIONS FROM THE METALLURGICAL FURNACES AND THE POWERHOUSE WERE REDUCED 97.7 PERCENT BETWEEN OCTOBER, 1967, AND SEPTEMBER, 1975. A COMPLIANCE SCHEDULE WAS REACHED BETWEEN THE COMPANY AND THE WEST VIRGINIA AIR POLLUTION CONTROL COMMISSION. EPA STACK SAMPLED PLANT EMISSIONS WHILE DEVELOPING NATIONAL NEW SOURCE PERFORMANCE STANDARDS. (SEE FICHE #141 TO 146)",250/12/014952,NWDNS-412-DA-14952,https://s3.us-east-1.amazonaws.com/NARAprodstorage/lz/stillpix/412-da/412-DA-14952_16-0532M.TIF,557404.jpg,"Schaefer, Harry","Harry Schaefer, photojournalist and contributing photographer to the Environmental Protection Agency's Documerica project in the early 1970s.",,,10042212.0,Alloy (W. Va.),"38 08 N, 081 16 W (38.133, -81.267)",Rural Landscape
557627,,"View through an old growth forest with young trees growing in the sunlight between the hugh old Douglas fir trees. Harold MacMillan Park, on Vancouver Island, British Columbia. Near Port Alberni, British Columbia, Canada. From the Environmental Protection Agencys Project DOCUMERICA collection, "" In Praise of Forests"". For additional images see Fiche #s 209, 210, 211, 212, and 213. ENTHEOS. April, 1969.",,NWDNS-412-DA-15175,https://s3.us-east-1.amazonaws.com/NARAprodstorage/lz/stillpix/412-da/412-DA-15175_16-0755M.TIF,557627.jpg,,,,,,,,Pollution and Environmental Damage
557635,1973-04-01,"DOWNTOWN MAIN STREET IN HOUSTON, TEXAS. THIS IS ONE OF A SERIES OF 21 BLACK AND WHITE PHOTOGRAPHS. THEY DOCUMENT THE ENVIRONMENTS REMAINING FROM THE 19TH CENTURY IN TERMS OF ARCHITECTURE, COMMERCE AND LIFESTYLES. THE PICTURES ALSO COMPARE THE CONTEMPORARY CITY SHOWING DISPLACEMENT OF THE UNIQUE BY THE ORDINARY AND NOTING CURRENT URBAN PROBLEMS. THE PICTURES SHOW A REGION AND ITS UNIQUENESS IN PEOPLE AND ARCHITECTURE IN EAST TEXAS WHICH IS STILL A PART OF THE SOUTH",254/05/015185,NWDNS-412-DA-15185,https://s3.us-east-1.amazonaws.com/NARAprodstorage/lz/stillpix/412-da/412-DA-15185_16-0763M.TIF,557635.jpg,"Lyon, Danny,","Danny Lyon (b. 1942, New York City), photographer and film maker.",1942.0,,10045173.0,Texas,"30 00 N, 100 00 W (30, -100)",Urban Landscape
557731,1975-06-01,"CARPENTER AT WORK ON THE FIRST UNIT OF THE NEW ALPINE VILLAGE AT THE OUTSKIRTS OF HELEN. WHEN COMPLETED THE PROJECT WILL DOUBLE THE SIZE OF THE TOURIST FACILITIES OF THE SMALL MOUNTAIN COMMUNITY OF SOME 270 PEOPLE. THE CORPORATION THAT IS BUILDING THE FACILITIES IS CONTINUING THE BAVARIAN ALPINE THEME OF THE HELEN BUSINESS DISTRICT IT WAS RENOVATED, STARTING IN 1969 AFTER ENDORSEMENT FORM TOWN OFFICIALS, BUSINESSMEN AND RESIDENTS",255/41/015281,NWDNS-412-DA-15281,https://s3.us-east-1.amazonaws.com/NARAprodstorage/lz/stillpix/412-da/412-DA-15281_16-0859M.TIF,557731.jpg,"Stephenson, Al","Al Stephenson, photojournalist and contributing photographer to the Environmental Protection Agency's Documerica project in the early 1970s.",,,10045287.0,Georgia,"32 00 N, 084 00 W (32, -84)",Industrial Site
557759,1975-07-01,"MAILBOX ON SIMS ROAD AT ROBERTSTOWN, GEORGIA, A MILE NORTHEAST OF HELEN. THIS LOW MOUNTAIN AREA SOME 90 MILES NORTHEAST OF ATLANTA ATTRACTS CAMPERS AND FISHERMEN.ALSO OF INTEREST IS THE BUSINESS DISTRICT IN HELEN WHICH HAS BEEN RENOVATED WITH A BAVARIANALPINE THEME. SUCCESS OF THE PROJECT, BEGUN IN 1969, HAS LED TO NEW DEVELOPMENT WHICH WILL AFFECT BOTH TOWNS. A PLANNING REPORT FOR HELEN CITES THE NEED FOR BALANCE BETWEEN GROWTH AND PUBLIC INTEREST",256/09/015309,NWDNS-412-DA-15309,https://s3.us-east-1.amazonaws.com/NARAprodstorage/lz/stillpix/412-da/412-DA-15309_16-0887M.TIF,557759.jpg,"Stephenson, Al","Al Stephenson, photojournalist and contributing photographer to the Environmental Protection Agency's Documerica project in the early 1970s.",,,10045287.0,Georgia,"32 00 N, 084 00 W (32, -84)",Industrial Site
557819,1975-09-01,"A NEW YORK CITY SLUDGE CARRIER DUMPS ITS CARGO INTO WATERS OF THE NEW YORK BIGHT. THE U.S. COAST GUARD IS RESPONSIBLE FOR MONITORING ALL OCEAN DUMPING IN THE BIGHT WHICH INCLUDES 15,000 SQUARE MILES OF OCEAN WATERS AND THE CONTINENTAL SHELF OFF THE COASTS OF NEW YORK AND NEW JERSEY THE NATIONAL OCEANOGRAPHIC AND ATMOSPHERIC ADMINISTRATION IS CONDUCTING A MARINE ECOSYSTEMS ANALYSIS PROGRAM IN THE BIGHT. THE MULTI-YEAR PROJECT IS BEING OBSERVED BY EPA AND THE COAST GUARD",257/09/015369,NWDNS-412-DA-15369,https://s3.us-east-1.amazonaws.com/NARAprodstorage/lz/stillpix/412-da/412-DA-15369_16-0947M.TIF,557819.jpg,"Alexander, Hope",,,,10045276.0,New York (N.Y.),"40 42 N, 074 00 W (40.7, -74)",Pollution and Environmental Damage
557823,1975-10-01,"ROCKY MOUNTAIN STREAM TYPICAL OF THOSE IN THE AREA NEAR THE FLUME, A NATURAL 800-FOOT LONG CHASM FORMED BEFORE THE ICE AGE, IN THE FRANCONIA NOTCH STATE PARK, SOUTH OF FRANCONIA, NEW HAMPSHIRE OTHER ATTRACTIONS IN THE STATE PARK INCLUDE AN AERIAL TRAMWAY THAT CARRIES PASSENGERS TO THE TOP OF 4,200-FOOT CANNON MOUNTAIN, AND THE OLD MAN OF THE MOUNTAIN, A 40-FOOT PROFILE MADE FAMOUS BY NATHANIEL HAWTHORNE. THE AREA IS PART OF THE WHITE MOUNTAIN NATIONAL FOREST",257/13/015373,NWDNS-412-DA-15373,https://s3.us-east-1.amazonaws.com/NARAprodstorage/lz/stillpix/412-da/412-DA-15373_16-0951M.TIF,557823.jpg,,,,,10038300.0,Franconia Notch State Park (N.H.),"44 08 N, 071 41 W (44.133, -71.683)",Rural Landscape
557921,1975-09-01,"YOUNG WOMAN WATCHES AN EXHAUST ANALYZER MACHINE AS HER AUTO IS BEING TESTED AT AN AUTO EMISSION INSPECTION STATION IN DOWNTOWN CINCINNATI, OHIO. THE AUTO DID NOT PASS THE TEST FOR CARBON MONOXIDE AND HYDROCARBON EMISSIONS AND RECEIVED A TEMPORARY STICKER. ALL LIGHT DUTY, SPARK IGNITION POWERED MOTOR VEHICLES MUST PASS THE EMISSIONS TEST ANNUALLY AS WELL AS A SAFETY CHECK WHICH HAS BEEN IN EFFECT SINCE 1940. (SEE PICTURES #15472 THROUGH 78)",258/51/015471,NWDNS-412-DA-15471,https://s3.us-east-1.amazonaws.com/NARAprodstorage/lz/stillpix/412-da/412-DA-15471_16-1049M.TIF,557921.jpg,"Eiler, Lyntha Scott,","Lyntha Scott Eiler was born in Champaign, Illinois in 1946, the daughter of Charles ""Chuck"" L. Scott, an award winning photojournalist and the co-founder of the School of Visual Communication at Ohio University, and Jane Scott. A career photojournalist, she works with photojournalist Terry Eiler at the Ohio University Scotland Field School in Documentary Photojournalism.",1946.0,,10045412.0,Cincinnati (Ohio),"39 09 N, 084 27 W (39.15, -84.45)",Industrial Site
558116,1974-07-01,"MONUMENT AND STATUE OF HERMANN-ARMINIUS, GERMAN PATRIOT WHICH WAS ERECTED IN NEW ULM, MINNESOTA, IN 1888. THE TOWN WAS BUILT BY A GERMAN IMMIGRANT LAND COMPANY IN 1854 AND NAMED FOR THE CITY OF ULM IN THE DANUBIAN DISTRICT OF WURTTEMBERG, GERMANY HERMANN-ARMINIUS WAS CHIEF OF THE CHERUSCI WHO UNITED THE GERMANIC TRIBES TO DEFEAT THE ROMAN GENERAL VARUS IN 19 AD AND HALT THE ROMAN EMPIRE AT THE RHINE RIVER. HE SURVIVES IN LEGENDS AS A CHAMPION OF GERMANIC NATIONALISM AND LIBERTY",262/06/015666,NWDNS-412-DA-15666,https://s3.us-east-1.amazonaws.com/NARAprodstorage/lz/stillpix/412-da/412-DA-15666_16-1244M.TIF,558116.jpg,"Schulke, Flip,","Flip Schulke (b. Graeme Phelps Schulke, June 24, 1930, Cornish, N.H.-d. May 15, 2008, West Palm Beach, Fla.), photojournalist, was well known for photographing America's Civil Rights Movement and Dr. Martin Luther King, Jr., as well as President John F. Kennedy and seven other American presidents. He was a contributing photographer to the Environmental Protection Agency's Project DOCUMERICA in the early 1970s.",1930.0,2008.0,10045872.0,New Ulm (Minn.),"44 18 N, 094 27 W (44.3, -94.45)",Urban Landscape
558119,1974-07-01,"MINNESOTA STREET IN NEW ULM, MINNESOTA, IS BLOCKED OFF FOR ONE DAY EACH SUMMER FOR ""CRAZY DAYS."" MERCHANTS MOVE BARGAIN MERCHANDISE ONTO THE STREET AND SIDEWALKS TO SELL IN THE SUMMER PROMOTION. THE BUSINESS SECTION IS SOME EIGHT BLOCKS. THE TOWN WAS FOUNDED BY GERMAN IMMIGRANTS IN 1854 AND STILL RETAINS AN ETHNIC CHARM. THE BUSINESS SECTION HAS BEEN REVITALIZED SINCE THE 1960'S. ALL STORES ARE OCCUPIED AND MANY OF THE FRONTS HAVE BEEN RENOVATED WITH PRIVATE FUNDS TO SHOW A GERMAN INFLUENCE",262/09/015669,NWDNS-412-DA-15669,https://s3.us-east-1.amazonaws.com/NARAprodstorage/lz/stillpix/412-da/412-DA-15669_16-1247M.TIF,558119.jpg,"Schulke, Flip,","Flip Schulke (b. Graeme Phelps Schulke, June 24, 1930, Cornish, N.H.-d. May 15, 2008, West Palm Beach, Fla.), photojournalist, was well known for photographing America's Civil Rights Movement and Dr. Martin Luther King, Jr., as well as President John F. Kennedy and seven other American presidents. He was a contributing photographer to the Environmental Protection Agency's Project DOCUMERICA in the early 1970s.",1930.0,2008.0,10045872.0,New Ulm (Minn.),"44 18 N, 094 27 W (44.3, -94.45)",People and Community
558137,1974-07-01,"PARKING METER CHECKER STANDS BY HIS POLICE VEHICLE WHICH IS IMPRINTED WITH THE GERMAN WORD FOR POLICE (POLIZEI). IT IS PART OF THE TOWN'S RETURN TO GERMAN ETHNIC ORIGINS. NEW ULM, MINNESOTA, WAS FOUNDED IN 1854 BY A GROUP OF GERMAN IMMIGRANTS. THE COUNTY SEAT TRADING CENTER REMAINS PREDOMINATELY A FARMING COMMUNITY ALTHOUGH ITS GROWTH SINCE 1950 HAS BEEN DUE TO THE ARRIVAL OF MANUFACTURING COMPANIES. THE BUSINESS DISTRICT HAS BEEN REVITALIZED WITH COMMUNITY EFFORT",262/27/015687,NWDNS-412-DA-15687,https://s3.us-east-1.amazonaws.com/NARAprodstorage/lz/stillpix/412-da/412-DA-15687_16-1265M.TIF,558137.jpg,"Schulke, Flip,","Flip Schulke (b. Graeme Phelps Schulke, June 24, 1930, Cornish, N.H.-d. May 15, 2008, West Palm Beach, Fla.), photojournalist, was well known for photographing America's Civil Rights Movement and Dr. Martin Luther King, Jr., as well as President John F. Kennedy and seven other American presidents. He was a contributing photographer to the Environmental Protection Agency's Project DOCUMERICA in the early 1970s.",1930.0,2008.0,10045872.0,New Ulm (Minn.),"44 18 N, 094 27 W (44.3, -94.45)",Transportation and Infrastructure
558169,1974-10-01,"NEWBORN CHILD IN THE DELIVERY ROOM OF LORETTO HOSPITAL IN NEW ULM, MINNESOTA. THERE ARE TWO HOSPITALS IN THE TOWN, UNION WHICH IS NON-DENOMINATIONAL AND LORETTO WHICH IS CATHOLIC. THEY HAVE DIVIDED THEIR SERVICES TO SPECIALIZE AND GIVE MORE EFFICIENT SERVICE. NEW ULM IS A COUNTY SEAT TRADING CENTER OF 13,000 IN A FARMING AREA OF SOUTH CENTRAL MINNESOTA. IT WAS FOUNDED IN 1854 BY A GERMAN IMMIGRANT LAND COMPANY THAT ENCOURAGED KINSMEN TO EMIGRATE FROM EUROPE",262/59/015719,NWDNS-412-DA-15719,https://s3.us-east-1.amazonaws.com/NARAprodstorage/lz/stillpix/412-da/412-DA-15719_16-1297M.TIF,558169.jpg,"Phillips, Kathy",,,,10045872.0,New Ulm (Minn.),"44 18 N, 094 27 W (44.3, -94.45)",Pollution and Environmental Damage
558205,1974-10-01,"STUDENTS ARRIVING FOR SCHOOL AT THE SENIOR HIGH SCHOOL IN NEW ULM, MINNESOTA. THE TOWN IS A COUNTY SEAT TRADING CENTER OF 13,000 IN A FARMING AREA OF SOUTH CENTRAL MINNESOTA. IT WAS FOUNDED IN 1854 BY A GERMAN IMMIGRANT LAND COMPANY THAT ENCOURAGED ITS KINSMEN TO EMIGRATE FROM EUROPE. SEVERAL MANUFACTURING FIRMS HAVE ARRIVED SINCE 1950 AND HAVE HELPED THE COMMUNITY TO GROW. THE BUSINESS DISTRICT WAS REVITALIZED IN THE 1960'S WITH COMMUNITY EFFORT",263/35/015755,NWDNS-412-DA-15755,https://s3.us-east-1.amazonaws.com/NARAprodstorage/lz/stillpix/412-da/412-DA-15755_10-2810M.TIF,558205.jpg,"Laur, George",,1952.0,,10045872.0,New Ulm (Minn.),"44 18 N, 094 27 W (44.3, -94.45)",People and Community
558221,1974-10-01,"STUDENTS AT BAND PRACTICE AT CATHEDRAL HIGH SCHOOL IN NEW ULM, MINNESOTA. THE TOWN IS A COUNTY SEAT TRADING CENTER OF 13,000 IN A FARMING AREA OF SOUTH CENTRAL MINNESOTA. IT WAS FOUNDED IN 1854 BY A GERMAN IMMIGRANT LAND COMPANY THAT ENCOURAGED ITS KINSMEN TO EMIGRATE FROM EUROPE. SEVERAL MANUFACTURING FIRMS HAVE LOCATED HERE SINCE 1950 AND HAVE HELPED THE TOWN TO GROW. THE BUSINESS DISTRICT WAS REVITALIZED DURING THE 1960'S WITH COMMUNITY EFFORT",263/51/015771,NWDNS-412-DA-15771,https://s3.us-east-1.amazonaws.com/NARAprodstorage/lz/stillpix/412-da/412-DA-15771_10-2826M.TIF,558221.jpg,"Stroble, David","David Stroble, photojournalist and contributing photographer to the Environmental Protection Agency's Documerica project in the early 1970s.",,,10045872.0,New Ulm (Minn.),"44 18 N, 094 27 W (44.3, -94.45)",People and Community
558230,1974-10-01,"YOUNGSTERS ROLLER SKATING AT IZZY-DORRY'S ROLLER RINK AT NEW ULM, MINNESOTA. THE TOWN IS A COUNTY SEAT TRADING CENTER OF 13,000 IN A FARMING AREA OF SOUTH CENTRAL MINNESOTA. IT WAS FOUNDED IN 1854 BY A GERMAN IMMIGRANT LAND COMPANY THAT ENCOURAGED ITS KINSMEN TO EMIGRATE FROM EUROPE. SEVERAL MANUFACTURING FIRMS HAVE LOCATED HERE SINCE 1950 AND HAVE HELPED THE TOWN TO GROW. THE BUSINESS DISTRICT WAS REVITALIZED DURING THE 1960'S WITH COMMUNITY EFFORT",263/60/015780,NWDNS-412-DA-15780,https://s3.us-east-1.amazonaws.com/NARAprodstorage/lz/stillpix/412-da/412-DA-15780_10-2835M.TIF,558230.jpg,"Schulke, Flip,","Flip Schulke (b. Graeme Phelps Schulke, June 24, 1930, Cornish, N.H.-d. May 15, 2008, West Palm Beach, Fla.), photojournalist, was well known for photographing America's Civil Rights Movement and Dr. Martin Luther King, Jr., as well as President John F. Kennedy and seven other American presidents. He was a contributing photographer to the Environmental Protection Agency's Project DOCUMERICA in the early 1970s.",1930.0,2008.0,10045872.0,New Ulm (Minn.),"44 18 N, 094 27 W (44.3, -94.45)",People and Community
558390,1974-10-01,RELIGION PLAYS AN IMPORTANT PART IN THE LIVES OF RESIDENTS. THE LARGEST GROUP OF CHURCHGOERS ARE ROMAN CATHOLICS. A PRIEST AT THE NEW ULM CATHEDRAL IS SHOWN DURING A FOLK GUITAR MASS. THIS WEEKLY EVENT WAS BEGUN FOR THE YOUNGER PEOPLE AND HAS BECOME THE MOST POPULAR MASS WITH STANDING ROOM ONLY. THE CHURCH INTERIOR IS DECORATED WITH BAROQUE CARVINGS REMINISCENT OF CHURCHES IN SOUTHERN GERMANY'S BAVARIAN,266/40/015940,NWDNS-412-DA-15940,https://s3.us-east-1.amazonaws.com/NARAprodstorage/lz/stillpix/412-da/412-DA-15940_10-2995M.TIF,558390.jpg,"Schulke, Flip,","Flip Schulke (b. Graeme Phelps Schulke, June 24, 1930, Cornish, N.H.-d. May 15, 2008, West Palm Beach, Fla.), photojournalist, was well known for photographing America's Civil Rights Movement and Dr. Martin Luther King, Jr., as well as President John F. Kennedy and seven other American presidents. He was a contributing photographer to the Environmental Protection Agency's Project DOCUMERICA in the early 1970s.",1930.0,2008.0,10045872.0,New Ulm (Minn.),"44 18 N, 094 27 W (44.3, -94.45)",People and Community
558397,1974-10-01,"RELIGION PLAYS AN IMPORTANT PART IN THE LIVES OF RESIDENTS. THE LARGEST GROUP OF CHURCHGOERS ARE ROMAN CATHOLICS. ST. MARYS CHURCH, LOCATED IN THE SOUTH PART OF TOWN, IS ONE OF TWO CATHOLIC CHURCHES. THE PARISH HAD MET IN THEIR CHURCH SCHOOL AUDITORIUM FOR MORE THAN 30 YEARS UNTIL ENOUGH MONEY WAS RAISED FOR THE MODERN CHURCH THEY DESIRED. NEW ULM IS A COUNTY SEAT TRADING CENTER OF 13,000 FOUNDED IN 1854 BY GERMAN IMMIGRANTS",266/47/015947,NWDNS-412-DA-15947,https://s3.us-east-1.amazonaws.com/NARAprodstorage/lz/stillpix/412-da/412-DA-15947_10-3002M.TIF,558397.jpg,,,,,10045872.0,New Ulm (Minn.),"44 18 N, 094 27 W (44.3, -94.45)",People and Community
