orig_index,pred_label,confidence
63,NEUTRAL,0.49188801646232605
64,POSITIVE,0.7732380032539368
66,NEUTRAL,0.5488298535346985
67,POSITIVE,0.5163532495498657
68,NEUTRAL,0.5927114486694336
69,NEUTRAL,0.6573936343193054
93,NEUTRAL,0.6848002672195435
94,POSITIVE,0.7850987911224365
95,POSITIVE,0.6370388269424438
96,NEUTRAL,0.6267120242118835
97,POSITIVE,0.8491420149803162
98,NEUTRAL,0.6245997548103333
99,NEUTRAL,0.4951064884662628
100,NEGATIVE,0.5012104511260986
101,NEUTRAL,0.7002659440040588
102,NEUTRAL,0.5691962838172913
103,NEUTRAL,0.9058416485786438
104,NEGATIVE,0.7092903852462769
105,NEUTRAL,0.83656245470047
106,POSITIVE,0.5288564562797546
107,POSITIVE,0.5689613223075867
108,NEGATIVE,0.5792080163955688
109,NEUTRAL,0.5818096399307251
110,POSITIVE,0.6977136731147766
111,POSITIVE,0.5412197113037109
112,NEUTRAL,0.8991652727127075
113,NEGATIVE,0.5079262852668762
114,NEUTRAL,0.7032102942466736
115,NEUTRAL,0.6736737489700317
116,NEUTRAL,0.5229588150978088
117,NEUTRAL,0.708267092704773
118,NEGATIVE,0.5881601572036743
119,NEUTRAL,0.7379910349845886
120,NEUTRAL,0.817074716091156
121,NEUTRAL,0.8473602533340454
122,POSITIVE,0.8949315547943115
123,NEUTRAL,0.5371695756912231
124,NEUTRAL,0.7132220268249512
125,NEUTRAL,0.519984781742096
126,NEUTRAL,0.5862299799919128
127,NEUTRAL,0.7518894076347351
128,NEUTRAL,0.5627312660217285
129,POSITIVE,0.7987197041511536
130,NEUTRAL,0.7393056154251099
131,NEUTRAL,0.8115440607070923
132,NEUTRAL,0.8955172896385193
133,NEGATIVE,0.5359913110733032
134,NEUTRAL,0.8610644936561584
135,NEUTRAL,0.5926421880722046
136,NEUTRAL,0.5610454678535461
137,NEUTRAL,0.6179131865501404
138,NEUTRAL,0.7440637350082397
139,NEUTRAL,0.5099086165428162
140,NEUTRAL,0.5016117691993713
141,NEUTRAL,0.5045238137245178
142,NEUTRAL,0.6095415949821472
143,NEGATIVE,0.5038126111030579
144,NEUTRAL,0.7567932605743408
145,NEUTRAL,0.791692316532135
146,NEUTRAL,0.5617451071739197
147,NEUTRAL,0.5121104121208191
148,POSITIVE,0.6150686144828796
149,NEUTRAL,0.832505464553833
150,POSITIVE,0.7371530532836914
151,NEUTRAL,0.9032756686210632
152,NEUTRAL,0.7965167164802551
153,POSITIVE,0.625078022480011
154,POSITIVE,0.901660680770874
155,POSITIVE,0.8908941745758057
156,NEUTRAL,0.8937517404556274
157,NEUTRAL,0.5323187112808228
158,NEUTRAL,0.8403435945510864
159,NEUTRAL,0.8976791501045227
160,NEUTRAL,0.8865678906440735
161,NEUTRAL,0.6381561160087585
162,NEUTRAL,0.7524920701980591
163,NEGATIVE,0.5026332139968872
164,NEUTRAL,0.5729540586471558
165,POSITIVE,0.6472740173339844
166,NEUTRAL,0.6096776127815247
167,NEUTRAL,0.7410391569137573
168,POSITIVE,0.5741204619407654
169,NEUTRAL,0.8219121694564819
170,NEUTRAL,0.8183298707008362
171,NEUTRAL,0.6571402549743652
172,NEUTRAL,0.6355769634246826
173,NEUTRAL,0.8544195890426636
174,NEUTRAL,0.7307278513908386
175,NEUTRAL,0.6392440795898438
176,NEUTRAL,0.6930332183837891
177,NEUTRAL,0.6010832190513611
178,NEUTRAL,0.8342283368110657
179,NEGATIVE,0.5402718782424927
180,NEUTRAL,0.5276407599449158
181,NEGATIVE,0.5501044988632202
182,POSITIVE,0.8590437173843384
183,NEUTRAL,0.6991317272186279
184,NEUTRAL,0.5682559013366699
185,NEUTRAL,0.7097218036651611
186,NEUTRAL,0.595855712890625
187,NEGATIVE,0.5322287678718567
188,POSITIVE,0.514829158782959
189,NEGATIVE,0.4953296184539795
190,NEUTRAL,0.59764564037323
191,NEUTRAL,0.7161349058151245
192,NEGATIVE,0.5570498704910278
193,NEUTRAL,0.6220554709434509
194,NEUTRAL,0.5295448303222656
195,NEUTRAL,0.8214759230613708
196,NEUTRAL,0.8643441796302795
197,NEUTRAL,0.8511868119239807
198,NEUTRAL,0.8344875574111938
199,NEUTRAL,0.5705325603485107
200,NEUTRAL,0.7642320394515991
201,NEGATIVE,0.625799298286438
202,POSITIVE,0.6163498759269714
203,NEUTRAL,0.7280840277671814
204,NEGATIVE,0.5717287063598633
205,NEUTRAL,0.6394985914230347
213,POSITIVE,0.9456980228424072
214,NEUTRAL,0.9252991080284119
215,POSITIVE,0.7761662006378174
227,NEUTRAL,0.8918561339378357
228,NEUTRAL,0.8014371991157532
229,NEUTRAL,0.789580762386322
231,NEUTRAL,0.8817119002342224
232,NEUTRAL,0.8424521684646606
234,NEUTRAL,0.7233021855354309
236,NEUTRAL,0.9103330373764038
237,NEUTRAL,0.7579661011695862
238,NEUTRAL,0.8157379627227783
240,NEUTRAL,0.7330132722854614
241,NEUTRAL,0.7798888683319092
242,NEUTRAL,0.6847586035728455
243,NEUTRAL,0.7828125357627869
245,NEUTRAL,0.8529266715049744
246,NEUTRAL,0.8215083479881287
248,NEUTRAL,0.8097409009933472
252,NEUTRAL,0.6240586042404175
253,NEUTRAL,0.8456687927246094
258,NEUTRAL,0.683264434337616
260,POSITIVE,0.8347073197364807
470,NEUTRAL,0.7821130752563477
471,NEUTRAL,0.7713600397109985
472,NEUTRAL,0.7968869209289551
473,NEUTRAL,0.7362117171287537
474,NEUTRAL,0.6762720346450806
475,NEUTRAL,0.9035440683364868
476,NEUTRAL,0.7609400749206543
477,NEUTRAL,0.8786957859992981
478,NEUTRAL,0.7457796931266785
479,NEUTRAL,0.6739040613174438
480,NEUTRAL,0.8791045546531677
481,NEUTRAL,0.7041860818862915
482,NEUTRAL,0.8683812618255615
483,NEUTRAL,0.8462418913841248
484,NEUTRAL,0.8759865760803223
485,POSITIVE,0.5784252882003784
486,POSITIVE,0.5435812473297119
487,NEUTRAL,0.9022882580757141
488,NEUTRAL,0.8688871264457703
489,NEUTRAL,0.8628572225570679
490,NEUTRAL,0.5230692028999329
491,NEUTRAL,0.917913019657135
492,NEUTRAL,0.8469505310058594
493,NEUTRAL,0.8874707818031311
494,NEUTRAL,0.8261944055557251
495,NEUTRAL,0.655667245388031
496,POSITIVE,0.5234891176223755
497,NEUTRAL,0.5836887359619141
498,NEUTRAL,0.824299693107605
499,NEUTRAL,0.8507775664329529
500,NEUTRAL,0.8318383097648621
501,NEUTRAL,0.7501617074012756
502,NEUTRAL,0.8615829944610596
503,POSITIVE,0.5457238554954529
504,POSITIVE,0.762850821018219
505,NEUTRAL,0.8945887684822083
506,NEUTRAL,0.8326881527900696
507,POSITIVE,0.829308807849884
508,NEUTRAL,0.7511773109436035
509,POSITIVE,0.5064290165901184
510,NEUTRAL,0.7781531810760498
511,NEUTRAL,0.6919852495193481
512,NEUTRAL,0.7959449887275696
513,NEGATIVE,0.7151091694831848
514,NEUTRAL,0.8853403925895691
515,NEUTRAL,0.8319902420043945
516,NEUTRAL,0.8291975259780884
517,NEUTRAL,0.6754183769226074
518,NEUTRAL,0.9080685377120972
519,NEUTRAL,0.73652184009552
520,NEGATIVE,0.6837872862815857
521,NEUTRAL,0.8241370320320129
522,NEUTRAL,0.6989223957061768
523,NEUTRAL,0.7515272498130798
524,NEUTRAL,0.7117536067962646
525,NEUTRAL,0.9037864804267883
526,NEUTRAL,0.8617925643920898
527,NEUTRAL,0.916914701461792
528,POSITIVE,0.5301398634910583
529,NEUTRAL,0.8894880414009094
530,NEUTRAL,0.8947085738182068
531,NEUTRAL,0.5920315980911255
532,NEUTRAL,0.739348828792572
533,NEUTRAL,0.8398903608322144
534,NEUTRAL,0.636865496635437
535,POSITIVE,0.5484039187431335
536,POSITIVE,0.6298299431800842
537,POSITIVE,0.9145874381065369
538,NEUTRAL,0.875845730304718
539,NEUTRAL,0.9195557832717896
540,NEUTRAL,0.7451414465904236
541,NEUTRAL,0.9188857078552246
542,NEUTRAL,0.6245390772819519
543,POSITIVE,0.6496630907058716
544,NEUTRAL,0.8236866593360901
545,NEUTRAL,0.6965099573135376
546,NEUTRAL,0.8782157301902771
547,NEUTRAL,0.9400233030319214
548,NEUTRAL,0.8154920339584351
549,NEUTRAL,0.6831875443458557
550,NEUTRAL,0.6714385747909546
551,POSITIVE,0.5095533132553101
552,NEUTRAL,0.6500296592712402
553,NEUTRAL,0.7159364819526672
554,NEUTRAL,0.8941757678985596
555,NEUTRAL,0.7835959196090698
556,NEUTRAL,0.8280523419380188
557,NEUTRAL,0.8470321893692017
558,POSITIVE,0.5392246842384338
559,NEUTRAL,0.8768882155418396
560,NEUTRAL,0.9307918548583984
561,POSITIVE,0.5462249517440796
562,NEUTRAL,0.8005285859107971
563,NEUTRAL,0.6701546907424927
564,NEUTRAL,0.8855602145195007
565,NEUTRAL,0.8678063154220581
566,NEUTRAL,0.7167094945907593
567,POSITIVE,0.6232516169548035
568,NEUTRAL,0.6197169423103333
569,NEUTRAL,0.8816527128219604
570,NEUTRAL,0.8404342532157898
571,POSITIVE,0.5403751134872437
572,POSITIVE,0.5732985734939575
573,POSITIVE,0.5029253959655762
574,NEUTRAL,0.8395782113075256
575,NEUTRAL,0.863070011138916
576,NEUTRAL,0.5478731989860535
577,NEUTRAL,0.7898797392845154
578,NEUTRAL,0.6935189962387085
579,NEUTRAL,0.7269399762153625
580,POSITIVE,0.5263607501983643
581,NEUTRAL,0.8047375082969666
582,NEUTRAL,0.8506172895431519
583,NEUTRAL,0.8381671905517578
584,NEUTRAL,0.6422602534294128
585,NEUTRAL,0.7266973257064819
586,NEUTRAL,0.8593494296073914
587,NEUTRAL,0.8597560524940491
588,NEUTRAL,0.7383469939231873
589,NEUTRAL,0.9008872509002686
590,NEUTRAL,0.6480768322944641
591,NEUTRAL,0.6490171551704407
592,NEUTRAL,0.8980497121810913
593,NEUTRAL,0.8760045170783997
594,NEUTRAL,0.8379642367362976
595,NEUTRAL,0.8965408205986023
596,NEUTRAL,0.6299768686294556
597,NEUTRAL,0.8880194425582886
598,NEUTRAL,0.8529224991798401
599,NEUTRAL,0.6304751634597778
600,NEUTRAL,0.8563900589942932
601,NEUTRAL,0.9193087816238403
602,NEUTRAL,0.9313482642173767
603,NEUTRAL,0.9337772130966187
604,NEUTRAL,0.9376219511032104
605,NEUTRAL,0.8538711071014404
606,NEUTRAL,0.779514729976654
607,NEUTRAL,0.8919752240180969
608,NEUTRAL,0.6433601379394531
609,POSITIVE,0.7422685027122498
610,NEUTRAL,0.790269672870636
611,NEUTRAL,0.845607578754425
612,NEUTRAL,0.7743035554885864
613,NEUTRAL,0.885926365852356
614,POSITIVE,0.7256929874420166
615,NEUTRAL,0.8787860870361328
616,NEUTRAL,0.8898687958717346
617,NEUTRAL,0.8877640962600708
618,NEUTRAL,0.7522146701812744
619,NEUTRAL,0.5885324478149414
620,NEUTRAL,0.8739519715309143
621,NEUTRAL,0.7850677371025085
622,NEUTRAL,0.7450127601623535
623,NEUTRAL,0.7206647992134094
624,NEUTRAL,0.7198581695556641
625,NEUTRAL,0.6206911206245422
626,NEUTRAL,0.5800294280052185
627,NEUTRAL,0.7715060114860535
628,POSITIVE,0.9074009656906128
629,NEUTRAL,0.8528088331222534
630,NEUTRAL,0.8620843291282654
631,POSITIVE,0.8803796172142029
632,NEUTRAL,0.8392674326896667
633,NEUTRAL,0.8282462358474731
634,NEUTRAL,0.9121528267860413
635,NEUTRAL,0.9155099391937256
636,NEUTRAL,0.5111567378044128
637,NEUTRAL,0.7262017726898193
638,NEUTRAL,0.6445567011833191
639,NEUTRAL,0.9263561367988586
640,NEUTRAL,0.8769015073776245
641,NEUTRAL,0.744981050491333
642,NEUTRAL,0.768891453742981
643,POSITIVE,0.8091153502464294
644,NEUTRAL,0.8169288039207458
645,NEUTRAL,0.8785461187362671
646,POSITIVE,0.5284674763679504
647,NEUTRAL,0.603408694267273
648,NEUTRAL,0.729434072971344
649,NEUTRAL,0.7243995666503906
650,NEUTRAL,0.8083488345146179
651,NEUTRAL,0.8964851498603821
652,NEUTRAL,0.5833272337913513
653,NEUTRAL,0.4979023039340973
654,NEUTRAL,0.7977645993232727
655,NEUTRAL,0.8392255306243896
656,NEUTRAL,0.7088281512260437
657,NEUTRAL,0.7901081442832947
658,POSITIVE,0.6766645908355713
659,NEUTRAL,0.6811097860336304
660,NEUTRAL,0.8111046552658081
661,NEUTRAL,0.8111895322799683
662,POSITIVE,0.7307829856872559
663,NEUTRAL,0.8288552761077881
664,NEUTRAL,0.8762953281402588
665,NEUTRAL,0.8562703132629395
666,NEUTRAL,0.6997940540313721
667,NEUTRAL,0.8681588172912598
668,NEUTRAL,0.9060187339782715
669,NEUTRAL,0.6154922842979431
670,NEUTRAL,0.8792830109596252
671,NEUTRAL,0.9093043208122253
672,NEUTRAL,0.8908934593200684
673,NEUTRAL,0.6988875269889832
674,NEUTRAL,0.8371371626853943
675,NEUTRAL,0.6899957656860352
676,NEUTRAL,0.715620756149292
677,NEUTRAL,0.8486934304237366
678,NEUTRAL,0.8209816217422485
679,NEUTRAL,0.9004440307617188
680,NEUTRAL,0.8774489164352417
681,NEUTRAL,0.933176577091217
682,NEUTRAL,0.7285836935043335
683,POSITIVE,0.7876653075218201
684,NEUTRAL,0.8285958170890808
685,NEUTRAL,0.9140059947967529
686,NEUTRAL,0.7521806955337524
687,NEUTRAL,0.8699183464050293
688,NEUTRAL,0.7948484420776367
689,NEUTRAL,0.647484540939331
690,NEUTRAL,0.9229252338409424
691,NEUTRAL,0.67697674036026
692,NEUTRAL,0.8684776425361633
693,NEUTRAL,0.688224732875824
694,NEUTRAL,0.8727091550827026
695,NEUTRAL,0.7269670963287354
696,NEUTRAL,0.8033522963523865
697,NEUTRAL,0.6560632586479187
698,NEUTRAL,0.7445641160011292
699,NEUTRAL,0.8664654493331909
700,POSITIVE,0.6838513612747192
701,NEUTRAL,0.9298067688941956
702,NEUTRAL,0.8527613878250122
703,NEUTRAL,0.8309252262115479
704,NEUTRAL,0.7999155521392822
705,NEUTRAL,0.7360628247261047
706,NEUTRAL,0.735292375087738
707,NEUTRAL,0.6936941146850586
708,NEUTRAL,0.9175952672958374
709,NEUTRAL,0.7818442583084106
710,NEUTRAL,0.7531543970108032
711,NEUTRAL,0.8786555528640747
712,NEUTRAL,0.79734867811203
713,NEUTRAL,0.9100205898284912
714,NEUTRAL,0.5487082004547119
715,NEUTRAL,0.9462580680847168
716,NEUTRAL,0.9142397046089172
717,NEUTRAL,0.9126622080802917
718,NEUTRAL,0.7368957996368408
719,NEUTRAL,0.8488466143608093
720,NEUTRAL,0.8270885348320007
721,NEUTRAL,0.511163055896759
722,POSITIVE,0.6058151125907898
723,POSITIVE,0.5559608936309814
724,NEUTRAL,0.5920029878616333
725,NEUTRAL,0.8565645217895508
726,NEUTRAL,0.9054988026618958
727,NEUTRAL,0.8661379218101501
728,NEUTRAL,0.8663703203201294
729,NEUTRAL,0.8562628030776978
730,NEUTRAL,0.8760485053062439
731,NEUTRAL,0.7412810921669006
732,POSITIVE,0.6927441358566284
733,NEUTRAL,0.8520894050598145
734,NEUTRAL,0.9013563394546509
735,NEUTRAL,0.8555520176887512
736,NEUTRAL,0.5746432542800903
737,NEUTRAL,0.6092601418495178
738,NEUTRAL,0.8080809116363525
739,NEUTRAL,0.5530772805213928
740,NEUTRAL,0.7141188383102417
741,NEUTRAL,0.9201352596282959
742,NEUTRAL,0.840563178062439
743,NEUTRAL,0.7943599820137024
744,NEUTRAL,0.9078131914138794
745,NEUTRAL,0.8762703537940979
746,NEUTRAL,0.6230445504188538
747,NEUTRAL,0.885869562625885
748,NEUTRAL,0.9223589897155762
749,NEUTRAL,0.8955531716346741
750,POSITIVE,0.518614649772644
751,NEUTRAL,0.8828490972518921
752,POSITIVE,0.8377819061279297
754,POSITIVE,0.8313702344894409
756,POSITIVE,0.9726072549819946
757,NEUTRAL,0.6275252103805542
758,NEUTRAL,0.8258305788040161
759,NEUTRAL,0.637757420539856
760,NEUTRAL,0.9128191471099854
761,NEUTRAL,0.6126003861427307
762,NEUTRAL,0.9289049506187439
763,NEUTRAL,0.9079405665397644
764,NEUTRAL,0.5017673969268799
765,POSITIVE,0.7966805696487427
766,POSITIVE,0.5919339656829834
767,NEUTRAL,0.8044589161872864
768,NEUTRAL,0.7410908341407776
769,POSITIVE,0.5073477625846863
770,NEUTRAL,0.6425691843032837
771,NEUTRAL,0.8669323921203613
772,NEUTRAL,0.6589310765266418
773,NEUTRAL,0.5030372142791748
774,NEUTRAL,0.8735681176185608
775,NEUTRAL,0.6692098379135132
776,NEUTRAL,0.726216733455658
779,POSITIVE,0.9802106022834778
781,POSITIVE,0.9898688793182373
782,POSITIVE,0.8059217929840088
783,POSITIVE,0.982282817363739
786,NEUTRAL,0.8507307171821594
788,POSITIVE,0.912369966506958
789,POSITIVE,0.9252151250839233
790,POSITIVE,0.9623686671257019
792,POSITIVE,0.9800527691841125
793,POSITIVE,0.9516875743865967
794,POSITIVE,0.9855614304542542
798,POSITIVE,0.8551514148712158
2280,NEUTRAL,0.8097898960113525
2285,POSITIVE,0.6135942935943604
2289,POSITIVE,0.49515002965927124
2422,NEUTRAL,0.8316540122032166
2432,NEUTRAL,0.5749741196632385
2471,NEUTRAL,0.531169056892395
2472,NEUTRAL,0.8552130460739136
2473,NEUTRAL,0.698448896408081
2474,NEGATIVE,0.5678346157073975
2475,NEUTRAL,0.6874953508377075
2476,NEUTRAL,0.8591143488883972
2477,NEUTRAL,0.7434490919113159
2478,NEUTRAL,0.8309488296508789
2479,NEUTRAL,0.862037718296051
2481,POSITIVE,0.5498625040054321
2482,NEUTRAL,0.5083003044128418
2483,NEUTRAL,0.8255198001861572
2484,NEUTRAL,0.8426096439361572
2485,NEUTRAL,0.6792169809341431
2486,NEUTRAL,0.7433972358703613
2487,NEUTRAL,0.7889218926429749
2488,NEUTRAL,0.7034749984741211
2489,NEUTRAL,0.8856289386749268
2490,NEUTRAL,0.8969138860702515
2491,NEUTRAL,0.6608605980873108
2492,NEUTRAL,0.8282791972160339
2493,NEUTRAL,0.8750600218772888
2494,NEUTRAL,0.8160264492034912
2495,NEUTRAL,0.7313051223754883
2496,POSITIVE,0.5239940285682678
2497,NEUTRAL,0.808501660823822
2498,NEUTRAL,0.7172832489013672
2499,NEUTRAL,0.7021849751472473
2500,NEUTRAL,0.7280877828598022
2501,NEUTRAL,0.5356174111366272
2502,POSITIVE,0.8340907096862793
2503,NEGATIVE,0.7172014117240906
2504,NEUTRAL,0.6224680542945862
2505,NEUTRAL,0.9059423804283142
2506,NEUTRAL,0.6839929819107056
2507,NEUTRAL,0.5975062847137451
2508,NEUTRAL,0.622908890247345
2509,NEUTRAL,0.7680813074111938
2510,NEUTRAL,0.7917439341545105
2511,NEUTRAL,0.7980190515518188
2512,NEUTRAL,0.7931864857673645
2513,NEGATIVE,0.5011599659919739
2514,NEUTRAL,0.8460850119590759
2515,NEUTRAL,0.6611675024032593
2516,NEUTRAL,0.8731564879417419
2517,NEUTRAL,0.8493184447288513
2518,POSITIVE,0.8238334059715271
2519,NEUTRAL,0.9128401279449463
2520,NEUTRAL,0.7549064755439758
2521,NEUTRAL,0.9374948143959045
2522,NEUTRAL,0.8479621410369873
2523,NEUTRAL,0.6516327261924744
2524,POSITIVE,0.5606582164764404
2525,NEUTRAL,0.7622649073600769
2526,NEUTRAL,0.857846736907959
2527,NEUTRAL,0.9284100532531738
2528,NEUTRAL,0.8087929487228394
2529,NEUTRAL,0.7654424905776978
2530,NEUTRAL,0.6760886907577515
2531,NEUTRAL,0.8647024035453796
2532,NEUTRAL,0.5606430768966675
2533,NEUTRAL,0.8956546187400818
2534,NEUTRAL,0.8065627217292786
2535,NEUTRAL,0.8590939044952393
2536,NEUTRAL,0.843691349029541
2537,NEUTRAL,0.5821883082389832
2538,NEUTRAL,0.9323832988739014
2539,NEUTRAL,0.8429428339004517
2540,NEUTRAL,0.8887140154838562
2541,NEUTRAL,0.8444538712501526
2542,NEUTRAL,0.6778590679168701
2543,NEUTRAL,0.820507824420929
2544,NEUTRAL,0.6678376793861389
2545,NEUTRAL,0.5443324446678162
2546,NEUTRAL,0.7410135269165039
2547,NEUTRAL,0.8181379437446594
2548,NEUTRAL,0.8961383104324341
2549,POSITIVE,0.7005283236503601
2550,POSITIVE,0.6590783596038818
2551,NEUTRAL,0.7012820243835449
2552,NEUTRAL,0.8278905153274536
2553,NEUTRAL,0.6529423594474792
2554,NEUTRAL,0.8781734704971313
2555,NEUTRAL,0.6037288308143616
2556,NEGATIVE,0.7459560036659241
2557,NEUTRAL,0.5548369288444519
2558,NEUTRAL,0.7819420099258423
2559,NEUTRAL,0.6237632036209106
2560,NEUTRAL,0.8975861668586731
2561,NEUTRAL,0.7456663846969604
2562,NEUTRAL,0.7809566855430603
2563,NEUTRAL,0.882013738155365
2564,NEUTRAL,0.6149805188179016
2565,NEUTRAL,0.6567983031272888
2566,NEUTRAL,0.9341592192649841
2567,NEUTRAL,0.904334545135498
2568,NEUTRAL,0.9096667170524597
2569,NEUTRAL,0.7155725359916687
2570,NEUTRAL,0.8768391609191895
2571,NEUTRAL,0.9103052020072937
2572,NEUTRAL,0.6824944615364075
2573,NEUTRAL,0.5163222551345825
2574,NEUTRAL,0.6445218324661255
2575,NEGATIVE,0.5142379403114319
2576,NEUTRAL,0.8338572978973389
2577,NEUTRAL,0.871147096157074
2578,NEUTRAL,0.8812440633773804
2579,NEUTRAL,0.6870195865631104
2580,POSITIVE,0.7867955565452576
2581,NEUTRAL,0.890029788017273
2582,NEUTRAL,0.9153454303741455
2583,NEUTRAL,0.901343584060669
2584,NEUTRAL,0.8736144304275513
2585,POSITIVE,0.6215236783027649
2586,NEUTRAL,0.6630129218101501
2587,NEUTRAL,0.7846544981002808
2588,NEUTRAL,0.9114266037940979
2589,NEUTRAL,0.8485801219940186
2590,NEUTRAL,0.8772059082984924
2591,NEGATIVE,0.5699402689933777
2592,POSITIVE,0.7502888441085815
2593,NEUTRAL,0.5995751619338989
2594,NEUTRAL,0.8842767477035522
2595,NEUTRAL,0.7113430500030518
2596,NEUTRAL,0.825779378414154
2597,NEUTRAL,0.7250972390174866
2598,NEUTRAL,0.5852655172348022
2599,NEUTRAL,0.8896322250366211
2600,NEUTRAL,0.8701322078704834
2601,NEUTRAL,0.7850551605224609
2602,POSITIVE,0.6035271286964417
2603,NEUTRAL,0.7407999038696289
2604,NEUTRAL,0.7001602053642273
2605,NEUTRAL,0.7026615738868713
2606,NEUTRAL,0.5518644452095032
2607,NEUTRAL,0.7122587561607361
2608,POSITIVE,0.5675833821296692
2609,NEUTRAL,0.7088404297828674
2610,NEUTRAL,0.8130486011505127
2611,POSITIVE,0.5962526202201843
2612,POSITIVE,0.5815001130104065
2613,NEUTRAL,0.5390264391899109
2614,NEUTRAL,0.7928623557090759
2615,NEUTRAL,0.7894979119300842
2616,NEUTRAL,0.8115103244781494
2617,NEUTRAL,0.7869073152542114
2618,NEUTRAL,0.7726488709449768
2619,NEUTRAL,0.880196750164032
2620,NEUTRAL,0.8136346340179443
2621,NEUTRAL,0.9135614633560181
2622,NEUTRAL,0.8559388518333435
2623,NEUTRAL,0.8695901036262512
2624,NEUTRAL,0.9131783843040466
2625,NEUTRAL,0.8155860304832458
2626,NEUTRAL,0.8775802254676819
2627,NEUTRAL,0.8783411979675293
2628,NEUTRAL,0.8885637521743774
2629,NEGATIVE,0.5297348499298096
2630,NEUTRAL,0.8202177286148071
2631,NEGATIVE,0.6306002736091614
2632,NEUTRAL,0.8901094794273376
2633,NEUTRAL,0.7143257260322571
2634,NEUTRAL,0.8577823638916016
2635,NEUTRAL,0.5591397285461426
2636,NEUTRAL,0.8880865573883057
2637,NEUTRAL,0.7052298784255981
2638,NEUTRAL,0.7942591905593872
2639,NEUTRAL,0.5624359846115112
2640,NEUTRAL,0.8973778486251831
2641,NEUTRAL,0.7881091237068176
2642,NEUTRAL,0.8997499346733093
2643,NEUTRAL,0.917539119720459
2644,NEUTRAL,0.5368692874908447
2645,NEUTRAL,0.8324321508407593
2646,NEUTRAL,0.8174686431884766
2647,NEUTRAL,0.5710657835006714
2648,NEUTRAL,0.9205918908119202
2649,NEUTRAL,0.8178602457046509
2650,NEUTRAL,0.8911099433898926
2651,NEUTRAL,0.82431560754776
2652,NEUTRAL,0.6096808314323425
2653,NEUTRAL,0.8716190457344055
2654,NEUTRAL,0.614037275314331
2655,NEUTRAL,0.7513571381568909
2656,NEUTRAL,0.8627198338508606
2657,NEUTRAL,0.9063282608985901
2658,NEUTRAL,0.910977303981781
2659,NEUTRAL,0.7120793461799622
2660,NEUTRAL,0.8972722291946411
2661,NEUTRAL,0.7029985189437866
2662,NEUTRAL,0.9244958162307739
2663,NEUTRAL,0.9190617799758911
2664,POSITIVE,0.7374985814094543
2665,NEUTRAL,0.8581656813621521
2666,POSITIVE,0.5746169090270996
2667,NEUTRAL,0.8930009603500366
2668,NEUTRAL,0.787937343120575
2669,NEUTRAL,0.83653324842453
2670,NEGATIVE,0.5502267479896545
2671,POSITIVE,0.4973723292350769
2672,NEUTRAL,0.8819130659103394
2673,NEUTRAL,0.870483934879303
2674,NEUTRAL,0.8155695199966431
2675,NEUTRAL,0.7906255125999451
2676,NEUTRAL,0.7011631727218628
2677,NEUTRAL,0.6729812026023865
2678,NEUTRAL,0.9013912081718445
2679,POSITIVE,0.8221549987792969
2680,NEUTRAL,0.870857298374176
2681,NEUTRAL,0.8917149901390076
2682,POSITIVE,0.5466592311859131
2683,NEUTRAL,0.7007881999015808
2684,NEUTRAL,0.7913006544113159
2685,NEUTRAL,0.8823306560516357
2686,NEUTRAL,0.8321932554244995
2687,NEUTRAL,0.8987920880317688
2688,NEUTRAL,0.9070257544517517
2689,NEUTRAL,0.8689071536064148
2690,NEUTRAL,0.8787925839424133
2691,NEUTRAL,0.5312129855155945
2692,NEUTRAL,0.8654756546020508
2693,NEUTRAL,0.846865713596344
2694,NEUTRAL,0.8565012216567993
2695,NEGATIVE,0.7203617691993713
2696,NEUTRAL,0.8330073952674866
2697,NEUTRAL,0.9290900230407715
2698,NEUTRAL,0.8468023538589478
2699,NEUTRAL,0.7953534722328186
2700,NEUTRAL,0.5587590336799622
2701,NEUTRAL,0.73211270570755
2702,NEUTRAL,0.8775091171264648
2703,NEUTRAL,0.8779780864715576
2705,NEUTRAL,0.827204167842865
2706,NEUTRAL,0.804746687412262
2707,NEUTRAL,0.7937619686126709
2708,NEUTRAL,0.8496260046958923
2709,POSITIVE,0.6911357641220093
2710,NEUTRAL,0.8956533670425415
2711,NEUTRAL,0.740105152130127
2712,NEUTRAL,0.8118690848350525
2713,POSITIVE,0.596172571182251
2714,NEUTRAL,0.8289262652397156
2715,NEUTRAL,0.7979304790496826
2716,NEUTRAL,0.8981701135635376
2717,NEUTRAL,0.7392705082893372
2718,NEGATIVE,0.5143011212348938
2719,NEUTRAL,0.7427574992179871
2720,NEUTRAL,0.8079972267150879
2721,NEGATIVE,0.5100240111351013
2722,NEUTRAL,0.8817230463027954
2723,NEUTRAL,0.7706893682479858
2724,POSITIVE,0.7418645620346069
2725,NEUTRAL,0.8822031021118164
2726,POSITIVE,0.648647129535675
2727,NEUTRAL,0.7749186754226685
2728,POSITIVE,0.6295760869979858
2729,NEUTRAL,0.8131747841835022
2730,NEUTRAL,0.8317270874977112
2731,NEUTRAL,0.8860247731208801
2732,NEUTRAL,0.87984299659729
2733,NEUTRAL,0.871222734451294
2734,NEUTRAL,0.7168671488761902
2735,NEUTRAL,0.5677919983863831
2736,NEUTRAL,0.786942720413208
2737,NEUTRAL,0.6759273409843445
2738,POSITIVE,0.5470085740089417
2739,NEUTRAL,0.8343359231948853
2740,POSITIVE,0.7672714591026306
2741,NEUTRAL,0.6252177357673645
2742,NEUTRAL,0.6498621106147766
2743,NEUTRAL,0.8546651005744934
2744,NEUTRAL,0.7499921321868896
2745,NEUTRAL,0.6760266423225403
2746,POSITIVE,0.6671443581581116
2747,NEUTRAL,0.5997252464294434
2748,NEUTRAL,0.776750385761261
2749,NEUTRAL,0.8963284492492676
2750,POSITIVE,0.6391754746437073
2751,NEUTRAL,0.7261214256286621
2752,NEUTRAL,0.8764370679855347
2753,NEUTRAL,0.5727031826972961
2754,NEUTRAL,0.6343852281570435
2755,NEUTRAL,0.8939333558082581
2756,NEUTRAL,0.9036437273025513
2757,NEUTRAL,0.8415636420249939
2758,NEGATIVE,0.5245353579521179
2759,NEUTRAL,0.8986082673072815
2760,NEUTRAL,0.8449556231498718
2761,POSITIVE,0.9086595773696899
2762,NEUTRAL,0.7369149923324585
2763,NEUTRAL,0.8281192779541016
2764,POSITIVE,0.515924870967865
2765,NEUTRAL,0.75705885887146
2766,NEUTRAL,0.8319889307022095
2767,NEUTRAL,0.7852907180786133
2768,NEUTRAL,0.8275704979896545
2769,NEUTRAL,0.7540358901023865
2770,NEUTRAL,0.6403581500053406
2771,POSITIVE,0.5028581619262695
2772,NEUTRAL,0.7642751932144165
2773,NEUTRAL,0.9179348349571228
2774,NEUTRAL,0.8256171345710754
2775,NEUTRAL,0.8538416028022766
2776,NEUTRAL,0.8720775246620178
2777,NEUTRAL,0.9284988045692444
2778,POSITIVE,0.6070683598518372
2779,NEUTRAL,0.855597734451294
2780,NEUTRAL,0.905154287815094
2781,POSITIVE,0.7305629253387451
2782,POSITIVE,0.8263524770736694
2783,NEUTRAL,0.6497687697410583
2784,NEUTRAL,0.580635130405426
2785,NEUTRAL,0.8515864610671997
2786,NEUTRAL,0.857136070728302
2787,NEUTRAL,0.9059401154518127
2788,NEUTRAL,0.7487401962280273
2789,NEUTRAL,0.7352724671363831
2790,NEUTRAL,0.5814967751502991
2791,NEUTRAL,0.910308837890625
2792,NEUTRAL,0.5524080395698547
2793,NEUTRAL,0.909075140953064
2794,NEUTRAL,0.5200984477996826
2795,NEUTRAL,0.883960485458374
2796,NEUTRAL,0.8403768539428711
2797,NEGATIVE,0.5642001628875732
2798,NEUTRAL,0.7405338883399963
2799,NEUTRAL,0.8181332945823669
2800,NEUTRAL,0.8451641201972961
2801,NEUTRAL,0.916456937789917
2802,NEUTRAL,0.9077866673469543
2803,NEUTRAL,0.6559303402900696
2804,NEUTRAL,0.696994423866272
2805,NEUTRAL,0.808096706867218
2806,POSITIVE,0.5086974501609802
2807,NEUTRAL,0.8081429600715637
2808,NEUTRAL,0.8825663924217224
2809,NEUTRAL,0.7142247557640076
2810,NEUTRAL,0.5655457973480225
2811,NEUTRAL,0.6659391522407532
2812,NEUTRAL,0.4975211024284363
2813,NEUTRAL,0.6863406896591187
2814,NEUTRAL,0.7546030282974243
2815,NEUTRAL,0.8189324736595154
2816,NEUTRAL,0.7373409271240234
2817,NEUTRAL,0.9053765535354614
2818,NEUTRAL,0.7051948308944702
2819,NEUTRAL,0.8360314965248108
2820,NEUTRAL,0.7835196852684021
2821,NEUTRAL,0.7911279201507568
2822,NEGATIVE,0.7303548455238342
2823,NEUTRAL,0.7681928873062134
2824,NEUTRAL,0.545091986656189
2825,POSITIVE,0.6991567015647888
2826,NEUTRAL,0.8362202644348145
2827,NEUTRAL,0.6908062100410461
2828,NEUTRAL,0.9302500486373901
2829,NEUTRAL,0.7970098853111267
2830,NEUTRAL,0.7711141705513
2831,NEUTRAL,0.7193573713302612
2832,NEUTRAL,0.9020467400550842
2833,NEUTRAL,0.8132096529006958
2834,NEUTRAL,0.8434562683105469
2835,NEUTRAL,0.7827423214912415
2836,NEUTRAL,0.9302839040756226
2837,NEUTRAL,0.9369705319404602
2838,NEUTRAL,0.6047971844673157
2839,NEUTRAL,0.5507633090019226
2840,NEUTRAL,0.8951324224472046
2841,NEUTRAL,0.5314562320709229
2842,NEUTRAL,0.911799967288971
2843,NEUTRAL,0.7910659313201904
2844,NEUTRAL,0.881614625453949
2845,NEUTRAL,0.7138187885284424
2846,NEUTRAL,0.8777749538421631
2847,NEUTRAL,0.8697295784950256
2848,NEUTRAL,0.8944087028503418
2849,NEUTRAL,0.876694917678833
2850,POSITIVE,0.7741782069206238
2851,NEUTRAL,0.9079779982566833
2852,NEUTRAL,0.9326801300048828
2853,NEUTRAL,0.7044402360916138
2854,NEUTRAL,0.8257526159286499
2855,NEUTRAL,0.5822507739067078
2856,NEUTRAL,0.8948545455932617
2857,NEUTRAL,0.8952704668045044
2858,POSITIVE,0.5174543857574463
2859,NEUTRAL,0.752585768699646
2860,NEUTRAL,0.5422576665878296
2862,NEUTRAL,0.8671603798866272
2863,NEUTRAL,0.8838014602661133
2864,NEUTRAL,0.745969831943512
2865,NEUTRAL,0.8969080448150635
2866,NEUTRAL,0.8363710641860962
2867,NEUTRAL,0.9167415499687195
2868,NEUTRAL,0.8547465205192566
2869,NEUTRAL,0.9178599119186401
2870,NEUTRAL,0.8900392055511475
2871,NEUTRAL,0.726010799407959
2872,NEUTRAL,0.762351393699646
2873,POSITIVE,0.5226672887802124
2874,NEUTRAL,0.9362038373947144
2875,NEUTRAL,0.8477211594581604
2876,NEUTRAL,0.908351480960846
2877,NEUTRAL,0.8028619885444641
2878,NEUTRAL,0.832612156867981
2879,NEUTRAL,0.70500248670578
2880,NEUTRAL,0.9007811546325684
2881,NEUTRAL,0.8291875720024109
2882,NEUTRAL,0.8377570509910583
2883,NEUTRAL,0.7137734889984131
2884,NEUTRAL,0.9073533415794373
2885,NEUTRAL,0.7424807548522949
2886,NEUTRAL,0.9171527028083801
2887,NEGATIVE,0.5115335583686829
2888,NEUTRAL,0.8083518147468567
2889,NEUTRAL,0.7295387983322144
2890,NEUTRAL,0.8063287138938904
2891,NEUTRAL,0.5988122224807739
2892,NEUTRAL,0.6950126886367798
2893,NEUTRAL,0.7642115950584412
2894,NEUTRAL,0.929938793182373
2895,NEUTRAL,0.7322555184364319
2896,NEUTRAL,0.9068968296051025
2897,NEUTRAL,0.5825425386428833
2898,NEUTRAL,0.5655205845832825
2899,NEUTRAL,0.9238529801368713
2900,NEUTRAL,0.7792692184448242
2901,NEUTRAL,0.8410602807998657
2902,NEUTRAL,0.6976480484008789
2903,NEUTRAL,0.5371133089065552
2904,NEUTRAL,0.6399505138397217
2905,NEUTRAL,0.5046691298484802
2906,NEUTRAL,0.5896733999252319
2907,NEUTRAL,0.8141951560974121
2908,NEUTRAL,0.6126322746276855
2909,NEUTRAL,0.88001549243927
2910,NEUTRAL,0.9077960848808289
2911,NEUTRAL,0.8385037779808044
2912,NEUTRAL,0.9024695754051208
2913,NEUTRAL,0.8358858823776245
2914,NEUTRAL,0.8948912620544434
2915,NEUTRAL,0.8048905730247498
2916,NEUTRAL,0.9275135397911072
2917,NEUTRAL,0.7721433639526367
2918,NEGATIVE,0.7144767045974731
2919,NEUTRAL,0.8245977163314819
2920,NEUTRAL,0.674821674823761
2921,NEUTRAL,0.8983069062232971
2922,NEUTRAL,0.7607018947601318
2923,POSITIVE,0.5603790879249573
2924,NEUTRAL,0.712062418460846
2925,NEUTRAL,0.5397434830665588
2926,NEUTRAL,0.6419230699539185
2927,NEUTRAL,0.8290935754776001
2928,NEUTRAL,0.872848629951477
2929,NEUTRAL,0.7874626517295837
2930,POSITIVE,0.5509598851203918
2931,NEUTRAL,0.6187884211540222
2932,NEUTRAL,0.8103294968605042
2933,POSITIVE,0.7959120869636536
2934,NEUTRAL,0.7250112891197205
3040,NEGATIVE,0.6307200193405151
3043,NEUTRAL,0.8773396015167236
3048,NEUTRAL,0.8906660079956055
3056,NEUTRAL,0.6956756711006165
3059,NEUTRAL,0.5664946436882019
3066,NEUTRAL,0.5860176682472229
3072,NEUTRAL,0.5189402103424072
3073,NEUTRAL,0.5710771083831787
3087,NEUTRAL,0.8991477489471436
3094,POSITIVE,0.9128082990646362
3103,NEUTRAL,0.5777678489685059
3106,NEUTRAL,0.8616095185279846
3107,NEGATIVE,0.6208192706108093
3143,NEUTRAL,0.9120780229568481
3145,NEUTRAL,0.7290542721748352
3146,NEUTRAL,0.9090840220451355
3147,NEUTRAL,0.925262451171875
3148,NEUTRAL,0.8082046508789062
3149,NEUTRAL,0.5320550203323364
3150,NEUTRAL,0.6532578468322754
3154,NEUTRAL,0.7007104754447937
3157,NEUTRAL,0.6376951336860657
3164,NEUTRAL,0.6557614803314209
3165,NEUTRAL,0.6506717205047607
3167,NEUTRAL,0.6205564141273499
3168,NEUTRAL,0.8851314783096313
3169,NEUTRAL,0.6638669371604919
3170,NEUTRAL,0.8813637495040894
3171,NEUTRAL,0.8693256974220276
3172,NEUTRAL,0.9419745206832886
3173,NEUTRAL,0.9397410750389099
3177,NEUTRAL,0.899662971496582
3178,NEUTRAL,0.666857898235321
3179,NEUTRAL,0.9333975315093994
3184,NEUTRAL,0.8460490703582764
3189,NEUTRAL,0.5875900983810425
3191,NEUTRAL,0.9433804750442505
3192,NEUTRAL,0.645341157913208
3194,NEUTRAL,0.8852355480194092
3195,NEUTRAL,0.895759642124176
3200,NEUTRAL,0.7380329370498657
3202,NEUTRAL,0.876468300819397
3203,NEUTRAL,0.7542195916175842
3204,NEUTRAL,0.9077907204627991
3206,NEUTRAL,0.9019448757171631
3231,NEUTRAL,0.8060483932495117
3232,NEUTRAL,0.6313496828079224
3234,POSITIVE,0.8069803714752197
3235,NEUTRAL,0.6796676516532898
3240,NEUTRAL,0.5087385177612305
3241,NEUTRAL,0.7222170233726501
3242,POSITIVE,0.9476212859153748
3243,NEUTRAL,0.7893779277801514
3244,NEUTRAL,0.5284916162490845
3245,NEUTRAL,0.7669287323951721
3246,POSITIVE,0.6610406041145325
3247,POSITIVE,0.6508960723876953
3248,NEUTRAL,0.8758213520050049
3249,NEUTRAL,0.9033309817314148
3250,POSITIVE,0.5712142586708069
3251,NEUTRAL,0.901896595954895
3252,NEUTRAL,0.9125286936759949
3254,NEUTRAL,0.8762782216072083
3255,NEGATIVE,0.5280880928039551
3256,NEUTRAL,0.7137582302093506
3259,POSITIVE,0.7616088390350342
3260,NEUTRAL,0.5942600965499878
3261,NEUTRAL,0.8721162676811218
3262,NEUTRAL,0.6091145277023315
3264,NEUTRAL,0.8602817058563232
3265,NEUTRAL,0.8380225896835327
3267,NEGATIVE,0.6144430041313171
3268,NEUTRAL,0.8301032781600952
3269,POSITIVE,0.6820473670959473
3270,NEGATIVE,0.648452877998352
3271,NEUTRAL,0.5891887545585632
3272,NEUTRAL,0.5135259032249451
3273,NEUTRAL,0.8440169095993042
3274,NEUTRAL,0.8939024806022644
3275,NEUTRAL,0.9136307835578918
3276,NEUTRAL,0.708459198474884
3277,NEUTRAL,0.863663911819458
3278,NEUTRAL,0.922217071056366
3279,POSITIVE,0.6886622905731201
3280,NEUTRAL,0.9199397563934326
3281,NEUTRAL,0.9165442585945129
3282,NEUTRAL,0.5070658922195435
3283,NEUTRAL,0.8947842717170715
3284,NEUTRAL,0.6426596641540527
3286,POSITIVE,0.9491978287696838
3288,NEUTRAL,0.8931844830513
3289,NEUTRAL,0.660385251045227
3290,NEUTRAL,0.8503476977348328
3291,NEUTRAL,0.8903942108154297
3292,NEUTRAL,0.8906124830245972
3293,NEUTRAL,0.8892678618431091
3294,NEUTRAL,0.6998521685600281
3295,NEUTRAL,0.8174711465835571
3296,POSITIVE,0.8323695063591003
3297,NEGATIVE,0.6811562776565552
3298,NEUTRAL,0.5161012411117554
3300,NEUTRAL,0.9244728088378906
3301,NEUTRAL,0.9145857691764832
3302,NEUTRAL,0.8172013759613037
3303,POSITIVE,0.925881028175354
3304,NEGATIVE,0.5242674350738525
3305,POSITIVE,0.7088972330093384
3306,NEUTRAL,0.8158615231513977
3307,NEUTRAL,0.7936881184577942
3310,NEUTRAL,0.5895204544067383
3311,NEUTRAL,0.7611410021781921
3312,NEGATIVE,0.5938878059387207
3313,NEUTRAL,0.8406362533569336
3314,NEUTRAL,0.8791083097457886
3315,NEUTRAL,0.8703035712242126
3316,POSITIVE,0.8369458913803101
3317,POSITIVE,0.8454746007919312
3318,NEUTRAL,0.710008978843689
3319,NEUTRAL,0.8379471302032471
3320,NEUTRAL,0.9106954336166382
3321,NEUTRAL,0.9143937230110168
3322,NEUTRAL,0.9123849868774414
3323,POSITIVE,0.7913170456886292
3324,NEUTRAL,0.7056788206100464
3325,NEUTRAL,0.901555597782135
3326,NEUTRAL,0.914943277835846
3327,NEUTRAL,0.8400530815124512
3329,POSITIVE,0.6985151171684265
3332,NEUTRAL,0.8800869584083557
3333,NEUTRAL,0.7546792030334473
3334,NEUTRAL,0.579766035079956
3335,NEUTRAL,0.9243565797805786
3336,NEUTRAL,0.8964763283729553
3337,NEUTRAL,0.8963924050331116
3341,POSITIVE,0.9269884824752808
3343,NEGATIVE,0.8167335391044617
3344,POSITIVE,0.641955554485321
3345,NEUTRAL,0.9153327345848083
3346,NEUTRAL,0.9206621050834656
3347,NEUTRAL,0.7696077823638916
3348,POSITIVE,0.9241579174995422
3349,NEUTRAL,0.9212631583213806
3350,NEUTRAL,0.9248161911964417
3352,NEUTRAL,0.9070878624916077
3353,NEUTRAL,0.8774888515472412
3354,NEUTRAL,0.9022754430770874
3355,NEUTRAL,0.8564122915267944
3356,POSITIVE,0.8166952133178711
3357,NEUTRAL,0.8172412514686584
3702,POSITIVE,0.5013468265533447
3703,NEUTRAL,0.8552951216697693
3704,NEUTRAL,0.8392502665519714
3716,NEUTRAL,0.7213758230209351
3725,NEUTRAL,0.6408417820930481
3777,NEGATIVE,0.6582452058792114
3783,NEUTRAL,0.8096954822540283
3790,NEUTRAL,0.6319103837013245
3792,NEUTRAL,0.5168430805206299
3793,NEUTRAL,0.6057435870170593
3795,NEUTRAL,0.5485390424728394
3800,NEUTRAL,0.8964278697967529
3801,NEUTRAL,0.8261945843696594
3804,NEUTRAL,0.6281814575195312
3846,NEUTRAL,0.8885541558265686
3847,NEUTRAL,0.8944240212440491
3848,NEUTRAL,0.5602830052375793
3849,NEUTRAL,0.9196797013282776
3850,NEUTRAL,0.6544609069824219
3964,POSITIVE,0.8084189891815186
3972,NEUTRAL,0.575779139995575
3973,NEUTRAL,0.6850019693374634
3974,NEUTRAL,0.6965200901031494
3975,NEUTRAL,0.7737511396408081
3976,NEUTRAL,0.5753557682037354
3977,NEUTRAL,0.7424271106719971
3978,NEUTRAL,0.5014077425003052
3979,NEUTRAL,0.7460035681724548
3980,NEUTRAL,0.6972368955612183
3981,NEUTRAL,0.7615951895713806
3982,NEUTRAL,0.8933907151222229
3983,NEUTRAL,0.806023120880127
3984,NEUTRAL,0.7093954086303711
3985,POSITIVE,0.6346148252487183
3986,NEUTRAL,0.7127512097358704
3987,NEUTRAL,0.7744369506835938
3988,NEUTRAL,0.7723773121833801
4077,NEUTRAL,0.7647936940193176
4078,NEUTRAL,0.7427470684051514
4079,NEUTRAL,0.8474483489990234
4080,NEUTRAL,0.8438988924026489
4081,NEUTRAL,0.8550851941108704
4082,NEUTRAL,0.842375636100769
4083,NEUTRAL,0.8434963226318359
4084,NEUTRAL,0.8538686633110046
4085,NEUTRAL,0.8502776622772217
4086,POSITIVE,0.6523407101631165
4087,NEUTRAL,0.834148108959198
4088,NEUTRAL,0.6936575770378113
4089,NEGATIVE,0.493712455034256
4090,NEUTRAL,0.8554904460906982
4091,NEUTRAL,0.8615355491638184
4092,NEUTRAL,0.8765472769737244
4093,NEUTRAL,0.8436528444290161
4094,NEUTRAL,0.83492112159729
4095,NEUTRAL,0.8597620725631714
4096,POSITIVE,0.8318399786949158
4097,NEUTRAL,0.5390436053276062
4098,NEUTRAL,0.7331663370132446
4099,NEUTRAL,0.7674959301948547
4100,NEUTRAL,0.8140926957130432
4101,NEUTRAL,0.8265538215637207
4102,NEUTRAL,0.8225057125091553
4103,NEUTRAL,0.8559961318969727
4104,NEUTRAL,0.8497645258903503
4105,NEUTRAL,0.8217177987098694
4106,NEUTRAL,0.8806193470954895
4107,NEUTRAL,0.8811046481132507
4108,NEUTRAL,0.5557698607444763
4109,NEUTRAL,0.873477578163147
4110,NEUTRAL,0.825076162815094
4111,NEUTRAL,0.8497378826141357
4112,NEUTRAL,0.809884250164032
4113,NEUTRAL,0.5705368518829346
4114,NEUTRAL,0.8161569237709045
4115,NEUTRAL,0.8075813055038452
4116,NEUTRAL,0.8753480911254883
4117,NEUTRAL,0.8753794431686401
4118,NEUTRAL,0.8099108338356018
4119,NEUTRAL,0.8516045808792114
4120,NEUTRAL,0.813782811164856
4121,NEUTRAL,0.8638911843299866
4122,NEUTRAL,0.8359465003013611
4124,NEUTRAL,0.8578554391860962
4125,NEUTRAL,0.8307636976242065
4126,NEUTRAL,0.8390761017799377
4127,NEUTRAL,0.780446469783783
4128,NEUTRAL,0.7806320786476135
4129,NEUTRAL,0.8094931244850159
4130,NEUTRAL,0.8534325361251831
4131,NEUTRAL,0.8267660140991211
4132,NEUTRAL,0.8412882685661316
4133,NEUTRAL,0.7722131609916687
4134,NEUTRAL,0.745059072971344
4135,NEUTRAL,0.8655730485916138
4136,NEUTRAL,0.8776231408119202
4137,NEUTRAL,0.7330425381660461
4138,NEUTRAL,0.8831945061683655
4139,NEUTRAL,0.8757996559143066
4140,NEUTRAL,0.7299920916557312
4141,NEUTRAL,0.8213949203491211
4142,NEUTRAL,0.8493168950080872
4143,POSITIVE,0.6207496523857117
4144,NEUTRAL,0.843468189239502
4145,NEUTRAL,0.8449389338493347
4146,NEUTRAL,0.8007489442825317
4147,NEUTRAL,0.8514517545700073
4148,NEUTRAL,0.8509871959686279
4149,NEUTRAL,0.8922927379608154
4150,NEUTRAL,0.8364415764808655
4151,NEUTRAL,0.8162547945976257
4152,NEUTRAL,0.6964508295059204
4153,NEUTRAL,0.7983247637748718
4154,NEUTRAL,0.6541458964347839
4155,NEUTRAL,0.777600884437561
4156,NEUTRAL,0.8643842339515686
4157,NEUTRAL,0.8047699332237244
4158,NEUTRAL,0.8083781003952026
4159,POSITIVE,0.5545594692230225
4160,NEUTRAL,0.8112887740135193
4161,NEUTRAL,0.7762762308120728
4162,NEUTRAL,0.9087795615196228
4163,NEUTRAL,0.8240272402763367
4164,NEUTRAL,0.8915466666221619
4165,NEUTRAL,0.8227755427360535
4167,NEUTRAL,0.8938369750976562
4168,NEUTRAL,0.8826133608818054
4169,NEUTRAL,0.8756734132766724
4170,NEUTRAL,0.8668288588523865
4171,NEUTRAL,0.8702783584594727
4172,NEUTRAL,0.8866405487060547
4173,NEUTRAL,0.8580074310302734
4174,NEUTRAL,0.8496095538139343
4175,NEUTRAL,0.8575776219367981
4176,NEUTRAL,0.7571466565132141
4177,NEUTRAL,0.866717517375946
4179,NEUTRAL,0.9109345078468323
4180,NEUTRAL,0.8804416656494141
4181,NEUTRAL,0.9101775884628296
4182,NEUTRAL,0.8857458233833313
4183,NEUTRAL,0.7910574078559875
4184,NEUTRAL,0.8167154788970947
4185,NEUTRAL,0.796531617641449
4186,NEUTRAL,0.8353298902511597
4187,NEUTRAL,0.8768895864486694
4188,NEUTRAL,0.9130299687385559
4189,NEUTRAL,0.9148876070976257
4190,NEUTRAL,0.8640872240066528
4191,NEUTRAL,0.9033610224723816
4192,NEUTRAL,0.8870970606803894
4193,NEUTRAL,0.8633396029472351
4194,NEUTRAL,0.9069066643714905
4195,NEUTRAL,0.9004552960395813
4196,NEUTRAL,0.8976144194602966
4197,NEUTRAL,0.9089328646659851
4198,NEUTRAL,0.9075502753257751
4199,NEUTRAL,0.880068302154541
4200,NEUTRAL,0.9077733159065247
4201,NEUTRAL,0.8637118339538574
4202,NEUTRAL,0.8373734354972839
4203,NEUTRAL,0.8809542059898376
4204,NEUTRAL,0.9173141717910767
4205,NEUTRAL,0.7955930233001709
4206,NEUTRAL,0.8050267100334167
4207,NEUTRAL,0.8647623062133789
4208,NEUTRAL,0.6320252418518066
4209,NEUTRAL,0.8807443976402283
4210,NEUTRAL,0.8758559226989746
4211,NEUTRAL,0.8647913336753845
4212,NEUTRAL,0.8342164754867554
4213,NEUTRAL,0.8342676758766174
4214,NEUTRAL,0.8531832098960876
4215,POSITIVE,0.4943281412124634
4216,NEUTRAL,0.8461911082267761
4217,NEUTRAL,0.8671079874038696
4218,NEUTRAL,0.8565019965171814
4219,NEUTRAL,0.8500255346298218
4220,NEUTRAL,0.798212468624115
4221,NEUTRAL,0.8446263670921326
4222,NEUTRAL,0.8325910568237305
4223,NEUTRAL,0.8216826319694519
4224,NEUTRAL,0.8374786376953125
4226,NEUTRAL,0.6840628981590271
4227,NEUTRAL,0.7856737971305847
4228,NEUTRAL,0.8617523312568665
4229,NEUTRAL,0.8418223857879639
4230,NEUTRAL,0.7043830752372742
4231,NEUTRAL,0.8360471725463867
4232,NEUTRAL,0.8401031494140625
4233,NEUTRAL,0.869176983833313
4234,NEUTRAL,0.8496132493019104
4236,NEUTRAL,0.6211361885070801
4237,NEUTRAL,0.8860799074172974
4238,NEUTRAL,0.825837254524231
4239,NEUTRAL,0.8352438807487488
4240,NEUTRAL,0.8491038680076599
4241,NEUTRAL,0.8892517685890198
4242,NEUTRAL,0.8201744556427002
4243,NEUTRAL,0.8731723427772522
4244,NEUTRAL,0.8723029494285583
4245,NEUTRAL,0.8286024332046509
4246,NEUTRAL,0.831961452960968
4247,NEUTRAL,0.8636462092399597
4248,NEUTRAL,0.8155714869499207
4249,NEUTRAL,0.8419303297996521
4250,NEUTRAL,0.8582472205162048
4251,NEUTRAL,0.8512752056121826
4252,NEUTRAL,0.8506799936294556
4253,NEUTRAL,0.6163655519485474
4254,NEUTRAL,0.8317490816116333
4255,NEUTRAL,0.8246931433677673
4256,NEUTRAL,0.8820263743400574
4257,NEUTRAL,0.8768571019172668
4258,NEUTRAL,0.8393586874008179
4260,NEUTRAL,0.8193545937538147
4261,NEUTRAL,0.8213094472885132
4262,NEUTRAL,0.8056563138961792
4263,NEUTRAL,0.8736161589622498
4264,NEUTRAL,0.8710880875587463
4265,NEUTRAL,0.8308908343315125
4266,NEUTRAL,0.8669336438179016
4267,NEUTRAL,0.8096293210983276
4268,NEUTRAL,0.8221377730369568
4269,NEUTRAL,0.8109840154647827
4270,NEUTRAL,0.8533780574798584
4271,NEUTRAL,0.8200973272323608
4272,NEUTRAL,0.8761435151100159
4273,NEUTRAL,0.8402770757675171
4274,NEUTRAL,0.8534952402114868
4275,NEUTRAL,0.8184717893600464
4276,NEUTRAL,0.8403191566467285
4277,NEUTRAL,0.862137496471405
4278,NEUTRAL,0.8618138432502747
4279,NEUTRAL,0.8806477785110474
4280,NEUTRAL,0.8443390130996704
4281,NEUTRAL,0.8014456033706665
4282,NEUTRAL,0.7939046025276184
4283,NEUTRAL,0.8220119476318359
4284,NEUTRAL,0.8727946877479553
4285,NEUTRAL,0.7889757752418518
4286,NEUTRAL,0.739042341709137
4287,NEUTRAL,0.8085633516311646
4288,NEUTRAL,0.6965509653091431
4289,NEUTRAL,0.8878442049026489
4290,NEUTRAL,0.8345659375190735
4291,NEUTRAL,0.6729086637496948
4292,NEUTRAL,0.8112390041351318
4293,NEUTRAL,0.8879427313804626
4294,NEUTRAL,0.8234564661979675
4295,NEUTRAL,0.8692141175270081
4296,NEUTRAL,0.823174238204956
4297,NEUTRAL,0.7615341544151306
4298,NEUTRAL,0.849202036857605
4299,NEUTRAL,0.8487018942832947
4300,NEUTRAL,0.7418211102485657
4301,NEUTRAL,0.840084969997406
4302,NEUTRAL,0.7211629152297974
4303,NEUTRAL,0.842272937297821
4304,NEUTRAL,0.9401627779006958
4305,POSITIVE,0.7126137018203735
4306,NEUTRAL,0.8053606748580933
4307,NEUTRAL,0.8875797986984253
4308,NEUTRAL,0.8142969012260437
4309,NEUTRAL,0.8655871152877808
4310,NEUTRAL,0.7458280324935913
4311,NEUTRAL,0.866170346736908
4313,POSITIVE,0.760712206363678
4314,NEUTRAL,0.533354640007019
4315,NEUTRAL,0.7333227396011353
4316,POSITIVE,0.7909073233604431
4317,NEUTRAL,0.774240255355835
4318,POSITIVE,0.8289892077445984
4319,NEUTRAL,0.741688072681427
4321,NEUTRAL,0.8251681327819824
4322,NEUTRAL,0.8127440810203552
4323,NEUTRAL,0.7599977850914001
4326,NEUTRAL,0.7372684478759766
4327,NEGATIVE,0.8590243458747864
4328,NEUTRAL,0.7615272998809814
4356,NEUTRAL,0.865561306476593
4357,POSITIVE,0.6308733224868774
4358,NEUTRAL,0.8325614929199219
4359,NEUTRAL,0.8667765259742737
4360,NEUTRAL,0.6797641515731812
4361,NEUTRAL,0.7286543250083923
4362,NEUTRAL,0.847995400428772
4363,NEUTRAL,0.8688651323318481
4364,NEUTRAL,0.8290049433708191
4365,NEUTRAL,0.8746963143348694
4366,POSITIVE,0.8951740264892578
4367,NEUTRAL,0.8535888195037842
4368,NEUTRAL,0.8671630024909973
4369,NEUTRAL,0.8923012614250183
4370,NEGATIVE,0.5679908990859985
4371,NEUTRAL,0.8604893684387207
4372,NEUTRAL,0.81863933801651
4373,NEUTRAL,0.9003492593765259
4374,POSITIVE,0.6436310410499573
4375,NEUTRAL,0.8698012828826904
4376,NEUTRAL,0.8624067306518555
4377,NEUTRAL,0.8621819615364075
4379,NEUTRAL,0.48302146792411804
4380,POSITIVE,0.9673242568969727
4383,NEUTRAL,0.7114439010620117
4384,POSITIVE,0.8926078677177429
4387,POSITIVE,0.8653374314308167
4863,NEUTRAL,0.5977466702461243
4864,NEUTRAL,0.7603379487991333
4865,NEUTRAL,0.5982210040092468
4866,NEUTRAL,0.5554401874542236
4867,NEUTRAL,0.6306174993515015
4868,NEUTRAL,0.6109567880630493
4869,NEUTRAL,0.7800197005271912
4875,POSITIVE,0.7964683175086975
4876,NEUTRAL,0.6689741611480713
4879,NEUTRAL,0.8806853294372559
4880,NEUTRAL,0.8844263553619385
4881,NEUTRAL,0.8932997584342957
4882,NEUTRAL,0.7219753861427307
4883,NEUTRAL,0.7339547276496887
4884,NEUTRAL,0.5668667554855347
4885,NEUTRAL,0.8595421314239502
4886,NEUTRAL,0.8632322549819946
4887,NEUTRAL,0.9070323705673218
4888,NEUTRAL,0.9007467031478882
4889,NEUTRAL,0.8852230310440063
4890,NEUTRAL,0.8894379734992981
4891,NEUTRAL,0.9035972952842712
4892,NEUTRAL,0.8757752776145935
4893,NEUTRAL,0.9036678075790405
4894,NEUTRAL,0.9300719499588013
4895,NEUTRAL,0.8362146615982056
4896,NEUTRAL,0.8794941306114197
4897,NEUTRAL,0.891840398311615
4898,NEUTRAL,0.90446537733078
4899,NEUTRAL,0.8719409108161926
4900,NEUTRAL,0.5393901467323303
4906,NEUTRAL,0.8573725819587708
4907,NEUTRAL,0.9075813889503479
4908,NEUTRAL,0.9108933210372925
4909,NEUTRAL,0.8539466261863708
4910,NEUTRAL,0.8615944981575012
4911,NEUTRAL,0.9084498882293701
4912,NEUTRAL,0.8761377334594727
4913,NEUTRAL,0.9119600653648376
4914,NEUTRAL,0.9006367325782776
4915,NEUTRAL,0.8920173645019531
4916,NEUTRAL,0.8980861902236938
4917,NEUTRAL,0.9005445241928101
4918,NEUTRAL,0.9129701256752014
4919,NEUTRAL,0.8901026844978333
4920,NEUTRAL,0.8870331048965454
4921,NEUTRAL,0.8482200503349304
4922,NEUTRAL,0.6644474864006042
4923,NEUTRAL,0.9230840802192688
4924,NEUTRAL,0.8711144924163818
4925,NEUTRAL,0.879016637802124
4926,NEUTRAL,0.8804192543029785
4927,NEUTRAL,0.8269047737121582
4928,NEUTRAL,0.914749026298523
4929,NEUTRAL,0.8958248496055603
4930,NEUTRAL,0.8909890055656433
4931,NEUTRAL,0.8790584802627563
4932,NEUTRAL,0.9067404866218567
4933,NEUTRAL,0.8889981508255005
4934,NEUTRAL,0.8757864236831665
4935,NEUTRAL,0.9023224115371704
4936,NEUTRAL,0.8688843846321106
4937,NEUTRAL,0.8102908134460449
4938,NEUTRAL,0.8850342035293579
4939,NEUTRAL,0.9022166132926941
4940,NEUTRAL,0.9123554825782776
4941,NEUTRAL,0.8840384483337402
4942,NEUTRAL,0.8614045977592468
4943,NEUTRAL,0.8788087964057922
4944,NEUTRAL,0.9174288511276245
4945,NEUTRAL,0.8691940307617188
4946,NEUTRAL,0.8906575441360474
4947,NEUTRAL,0.8942669630050659
4948,NEUTRAL,0.877051830291748
4949,NEUTRAL,0.8836758136749268
4950,NEUTRAL,0.8949248194694519
4951,NEUTRAL,0.6702197194099426
4952,NEUTRAL,0.8101309537887573
4953,NEUTRAL,0.8214871883392334
4954,NEUTRAL,0.5489763617515564
4955,NEUTRAL,0.8686351180076599
4956,NEUTRAL,0.8113603591918945
4957,NEUTRAL,0.6367591619491577
4958,NEUTRAL,0.8799251317977905
4959,NEUTRAL,0.8905860185623169
4960,NEUTRAL,0.8863053321838379
4961,NEUTRAL,0.90224689245224
4962,NEUTRAL,0.877190351486206
4963,NEUTRAL,0.8572803139686584
4964,NEUTRAL,0.8101428747177124
4965,NEUTRAL,0.8966653347015381
4966,NEGATIVE,0.860019862651825
4967,POSITIVE,0.6107673645019531
4968,NEUTRAL,0.9043545126914978
4969,NEUTRAL,0.7645986676216125
4970,NEUTRAL,0.8306477069854736
4971,NEUTRAL,0.568684458732605
4972,NEUTRAL,0.7104030847549438
4973,NEGATIVE,0.6401351094245911
4974,NEUTRAL,0.6311916708946228
4975,POSITIVE,0.5785819292068481
4976,NEUTRAL,0.8943362236022949
4977,POSITIVE,0.8105783462524414
4981,NEUTRAL,0.8074115514755249
4982,NEUTRAL,0.5082349181175232
4985,NEUTRAL,0.6340861320495605
4986,NEUTRAL,0.6347877979278564
4987,NEUTRAL,0.5759373307228088
4988,NEUTRAL,0.7028031945228577
4989,NEUTRAL,0.7676796317100525
4990,NEUTRAL,0.8121034502983093
4991,NEUTRAL,0.6847249269485474
4992,NEUTRAL,0.755849301815033
4993,NEUTRAL,0.7048032283782959
4994,NEUTRAL,0.6550211906433105
4995,NEUTRAL,0.7521933317184448
4997,NEUTRAL,0.9170617461204529
4998,NEUTRAL,0.710127055644989
4999,POSITIVE,0.9471002221107483
5000,NEUTRAL,0.8912028074264526
5001,NEUTRAL,0.7118921279907227
5002,NEUTRAL,0.8614187836647034
5003,NEUTRAL,0.8566406965255737
5004,NEUTRAL,0.8855281472206116
5005,NEUTRAL,0.8773666024208069
5006,NEUTRAL,0.8663703203201294
5007,NEUTRAL,0.8174998760223389
5008,NEUTRAL,0.8578749299049377
5009,NEUTRAL,0.8463144898414612
5010,NEUTRAL,0.7988724708557129
5011,NEUTRAL,0.8439759612083435
5012,NEUTRAL,0.9001784324645996
5014,NEUTRAL,0.8740587830543518
5015,NEUTRAL,0.8839150071144104
5016,NEUTRAL,0.8190908432006836
5017,NEUTRAL,0.884055495262146
5018,NEUTRAL,0.8932359218597412
5019,NEUTRAL,0.6984113454818726
5020,NEUTRAL,0.5884488821029663
5021,NEUTRAL,0.875890851020813
5023,NEUTRAL,0.8942582011222839
5024,NEUTRAL,0.8330627083778381
5025,NEUTRAL,0.8662688732147217
5026,NEUTRAL,0.8757391571998596
5027,NEUTRAL,0.8030422329902649
5028,NEUTRAL,0.6994258761405945
5029,NEUTRAL,0.8781967163085938
5030,NEUTRAL,0.7681503891944885
5031,NEUTRAL,0.8312976360321045
5032,NEUTRAL,0.8842774629592896
5033,NEUTRAL,0.8757717609405518
5034,NEUTRAL,0.6049298644065857
5035,NEUTRAL,0.8566625118255615
5036,NEUTRAL,0.8735209107398987
5037,NEUTRAL,0.9024794697761536
5038,NEUTRAL,0.899539053440094
5039,NEUTRAL,0.883209228515625
5040,NEUTRAL,0.8645125031471252
5041,NEUTRAL,0.872438907623291
5042,NEUTRAL,0.8937242031097412
5043,NEUTRAL,0.8761505484580994
5044,NEUTRAL,0.8650169968605042
5045,NEUTRAL,0.8596091270446777
5046,NEUTRAL,0.8652414083480835
5047,NEUTRAL,0.7154407501220703
5048,NEUTRAL,0.8585911989212036
5049,NEUTRAL,0.87578284740448
5050,NEUTRAL,0.879389762878418
5051,NEUTRAL,0.8857108950614929
5052,NEUTRAL,0.7811571955680847
5053,NEUTRAL,0.9075972437858582
5054,NEUTRAL,0.8597213625907898
5055,NEUTRAL,0.8955938816070557
5056,NEUTRAL,0.8870673179626465
5057,NEUTRAL,0.8890169858932495
5058,NEUTRAL,0.8403114080429077
5059,NEUTRAL,0.8851560354232788
5060,NEUTRAL,0.8891795873641968
5061,NEUTRAL,0.911396861076355
5062,NEUTRAL,0.9036836624145508
5063,NEUTRAL,0.8652051687240601
5065,NEUTRAL,0.8988918662071228
5066,NEUTRAL,0.8739586472511292
5067,NEUTRAL,0.8619174361228943
5068,NEUTRAL,0.8414746522903442
5069,NEUTRAL,0.844878077507019
5070,NEUTRAL,0.8498440384864807
5071,NEUTRAL,0.8346556425094604
5072,NEUTRAL,0.8767431974411011
5073,NEUTRAL,0.8113741874694824
5074,NEUTRAL,0.8621484637260437
5075,NEUTRAL,0.6592333316802979
5076,NEUTRAL,0.8067257404327393
5077,NEUTRAL,0.8542139530181885
5078,NEUTRAL,0.6197428703308105
5079,NEUTRAL,0.8572495579719543
5080,NEUTRAL,0.8513252139091492
5081,NEUTRAL,0.8677423000335693
5082,NEUTRAL,0.8946794867515564
5083,NEGATIVE,0.6795506477355957
5084,NEUTRAL,0.6378161907196045
5085,NEUTRAL,0.8863600492477417
5086,NEUTRAL,0.8898926973342896
5087,NEUTRAL,0.9052683115005493
5088,NEUTRAL,0.8833929300308228
5089,NEUTRAL,0.5880722403526306
5090,NEUTRAL,0.888031005859375
5091,NEUTRAL,0.8893395066261292
5092,NEUTRAL,0.8871337175369263
5093,NEUTRAL,0.8754308819770813
5094,NEUTRAL,0.8856937885284424
5095,NEUTRAL,0.8889060020446777
5096,NEUTRAL,0.8699543476104736
5097,NEUTRAL,0.8415428996086121
5098,NEUTRAL,0.867229163646698
5099,NEUTRAL,0.8233446478843689
5100,NEUTRAL,0.8988187313079834
5101,NEUTRAL,0.8474562168121338
5103,NEUTRAL,0.8276870846748352
5104,NEUTRAL,0.864259660243988
5105,NEUTRAL,0.8879902958869934
5106,NEUTRAL,0.7929704189300537
5107,NEUTRAL,0.8675982356071472
5109,NEUTRAL,0.8609070777893066
5110,NEUTRAL,0.8702583312988281
5111,NEUTRAL,0.8664117455482483
5112,NEUTRAL,0.9074125289916992
5113,POSITIVE,0.8153014183044434
5114,NEUTRAL,0.8883194327354431
5115,NEUTRAL,0.9086490273475647
5116,NEUTRAL,0.8257976174354553
5117,NEUTRAL,0.8747043609619141
5118,NEUTRAL,0.8638747930526733
5119,NEUTRAL,0.8449289798736572
5120,NEUTRAL,0.8844349384307861
5121,NEUTRAL,0.8688375949859619
5122,NEUTRAL,0.8804284930229187
5123,NEUTRAL,0.9030642509460449
5124,NEUTRAL,0.8665484189987183
5125,NEUTRAL,0.8975861668586731
5126,NEUTRAL,0.8801586627960205
5127,NEUTRAL,0.8795996308326721
5128,NEUTRAL,0.8684179186820984
5129,NEUTRAL,0.8782692551612854
5130,NEUTRAL,0.8975108861923218
5131,NEUTRAL,0.9065756797790527
5132,NEUTRAL,0.8830606341362
5133,NEUTRAL,0.8516643047332764
5134,NEUTRAL,0.8818995356559753
5135,NEUTRAL,0.8635974526405334
5136,NEUTRAL,0.8558447957038879
5137,NEUTRAL,0.8512142896652222
5138,NEUTRAL,0.8162261247634888
5139,NEUTRAL,0.8548480868339539
5140,NEUTRAL,0.6899784803390503
5141,NEUTRAL,0.9043605327606201
5142,NEUTRAL,0.8985927700996399
5143,NEUTRAL,0.8592246174812317
5145,NEGATIVE,0.5617431998252869
5146,NEUTRAL,0.903792679309845
5147,NEUTRAL,0.8937656283378601
5148,NEUTRAL,0.7230202555656433
5149,NEUTRAL,0.8854067921638489
5150,NEUTRAL,0.8308485150337219
5151,NEGATIVE,0.5337002277374268
5152,NEUTRAL,0.8231325745582581
5153,NEUTRAL,0.8394772410392761
5154,NEUTRAL,0.8468338251113892
5155,NEUTRAL,0.8890471458435059
5156,NEUTRAL,0.8525811433792114
5157,NEUTRAL,0.8942110538482666
5158,NEUTRAL,0.7718191742897034
5159,NEUTRAL,0.6239354014396667
5160,NEUTRAL,0.7860758900642395
5161,NEUTRAL,0.9296630620956421
5163,NEUTRAL,0.6490594744682312
5164,NEUTRAL,0.8507151007652283
5165,NEUTRAL,0.8813976049423218
5166,NEUTRAL,0.8600873351097107
5167,POSITIVE,0.8157731294631958
5168,POSITIVE,0.8740916848182678
5169,POSITIVE,0.7641593813896179
5170,POSITIVE,0.9519537687301636
5171,POSITIVE,0.9545062780380249
5172,NEUTRAL,0.8741658926010132
5173,NEUTRAL,0.8711766600608826
5174,NEUTRAL,0.5945435762405396
5175,POSITIVE,0.6476539373397827
5177,POSITIVE,0.8542144298553467
5178,POSITIVE,0.6571210622787476
5179,NEUTRAL,0.7066820859909058
5180,NEUTRAL,0.8940927386283875
5181,NEUTRAL,0.8636362552642822
5182,NEUTRAL,0.8483332991600037
5183,NEUTRAL,0.9039871096611023
5184,NEUTRAL,0.9020658731460571
5185,NEUTRAL,0.8697032332420349
5186,NEUTRAL,0.8657270669937134
5187,NEUTRAL,0.8794037699699402
5188,NEUTRAL,0.7936556339263916
5189,NEUTRAL,0.897732675075531
5190,NEUTRAL,0.8774815797805786
5191,NEUTRAL,0.8648415207862854
5192,NEUTRAL,0.8326464295387268
5193,NEUTRAL,0.8611619472503662
5194,NEUTRAL,0.8680437207221985
5195,NEUTRAL,0.8986825942993164
5196,NEUTRAL,0.8746739625930786
5197,NEUTRAL,0.8624498248100281
5198,NEUTRAL,0.8592603206634521
5199,NEUTRAL,0.8591568470001221
5200,NEUTRAL,0.8985077142715454
5201,POSITIVE,0.7038360238075256
5202,NEUTRAL,0.9044141173362732
5203,NEUTRAL,0.8953875303268433
5204,NEUTRAL,0.8539511561393738
5205,NEUTRAL,0.9059101939201355
5206,NEUTRAL,0.8818008899688721
5207,NEUTRAL,0.868200421333313
5208,NEUTRAL,0.8677272200584412
5209,NEUTRAL,0.8635954856872559
5210,NEUTRAL,0.8822721838951111
5211,NEUTRAL,0.6209300756454468
5212,NEUTRAL,0.8708758354187012
5213,NEUTRAL,0.8539553284645081
5214,NEUTRAL,0.870898425579071
5215,NEUTRAL,0.8922322392463684
5216,NEUTRAL,0.8194934725761414
5217,POSITIVE,0.6734927296638489
5218,NEUTRAL,0.8618630766868591
5219,NEUTRAL,0.8327702283859253
5220,NEUTRAL,0.8688158988952637
5222,NEUTRAL,0.8137931823730469
5223,NEUTRAL,0.889990508556366
5224,NEUTRAL,0.9083964824676514
5225,NEUTRAL,0.840590238571167
5226,NEUTRAL,0.9064621925354004
5227,NEUTRAL,0.6828439235687256
5229,NEUTRAL,0.8394073247909546
5230,NEUTRAL,0.8539735674858093
5231,NEUTRAL,0.8571133613586426
5232,NEUTRAL,0.8604965209960938
5233,NEUTRAL,0.8391152024269104
5234,NEUTRAL,0.8692103028297424
5235,NEUTRAL,0.8731204867362976
5236,NEUTRAL,0.8989353179931641
5237,NEUTRAL,0.7870979905128479
5238,POSITIVE,0.5116608142852783
5239,NEUTRAL,0.8011655807495117
5240,NEUTRAL,0.6929791569709778
5241,NEUTRAL,0.8646714091300964
5242,NEUTRAL,0.8493205904960632
5243,NEUTRAL,0.8530686497688293
5244,NEGATIVE,0.6328521966934204
5245,NEUTRAL,0.7202734351158142
5246,NEUTRAL,0.8851456642150879
5247,NEUTRAL,0.7197888493537903
5249,NEUTRAL,0.809836208820343
5250,NEUTRAL,0.8435710668563843
5251,NEUTRAL,0.8585916757583618
5252,NEUTRAL,0.8548908829689026
5253,NEUTRAL,0.8869739174842834
5254,NEUTRAL,0.7353866100311279
5255,NEUTRAL,0.5551179051399231
5256,NEUTRAL,0.9012529850006104
5257,POSITIVE,0.8060117959976196
5258,NEUTRAL,0.8503195643424988
5259,NEUTRAL,0.8623524904251099
5260,NEUTRAL,0.8667937517166138
5261,NEUTRAL,0.8078271746635437
5262,NEUTRAL,0.8610535860061646
5264,NEUTRAL,0.8256247043609619
5265,NEUTRAL,0.831402599811554
5266,NEUTRAL,0.5791634917259216
5267,NEUTRAL,0.8739665746688843
5269,NEUTRAL,0.8711848855018616
5270,NEUTRAL,0.838369607925415
5271,NEUTRAL,0.8543802499771118
5272,POSITIVE,0.6552048921585083
5273,NEUTRAL,0.8662539124488831
5274,NEUTRAL,0.8542400002479553
5275,NEUTRAL,0.8156333565711975
5276,NEUTRAL,0.8518014550209045
5278,NEUTRAL,0.7635800242424011
5279,NEUTRAL,0.8860136270523071
5280,NEUTRAL,0.8893070220947266
5281,NEUTRAL,0.8939486742019653
5286,POSITIVE,0.9164339303970337
5287,NEUTRAL,0.7151941061019897
5288,NEUTRAL,0.6835842132568359
5289,NEUTRAL,0.6718863844871521
5293,NEUTRAL,0.7274190783500671
5294,POSITIVE,0.4985591173171997
5295,NEUTRAL,0.807253360748291
5296,NEUTRAL,0.8455371856689453
5297,NEGATIVE,0.49319931864738464
5298,NEUTRAL,0.6149414777755737
5299,NEUTRAL,0.6073799133300781
5301,NEUTRAL,0.827610194683075
5303,NEUTRAL,0.7790701985359192
5304,NEUTRAL,0.8279818892478943
5305,NEUTRAL,0.7072778344154358
5306,NEUTRAL,0.8337464332580566
5307,NEUTRAL,0.8318940997123718
5308,NEUTRAL,0.8478306531906128
5309,NEUTRAL,0.7091073989868164
5310,NEUTRAL,0.8286973834037781
5311,POSITIVE,0.669739842414856
5312,NEUTRAL,0.8287886381149292
5314,NEUTRAL,0.6549741625785828
5316,NEUTRAL,0.5412512421607971
5342,NEUTRAL,0.919329822063446
5343,NEUTRAL,0.9119178056716919
5344,NEUTRAL,0.7699374556541443
5345,NEUTRAL,0.9139304757118225
5346,NEUTRAL,0.6539440751075745
5347,NEUTRAL,0.9135570526123047
5348,NEUTRAL,0.9125582575798035
5349,NEUTRAL,0.9131178259849548
5350,NEUTRAL,0.9173138737678528
5351,NEUTRAL,0.9080570936203003
5352,NEUTRAL,0.916644275188446
5353,NEUTRAL,0.9147780537605286
5354,NEUTRAL,0.9043980836868286
5355,NEUTRAL,0.8977741003036499
5356,NEUTRAL,0.9081622958183289
5357,NEGATIVE,0.5986829996109009
5358,NEUTRAL,0.9063205718994141
5359,NEUTRAL,0.9068865180015564
5361,POSITIVE,0.8202835917472839
5368,NEUTRAL,0.832395076751709
5369,NEGATIVE,0.7082687020301819
5370,NEUTRAL,0.8701002597808838
5437,NEUTRAL,0.9328721165657043
5438,POSITIVE,0.5976661443710327
5439,NEUTRAL,0.5531690120697021
5440,NEUTRAL,0.6432392597198486
5441,NEUTRAL,0.862901508808136
5442,NEUTRAL,0.8191169500350952
5443,NEUTRAL,0.8788802623748779
5444,NEUTRAL,0.7685557007789612
5445,NEGATIVE,0.648116946220398
5446,NEUTRAL,0.6314104795455933
5447,NEUTRAL,0.5546644330024719
5448,NEUTRAL,0.5707195401191711
5449,NEGATIVE,0.5375878810882568
5450,NEUTRAL,0.9311165809631348
5451,NEUTRAL,0.7713738679885864
5452,NEGATIVE,0.5895366072654724
5560,NEUTRAL,0.9343623518943787
5566,NEUTRAL,0.8122570514678955
5673,NEUTRAL,0.6987123489379883
5881,NEUTRAL,0.8898391723632812
5882,NEUTRAL,0.8637511730194092
5887,NEGATIVE,0.7722654938697815
6146,NEUTRAL,0.9311582446098328
6148,NEUTRAL,0.847112238407135
6150,NEUTRAL,0.8767871260643005
6310,NEUTRAL,0.832467257976532
6314,NEUTRAL,0.9245417714118958
6341,NEUTRAL,0.9369381666183472
6364,NEUTRAL,0.942144513130188
6694,POSITIVE,0.7881213426589966
6695,NEUTRAL,0.5230236649513245
6696,POSITIVE,0.7723885774612427
6697,POSITIVE,0.6694786548614502
6698,POSITIVE,0.5744792222976685
6699,POSITIVE,0.7640401721000671
6700,NEGATIVE,0.5232557058334351
6701,POSITIVE,0.5593955516815186
6702,NEUTRAL,0.5668008923530579
6703,POSITIVE,0.49195003509521484
6704,NEUTRAL,0.5558973550796509
6705,POSITIVE,0.6977108716964722
6706,POSITIVE,0.9053036570549011
6707,POSITIVE,0.6754165887832642
6708,POSITIVE,0.7715068459510803
6709,POSITIVE,0.7671573758125305
6710,NEUTRAL,0.7251906394958496
6711,POSITIVE,0.7938693761825562
6712,POSITIVE,0.7578312158584595
6713,NEGATIVE,0.544976532459259
6714,POSITIVE,0.8332573771476746
6715,POSITIVE,0.6746405363082886
6716,POSITIVE,0.8434985280036926
6717,POSITIVE,0.7173882126808167
6718,NEUTRAL,0.5403227806091309
6719,POSITIVE,0.7566355466842651
6720,NEUTRAL,0.5703924894332886
6721,POSITIVE,0.8338396549224854
6722,NEGATIVE,0.5148916840553284
6723,POSITIVE,0.7399444580078125
6724,POSITIVE,0.7863699793815613
6725,POSITIVE,0.7081731557846069
6726,POSITIVE,0.6473163962364197
6727,NEGATIVE,0.49355432391166687
6728,POSITIVE,0.7070720195770264
6729,POSITIVE,0.8097547292709351
6730,NEGATIVE,0.7564330697059631
6731,POSITIVE,0.790989100933075
6732,POSITIVE,0.8612653017044067
6733,NEUTRAL,0.6517273783683777
6734,POSITIVE,0.8174700736999512
6735,NEUTRAL,0.6183210015296936
6736,POSITIVE,0.9145797491073608
6737,POSITIVE,0.7354403734207153
6738,POSITIVE,0.811165988445282
6739,POSITIVE,0.7026623487472534
6740,NEGATIVE,0.5272256731987
6741,POSITIVE,0.9088019132614136
6742,NEUTRAL,0.7060897946357727
6743,POSITIVE,0.8420491218566895
6744,NEUTRAL,0.5769956707954407
6745,NEUTRAL,0.5910037755966187
6746,NEGATIVE,0.552060604095459
6747,POSITIVE,0.6448290348052979
6748,NEUTRAL,0.8312802910804749
6749,POSITIVE,0.7908315658569336
6750,POSITIVE,0.8033559918403625
6751,POSITIVE,0.7933266758918762
6752,NEGATIVE,0.5506163239479065
6753,POSITIVE,0.8081572651863098
6754,NEGATIVE,0.5540629029273987
6755,NEGATIVE,0.6341065168380737
6756,POSITIVE,0.8120686411857605
6757,POSITIVE,0.5043902397155762
6758,POSITIVE,0.7284265160560608
6759,POSITIVE,0.7931427955627441
6760,POSITIVE,0.9245911240577698
6761,POSITIVE,0.5246553421020508
6762,POSITIVE,0.8790736794471741
6763,POSITIVE,0.9344162344932556
6764,POSITIVE,0.8421207070350647
6765,POSITIVE,0.7695131897926331
6766,POSITIVE,0.687792956829071
6767,POSITIVE,0.8685464262962341
6768,NEUTRAL,0.5954461097717285
6769,NEUTRAL,0.6447937488555908
6770,POSITIVE,0.6964969038963318
6771,NEGATIVE,0.6494926810264587
6772,NEGATIVE,0.564134418964386
6773,POSITIVE,0.7213525772094727
6774,NEUTRAL,0.7939125895500183
6775,NEUTRAL,0.49099376797676086
6776,NEUTRAL,0.6653806567192078
6777,POSITIVE,0.7071128487586975
6778,POSITIVE,0.8180320858955383
6779,POSITIVE,0.8090910911560059
6780,POSITIVE,0.7161994576454163
6781,NEUTRAL,0.591093122959137
6782,NEUTRAL,0.7615965008735657
6783,POSITIVE,0.5373972058296204
6784,POSITIVE,0.8592289090156555
6785,POSITIVE,0.8955349922180176
6786,POSITIVE,0.8131656646728516
6787,POSITIVE,0.6213390827178955
6788,POSITIVE,0.7485443353652954
6789,POSITIVE,0.5651881098747253
6790,POSITIVE,0.6911687254905701
6791,POSITIVE,0.8184807896614075
6792,NEUTRAL,0.5064554214477539
6793,NEUTRAL,0.8936958312988281
6794,NEUTRAL,0.6864240765571594
6795,NEUTRAL,0.7180297374725342
6796,NEUTRAL,0.6273345351219177
6797,POSITIVE,0.8258669972419739
6798,NEGATIVE,0.6084467172622681
6799,NEUTRAL,0.5392382740974426
6800,NEUTRAL,0.8114514946937561
6801,NEGATIVE,0.6856436133384705
6802,POSITIVE,0.7521565556526184
6803,NEGATIVE,0.5230286121368408
6804,NEUTRAL,0.5055944919586182
6805,POSITIVE,0.7932841181755066
6806,NEGATIVE,0.5524690747261047
6807,POSITIVE,0.5783783793449402
6808,NEUTRAL,0.6898584961891174
6809,POSITIVE,0.6303665637969971
6810,NEUTRAL,0.7222200632095337
6811,POSITIVE,0.841545581817627
6812,NEUTRAL,0.6804568767547607
6813,NEUTRAL,0.6882510185241699
6814,NEUTRAL,0.7390241622924805
6815,NEUTRAL,0.4897375702857971
6816,NEUTRAL,0.5794662237167358
6817,POSITIVE,0.7022601366043091
6818,POSITIVE,0.5859653353691101
6819,NEUTRAL,0.5623055696487427
6820,POSITIVE,0.556312620639801
6821,POSITIVE,0.8416152596473694
6822,NEUTRAL,0.5667900443077087
6823,NEUTRAL,0.8695756196975708
6824,POSITIVE,0.7128700017929077
6825,POSITIVE,0.830993115901947
6826,NEGATIVE,0.8175550103187561
6827,NEUTRAL,0.5237786173820496
6828,POSITIVE,0.8643434643745422
6829,NEUTRAL,0.5082889199256897
6862,NEUTRAL,0.6078636646270752
6868,NEUTRAL,0.5673376321792603
6885,NEUTRAL,0.4733840525150299
6890,POSITIVE,0.8734558820724487
6891,NEGATIVE,0.7473167181015015
6895,NEGATIVE,0.5172368288040161
6901,NEUTRAL,0.49640700221061707
6904,NEUTRAL,0.5558204650878906
6911,POSITIVE,0.8848276734352112
6912,NEGATIVE,0.508545994758606
6913,NEUTRAL,0.82707279920578
6914,NEUTRAL,0.8338869214057922
6915,NEUTRAL,0.7975558042526245
6916,NEUTRAL,0.818817138671875
6917,POSITIVE,0.5989115238189697
6918,NEUTRAL,0.8219589591026306
6919,POSITIVE,0.6690000891685486
6920,NEGATIVE,0.6338480114936829
6921,NEUTRAL,0.81792813539505
6922,NEUTRAL,0.7380139827728271
6923,POSITIVE,0.9656310677528381
6924,NEUTRAL,0.7131994962692261
6925,POSITIVE,0.5673150420188904
6926,NEGATIVE,0.7093011140823364
6927,POSITIVE,0.5192088484764099
6928,POSITIVE,0.5199146866798401
6929,NEUTRAL,0.8607606291770935
6930,NEUTRAL,0.5281473994255066
6931,POSITIVE,0.6670842170715332
6932,NEGATIVE,0.5018905997276306
6933,POSITIVE,0.6005069017410278
6934,NEGATIVE,0.5015785694122314
6935,POSITIVE,0.7352100014686584
6936,POSITIVE,0.5821782350540161
6937,POSITIVE,0.521330714225769
6938,POSITIVE,0.5657666921615601
6939,NEUTRAL,0.718936562538147
6940,NEUTRAL,0.5129882097244263
6941,POSITIVE,0.8407548666000366
6942,NEUTRAL,0.5160135626792908
6943,NEUTRAL,0.7300816774368286
6944,NEUTRAL,0.8626631498336792
6945,NEGATIVE,0.6914663314819336
6946,POSITIVE,0.7006632089614868
6947,NEGATIVE,0.6919261813163757
6948,NEUTRAL,0.7703487277030945
6949,NEUTRAL,0.7473945021629333
6950,POSITIVE,0.5708986520767212
6951,POSITIVE,0.5985933542251587
6952,POSITIVE,0.5826820731163025
6953,NEUTRAL,0.5321035981178284
6954,POSITIVE,0.6067085862159729
6955,NEUTRAL,0.8724780082702637
6956,POSITIVE,0.4968758523464203
6957,NEUTRAL,0.866371750831604
6958,NEUTRAL,0.8309416770935059
6959,NEUTRAL,0.8151957392692566
6960,NEUTRAL,0.8184235095977783
6961,NEUTRAL,0.7353802919387817
6962,NEUTRAL,0.8211553692817688
6963,NEUTRAL,0.8253873586654663
6964,NEUTRAL,0.6809301972389221
6965,NEUTRAL,0.6861493587493896
6966,POSITIVE,0.7658774852752686
6967,POSITIVE,0.5357286334037781
6968,NEUTRAL,0.5595928430557251
6969,POSITIVE,0.5573807954788208
6970,POSITIVE,0.713024377822876
6971,NEUTRAL,0.7653473615646362
6972,NEUTRAL,0.8362142443656921
6973,NEUTRAL,0.8330348134040833
6974,POSITIVE,0.5648229122161865
6975,POSITIVE,0.6271145343780518
6976,NEGATIVE,0.6836471557617188
6977,POSITIVE,0.5765711069107056
6978,NEUTRAL,0.7333914637565613
6979,NEUTRAL,0.8612591624259949
6980,POSITIVE,0.8684816956520081
6981,POSITIVE,0.5246032476425171
6982,POSITIVE,0.5622503161430359
6983,NEUTRAL,0.7406102418899536
6984,POSITIVE,0.5165719389915466
6985,NEUTRAL,0.7064583897590637
6986,POSITIVE,0.6235581636428833
6987,NEUTRAL,0.6504696607589722
6988,POSITIVE,0.5649397969245911
6989,NEGATIVE,0.6831757426261902
6990,NEUTRAL,0.596010684967041
6991,NEUTRAL,0.5462877750396729
6992,NEUTRAL,0.6520448327064514
6993,NEUTRAL,0.6534756422042847
6994,POSITIVE,0.5197634100914001
6995,POSITIVE,0.5072776079177856
6996,NEGATIVE,0.5166631937026978
6997,NEUTRAL,0.8699172139167786
6998,POSITIVE,0.7175502777099609
6999,NEUTRAL,0.8705607056617737
7000,NEUTRAL,0.8602708578109741
7001,NEUTRAL,0.6950515508651733
7002,NEUTRAL,0.67281574010849
7003,POSITIVE,0.7858197689056396
7004,NEUTRAL,0.878145694732666
7005,NEUTRAL,0.7161981463432312
7006,NEUTRAL,0.717462420463562
7007,POSITIVE,0.8983983993530273
7008,POSITIVE,0.5901597738265991
7009,POSITIVE,0.7888116240501404
7010,NEGATIVE,0.5146920084953308
7011,POSITIVE,0.5344333648681641
7012,POSITIVE,0.7317138910293579
7013,POSITIVE,0.8782912492752075
7014,NEUTRAL,0.749366044998169
7015,POSITIVE,0.5394444465637207
7016,NEGATIVE,0.6864609122276306
7017,POSITIVE,0.8427477478981018
7018,NEUTRAL,0.6766245365142822
7019,NEUTRAL,0.7746214270591736
7020,NEUTRAL,0.8897599577903748
7021,NEUTRAL,0.7303678393363953
7022,NEUTRAL,0.8703775405883789
7023,NEUTRAL,0.6877688765525818
7024,NEUTRAL,0.5624620318412781
7025,NEGATIVE,0.6589832305908203
7026,NEUTRAL,0.5859593749046326
7027,POSITIVE,0.6005226969718933
7028,NEUTRAL,0.6679299473762512
7029,POSITIVE,0.8072245121002197
7030,NEUTRAL,0.6730282306671143
7031,NEUTRAL,0.5185043811798096
7032,POSITIVE,0.6226258277893066
7033,NEGATIVE,0.5446048378944397
7034,NEGATIVE,0.627457320690155
7035,POSITIVE,0.5983352065086365
7036,POSITIVE,0.5442887544631958
7037,NEGATIVE,0.7190858125686646
7038,POSITIVE,0.4955461919307709
7039,POSITIVE,0.5691961646080017
7040,NEUTRAL,0.584480881690979
7041,NEUTRAL,0.5527796745300293
7042,NEUTRAL,0.8647719025611877
7043,NEGATIVE,0.5470032691955566
7044,NEUTRAL,0.8380703330039978
7045,NEUTRAL,0.6749921441078186
7046,NEUTRAL,0.8279043436050415
7047,NEUTRAL,0.5113818049430847
7048,NEUTRAL,0.6546316146850586
7049,NEUTRAL,0.8385421633720398
7050,NEUTRAL,0.7998601198196411
7051,NEGATIVE,0.670933187007904
7052,NEGATIVE,0.7255954742431641
7053,NEUTRAL,0.6718524694442749
7054,NEGATIVE,0.5926493406295776
7055,NEUTRAL,0.6409218907356262
7056,POSITIVE,0.5860399603843689
7057,NEUTRAL,0.6622382998466492
7058,NEUTRAL,0.5101375579833984
7059,NEUTRAL,0.8239127397537231
7060,NEGATIVE,0.6812509298324585
7061,POSITIVE,0.6899080276489258
7062,POSITIVE,0.6964336037635803
7063,POSITIVE,0.5916751623153687
7064,NEUTRAL,0.800501823425293
7065,NEUTRAL,0.8250290155410767
7066,NEUTRAL,0.8449685573577881
7067,POSITIVE,0.5973010063171387
7068,NEUTRAL,0.8259144425392151
7069,POSITIVE,0.7753865122795105
7070,NEUTRAL,0.7061888575553894
7071,POSITIVE,0.6447320580482483
7072,POSITIVE,0.6142800450325012
7073,NEGATIVE,0.6833590865135193
7074,NEUTRAL,0.7144684791564941
7075,NEUTRAL,0.8201860785484314
7076,NEUTRAL,0.78436678647995
7077,NEUTRAL,0.8186684846878052
7078,NEUTRAL,0.7678104043006897
7079,NEUTRAL,0.8036039471626282
7080,POSITIVE,0.7282178401947021
7081,NEUTRAL,0.7536762952804565
7082,NEUTRAL,0.5848053097724915
7083,POSITIVE,0.5841617584228516
7084,POSITIVE,0.6053838729858398
7085,NEUTRAL,0.801570475101471
7086,NEUTRAL,0.8352883458137512
7087,NEUTRAL,0.8392816185951233
7088,NEUTRAL,0.8237330913543701
7089,NEUTRAL,0.8504235744476318
7090,NEUTRAL,0.8648940324783325
7091,NEUTRAL,0.8680474162101746
7092,NEUTRAL,0.6003463864326477
7093,NEUTRAL,0.6660683155059814
7094,NEUTRAL,0.6716268658638
7095,NEUTRAL,0.8597967624664307
7096,NEUTRAL,0.5491253733634949
7097,NEUTRAL,0.5302797555923462
7098,NEUTRAL,0.8318886756896973
7099,NEUTRAL,0.8275038599967957
7100,NEGATIVE,0.6173269748687744
7101,NEUTRAL,0.5488306283950806
7102,POSITIVE,0.7400236129760742
7103,NEUTRAL,0.5153495073318481
7104,NEGATIVE,0.6021128296852112
7105,NEUTRAL,0.862619161605835
7106,NEUTRAL,0.8722060322761536
7107,POSITIVE,0.6338965892791748
7108,NEUTRAL,0.8131070733070374
7109,NEUTRAL,0.8500340580940247
7110,NEGATIVE,0.6767968535423279
7111,NEGATIVE,0.7037846446037292
7112,NEUTRAL,0.8141993284225464
7113,NEUTRAL,0.8735406994819641
7114,POSITIVE,0.7655343413352966
7115,NEUTRAL,0.4824255704879761
7116,NEUTRAL,0.8504451513290405
7117,POSITIVE,0.5003107786178589
7118,NEUTRAL,0.603193998336792
7119,NEUTRAL,0.8406192064285278
7120,NEGATIVE,0.49072107672691345
7121,NEUTRAL,0.642665684223175
7122,POSITIVE,0.5772560238838196
7123,NEGATIVE,0.660170316696167
7124,NEUTRAL,0.8388288617134094
7125,POSITIVE,0.7148494720458984
7126,NEUTRAL,0.8657621145248413
7127,NEUTRAL,0.8674001693725586
7128,POSITIVE,0.6388448476791382
7129,NEUTRAL,0.823535144329071
7130,NEUTRAL,0.8804931640625
7131,NEUTRAL,0.8123675584793091
7132,NEUTRAL,0.8138582110404968
7133,NEUTRAL,0.6816675662994385
7134,NEUTRAL,0.8160298466682434
7135,NEGATIVE,0.517361581325531
7136,POSITIVE,0.57829749584198
7137,NEUTRAL,0.8105356693267822
7138,NEUTRAL,0.5285770297050476
7139,POSITIVE,0.8576722145080566
7140,POSITIVE,0.8994964957237244
7141,POSITIVE,0.8555646538734436
7142,POSITIVE,0.7859385013580322
7143,POSITIVE,0.6920095682144165
7144,NEUTRAL,0.6439285278320312
7145,NEGATIVE,0.5774039030075073
7146,NEUTRAL,0.8341211676597595
7147,NEUTRAL,0.48864302039146423
7148,NEGATIVE,0.5628495812416077
7149,POSITIVE,0.8186494708061218
7150,NEUTRAL,0.7753128409385681
7151,NEUTRAL,0.731420636177063
7152,POSITIVE,0.5677657723426819
7153,POSITIVE,0.5693734884262085
7154,POSITIVE,0.7599544525146484
7155,POSITIVE,0.7382094860076904
7156,NEUTRAL,0.8466787934303284
7157,NEUTRAL,0.5549837946891785
7158,NEUTRAL,0.8145197629928589
7159,NEUTRAL,0.8038878440856934
7160,NEGATIVE,0.6229421496391296
7161,POSITIVE,0.6082510352134705
7162,POSITIVE,0.7253883481025696
7163,NEUTRAL,0.6792663335800171
7164,POSITIVE,0.6381301879882812
7165,POSITIVE,0.8194752931594849
7173,NEGATIVE,0.643537163734436
7174,NEUTRAL,0.5656844973564148
7175,NEUTRAL,0.6479261517524719
7176,NEUTRAL,0.6228867173194885
7179,NEUTRAL,0.61327064037323
7191,NEUTRAL,0.5930166840553284
7192,NEUTRAL,0.6178861856460571
7193,POSITIVE,0.8085153102874756
7194,POSITIVE,0.6776411533355713
7195,NEUTRAL,0.594719409942627
7197,NEGATIVE,0.5502275228500366
7198,NEUTRAL,0.5325633883476257
7199,NEUTRAL,0.7710437178611755
7298,POSITIVE,0.8616788387298584
8582,NEUTRAL,0.8731262683868408
8852,NEUTRAL,0.630150556564331
8855,NEUTRAL,0.9085368514060974
8856,NEUTRAL,0.9086143970489502
8857,NEUTRAL,0.6733410358428955
8858,NEUTRAL,0.9144353866577148
8859,NEUTRAL,0.6396507024765015
8860,NEGATIVE,0.5450246930122375
8861,NEUTRAL,0.9066715836524963
8862,NEUTRAL,0.530331552028656
8863,NEUTRAL,0.9119255542755127
8864,NEUTRAL,0.7481678128242493
8865,NEUTRAL,0.9044651985168457
8866,POSITIVE,0.9414466619491577
8877,NEUTRAL,0.7400770783424377
8878,NEGATIVE,0.5836706161499023
8879,NEUTRAL,0.7524704337120056
8880,NEUTRAL,0.6738776564598083
8881,NEGATIVE,0.6059218645095825
8893,NEUTRAL,0.7789662480354309
8896,POSITIVE,0.6023328900337219
8898,NEUTRAL,0.8796260356903076
8926,NEUTRAL,0.71045982837677
8927,NEUTRAL,0.9394766688346863
8928,POSITIVE,0.9373266696929932
8932,NEUTRAL,0.9007939696311951
8933,NEUTRAL,0.7515522241592407
8934,NEUTRAL,0.8348421454429626
8935,NEUTRAL,0.8950034976005554
8936,NEUTRAL,0.6690844297409058
8937,NEUTRAL,0.7011686563491821
8943,NEUTRAL,0.8302753567695618
8944,NEUTRAL,0.8392308950424194
8945,NEUTRAL,0.6082115173339844
8946,NEUTRAL,0.8171913623809814
8947,NEUTRAL,0.8376163244247437
8948,NEUTRAL,0.8433063626289368
8949,NEUTRAL,0.8577102422714233
8950,NEUTRAL,0.8646895885467529
8967,NEUTRAL,0.8610295653343201
8999,NEUTRAL,0.849459707736969
9000,NEUTRAL,0.5601212382316589
9001,NEUTRAL,0.6819275617599487
9002,NEUTRAL,0.8489490151405334
9003,NEUTRAL,0.7774086594581604
9004,NEUTRAL,0.6972870230674744
9005,NEUTRAL,0.8565824627876282
9006,NEUTRAL,0.8840035796165466
9007,NEGATIVE,0.5393849611282349
9008,NEUTRAL,0.8820356726646423
9009,NEUTRAL,0.9048828482627869
9010,NEUTRAL,0.9132099747657776
9190,NEGATIVE,0.6210510730743408
9191,NEGATIVE,0.5818415284156799
9192,NEUTRAL,0.5995704531669617
9193,NEUTRAL,0.8925539255142212
9194,NEUTRAL,0.9189239740371704
9195,NEUTRAL,0.8654177188873291
9196,NEGATIVE,0.563474178314209
9197,NEGATIVE,0.520643413066864
9198,NEGATIVE,0.7010422348976135
9199,NEUTRAL,0.5277086496353149
9200,NEUTRAL,0.6534756422042847
9201,NEUTRAL,0.6243688464164734
9202,NEUTRAL,0.8041447401046753
9203,NEUTRAL,0.8562056422233582
9204,NEGATIVE,0.7762159705162048
9205,NEUTRAL,0.7105492353439331
9206,NEUTRAL,0.5075202584266663
9207,NEUTRAL,0.9434204697608948
9208,NEGATIVE,0.593259334564209
9209,NEUTRAL,0.9174472093582153
9210,NEUTRAL,0.6244913339614868
9211,NEUTRAL,0.5176774859428406
9212,NEUTRAL,0.7767044305801392
9213,NEUTRAL,0.8866864442825317
9214,NEUTRAL,0.6460050344467163
9245,NEUTRAL,0.9224520325660706
9246,NEUTRAL,0.9148110747337341
9247,NEUTRAL,0.8598260283470154
9248,NEUTRAL,0.8322666883468628
9250,NEUTRAL,0.8523761034011841
9261,NEUTRAL,0.8899213671684265
9265,NEUTRAL,0.8408603072166443
9266,NEGATIVE,0.5239485502243042
9268,NEGATIVE,0.5610980987548828
9269,NEUTRAL,0.8310468792915344
9275,NEUTRAL,0.8600754141807556
9425,NEUTRAL,0.8812133073806763
9453,NEUTRAL,0.8639691472053528
9463,NEUTRAL,0.8929266929626465
9464,NEUTRAL,0.8933438658714294
9465,NEUTRAL,0.9045242667198181
9466,NEUTRAL,0.9143128395080566
9467,NEUTRAL,0.8772284984588623
9468,NEUTRAL,0.9137810468673706
9469,NEUTRAL,0.8949297666549683
9470,NEUTRAL,0.8550808429718018
9471,NEUTRAL,0.930429995059967
9472,NEUTRAL,0.851301372051239
9473,NEUTRAL,0.8579236268997192
9474,NEUTRAL,0.8614988327026367
9475,NEUTRAL,0.9166641235351562
9476,NEUTRAL,0.8897281885147095
9477,NEUTRAL,0.9065625071525574
9478,NEUTRAL,0.9033515453338623
9479,NEUTRAL,0.8360898494720459
9480,NEUTRAL,0.8686218857765198
9481,NEUTRAL,0.8745554089546204
9482,NEUTRAL,0.9220755100250244
9483,NEUTRAL,0.753788948059082
9484,NEUTRAL,0.8930428624153137
9485,NEUTRAL,0.8966519236564636
9486,NEUTRAL,0.8583700060844421
9487,NEUTRAL,0.9088703393936157
9488,NEUTRAL,0.8462801575660706
9489,NEUTRAL,0.9051793217658997
9490,NEUTRAL,0.637266218662262
9491,NEUTRAL,0.7135401964187622
9492,NEUTRAL,0.7614555954933167
9493,NEUTRAL,0.7992109656333923
9494,NEUTRAL,0.8133395314216614
9495,NEUTRAL,0.9050553441047668
9496,NEUTRAL,0.9055548310279846
9497,NEUTRAL,0.8243077397346497
9498,NEUTRAL,0.8600597977638245
9499,NEUTRAL,0.8676657676696777
9500,NEUTRAL,0.9174404740333557
9501,NEUTRAL,0.9284214377403259
9502,NEUTRAL,0.9073669910430908
9503,NEUTRAL,0.8286071419715881
9504,NEUTRAL,0.9329802393913269
9505,NEUTRAL,0.9046375155448914
9506,NEUTRAL,0.6653929352760315
9507,NEUTRAL,0.8367561101913452
9508,NEUTRAL,0.927226185798645
9509,NEUTRAL,0.9363487362861633
9510,NEUTRAL,0.8877385258674622
9511,NEUTRAL,0.9130944609642029
9512,NEUTRAL,0.8977711796760559
9513,NEUTRAL,0.8509613275527954
9514,NEUTRAL,0.7996914982795715
9515,NEUTRAL,0.9382571578025818
9516,NEUTRAL,0.6384966969490051
9517,NEUTRAL,0.9225916266441345
9518,NEUTRAL,0.9373944401741028
9519,NEUTRAL,0.867154061794281
9520,NEUTRAL,0.9265884160995483
9521,NEUTRAL,0.8579761385917664
9522,NEUTRAL,0.8316337466239929
9695,NEUTRAL,0.9299852252006531
9696,NEUTRAL,0.9181502461433411
9697,NEUTRAL,0.8348204493522644
9698,NEUTRAL,0.8863649964332581
9699,NEUTRAL,0.9049582481384277
9700,NEUTRAL,0.8411301970481873
9701,NEUTRAL,0.9067416787147522
9702,NEUTRAL,0.9201227426528931
9703,NEUTRAL,0.9289950728416443
9704,NEUTRAL,0.7973796725273132
9705,NEUTRAL,0.7317423820495605
9706,NEUTRAL,0.8624626994132996
9707,NEUTRAL,0.7889249920845032
9708,NEUTRAL,0.8675987124443054
9709,NEUTRAL,0.844076931476593
9710,NEUTRAL,0.9405147433280945
9711,NEUTRAL,0.86958247423172
9712,NEUTRAL,0.9251620173454285
9713,NEUTRAL,0.8385413289070129
9714,NEUTRAL,0.8394477963447571
9715,NEUTRAL,0.881158709526062
9716,NEUTRAL,0.9011496305465698
9717,NEUTRAL,0.8629509210586548
9718,NEUTRAL,0.7524013519287109
9719,NEUTRAL,0.911477267742157
9720,NEUTRAL,0.7871694564819336
9721,NEUTRAL,0.8796980381011963
9722,NEUTRAL,0.9006814360618591
9723,NEUTRAL,0.9272645115852356
9724,NEUTRAL,0.9080358743667603
9725,NEUTRAL,0.8311063051223755
9726,NEUTRAL,0.7375566959381104
9727,NEUTRAL,0.6764172911643982
9728,NEUTRAL,0.8824150562286377
9729,NEUTRAL,0.8073743581771851
9730,NEUTRAL,0.5750632286071777
9731,NEUTRAL,0.8229954242706299
9732,NEUTRAL,0.842610776424408
9733,NEUTRAL,0.917362630367279
9734,NEUTRAL,0.9198465943336487
9735,NEUTRAL,0.8959687948226929
9736,NEUTRAL,0.6545759439468384
9737,NEUTRAL,0.8075034022331238
9738,NEUTRAL,0.7961311936378479
9739,NEUTRAL,0.9374055862426758
9740,NEUTRAL,0.8805176615715027
9741,NEUTRAL,0.7579771876335144
9742,NEUTRAL,0.9212077260017395
9743,NEUTRAL,0.7574282288551331
9744,NEUTRAL,0.8087115287780762
9745,NEUTRAL,0.8724483847618103
9746,NEUTRAL,0.9258018136024475
9747,NEUTRAL,0.9000923037528992
9748,NEUTRAL,0.7669534683227539
9749,NEUTRAL,0.9353232979774475
9750,NEUTRAL,0.8956850171089172
9751,NEUTRAL,0.9033851623535156
9752,NEUTRAL,0.8752807974815369
9753,NEUTRAL,0.8557881116867065
9754,NEUTRAL,0.6536564230918884
9755,POSITIVE,0.7949187755584717
9756,NEUTRAL,0.8122150301933289
9757,NEUTRAL,0.9052296876907349
9758,NEUTRAL,0.886471688747406
9759,NEUTRAL,0.8483223915100098
9760,NEUTRAL,0.8555542826652527
9761,NEGATIVE,0.6283367276191711
9762,NEUTRAL,0.7544466853141785
9763,NEUTRAL,0.9403396248817444
9764,NEUTRAL,0.8779229521751404
9765,NEUTRAL,0.9104572534561157
9766,NEUTRAL,0.9216176271438599
9767,NEUTRAL,0.8422842025756836
9768,NEUTRAL,0.9269180297851562
9769,NEUTRAL,0.7385376691818237
9770,NEUTRAL,0.8208689093589783
9771,NEUTRAL,0.8435803055763245
9772,NEUTRAL,0.8420388102531433
9773,NEUTRAL,0.9250501394271851
9774,NEUTRAL,0.9210228323936462
9775,NEUTRAL,0.8716933131217957
9776,NEUTRAL,0.9249576926231384
9777,NEUTRAL,0.9231857061386108
9778,NEUTRAL,0.6922430396080017
9779,NEUTRAL,0.8158150315284729
9780,NEUTRAL,0.7900474667549133
9781,NEUTRAL,0.9274319410324097
9782,NEUTRAL,0.9240182042121887
9783,NEUTRAL,0.855685830116272
9784,NEUTRAL,0.8224001526832581
9793,NEUTRAL,0.693270742893219
9794,POSITIVE,0.8828054666519165
9804,NEUTRAL,0.8955650925636292
9806,NEUTRAL,0.8125565648078918
9807,NEUTRAL,0.8737587928771973
9809,NEUTRAL,0.871488094329834
9815,POSITIVE,0.5219792127609253
9816,NEUTRAL,0.6120093464851379
9817,POSITIVE,0.6700512170791626
9818,NEUTRAL,0.7238034009933472
9819,NEUTRAL,0.8641715049743652
9820,POSITIVE,0.734115481376648
9821,NEUTRAL,0.7572299242019653
9822,NEGATIVE,0.7339641451835632
9823,NEUTRAL,0.8756932616233826
9824,NEUTRAL,0.70916748046875
9825,NEUTRAL,0.5846679210662842
9826,NEUTRAL,0.8033294677734375
9827,NEUTRAL,0.5537956357002258
9828,NEUTRAL,0.9198446869850159
9829,NEUTRAL,0.863003671169281
9830,NEUTRAL,0.8974973559379578
9831,NEUTRAL,0.8761999607086182
9832,NEUTRAL,0.6948782801628113
9834,NEUTRAL,0.522138237953186
9835,POSITIVE,0.6698811650276184
9836,NEUTRAL,0.7204404473304749
9923,POSITIVE,0.6366251707077026
10044,NEUTRAL,0.911156415939331
10045,NEUTRAL,0.892155110836029
10046,NEUTRAL,0.8716568946838379
10047,NEUTRAL,0.8791211843490601
10048,NEUTRAL,0.8820220232009888
10049,NEUTRAL,0.8993681073188782
10050,NEUTRAL,0.8963319659233093
10051,NEUTRAL,0.8774912357330322
10052,NEUTRAL,0.8916068077087402
10053,NEUTRAL,0.868462085723877
10054,NEUTRAL,0.9174467325210571
10055,NEUTRAL,0.776303768157959
10056,NEUTRAL,0.8650721311569214
10057,NEUTRAL,0.850740909576416
10058,NEUTRAL,0.7960081100463867
10059,NEUTRAL,0.8402043581008911
10060,NEUTRAL,0.7909566164016724
10061,NEUTRAL,0.7804896831512451
10062,NEUTRAL,0.8157431483268738
10063,NEUTRAL,0.8697232007980347
10064,POSITIVE,0.9286500215530396
10065,NEUTRAL,0.7717962861061096
10066,NEUTRAL,0.8921475410461426
10067,NEUTRAL,0.8989517688751221
10068,NEUTRAL,0.8973285555839539
10069,NEUTRAL,0.8527548909187317
10070,NEUTRAL,0.8933048844337463
10071,NEUTRAL,0.7009409070014954
10072,NEUTRAL,0.8752359747886658
10073,NEUTRAL,0.888606607913971
10074,NEUTRAL,0.8780755400657654
10075,NEUTRAL,0.8603293895721436
10076,POSITIVE,0.5219088196754456
10077,NEUTRAL,0.86998450756073
10092,NEGATIVE,0.8229931592941284
10094,NEUTRAL,0.5545973777770996
10604,NEGATIVE,0.5190168619155884
10606,NEUTRAL,0.7582571506500244
10609,NEUTRAL,0.6334466934204102
10611,NEUTRAL,0.6566457152366638
10615,NEUTRAL,0.7905176281929016
10618,NEUTRAL,0.660351037979126
10619,NEUTRAL,0.908204197883606
10621,NEUTRAL,0.6795201897621155
10623,NEUTRAL,0.7407644987106323
10624,NEUTRAL,0.9120883345603943
10625,NEGATIVE,0.5966758131980896
10626,NEUTRAL,0.8474981784820557
10632,NEUTRAL,0.8583254814147949
10634,NEUTRAL,0.7866739630699158
10635,NEGATIVE,0.5112236142158508
10636,NEUTRAL,0.6913719773292542
10877,NEGATIVE,0.712501585483551
10879,NEGATIVE,0.5129162073135376
11036,NEUTRAL,0.8832662105560303
11042,NEUTRAL,0.7930625677108765
11046,NEUTRAL,0.7356822490692139
11116,NEGATIVE,0.6747865080833435
11127,NEUTRAL,0.5270329713821411
11149,NEUTRAL,0.5427547097206116
11807,NEUTRAL,0.6805545687675476
11808,NEUTRAL,0.9146592617034912
11809,NEUTRAL,0.8692017793655396
11810,NEUTRAL,0.881508469581604
11811,NEUTRAL,0.8649846315383911
11812,POSITIVE,0.8209279775619507
11813,NEUTRAL,0.8136914372444153
11814,NEUTRAL,0.8660385608673096
11815,NEUTRAL,0.5506828427314758
11816,NEUTRAL,0.8227970004081726
11817,NEUTRAL,0.8424570560455322
11818,NEUTRAL,0.7789894342422485
11819,NEUTRAL,0.6495076417922974
11820,NEUTRAL,0.7638245224952698
11821,POSITIVE,0.5725642442703247
11822,NEUTRAL,0.9079025387763977
11823,NEUTRAL,0.8374871611595154
11824,NEUTRAL,0.8030765056610107
11825,POSITIVE,0.7654354572296143
11826,NEUTRAL,0.5122417211532593
11827,NEUTRAL,0.7595457434654236
11828,NEUTRAL,0.8423351049423218
11829,POSITIVE,0.5868433117866516
11830,NEUTRAL,0.6656703352928162
11831,NEUTRAL,0.8372690081596375
11832,NEUTRAL,0.5076702237129211
11833,NEUTRAL,0.542547881603241
11834,POSITIVE,0.5261185765266418
11835,NEUTRAL,0.8849054574966431
11836,POSITIVE,0.5626425743103027
11837,NEUTRAL,0.7022451162338257
11838,NEUTRAL,0.5909225940704346
11839,POSITIVE,0.5534082651138306
11840,NEUTRAL,0.8826747536659241
11841,POSITIVE,0.6266487836837769
11842,POSITIVE,0.534534752368927
11843,NEUTRAL,0.6599555611610413
11844,NEUTRAL,0.6806021332740784
11845,NEUTRAL,0.581699550151825
11846,NEUTRAL,0.8272824287414551
11847,NEGATIVE,0.6100159883499146
11848,NEUTRAL,0.8361740112304688
11849,NEGATIVE,0.7791139483451843
11850,NEUTRAL,0.8862416744232178
11851,NEUTRAL,0.7826927900314331
11852,NEUTRAL,0.6068620681762695
11853,NEUTRAL,0.795462429523468
11854,NEUTRAL,0.7920342087745667
11855,NEUTRAL,0.5818800330162048
11856,NEUTRAL,0.8520040512084961
11857,NEUTRAL,0.5455821752548218
11858,NEUTRAL,0.9073854684829712
11859,POSITIVE,0.5710111856460571
11860,POSITIVE,0.5458999276161194
11861,NEUTRAL,0.7491711378097534
11862,NEUTRAL,0.8817459344863892
11863,POSITIVE,0.6424465179443359
11864,NEUTRAL,0.8414644002914429
11865,NEUTRAL,0.8787996768951416
11866,NEUTRAL,0.5064823627471924
11867,NEUTRAL,0.8712635040283203
11868,NEUTRAL,0.6290985941886902
11869,POSITIVE,0.5243352055549622
11870,NEUTRAL,0.6500422358512878
11871,NEUTRAL,0.8599055409431458
11878,POSITIVE,0.49804240465164185
11885,POSITIVE,0.88045334815979
11887,POSITIVE,0.9311526417732239
11889,POSITIVE,0.9360555410385132
11891,POSITIVE,0.9066122174263
11896,NEUTRAL,0.7835684418678284
11936,NEUTRAL,0.5031880736351013
11971,NEGATIVE,0.7289632558822632
11975,NEUTRAL,0.6239882707595825
11976,NEUTRAL,0.7914413809776306
11979,NEUTRAL,0.724368691444397
11980,NEUTRAL,0.8731122016906738
11981,NEUTRAL,0.7885374426841736
12056,NEUTRAL,0.8913859128952026
12062,NEUTRAL,0.8209090232849121
12066,NEUTRAL,0.498993456363678
12068,NEUTRAL,0.6386133432388306
12070,NEUTRAL,0.803000271320343
12073,NEUTRAL,0.8106531500816345
12111,NEUTRAL,0.7636776566505432
12114,POSITIVE,0.6344736218452454
12122,NEUTRAL,0.8207670450210571
12229,NEUTRAL,0.5436736345291138
12230,NEUTRAL,0.7653681635856628
12231,NEGATIVE,0.5755805969238281
12257,NEUTRAL,0.917626142501831
12258,NEUTRAL,0.888429582118988
12259,NEUTRAL,0.8244217038154602
12260,NEUTRAL,0.9014179706573486
12261,NEUTRAL,0.912676215171814
12262,NEUTRAL,0.8365927338600159
12263,NEUTRAL,0.5390752553939819
12264,NEUTRAL,0.6211543679237366
12265,NEUTRAL,0.883569061756134
12266,NEUTRAL,0.8447446227073669
12267,POSITIVE,0.5965559482574463
12268,NEUTRAL,0.8630484342575073
12269,NEUTRAL,0.8595249652862549
12270,NEUTRAL,0.8938454389572144
12271,NEUTRAL,0.8535345792770386
12272,NEUTRAL,0.9298157691955566
12273,NEUTRAL,0.9125977754592896
12274,NEUTRAL,0.7520943880081177
12275,NEUTRAL,0.9089364409446716
12276,NEUTRAL,0.8547744750976562
12277,NEUTRAL,0.766372561454773
12278,NEUTRAL,0.8143970966339111
12279,NEUTRAL,0.9152235984802246
12280,NEUTRAL,0.9153058528900146
12281,NEUTRAL,0.7218284606933594
12282,NEUTRAL,0.9419166445732117
12283,NEUTRAL,0.6342975497245789
12284,NEUTRAL,0.8313816785812378
12285,NEUTRAL,0.9224973917007446
12286,NEUTRAL,0.6922138929367065
12287,POSITIVE,0.5884706377983093
12288,NEUTRAL,0.8724243640899658
12289,NEUTRAL,0.889643132686615
12290,NEUTRAL,0.8114210367202759
12291,NEUTRAL,0.8068126440048218
12292,NEUTRAL,0.9016788601875305
12293,NEUTRAL,0.8316884636878967
12294,NEUTRAL,0.8676157593727112
12295,NEUTRAL,0.8161413073539734
12296,NEUTRAL,0.7694196701049805
12297,NEUTRAL,0.901518702507019
12298,NEUTRAL,0.9053016901016235
12299,NEUTRAL,0.888344407081604
12300,NEUTRAL,0.9074551463127136
12301,POSITIVE,0.9470918774604797
12580,NEUTRAL,0.8648282885551453
12581,NEUTRAL,0.8808276653289795
12582,NEUTRAL,0.8741167187690735
12583,NEUTRAL,0.949194610118866
12584,POSITIVE,0.7558737397193909
12585,POSITIVE,0.818980872631073
12586,NEUTRAL,0.8609147667884827
12587,NEUTRAL,0.7373372316360474
12588,NEUTRAL,0.8416150808334351
12589,NEUTRAL,0.8973630666732788
12590,NEUTRAL,0.9252678751945496
12591,NEUTRAL,0.7468237280845642
12592,NEUTRAL,0.8880980014801025
12593,NEUTRAL,0.846700131893158
12594,NEUTRAL,0.6938149333000183
12595,NEUTRAL,0.7893908619880676
12596,NEUTRAL,0.9313574433326721
12597,NEUTRAL,0.742696225643158
12598,NEUTRAL,0.8877473473548889
12599,POSITIVE,0.6085873246192932
12600,NEUTRAL,0.946287214756012
12601,NEUTRAL,0.5653033256530762
12602,NEUTRAL,0.8426362872123718
12603,NEUTRAL,0.7460955381393433
12604,NEUTRAL,0.8873586058616638
12605,NEUTRAL,0.8887234926223755
12606,NEUTRAL,0.8955604434013367
12607,NEUTRAL,0.7262773513793945
12608,NEUTRAL,0.7113743424415588
12609,NEUTRAL,0.8846963047981262
12610,NEUTRAL,0.5669006705284119
12611,NEUTRAL,0.7370842099189758
12612,NEUTRAL,0.5893626809120178
12613,NEUTRAL,0.5294778347015381
12614,NEUTRAL,0.7651638984680176
12615,NEUTRAL,0.9017704725265503
12616,NEUTRAL,0.8512958288192749
12617,NEUTRAL,0.8531091809272766
12618,NEUTRAL,0.7662299871444702
12619,NEUTRAL,0.9240849018096924
12620,NEUTRAL,0.7256211638450623
12621,NEUTRAL,0.801726222038269
12622,NEUTRAL,0.7566781640052795
12623,NEUTRAL,0.8491129875183105
12624,NEUTRAL,0.8842227458953857
12625,NEUTRAL,0.7828642725944519
12626,NEUTRAL,0.923241376876831
12627,NEUTRAL,0.6702983379364014
12628,NEUTRAL,0.8156312108039856
12629,NEUTRAL,0.8436554074287415
12630,NEUTRAL,0.7566152811050415
12631,NEUTRAL,0.7428639531135559
12632,NEUTRAL,0.8950476050376892
12633,NEUTRAL,0.9033074378967285
12634,NEUTRAL,0.8961862325668335
12635,NEUTRAL,0.7863450646400452
12636,NEUTRAL,0.762533962726593
12637,NEUTRAL,0.9091084003448486
12638,POSITIVE,0.5089076161384583
12639,NEUTRAL,0.9186145663261414
12640,NEUTRAL,0.885802686214447
12641,NEUTRAL,0.5717371702194214
12643,NEUTRAL,0.9164842963218689
12644,NEUTRAL,0.6771016120910645
12645,NEUTRAL,0.5738194584846497
12646,NEUTRAL,0.783262312412262
12647,NEUTRAL,0.8464351892471313
12648,NEUTRAL,0.6711001396179199
12649,NEUTRAL,0.7842470407485962
12650,NEUTRAL,0.9099449515342712
12651,NEUTRAL,0.9252747297286987
12652,NEUTRAL,0.7452311515808105
12653,NEUTRAL,0.8351201415061951
12654,NEUTRAL,0.8324954509735107
12655,NEUTRAL,0.9153866767883301
12656,NEUTRAL,0.8789782524108887
12668,NEUTRAL,0.6878148913383484
12850,NEUTRAL,0.6123992204666138
12852,NEUTRAL,0.6673151850700378
13057,NEUTRAL,0.6870782971382141
13058,NEUTRAL,0.7446362972259521
13059,POSITIVE,0.5464144349098206
13060,NEUTRAL,0.8504142165184021
13061,NEUTRAL,0.6790868043899536
13062,NEUTRAL,0.7821364402770996
13253,NEUTRAL,0.8194071650505066
13258,NEUTRAL,0.8557631373405457
13262,NEUTRAL,0.8769292831420898
13269,NEUTRAL,0.8901384472846985
13729,NEUTRAL,0.5885520577430725
13730,NEGATIVE,0.7662793397903442
13731,POSITIVE,0.6164733171463013
13732,NEUTRAL,0.7779086232185364
13733,NEUTRAL,0.5117452144622803
13734,POSITIVE,0.658846914768219
13735,POSITIVE,0.731653094291687
13736,NEUTRAL,0.9231448769569397
13737,NEUTRAL,0.7961639761924744
13738,NEUTRAL,0.577643632888794
13739,NEUTRAL,0.8770713806152344
13744,NEUTRAL,0.8570567965507507
13746,NEUTRAL,0.7083946466445923
13747,NEUTRAL,0.6498335003852844
13748,NEUTRAL,0.7696770429611206
13749,NEUTRAL,0.8531187772750854
13750,NEUTRAL,0.9245964288711548
13751,NEUTRAL,0.7099562287330627
13752,NEUTRAL,0.6746920347213745
13753,POSITIVE,0.6052521467208862
13754,NEUTRAL,0.5471426844596863
13755,NEUTRAL,0.860979437828064
13756,NEUTRAL,0.912753164768219
13757,NEUTRAL,0.8558854460716248
13758,POSITIVE,0.7077023386955261
13759,POSITIVE,0.9251627326011658
13760,NEUTRAL,0.8143004179000854
13761,NEGATIVE,0.5887650847434998
13762,NEUTRAL,0.6474450826644897
13763,NEUTRAL,0.8323429822921753
13764,NEUTRAL,0.8522939682006836
13765,NEUTRAL,0.7557065486907959
13766,NEUTRAL,0.8030917644500732
13767,NEUTRAL,0.5749573111534119
13768,NEUTRAL,0.7678924798965454
13769,NEUTRAL,0.7551895976066589
13770,NEUTRAL,0.7127066254615784
13771,NEUTRAL,0.8598090410232544
13772,POSITIVE,0.6312959790229797
13773,NEUTRAL,0.5448190569877625
13774,POSITIVE,0.6735182404518127
13775,NEUTRAL,0.6284688711166382
13776,POSITIVE,0.8091057538986206
13777,NEUTRAL,0.8343601226806641
13778,POSITIVE,0.8536580204963684
13779,NEUTRAL,0.8897021412849426
13780,POSITIVE,0.7851840257644653
13781,POSITIVE,0.9003332853317261
13782,POSITIVE,0.5564582347869873
13783,POSITIVE,0.6273505687713623
13784,NEUTRAL,0.8611340522766113
13785,POSITIVE,0.8592479825019836
13786,NEUTRAL,0.7913413047790527
13787,NEUTRAL,0.6489352583885193
13788,NEUTRAL,0.8098772168159485
13789,NEUTRAL,0.5923693180084229
13790,NEUTRAL,0.5761075615882874
13791,NEUTRAL,0.6037018299102783
13792,NEUTRAL,0.7861958742141724
13793,NEUTRAL,0.5506711602210999
13794,NEUTRAL,0.8035590052604675
13795,POSITIVE,0.7989012598991394
13796,POSITIVE,0.7877148389816284
13797,POSITIVE,0.5254114866256714
13798,NEUTRAL,0.7683915495872498
13799,POSITIVE,0.8714533448219299
13800,POSITIVE,0.8849586248397827
13801,NEUTRAL,0.5457845330238342
13802,NEUTRAL,0.888700008392334
13803,NEUTRAL,0.87926185131073
13804,POSITIVE,0.6548020243644714
13805,NEUTRAL,0.5151877999305725
13806,POSITIVE,0.9034309983253479
13807,POSITIVE,0.8500239849090576
13808,NEUTRAL,0.6397781372070312
13809,NEUTRAL,0.60055011510849
13810,NEUTRAL,0.8712465763092041
13811,POSITIVE,0.6808550357818604
13812,NEUTRAL,0.8972489237785339
13813,NEUTRAL,0.8063750267028809
13814,NEUTRAL,0.6755227446556091
13815,NEUTRAL,0.6720334887504578
13816,NEUTRAL,0.6191917657852173
13817,NEUTRAL,0.5910895466804504
13818,NEUTRAL,0.7370951771736145
13820,NEUTRAL,0.5179634094238281
13821,POSITIVE,0.5159547924995422
13822,NEUTRAL,0.6089823842048645
13823,NEUTRAL,0.8026199340820312
13824,NEUTRAL,0.7470943331718445
13825,POSITIVE,0.746646523475647
13826,POSITIVE,0.8768357634544373
13827,POSITIVE,0.5041719079017639
13828,POSITIVE,0.7937828302383423
13829,NEUTRAL,0.845703661441803
13830,NEUTRAL,0.8220435976982117
13831,NEUTRAL,0.8344898223876953
13832,NEUTRAL,0.80012446641922
13833,NEUTRAL,0.8303691148757935
13834,NEUTRAL,0.8662013411521912
13835,NEUTRAL,0.8416381478309631
13836,NEUTRAL,0.8350401520729065
13837,NEUTRAL,0.8205921053886414
13838,NEUTRAL,0.8716576099395752
13839,NEUTRAL,0.7180097699165344
13840,NEUTRAL,0.817112386226654
13841,NEUTRAL,0.8431710004806519
13842,NEUTRAL,0.808631420135498
13843,NEUTRAL,0.8237285614013672
13844,NEUTRAL,0.8648259043693542
13845,NEUTRAL,0.853218138217926
13846,POSITIVE,0.6101601719856262
13847,NEUTRAL,0.8726454377174377
13848,NEUTRAL,0.7931468486785889
13849,NEUTRAL,0.857684850692749
13850,NEUTRAL,0.7576403021812439
13851,NEUTRAL,0.7759881019592285
13852,NEUTRAL,0.8871915340423584
13853,NEUTRAL,0.6917065382003784
13854,POSITIVE,0.7811073660850525
13855,NEUTRAL,0.8199711441993713
13856,NEUTRAL,0.8961672782897949
13857,NEUTRAL,0.7969683408737183
13858,NEUTRAL,0.8022551536560059
13859,POSITIVE,0.8298018574714661
13860,NEUTRAL,0.8160865306854248
13861,POSITIVE,0.6719440817832947
13862,NEUTRAL,0.8531750440597534
13863,NEUTRAL,0.8303318023681641
13864,NEUTRAL,0.8548763990402222
13865,NEUTRAL,0.830297589302063
13866,NEUTRAL,0.8154520392417908
13867,NEUTRAL,0.8419728875160217
13868,NEUTRAL,0.851761519908905
13869,NEUTRAL,0.816992998123169
13870,NEUTRAL,0.8346272110939026
13871,NEUTRAL,0.8372424244880676
13872,NEUTRAL,0.8388078808784485
13873,NEUTRAL,0.8586607575416565
13874,NEUTRAL,0.7893384695053101
13875,NEUTRAL,0.8425636887550354
13876,NEUTRAL,0.5872381925582886
13877,NEUTRAL,0.7621471881866455
13878,NEUTRAL,0.8462533354759216
13879,NEUTRAL,0.8037002682685852
13880,NEUTRAL,0.7988241910934448
13881,NEUTRAL,0.671163022518158
13882,NEUTRAL,0.8585488796234131
13883,NEUTRAL,0.8302083611488342
13884,NEUTRAL,0.8592731952667236
13885,NEUTRAL,0.8206242322921753
13886,NEUTRAL,0.8194112777709961
13887,POSITIVE,0.5069028735160828
13888,NEUTRAL,0.7970787286758423
13889,NEUTRAL,0.8404779434204102
13890,NEUTRAL,0.8227985501289368
13891,NEUTRAL,0.8534249067306519
13892,NEUTRAL,0.7208248376846313
13893,NEUTRAL,0.765649676322937
13894,NEUTRAL,0.760249137878418
13895,NEUTRAL,0.8695148229598999
13896,NEUTRAL,0.8669539093971252
13897,POSITIVE,0.7915489077568054
13898,POSITIVE,0.8416651487350464
13899,NEUTRAL,0.8995810747146606
13900,POSITIVE,0.759522020816803
13901,NEUTRAL,0.9098586440086365
13902,NEUTRAL,0.8277682065963745
13903,NEUTRAL,0.8632034063339233
13904,NEUTRAL,0.8258179426193237
13905,NEUTRAL,0.8604630827903748
13906,POSITIVE,0.788615882396698
13907,NEUTRAL,0.8412575721740723
13908,NEUTRAL,0.8440603613853455
13909,NEUTRAL,0.8326085209846497
13910,NEUTRAL,0.7350724935531616
13911,NEUTRAL,0.8109951615333557
13912,NEUTRAL,0.8378256559371948
13913,NEUTRAL,0.8603571653366089
13914,NEUTRAL,0.8013668656349182
13915,NEUTRAL,0.7835494875907898
13916,NEUTRAL,0.8293402194976807
13917,NEUTRAL,0.832848310470581
13918,NEUTRAL,0.8370786309242249
13919,NEUTRAL,0.840694010257721
13920,NEUTRAL,0.826789915561676
13921,NEUTRAL,0.8443562984466553
13922,NEUTRAL,0.8512161374092102
13923,NEUTRAL,0.8697174191474915
13924,NEUTRAL,0.7758995294570923
13925,NEUTRAL,0.8000457882881165
13926,NEUTRAL,0.8252170085906982
13927,NEUTRAL,0.8394635915756226
13928,POSITIVE,0.6304463148117065
13929,NEUTRAL,0.7168002128601074
13930,NEUTRAL,0.8280720114707947
13931,NEUTRAL,0.8282279372215271
13932,NEUTRAL,0.7954127788543701
13933,NEUTRAL,0.8659389615058899
13934,NEUTRAL,0.8332078456878662
13935,NEUTRAL,0.8476850390434265
13936,NEUTRAL,0.8275371193885803
13937,NEUTRAL,0.8474987745285034
13938,NEUTRAL,0.6752632260322571
13939,NEUTRAL,0.7684195041656494
13940,NEUTRAL,0.7029033303260803
13941,NEUTRAL,0.9022003412246704
13942,NEUTRAL,0.8058377504348755
13943,NEUTRAL,0.8364479541778564
13944,POSITIVE,0.7275382876396179
13945,NEUTRAL,0.8699398636817932
13946,POSITIVE,0.9142115712165833
13947,NEUTRAL,0.8327113389968872
13948,POSITIVE,0.6865434050559998
13949,NEUTRAL,0.7725517749786377
13950,NEUTRAL,0.8282920718193054
13951,NEUTRAL,0.8303452730178833
13952,NEUTRAL,0.7767851948738098
13953,NEUTRAL,0.8719674944877625
13954,NEUTRAL,0.7457510232925415
13955,NEUTRAL,0.8589640855789185
13956,NEUTRAL,0.7829957008361816
13957,NEUTRAL,0.85394686460495
13958,POSITIVE,0.6008632183074951
13959,NEUTRAL,0.8008410930633545
13960,NEUTRAL,0.8206650018692017
13961,NEUTRAL,0.7965368628501892
13962,NEUTRAL,0.8452184200286865
13963,NEUTRAL,0.6802192330360413
13964,NEUTRAL,0.9159817099571228
13965,NEUTRAL,0.7722728252410889
13966,NEUTRAL,0.8857167959213257
13967,NEUTRAL,0.7183449864387512
13968,NEUTRAL,0.8092122077941895
13969,NEUTRAL,0.9104847311973572
13970,NEUTRAL,0.7444859147071838
13971,NEUTRAL,0.50295090675354
13972,NEUTRAL,0.8593482375144958
13973,NEUTRAL,0.7311817407608032
13974,NEUTRAL,0.7813862562179565
13975,NEUTRAL,0.8717108964920044
13976,NEUTRAL,0.7699430584907532
13977,POSITIVE,0.7380569577217102
13978,NEUTRAL,0.8821171522140503
13979,NEUTRAL,0.7409803867340088
13980,NEUTRAL,0.7819328904151917
13981,NEUTRAL,0.8617666363716125
13982,NEUTRAL,0.8583092093467712
13983,NEUTRAL,0.8321638107299805
13984,NEUTRAL,0.7595456838607788
13985,NEUTRAL,0.8340173959732056
13986,NEUTRAL,0.8460056781768799
13987,NEUTRAL,0.8565641641616821
13988,NEUTRAL,0.8866327404975891
13989,NEUTRAL,0.8387687802314758
13990,NEUTRAL,0.8063492178916931
13991,POSITIVE,0.5964584350585938
13992,NEUTRAL,0.6852609515190125
13993,NEUTRAL,0.8330508470535278
13994,NEUTRAL,0.7738924026489258
13995,NEUTRAL,0.7537137866020203
13996,NEUTRAL,0.8581740260124207
13997,NEUTRAL,0.7632108926773071
13998,NEUTRAL,0.9023987650871277
13999,NEUTRAL,0.7877101302146912
14000,NEUTRAL,0.8767929673194885
14001,NEUTRAL,0.8544057011604309
14002,NEUTRAL,0.5988844633102417
14003,NEUTRAL,0.8625280261039734
14004,NEUTRAL,0.7849093675613403
14005,NEUTRAL,0.8468800783157349
14006,NEUTRAL,0.7799190878868103
14007,NEUTRAL,0.8378127217292786
14008,NEUTRAL,0.8047850728034973
14009,NEUTRAL,0.8535265326499939
14010,NEUTRAL,0.8549007177352905
14011,NEUTRAL,0.8109879493713379
14012,NEUTRAL,0.8732224702835083
14013,NEUTRAL,0.8597851991653442
14014,NEUTRAL,0.8940154910087585
14015,NEUTRAL,0.7781255841255188
14016,NEUTRAL,0.8644992709159851
14017,NEUTRAL,0.8546552658081055
14018,NEUTRAL,0.8528303503990173
14019,NEUTRAL,0.5441107153892517
14020,NEUTRAL,0.8420937657356262
14021,NEUTRAL,0.8337642550468445
14022,NEUTRAL,0.9052391052246094
14023,NEUTRAL,0.7688404321670532
14024,NEUTRAL,0.7660381197929382
14025,POSITIVE,0.7770704627037048
14026,NEUTRAL,0.8113111257553101
14027,POSITIVE,0.8364575505256653
14028,NEUTRAL,0.8205431699752808
14029,NEUTRAL,0.8457555770874023
14030,NEUTRAL,0.8575791716575623
14031,NEUTRAL,0.8264051675796509
14032,NEUTRAL,0.8557366132736206
14033,NEUTRAL,0.8537554144859314
14034,NEUTRAL,0.8461116552352905
14035,NEUTRAL,0.8475186824798584
14036,NEUTRAL,0.8327903151512146
14037,NEUTRAL,0.8079484701156616
14038,NEUTRAL,0.8450683951377869
14039,NEUTRAL,0.7565240263938904
14040,NEUTRAL,0.7689509391784668
14041,NEUTRAL,0.8572388887405396
14042,NEUTRAL,0.8526738882064819
14043,NEUTRAL,0.8899216651916504
14044,NEUTRAL,0.7870711088180542
14045,NEUTRAL,0.8365649580955505
14046,NEUTRAL,0.8689391016960144
14047,NEUTRAL,0.8557513356208801
14048,NEUTRAL,0.8299878239631653
14049,NEUTRAL,0.784184455871582
14050,POSITIVE,0.6097041964530945
14051,NEUTRAL,0.8482266068458557
14052,NEUTRAL,0.7036489844322205
14053,NEUTRAL,0.7730774879455566
14054,NEUTRAL,0.8930193185806274
14055,NEUTRAL,0.7972895503044128
14056,NEUTRAL,0.8818997740745544
14057,NEUTRAL,0.9227609038352966
14058,NEUTRAL,0.8843214511871338
14059,NEGATIVE,0.5845836997032166
14060,NEUTRAL,0.8408329486846924
14061,NEUTRAL,0.8472734689712524
14066,NEUTRAL,0.8125152587890625
14067,POSITIVE,0.5450618267059326
14068,POSITIVE,0.851483941078186
14069,POSITIVE,0.7174158692359924
14070,NEUTRAL,0.7407378554344177
14071,NEUTRAL,0.6637097001075745
14072,NEUTRAL,0.9270089864730835
14074,NEGATIVE,0.7939882278442383
14075,NEUTRAL,0.8799789547920227
14076,POSITIVE,0.5847398638725281
14077,NEUTRAL,0.7688299417495728
14078,NEUTRAL,0.6509276628494263
14079,POSITIVE,0.843845546245575
14080,NEUTRAL,0.592872679233551
14081,POSITIVE,0.7201566100120544
14083,NEUTRAL,0.7645120620727539
14084,POSITIVE,0.5106369256973267
14085,NEUTRAL,0.7396425604820251
14086,POSITIVE,0.38698527216911316
14087,NEUTRAL,0.890823245048523
14088,NEUTRAL,0.8120962381362915
14090,POSITIVE,0.854383647441864
14091,POSITIVE,0.930672287940979
14092,POSITIVE,0.6706804633140564
14093,POSITIVE,0.8656775951385498
14094,NEUTRAL,0.8598569631576538
14095,NEUTRAL,0.6591778993606567
14096,NEUTRAL,0.5232450366020203
14097,POSITIVE,0.6965547800064087
14098,POSITIVE,0.8510198593139648
14099,NEUTRAL,0.5957229137420654
14100,NEUTRAL,0.8771752119064331
14101,NEUTRAL,0.6397490501403809
14102,NEUTRAL,0.785754382610321
14103,NEUTRAL,0.5339109897613525
14104,NEUTRAL,0.7249009013175964
14105,NEGATIVE,0.49637290835380554
14106,POSITIVE,0.6847556233406067
14107,POSITIVE,0.7843665480613708
14108,NEGATIVE,0.659330427646637
14109,NEUTRAL,0.6177219152450562
14110,NEUTRAL,0.8768836855888367
14112,NEUTRAL,0.752622663974762
14113,POSITIVE,0.9779301881790161
14114,NEUTRAL,0.7951043844223022
14115,POSITIVE,0.6897117495536804
14117,NEUTRAL,0.6809428930282593
14118,NEUTRAL,0.7798838019371033
14119,NEGATIVE,0.5220896005630493
14120,NEUTRAL,0.8141170740127563
14121,NEUTRAL,0.6267814040184021
14122,POSITIVE,0.6197915077209473
14124,NEUTRAL,0.5364121198654175
14125,NEUTRAL,0.86208176612854
14126,POSITIVE,0.525896430015564
14127,POSITIVE,0.9619759321212769
14128,NEUTRAL,0.6717293858528137
14129,NEUTRAL,0.6315258145332336
14130,NEUTRAL,0.7011517882347107
14131,POSITIVE,0.8837008476257324
14132,NEUTRAL,0.8517947793006897
14134,NEUTRAL,0.8219126462936401
14136,NEUTRAL,0.5998879075050354
14137,POSITIVE,0.5492326617240906
14138,POSITIVE,0.6314922571182251
14139,POSITIVE,0.8276737332344055
14140,POSITIVE,0.5304651260375977
14141,NEUTRAL,0.7500705122947693
14142,NEUTRAL,0.64546799659729
14143,NEUTRAL,0.8669230937957764
14145,NEUTRAL,0.7896478176116943
14146,NEUTRAL,0.6486841440200806
14147,POSITIVE,0.6482913494110107
14148,POSITIVE,0.6085801124572754
14149,POSITIVE,0.5169580578804016
14153,NEUTRAL,0.7937589287757874
14154,POSITIVE,0.9122085571289062
14155,NEUTRAL,0.8096399903297424
14156,NEUTRAL,0.525829017162323
14157,POSITIVE,0.8986774682998657
14158,NEUTRAL,0.6509464979171753
14159,NEUTRAL,0.8725230693817139
14160,POSITIVE,0.8568519353866577
14161,NEUTRAL,0.6782233715057373
14162,NEUTRAL,0.7668778896331787
14163,POSITIVE,0.6627690196037292
14164,NEGATIVE,0.7311910390853882
14166,NEUTRAL,0.8723958730697632
14167,POSITIVE,0.6553152799606323
14168,NEUTRAL,0.7660184502601624
14169,POSITIVE,0.7481881976127625
14170,NEUTRAL,0.5171133279800415
14172,NEUTRAL,0.9180547595024109
14173,POSITIVE,0.7222208380699158
14174,NEUTRAL,0.5688446164131165
14175,NEUTRAL,0.8421444892883301
14176,NEUTRAL,0.9026265144348145
14177,NEUTRAL,0.4566519260406494
14178,POSITIVE,0.975141704082489
14179,NEGATIVE,0.821865439414978
14180,POSITIVE,0.911834180355072
14182,NEUTRAL,0.7471228837966919
14183,POSITIVE,0.6687690615653992
14186,NEUTRAL,0.8909953236579895
14188,NEUTRAL,0.885059118270874
14189,NEUTRAL,0.705502986907959
14190,NEUTRAL,0.7654564380645752
14191,POSITIVE,0.604383111000061
14192,NEUTRAL,0.8235036134719849
14193,NEUTRAL,0.581864058971405
14195,POSITIVE,0.4548022747039795
14196,POSITIVE,0.9359450936317444
14197,NEUTRAL,0.802665650844574
14199,NEGATIVE,0.8827759027481079
14200,NEGATIVE,0.7227887511253357
14202,POSITIVE,0.7753520011901855
14203,POSITIVE,0.9546706676483154
14204,NEGATIVE,0.7064173817634583
14205,NEUTRAL,0.8878412246704102
14207,NEUTRAL,0.5370451807975769
14208,POSITIVE,0.9735687375068665
14210,NEUTRAL,0.7263719439506531
14211,POSITIVE,0.507387101650238
14212,NEUTRAL,0.845346987247467
14213,NEUTRAL,0.8103871941566467
14214,POSITIVE,0.8015530705451965
14217,NEUTRAL,0.7281297445297241
14218,NEUTRAL,0.8097668290138245
14219,NEUTRAL,0.7951443195343018
14220,NEUTRAL,0.7335110306739807
14221,NEGATIVE,0.5901389718055725
14222,POSITIVE,0.950976550579071
14223,NEUTRAL,0.6021620035171509
14224,NEUTRAL,0.7937374711036682
14225,NEUTRAL,0.7741110324859619
14226,NEUTRAL,0.8424369692802429
14228,POSITIVE,0.5673946142196655
14231,NEUTRAL,0.5550497174263
14233,POSITIVE,0.9139682650566101
14234,POSITIVE,0.5614426732063293
14235,NEUTRAL,0.8702688813209534
14236,NEUTRAL,0.7588433623313904
14237,NEUTRAL,0.8194255828857422
14238,NEUTRAL,0.8157281875610352
14239,NEUTRAL,0.8244388699531555
14240,POSITIVE,0.8035822510719299
14241,NEUTRAL,0.7681294679641724
14242,NEUTRAL,0.8266041874885559
14243,NEUTRAL,0.7317246198654175
14244,NEUTRAL,0.476703405380249
14246,NEUTRAL,0.7743222117424011
14247,POSITIVE,0.8876400589942932
14248,NEUTRAL,0.7394059300422668
14249,POSITIVE,0.8652539253234863
14250,NEUTRAL,0.833437979221344
14251,NEUTRAL,0.8938720226287842
14252,NEUTRAL,0.620144248008728
14253,POSITIVE,0.6162177324295044
14254,POSITIVE,0.7787357568740845
14255,NEUTRAL,0.8974206447601318
14257,NEGATIVE,0.48368099331855774
14258,NEUTRAL,0.6881338357925415
14259,NEUTRAL,0.6421497464179993
14260,POSITIVE,0.902465283870697
14261,NEUTRAL,0.8111695647239685
14262,NEGATIVE,0.496428906917572
14263,NEUTRAL,0.8917642831802368
14264,NEUTRAL,0.8821842670440674
14266,POSITIVE,0.7286421060562134
14268,POSITIVE,0.9513165950775146
14271,NEGATIVE,0.712489128112793
14272,NEUTRAL,0.8882003426551819
14273,NEUTRAL,0.8196336030960083
14274,NEUTRAL,0.5912085771560669
14275,POSITIVE,0.8817757964134216
14276,POSITIVE,0.9483104348182678
14277,NEUTRAL,0.7260858416557312
14278,POSITIVE,0.7462322115898132
14280,NEUTRAL,0.5374647974967957
14281,POSITIVE,0.6594875454902649
14282,POSITIVE,0.9045552015304565
14283,POSITIVE,0.6225346326828003
14284,POSITIVE,0.7299351692199707
14285,POSITIVE,0.7370734214782715
14286,NEUTRAL,0.5897051095962524
14287,NEUTRAL,0.7667095065116882
14288,POSITIVE,0.9001978635787964
14289,POSITIVE,0.9155325293540955
14290,POSITIVE,0.8687282204627991
14291,POSITIVE,0.5609259009361267
14292,NEUTRAL,0.892705500125885
14293,POSITIVE,0.6052838563919067
14294,NEUTRAL,0.5011696219444275
14295,POSITIVE,0.5489325523376465
14296,NEUTRAL,0.5295723676681519
14297,NEGATIVE,0.7670007944107056
14298,POSITIVE,0.7568918466567993
14299,NEUTRAL,0.5747909545898438
14300,NEUTRAL,0.8724415302276611
14301,POSITIVE,0.48093926906585693
14302,POSITIVE,0.6496779918670654
14303,POSITIVE,0.5234364867210388
14304,POSITIVE,0.9111161231994629
14305,NEUTRAL,0.7989352941513062
14306,NEUTRAL,0.6658974885940552
14308,POSITIVE,0.4583384692668915
14309,POSITIVE,0.9521299004554749
14310,POSITIVE,0.5491891503334045
14311,POSITIVE,0.5639901161193848
14312,NEUTRAL,0.8671306371688843
14313,POSITIVE,0.9657355546951294
14314,POSITIVE,0.9636596441268921
14315,POSITIVE,0.5658256411552429
14316,NEUTRAL,0.8209204077720642
14317,POSITIVE,0.9523174166679382
14318,NEUTRAL,0.6424866914749146
14319,POSITIVE,0.8628659248352051
14320,POSITIVE,0.5179034471511841
14321,POSITIVE,0.957974374294281
14322,NEUTRAL,0.7900058627128601
14323,POSITIVE,0.7999106645584106
14324,POSITIVE,0.9746076464653015
14325,POSITIVE,0.8571662902832031
14326,NEUTRAL,0.520298957824707
14327,POSITIVE,0.8617525696754456
14328,NEUTRAL,0.5570093393325806
14329,POSITIVE,0.9297139048576355
14330,POSITIVE,0.9065409898757935
14331,NEUTRAL,0.7637441158294678
14332,POSITIVE,0.8568823337554932
14333,POSITIVE,0.9649933576583862
14334,POSITIVE,0.9782388806343079
14335,NEUTRAL,0.7138004899024963
14336,POSITIVE,0.9244956374168396
14337,POSITIVE,0.6913710832595825
14338,NEUTRAL,0.8022511005401611
14339,POSITIVE,0.9523093104362488
14340,NEUTRAL,0.581546425819397
14341,NEGATIVE,0.7496141791343689
14342,NEUTRAL,0.8672966957092285
14343,NEUTRAL,0.5278646945953369
14344,POSITIVE,0.7718015313148499
14345,POSITIVE,0.9573480486869812
14346,POSITIVE,0.8187177777290344
14347,NEUTRAL,0.764898955821991
14348,NEUTRAL,0.8032917380332947
14349,NEUTRAL,0.6170381903648376
14350,POSITIVE,0.5071244835853577
14351,NEUTRAL,0.8640182614326477
14352,NEUTRAL,0.5190967917442322
14353,POSITIVE,0.9568832516670227
14354,NEUTRAL,0.6043078303337097
14355,NEUTRAL,0.6167864799499512
14356,NEUTRAL,0.8912166357040405
14357,NEUTRAL,0.526739776134491
14358,NEUTRAL,0.5564018487930298
14359,NEUTRAL,0.6721545457839966
14360,NEUTRAL,0.5355027914047241
14361,POSITIVE,0.8825792074203491
14362,NEUTRAL,0.7240007519721985
14363,NEUTRAL,0.7032651305198669
14364,NEUTRAL,0.8115067481994629
14365,POSITIVE,0.9167341589927673
14366,NEUTRAL,0.612162172794342
14367,POSITIVE,0.842038631439209
14368,NEUTRAL,0.7867313027381897
14369,POSITIVE,0.8343346118927002
14370,NEUTRAL,0.5538045167922974
14371,POSITIVE,0.9713084101676941
14372,POSITIVE,0.6040955781936646
14373,POSITIVE,0.6220799684524536
14374,NEUTRAL,0.7131388783454895
14375,NEUTRAL,0.47652560472488403
14376,POSITIVE,0.5315468311309814
14377,NEUTRAL,0.6969929337501526
14378,POSITIVE,0.8952047228813171
14379,POSITIVE,0.9046603441238403
14380,POSITIVE,0.9311473965644836
14381,POSITIVE,0.8986697793006897
14382,NEUTRAL,0.7069191932678223
14383,POSITIVE,0.6047002077102661
14384,POSITIVE,0.9609115719795227
14385,POSITIVE,0.9678260684013367
14387,POSITIVE,0.9330691695213318
14388,POSITIVE,0.98066645860672
14389,POSITIVE,0.9267823100090027
14390,NEUTRAL,0.5867367386817932
14391,NEGATIVE,0.6164218187332153
14392,POSITIVE,0.9748943448066711
14393,POSITIVE,0.955305278301239
14394,POSITIVE,0.6641889214515686
14395,NEUTRAL,0.6396604180335999
14396,POSITIVE,0.8153527975082397
14397,POSITIVE,0.8884764313697815
14398,NEUTRAL,0.7256314158439636
14399,POSITIVE,0.6831805109977722
14400,POSITIVE,0.87306147813797
14401,POSITIVE,0.784853994846344
14402,NEUTRAL,0.8934027552604675
14403,NEUTRAL,0.8285712599754333
14405,POSITIVE,0.49700939655303955
14406,POSITIVE,0.9749459028244019
14407,POSITIVE,0.8950603604316711
14408,NEGATIVE,0.720639705657959
14409,NEUTRAL,0.8715246915817261
14410,POSITIVE,0.8985088467597961
14411,NEUTRAL,0.7599025964736938
14412,NEUTRAL,0.7879217863082886
14413,POSITIVE,0.9146909713745117
14414,NEUTRAL,0.48631489276885986
14415,NEUTRAL,0.7590768337249756
14416,NEUTRAL,0.5316198468208313
14417,POSITIVE,0.7100415229797363
14418,POSITIVE,0.7646700739860535
14419,NEUTRAL,0.780860424041748
14420,POSITIVE,0.9225166440010071
14421,POSITIVE,0.5416716933250427
14422,NEUTRAL,0.5634099841117859
14423,POSITIVE,0.6842496395111084
14424,NEUTRAL,0.9179264903068542
14425,POSITIVE,0.7343201041221619
14426,NEUTRAL,0.6901454329490662
14427,POSITIVE,0.5341768860816956
14428,POSITIVE,0.7745821475982666
14429,POSITIVE,0.9455198049545288
14430,POSITIVE,0.7177740335464478
14431,POSITIVE,0.8951362371444702
14432,NEUTRAL,0.684814989566803
14433,POSITIVE,0.527282178401947
14434,POSITIVE,0.7793750762939453
14435,NEUTRAL,0.7381864786148071
14436,POSITIVE,0.9870437979698181
14437,POSITIVE,0.9166715741157532
14438,NEUTRAL,0.47210389375686646
14439,POSITIVE,0.9732905030250549
14440,POSITIVE,0.977146327495575
14441,POSITIVE,0.5456545352935791
14442,NEUTRAL,0.5905842185020447
14443,NEUTRAL,0.8296467661857605
14444,NEUTRAL,0.6357337832450867
14445,NEUTRAL,0.7726590037345886
14446,NEGATIVE,0.4587548077106476
14447,NEGATIVE,0.8619661331176758
14448,NEUTRAL,0.5703247785568237
14449,POSITIVE,0.9847007989883423
14450,POSITIVE,0.6430476307868958
14451,NEUTRAL,0.4923097789287567
14452,NEUTRAL,0.7236568927764893
14453,POSITIVE,0.9818452596664429
14454,NEUTRAL,0.873195469379425
14455,POSITIVE,0.9378960728645325
14456,NEUTRAL,0.616809070110321
14457,NEUTRAL,0.8647443056106567
14458,POSITIVE,0.9648333191871643
14459,NEUTRAL,0.7732505202293396
14460,POSITIVE,0.8695515394210815
14461,POSITIVE,0.9637832045555115
14462,NEUTRAL,0.8413528800010681
14463,NEGATIVE,0.48054397106170654
14464,POSITIVE,0.8260418772697449
14465,POSITIVE,0.5771011710166931
14466,POSITIVE,0.9681241512298584
14467,NEUTRAL,0.7124390006065369
14468,POSITIVE,0.9340544939041138
14469,NEGATIVE,0.5772566199302673
14470,POSITIVE,0.7127751111984253
14471,POSITIVE,0.6265276074409485
14472,POSITIVE,0.8360440135002136
14473,NEGATIVE,0.9277826547622681
14474,POSITIVE,0.9241482019424438
14475,NEUTRAL,0.7329224348068237
14476,NEUTRAL,0.6507216095924377
14477,NEUTRAL,0.8348561525344849
14478,NEUTRAL,0.5882522463798523
14479,NEUTRAL,0.506138026714325
14480,NEUTRAL,0.7796661853790283
14481,NEUTRAL,0.5169781446456909
14482,NEUTRAL,0.8710097074508667
14483,POSITIVE,0.6671727895736694
14484,NEUTRAL,0.7625278234481812
14485,NEUTRAL,0.6374660134315491
14486,NEUTRAL,0.8466385006904602
14487,NEUTRAL,0.5500878691673279
14488,POSITIVE,0.7473573684692383
14489,POSITIVE,0.9068353772163391
14490,POSITIVE,0.8718553781509399
14491,NEGATIVE,0.5824843645095825
14492,POSITIVE,0.5987846851348877
14493,POSITIVE,0.8812840580940247
14494,POSITIVE,0.9727573394775391
14495,NEUTRAL,0.5236160755157471
14496,NEUTRAL,0.5761918425559998
14497,NEUTRAL,0.7834307551383972
14498,NEUTRAL,0.4756293296813965
14499,POSITIVE,0.8619526028633118
14500,POSITIVE,0.9684438109397888
14501,POSITIVE,0.6975454688072205
14502,NEUTRAL,0.5144868493080139
14503,NEUTRAL,0.5463452935218811
14504,POSITIVE,0.9700976610183716
14505,POSITIVE,0.8446822762489319
14506,POSITIVE,0.7535697221755981
14507,POSITIVE,0.7578475475311279
14508,POSITIVE,0.5937896966934204
14509,POSITIVE,0.7463129162788391
14510,POSITIVE,0.9825965762138367
14511,NEGATIVE,0.5999110341072083
14512,POSITIVE,0.9397406578063965
14513,POSITIVE,0.8076176047325134
14514,NEGATIVE,0.5029348731040955
14515,NEUTRAL,0.6932588219642639
14516,POSITIVE,0.8839322328567505
14517,POSITIVE,0.6793073415756226
14518,NEUTRAL,0.4744149446487427
14519,POSITIVE,0.7171810269355774
14520,NEUTRAL,0.8286094665527344
14521,NEGATIVE,0.8131397366523743
14522,POSITIVE,0.8863453269004822
14523,NEUTRAL,0.7217996120452881
14524,POSITIVE,0.9800557494163513
14529,NEUTRAL,0.8747026324272156
14530,POSITIVE,0.6694333553314209
14531,NEUTRAL,0.7918969392776489
14532,POSITIVE,0.9528433680534363
14533,NEUTRAL,0.7642993927001953
14534,NEUTRAL,0.8116101622581482
14536,POSITIVE,0.7737617492675781
14537,NEUTRAL,0.796225905418396
14540,NEUTRAL,0.5958468914031982
14541,NEUTRAL,0.4678697884082794
14542,NEUTRAL,0.5054985284805298
14543,NEUTRAL,0.8633169531822205
14544,POSITIVE,0.6648957133293152
14545,NEUTRAL,0.7576729655265808
14546,POSITIVE,0.698157548904419
14548,NEUTRAL,0.628552258014679
14549,POSITIVE,0.533910870552063
14552,NEUTRAL,0.7728556990623474
14553,NEUTRAL,0.9118913412094116
14559,NEUTRAL,0.7257630228996277
14563,POSITIVE,0.949615478515625
14567,NEUTRAL,0.7573553919792175
14570,NEUTRAL,0.6716016530990601
14571,NEUTRAL,0.8111997246742249
14573,POSITIVE,0.8686362504959106
14574,NEUTRAL,0.5371524095535278
14575,NEUTRAL,0.6494543552398682
14576,NEUTRAL,0.8584397435188293
14577,POSITIVE,0.976611316204071
14578,POSITIVE,0.9631985425949097
14580,POSITIVE,0.5406402945518494
14581,NEUTRAL,0.5116751194000244
14582,NEUTRAL,0.5934083461761475
14583,NEUTRAL,0.9240697026252747
14584,NEUTRAL,0.833638072013855
14585,POSITIVE,0.8714410066604614
14586,POSITIVE,0.9601847529411316
14587,POSITIVE,0.636440098285675
14588,POSITIVE,0.6295561194419861
14589,POSITIVE,0.8149212598800659
14590,NEUTRAL,0.708453357219696
14591,NEGATIVE,0.8809927701950073
14592,NEUTRAL,0.746100664138794
14593,NEUTRAL,0.7716672420501709
14595,NEUTRAL,0.7219119668006897
14597,NEGATIVE,0.931613028049469
14598,NEUTRAL,0.7893138527870178
14599,NEUTRAL,0.785898745059967
14600,NEUTRAL,0.8243221640586853
14602,NEUTRAL,0.7833623886108398
14603,NEUTRAL,0.8438365459442139
14604,NEUTRAL,0.7253358960151672
14605,NEUTRAL,0.5594360828399658
14606,POSITIVE,0.6767174005508423
14607,NEUTRAL,0.8126970529556274
14608,POSITIVE,0.9552059173583984
14609,POSITIVE,0.9660317301750183
14610,POSITIVE,0.6546140909194946
14612,NEGATIVE,0.8803241848945618
14613,NEUTRAL,0.9018223285675049
14614,NEUTRAL,0.7804379463195801
14615,POSITIVE,0.6225811243057251
14616,NEUTRAL,0.8943389058113098
14617,NEUTRAL,0.5412196516990662
14618,POSITIVE,0.5833191275596619
14619,POSITIVE,0.8576880693435669
14620,POSITIVE,0.7570536136627197
14621,POSITIVE,0.8552427887916565
14622,POSITIVE,0.8152211904525757
14623,NEUTRAL,0.5748260021209717
14624,NEUTRAL,0.9360435605049133
14626,NEGATIVE,0.48056697845458984
14628,POSITIVE,0.9565119743347168
14629,POSITIVE,0.6623528003692627
14631,NEGATIVE,0.8756913542747498
14633,NEGATIVE,0.508030116558075
14635,NEUTRAL,0.8024426102638245
14636,POSITIVE,0.729372501373291
14637,POSITIVE,0.9898840188980103
14638,POSITIVE,0.9848644137382507
14639,POSITIVE,0.9333611130714417
14640,NEUTRAL,0.7495479583740234
14641,POSITIVE,0.5617793798446655
14642,NEUTRAL,0.6540120840072632
14643,NEUTRAL,0.8409738540649414
14644,NEUTRAL,0.7395023107528687
14645,NEUTRAL,0.5408706068992615
14646,POSITIVE,0.8882201910018921
14647,POSITIVE,0.5031840205192566
14648,POSITIVE,0.8047824501991272
14649,NEUTRAL,0.8655053973197937
14650,NEUTRAL,0.5192490816116333
14651,NEUTRAL,0.7663000822067261
14653,NEUTRAL,0.694379985332489
14654,POSITIVE,0.5805850625038147
14655,NEUTRAL,0.8571472764015198
14656,POSITIVE,0.9876712560653687
14657,NEUTRAL,0.8951847553253174
14658,POSITIVE,0.9032593965530396
14659,NEUTRAL,0.6403526067733765
14660,NEGATIVE,0.5324373841285706
14661,NEUTRAL,0.7882798910140991
14662,POSITIVE,0.6771338582038879
14663,NEUTRAL,0.6600779294967651
14664,NEUTRAL,0.7944808602333069
14665,POSITIVE,0.9855396747589111
14667,NEUTRAL,0.4988008439540863
14668,NEGATIVE,0.8708784580230713
14669,NEGATIVE,0.4921930134296417
14670,POSITIVE,0.8919169902801514
14671,POSITIVE,0.5314651131629944
14672,NEUTRAL,0.74166339635849
14673,NEUTRAL,0.5460360050201416
14674,NEUTRAL,0.8741620779037476
14675,NEUTRAL,0.6111698746681213
14676,POSITIVE,0.5441724061965942
14677,NEUTRAL,0.6985381841659546
14678,NEUTRAL,0.881924569606781
14679,POSITIVE,0.7218062877655029
14680,NEUTRAL,0.7558785080909729
14681,NEUTRAL,0.9313775300979614
14682,NEUTRAL,0.8908975124359131
14683,POSITIVE,0.5063486099243164
14684,NEUTRAL,0.6162984371185303
14685,NEUTRAL,0.8329610228538513
14687,NEUTRAL,0.6077256798744202
14688,NEUTRAL,0.5297903418540955
14690,NEUTRAL,0.812178373336792
14691,POSITIVE,0.9116392135620117
14692,POSITIVE,0.9437229633331299
14693,POSITIVE,0.5448452830314636
14694,NEUTRAL,0.902152955532074
14695,POSITIVE,0.9520887136459351
14697,POSITIVE,0.8957812190055847
14698,POSITIVE,0.8778018355369568
14699,POSITIVE,0.5720685720443726
14701,POSITIVE,0.9577088356018066
14702,POSITIVE,0.988425612449646
14708,POSITIVE,0.9188215136528015
14709,NEUTRAL,0.7130839228630066
14710,NEGATIVE,0.5710204839706421
14711,NEUTRAL,0.6188437938690186
14712,POSITIVE,0.6918509602546692
14713,POSITIVE,0.9766145348548889
14715,POSITIVE,0.9673725962638855
14717,NEUTRAL,0.5506006479263306
14718,POSITIVE,0.9127180576324463
14719,NEUTRAL,0.5398018956184387
14720,POSITIVE,0.6050107479095459
14721,POSITIVE,0.7999529242515564
14722,POSITIVE,0.9878496527671814
14723,POSITIVE,0.6947938799858093
14724,POSITIVE,0.8954790830612183
14725,POSITIVE,0.9149113297462463
14726,NEUTRAL,0.5030176639556885
14727,NEUTRAL,0.5905985832214355
14728,NEGATIVE,0.5076506733894348
14729,NEGATIVE,0.6718075275421143
14730,NEUTRAL,0.47734472155570984
14731,POSITIVE,0.8678132891654968
14732,POSITIVE,0.971620500087738
14733,NEUTRAL,0.5106154680252075
14734,NEUTRAL,0.5038087964057922
14735,POSITIVE,0.8758013844490051
14740,NEUTRAL,0.5559198260307312
14742,POSITIVE,0.6403231620788574
14746,NEGATIVE,0.5257848501205444
14747,NEUTRAL,0.7922393083572388
14748,NEUTRAL,0.7054654359817505
14749,NEUTRAL,0.8740676045417786
14750,NEUTRAL,0.818179726600647
14751,NEUTRAL,0.8648221492767334
14752,POSITIVE,0.7209146618843079
14753,NEUTRAL,0.9392706155776978
14754,POSITIVE,0.5168397426605225
14755,NEUTRAL,0.7983900904655457
14756,NEUTRAL,0.7861961126327515
14757,NEUTRAL,0.6130611896514893
14758,NEGATIVE,0.5763235092163086
14759,NEUTRAL,0.6018998026847839
14760,POSITIVE,0.8832723498344421
14761,NEUTRAL,0.9107686281204224
14762,NEUTRAL,0.5175276398658752
14763,NEUTRAL,0.8128184080123901
14764,POSITIVE,0.8750478625297546
14765,NEUTRAL,0.558513879776001
14766,NEUTRAL,0.5641924738883972
14767,NEUTRAL,0.7656851410865784
14768,NEUTRAL,0.7304336428642273
14769,NEUTRAL,0.8855859041213989
14770,NEUTRAL,0.5010717511177063
14771,NEUTRAL,0.7975103855133057
14772,NEUTRAL,0.8834661245346069
14773,NEUTRAL,0.7640289068222046
14774,NEUTRAL,0.843486487865448
14775,NEUTRAL,0.7578629851341248
14776,POSITIVE,0.8141116499900818
14777,NEUTRAL,0.8748058080673218
14778,NEUTRAL,0.8667960166931152
14779,NEUTRAL,0.8055735230445862
14780,NEUTRAL,0.7131859660148621
14781,POSITIVE,0.7249061465263367
14782,NEGATIVE,0.8054007291793823
14783,NEUTRAL,0.8637990951538086
14784,NEUTRAL,0.5509988069534302
14785,NEUTRAL,0.6430652141571045
14786,POSITIVE,0.5465133786201477
14787,POSITIVE,0.7038223743438721
14788,NEUTRAL,0.8580636382102966
14789,NEUTRAL,0.81434565782547
14790,NEUTRAL,0.8868825435638428
14791,NEUTRAL,0.5878868699073792
14792,NEUTRAL,0.686930239200592
14793,POSITIVE,0.5231577754020691
14794,NEGATIVE,0.6288285255432129
14795,NEGATIVE,0.5261203646659851
14796,NEUTRAL,0.7412588000297546
14797,NEGATIVE,0.6248042583465576
14798,NEUTRAL,0.5944488644599915
14799,NEUTRAL,0.6958658695220947
14800,NEUTRAL,0.7767720818519592
14801,NEUTRAL,0.8793609142303467
14802,NEGATIVE,0.8335400819778442
14803,POSITIVE,0.9201877117156982
14804,NEUTRAL,0.6874968409538269
14805,NEUTRAL,0.7500036954879761
14812,NEUTRAL,0.9237392544746399
14815,NEUTRAL,0.7479523420333862
14818,NEUTRAL,0.8490616083145142
14819,NEUTRAL,0.8794748783111572
14820,NEUTRAL,0.5291219353675842
14821,POSITIVE,0.6247560977935791
14822,NEUTRAL,0.690711259841919
14823,NEUTRAL,0.8621684312820435
14825,NEUTRAL,0.7452160716056824
14827,POSITIVE,0.5486570000648499
14828,NEUTRAL,0.8582059741020203
14829,NEUTRAL,0.8828415870666504
14830,NEUTRAL,0.5668847560882568
14831,NEGATIVE,0.5191476941108704
14832,NEUTRAL,0.9248998165130615
14833,NEUTRAL,0.754281759262085
14834,NEUTRAL,0.8496919870376587
14835,NEGATIVE,0.544671893119812
14836,POSITIVE,0.5015607476234436
14837,NEUTRAL,0.7457382082939148
14838,NEUTRAL,0.8553975224494934
14839,NEUTRAL,0.6096245646476746
14840,POSITIVE,0.9602004885673523
14843,POSITIVE,0.8026089072227478
14844,NEUTRAL,0.6997859477996826
14846,NEUTRAL,0.8225701451301575
14847,NEUTRAL,0.7971237301826477
14848,POSITIVE,0.9007936120033264
14849,NEUTRAL,0.5485689640045166
14850,NEUTRAL,0.5895596742630005
14851,NEUTRAL,0.716048002243042
14852,NEUTRAL,0.8859792351722717
14853,NEUTRAL,0.7399979829788208
14856,NEUTRAL,0.7557477951049805
14857,NEUTRAL,0.7385684251785278
14858,NEUTRAL,0.831683874130249
14861,NEUTRAL,0.6034832000732422
14863,NEGATIVE,0.9047461152076721
14864,NEUTRAL,0.8561186194419861
14866,NEGATIVE,0.8662611842155457
14868,NEUTRAL,0.8389252424240112
14869,NEUTRAL,0.8836367130279541
14870,NEUTRAL,0.9089365601539612
14871,NEUTRAL,0.9132903218269348
14872,NEUTRAL,0.7174497842788696
14874,NEUTRAL,0.913506805896759
14875,NEUTRAL,0.9043482542037964
14876,NEUTRAL,0.9230009913444519
14877,NEUTRAL,0.9003465175628662
14879,NEUTRAL,0.9318657517433167
14880,NEUTRAL,0.9264903664588928
14881,NEUTRAL,0.930383563041687
14882,NEUTRAL,0.8891939520835876
14883,NEUTRAL,0.8811551928520203
14884,NEUTRAL,0.9002700448036194
14885,NEUTRAL,0.8477098941802979
14886,NEUTRAL,0.9108427166938782
14887,NEUTRAL,0.9009952545166016
14888,NEUTRAL,0.9351487755775452
14889,NEUTRAL,0.8879017233848572
14890,NEUTRAL,0.48443010449409485
14891,NEUTRAL,0.9079554080963135
14892,NEUTRAL,0.9150086641311646
14893,NEUTRAL,0.8477688431739807
14894,NEUTRAL,0.9331411719322205
14895,NEUTRAL,0.8828185200691223
14896,NEUTRAL,0.9175900220870972
14897,NEUTRAL,0.6919333934783936
14898,NEUTRAL,0.9008515477180481
14899,NEUTRAL,0.8543370366096497
14900,NEUTRAL,0.916786253452301
14901,NEUTRAL,0.9168453812599182
14902,NEUTRAL,0.935686469078064
14903,NEUTRAL,0.7324689030647278
14904,NEUTRAL,0.887793779373169
14905,POSITIVE,0.5954820513725281
14906,NEUTRAL,0.7156630158424377
14907,NEUTRAL,0.720132052898407
14909,POSITIVE,0.9818735122680664
14910,NEUTRAL,0.8886395692825317
14912,POSITIVE,0.8683469295501709
14913,NEUTRAL,0.7929320335388184
14915,POSITIVE,0.9578679203987122
14916,NEUTRAL,0.8363068699836731
14917,NEUTRAL,0.7796239852905273
14918,NEUTRAL,0.7770655155181885
14919,POSITIVE,0.6898157000541687
14920,NEGATIVE,0.5371426343917847
14922,NEGATIVE,0.6489077806472778
14923,NEGATIVE,0.7285454273223877
14924,NEUTRAL,0.5363363027572632
14925,NEUTRAL,0.7440500855445862
14926,NEUTRAL,0.6580804586410522
14927,NEUTRAL,0.5900190472602844
14928,NEUTRAL,0.7353330850601196
14929,NEUTRAL,0.8715725541114807
14930,NEUTRAL,0.6561464667320251
14931,NEUTRAL,0.8916397094726562
14932,NEUTRAL,0.4409036338329315
14934,POSITIVE,0.5229272246360779
14935,POSITIVE,0.959170937538147
14936,NEUTRAL,0.7105516791343689
14937,POSITIVE,0.9472233653068542
14938,POSITIVE,0.9032562971115112
14939,POSITIVE,0.8570541143417358
14940,POSITIVE,0.8600143790245056
14941,NEUTRAL,0.5124188661575317
14942,POSITIVE,0.7459532022476196
14943,POSITIVE,0.8966596722602844
14945,NEUTRAL,0.649578332901001
14946,POSITIVE,0.6805070042610168
14948,NEUTRAL,0.4845653772354126
14949,NEUTRAL,0.7269859910011292
14951,NEUTRAL,0.8732028007507324
14952,NEUTRAL,0.8553340435028076
14953,NEGATIVE,0.6799718737602234
14954,NEGATIVE,0.7081618905067444
14955,NEUTRAL,0.7376651167869568
14956,NEUTRAL,0.8220152258872986
14957,NEUTRAL,0.7371705770492554
14958,NEUTRAL,0.8032063245773315
14959,NEUTRAL,0.48525717854499817
14960,POSITIVE,0.7264200448989868
14961,NEUTRAL,0.8268537521362305
14962,NEUTRAL,0.6478798985481262
14964,NEUTRAL,0.6958126425743103
14965,NEGATIVE,0.784588098526001
14967,NEGATIVE,0.6431061625480652
14968,NEUTRAL,0.71202552318573
14969,NEUTRAL,0.6981245875358582
14970,NEUTRAL,0.5784782767295837
14971,NEUTRAL,0.8277386426925659
14972,POSITIVE,0.802438497543335
14973,NEUTRAL,0.7601560950279236
14974,POSITIVE,0.8723498582839966
14975,NEUTRAL,0.7898515462875366
14976,NEUTRAL,0.6940062642097473
14977,POSITIVE,0.7301050424575806
14978,NEGATIVE,0.7367434501647949
14980,NEUTRAL,0.7061522006988525
14981,NEGATIVE,0.6573145389556885
14982,NEUTRAL,0.8703024983406067
14983,POSITIVE,0.683924674987793
14984,POSITIVE,0.6552211046218872
14985,NEUTRAL,0.5117343068122864
14986,NEUTRAL,0.5902889370918274
14987,POSITIVE,0.6661719679832458
14988,POSITIVE,0.5676073431968689
14989,NEUTRAL,0.7884291410446167
14990,NEGATIVE,0.5456063747406006
14992,NEUTRAL,0.5078453421592712
14993,NEUTRAL,0.806704580783844
14994,NEUTRAL,0.6452811360359192
14995,NEUTRAL,0.536728024482727
14996,NEUTRAL,0.5832206010818481
14997,POSITIVE,0.6083018779754639
14998,NEUTRAL,0.8289158940315247
14999,NEUTRAL,0.7747984528541565
15000,NEUTRAL,0.8159810304641724
15001,NEUTRAL,0.7847362160682678
15002,POSITIVE,0.6337397694587708
15003,NEGATIVE,0.516607940196991
15004,POSITIVE,0.942245364189148
15005,NEUTRAL,0.9040342569351196
15006,NEUTRAL,0.5686314702033997
15007,POSITIVE,0.5702506899833679
15008,NEGATIVE,0.6267468333244324
15009,NEUTRAL,0.6370760202407837
15010,NEUTRAL,0.6038283705711365
15011,NEUTRAL,0.5134918689727783
15012,NEUTRAL,0.8152784705162048
15013,POSITIVE,0.8180714845657349
15014,NEUTRAL,0.8529342412948608
15015,POSITIVE,0.9206753373146057
15016,NEUTRAL,0.6405051946640015
15017,POSITIVE,0.5917789936065674
15018,POSITIVE,0.6390383243560791
15019,NEUTRAL,0.5728505253791809
15020,NEUTRAL,0.6297202706336975
15021,NEUTRAL,0.6862514019012451
15022,NEUTRAL,0.9099331498146057
15023,NEUTRAL,0.7850043177604675
15024,POSITIVE,0.8939652442932129
15025,POSITIVE,0.5174117088317871
15026,NEUTRAL,0.838018000125885
15027,POSITIVE,0.8187879920005798
15028,NEUTRAL,0.7206802368164062
15029,POSITIVE,0.7405131459236145
15030,POSITIVE,0.9513416290283203
15031,POSITIVE,0.8724990487098694
15032,POSITIVE,0.6277245283126831
15033,NEUTRAL,0.613074541091919
15034,NEUTRAL,0.7773706316947937
15035,POSITIVE,0.8425541520118713
15036,POSITIVE,0.9404898285865784
15037,POSITIVE,0.9087875485420227
15038,POSITIVE,0.7889186143875122
15039,NEUTRAL,0.5137765407562256
15040,NEUTRAL,0.5135203003883362
15041,NEUTRAL,0.8917432427406311
15042,NEUTRAL,0.7754137516021729
15043,NEUTRAL,0.8812242746353149
15044,NEUTRAL,0.8117856383323669
15045,POSITIVE,0.6475285887718201
15046,NEUTRAL,0.8760823011398315
15047,NEUTRAL,0.728887140750885
15048,NEUTRAL,0.7640007734298706
15049,NEUTRAL,0.7209145426750183
15050,POSITIVE,0.9128507375717163
15051,POSITIVE,0.8910757899284363
15052,NEGATIVE,0.670653760433197
15053,NEUTRAL,0.7082129120826721
15054,NEUTRAL,0.6198590397834778
15055,NEUTRAL,0.9182323217391968
15056,POSITIVE,0.782060444355011
15057,NEUTRAL,0.7817073464393616
15058,POSITIVE,0.778089165687561
15059,POSITIVE,0.7373325824737549
15060,NEUTRAL,0.8132734894752502
15061,NEUTRAL,0.852859377861023
15062,POSITIVE,0.6657573580741882
15063,NEUTRAL,0.7580713033676147
15064,NEUTRAL,0.7503016591072083
15065,POSITIVE,0.9295285940170288
15066,NEUTRAL,0.7477511763572693
15067,POSITIVE,0.9650173187255859
15068,POSITIVE,0.555432915687561
15069,POSITIVE,0.5902984738349915
15070,POSITIVE,0.6355158090591431
15071,NEUTRAL,0.5629185438156128
15072,POSITIVE,0.7081031799316406
15073,NEUTRAL,0.8447918891906738
15074,NEUTRAL,0.8183782696723938
15075,NEGATIVE,0.5157567858695984
15076,POSITIVE,0.8556591868400574
15077,POSITIVE,0.6846126914024353
15078,NEUTRAL,0.6641852855682373
15079,NEUTRAL,0.7310292720794678
15080,POSITIVE,0.5090662837028503
15081,POSITIVE,0.7096148133277893
15082,POSITIVE,0.5762044191360474
15083,NEUTRAL,0.8903672099113464
15084,NEUTRAL,0.7881060838699341
15085,NEGATIVE,0.5841188430786133
15086,NEUTRAL,0.5425389409065247
15087,POSITIVE,0.7831611037254333
15088,POSITIVE,0.8634256720542908
15089,POSITIVE,0.5385141968727112
15090,NEUTRAL,0.8721738457679749
15091,NEUTRAL,0.7918992042541504
15092,NEUTRAL,0.7681952714920044
15093,NEUTRAL,0.6132780909538269
15094,NEUTRAL,0.8376479744911194
15095,NEUTRAL,0.8574577569961548
15096,NEUTRAL,0.7200552821159363
15097,POSITIVE,0.587162435054779
15098,NEUTRAL,0.6652318239212036
15100,NEUTRAL,0.7892658710479736
15101,POSITIVE,0.8483144044876099
15102,NEUTRAL,0.8098094463348389
15103,NEUTRAL,0.5255004167556763
15104,POSITIVE,0.8169815540313721
15105,POSITIVE,0.8828094601631165
15106,NEUTRAL,0.7159422039985657
15107,NEUTRAL,0.8042492866516113
15108,NEUTRAL,0.9143577814102173
15109,NEUTRAL,0.9180796146392822
15110,POSITIVE,0.6763343811035156
15111,POSITIVE,0.8328511714935303
15112,NEGATIVE,0.6222473382949829
15113,NEUTRAL,0.8495005965232849
15114,POSITIVE,0.6696792244911194
15115,NEUTRAL,0.5421433448791504
15116,NEUTRAL,0.638735294342041
15117,POSITIVE,0.7255015969276428
15118,POSITIVE,0.8591344952583313
15119,NEUTRAL,0.6939800977706909
15120,NEUTRAL,0.5407271385192871
15121,NEGATIVE,0.5693534016609192
15122,POSITIVE,0.7560238242149353
15123,NEUTRAL,0.9287609457969666
15124,POSITIVE,0.960798978805542
15125,NEUTRAL,0.8174774050712585
15126,NEUTRAL,0.8903136253356934
15127,POSITIVE,0.8469870686531067
15128,POSITIVE,0.8640946745872498
15129,NEUTRAL,0.6011818051338196
15130,NEUTRAL,0.8752878904342651
15131,POSITIVE,0.7745334506034851
15132,NEUTRAL,0.5994185209274292
15133,NEUTRAL,0.8507490754127502
15134,POSITIVE,0.6366665959358215
15135,NEUTRAL,0.7735235095024109
15136,POSITIVE,0.763207733631134
15137,NEUTRAL,0.5001817941665649
15138,NEUTRAL,0.7866436839103699
15139,POSITIVE,0.9684748649597168
15140,POSITIVE,0.6189321279525757
15141,POSITIVE,0.9090157151222229
15142,NEUTRAL,0.7619948983192444
15143,NEUTRAL,0.6314399242401123
15144,POSITIVE,0.7608903050422668
15145,POSITIVE,0.8775033950805664
15146,NEUTRAL,0.5443810820579529
15147,NEUTRAL,0.5872474312782288
15148,POSITIVE,0.7617926597595215
15149,NEUTRAL,0.7653133273124695
15150,NEUTRAL,0.8230782747268677
15151,NEUTRAL,0.6639502644538879
15152,NEUTRAL,0.844993531703949
15154,NEUTRAL,0.7481080293655396
15155,POSITIVE,0.5926740169525146
15156,POSITIVE,0.8088690638542175
15157,POSITIVE,0.5019689202308655
15158,NEUTRAL,0.810119092464447
15159,POSITIVE,0.9464761018753052
15160,NEUTRAL,0.8934903144836426
15161,POSITIVE,0.6480495929718018
15163,NEUTRAL,0.590358555316925
15164,NEUTRAL,0.8190628290176392
15165,POSITIVE,0.8174521327018738
15166,POSITIVE,0.7882155179977417
15167,NEUTRAL,0.8090121150016785
15168,POSITIVE,0.7039722800254822
15169,NEUTRAL,0.7517720460891724
15170,POSITIVE,0.5388403534889221
15171,NEUTRAL,0.7560105323791504
15172,NEUTRAL,0.8027104735374451
15173,NEUTRAL,0.5862717032432556
15174,POSITIVE,0.9675589203834534
15175,POSITIVE,0.9240689277648926
15176,NEUTRAL,0.863611102104187
15177,NEUTRAL,0.6379693746566772
15179,POSITIVE,0.827419638633728
15180,NEUTRAL,0.889150083065033
15181,NEUTRAL,0.4655599892139435
15182,NEUTRAL,0.6108086705207825
15183,NEGATIVE,0.8060441613197327
15184,NEUTRAL,0.7955342531204224
15185,NEUTRAL,0.7918471693992615
15186,POSITIVE,0.8797590136528015
15187,POSITIVE,0.5067180395126343
15188,POSITIVE,0.8968387246131897
15189,NEUTRAL,0.860026478767395
15191,POSITIVE,0.701978325843811
15192,POSITIVE,0.5031371116638184
15193,NEUTRAL,0.800797164440155
15194,NEUTRAL,0.8212766051292419
15195,NEUTRAL,0.9216084480285645
15196,POSITIVE,0.8844648003578186
15197,POSITIVE,0.5957219004631042
15198,POSITIVE,0.7841198444366455
15199,NEUTRAL,0.6856539249420166
15200,NEUTRAL,0.7340441346168518
15201,NEUTRAL,0.9270220994949341
15202,NEUTRAL,0.50681072473526
15203,NEUTRAL,0.6561194062232971
15204,POSITIVE,0.9704334139823914
15205,NEUTRAL,0.6533719301223755
15206,POSITIVE,0.898864209651947
15207,NEUTRAL,0.6844244003295898
15208,NEUTRAL,0.8530528545379639
15209,NEUTRAL,0.7228229641914368
15210,NEUTRAL,0.8553369045257568
15211,NEUTRAL,0.6979026198387146
15212,NEUTRAL,0.9132964015007019
15213,NEUTRAL,0.8888251185417175
15214,POSITIVE,0.8937627673149109
15215,NEUTRAL,0.8748289346694946
15216,POSITIVE,0.7039610147476196
15217,POSITIVE,0.7545889616012573
15218,NEUTRAL,0.54712975025177
15219,POSITIVE,0.890643835067749
15220,NEUTRAL,0.7892529964447021
15222,POSITIVE,0.8320808410644531
15223,NEUTRAL,0.9126378297805786
15224,NEUTRAL,0.5939866900444031
15225,NEUTRAL,0.6601278185844421
15226,NEUTRAL,0.7718644142150879
15227,NEUTRAL,0.7275521755218506
15228,NEUTRAL,0.887910783290863
15229,NEGATIVE,0.6894734501838684
15230,NEUTRAL,0.7408159971237183
15231,NEGATIVE,0.8221698999404907
15232,NEUTRAL,0.5765746235847473
15233,NEUTRAL,0.8078997135162354
15234,NEGATIVE,0.6747469305992126
15235,NEUTRAL,0.7220006585121155
15236,NEUTRAL,0.7342853546142578
15237,POSITIVE,0.5451149940490723
15238,POSITIVE,0.7019395232200623
15239,POSITIVE,0.7901103496551514
15240,POSITIVE,0.7878887057304382
15241,POSITIVE,0.5207439661026001
15242,POSITIVE,0.7250467538833618
15243,POSITIVE,0.8679262399673462
15244,POSITIVE,0.7222391963005066
15245,NEUTRAL,0.8636534214019775
15246,NEUTRAL,0.5408511757850647
15247,NEGATIVE,0.588371753692627
15248,NEUTRAL,0.8848121166229248
15249,NEUTRAL,0.6317149996757507
15250,POSITIVE,0.5499259233474731
15251,NEUTRAL,0.7457813620567322
15252,NEGATIVE,0.5968493819236755
15253,POSITIVE,0.7519976496696472
15254,NEUTRAL,0.68798828125
15255,POSITIVE,0.7661940455436707
15256,POSITIVE,0.6829334497451782
15257,POSITIVE,0.7446116805076599
15258,POSITIVE,0.7091655731201172
15259,NEUTRAL,0.6925840973854065
15260,NEGATIVE,0.8307380676269531
15261,NEUTRAL,0.8851153254508972
15262,NEUTRAL,0.7886682748794556
15263,NEGATIVE,0.5920103192329407
15264,NEGATIVE,0.5298983454704285
15265,NEUTRAL,0.49736636877059937
15266,NEUTRAL,0.8850937485694885
15267,NEUTRAL,0.6190239787101746
15268,POSITIVE,0.8364347219467163
15269,NEUTRAL,0.8247060179710388
15270,NEUTRAL,0.8728286027908325
15271,NEUTRAL,0.8573617339134216
15272,POSITIVE,0.6641826033592224
15273,NEUTRAL,0.7713433504104614
15274,NEUTRAL,0.7815885543823242
15275,NEUTRAL,0.717039167881012
15276,NEUTRAL,0.522742748260498
15277,NEUTRAL,0.726512610912323
15278,NEUTRAL,0.8587779402732849
15279,NEUTRAL,0.7108650803565979
15280,NEUTRAL,0.613650381565094
15281,POSITIVE,0.5592113733291626
15282,POSITIVE,0.8392484784126282
15283,NEUTRAL,0.7791293263435364
15284,NEUTRAL,0.7430550456047058
15285,NEUTRAL,0.8254676461219788
15286,POSITIVE,0.8311343789100647
15287,NEUTRAL,0.905318021774292
15288,NEUTRAL,0.7093322277069092
15289,NEUTRAL,0.853694498538971
15290,POSITIVE,0.5500735640525818
15291,POSITIVE,0.7717754244804382
15292,NEUTRAL,0.5845034718513489
15293,NEUTRAL,0.6085331439971924
15294,NEUTRAL,0.7916232943534851
15295,NEGATIVE,0.6470706462860107
15296,NEUTRAL,0.7402844429016113
15298,NEUTRAL,0.9077282547950745
15299,POSITIVE,0.8968302011489868
15300,NEUTRAL,0.7486356496810913
15301,NEUTRAL,0.6915903091430664
15302,NEUTRAL,0.8498181104660034
15303,NEUTRAL,0.49833253026008606
15304,NEUTRAL,0.7382104396820068
15305,NEUTRAL,0.8979628086090088
15306,POSITIVE,0.7836088538169861
15307,NEUTRAL,0.8566872477531433
15308,NEUTRAL,0.8995985388755798
15309,NEUTRAL,0.49725180864334106
15310,POSITIVE,0.809257984161377
15311,NEGATIVE,0.7455030679702759
15312,POSITIVE,0.7667938470840454
15313,POSITIVE,0.9517013430595398
15314,NEUTRAL,0.7298564910888672
15315,POSITIVE,0.5685649514198303
15316,POSITIVE,0.7414838671684265
15317,NEUTRAL,0.8658282160758972
15318,NEUTRAL,0.5018905997276306
15319,NEUTRAL,0.9342721104621887
15320,NEUTRAL,0.7194839715957642
15321,NEUTRAL,0.8337660431861877
15322,POSITIVE,0.7260129451751709
15323,POSITIVE,0.8487356901168823
15325,POSITIVE,0.6001656651496887
15328,NEUTRAL,0.7228837609291077
15329,NEUTRAL,0.6362088918685913
15330,NEUTRAL,0.6849619150161743
15331,NEUTRAL,0.5703210234642029
15332,NEUTRAL,0.7712988257408142
15333,POSITIVE,0.5955557227134705
15334,NEUTRAL,0.559227466583252
15335,NEGATIVE,0.8269110918045044
15336,NEUTRAL,0.5365096926689148
15337,NEUTRAL,0.8787347078323364
15338,NEUTRAL,0.5683273077011108
15339,NEUTRAL,0.5358331799507141
15340,NEUTRAL,0.9260143041610718
15341,NEGATIVE,0.5696989893913269
15342,POSITIVE,0.7135874032974243
15343,POSITIVE,0.7129571437835693
15344,NEUTRAL,0.8751498460769653
15345,NEUTRAL,0.9003567099571228
15346,NEUTRAL,0.6679866313934326
15347,NEUTRAL,0.7479888796806335
15348,NEUTRAL,0.8871227502822876
15349,NEUTRAL,0.7256557941436768
15350,NEUTRAL,0.6558234691619873
15351,NEUTRAL,0.5107781887054443
15352,NEUTRAL,0.7441920638084412
15353,NEUTRAL,0.6704617142677307
15354,NEUTRAL,0.911736249923706
15355,POSITIVE,0.6136652827262878
15356,NEUTRAL,0.780322790145874
15357,NEUTRAL,0.8177415728569031
15358,NEUTRAL,0.9020640850067139
15359,NEUTRAL,0.6739343404769897
15360,NEUTRAL,0.7135543823242188
15361,NEUTRAL,0.6365509033203125
15362,NEUTRAL,0.8506256937980652
15363,POSITIVE,0.8314962983131409
15364,NEGATIVE,0.5402433276176453
15365,NEUTRAL,0.7799961566925049
15366,NEUTRAL,0.8713639974594116
15367,NEUTRAL,0.6199845671653748
15368,POSITIVE,0.5660415887832642
15369,POSITIVE,0.8934305310249329
15370,NEUTRAL,0.610509991645813
15371,NEUTRAL,0.5705239176750183
15372,NEUTRAL,0.673507571220398
15373,NEUTRAL,0.5448037385940552
15374,NEUTRAL,0.806645393371582
15375,POSITIVE,0.6349614858627319
15376,NEGATIVE,0.5038798451423645
15377,POSITIVE,0.9772791862487793
15378,NEUTRAL,0.5847832560539246
15379,NEUTRAL,0.7566725611686707
15380,NEUTRAL,0.8540016412734985
15381,POSITIVE,0.6723306775093079
15382,NEUTRAL,0.5182161927223206
15383,NEUTRAL,0.7648667693138123
15384,POSITIVE,0.5839070081710815
15385,POSITIVE,0.6684289574623108
15386,NEUTRAL,0.8816099762916565
15387,NEUTRAL,0.83780837059021
15388,NEGATIVE,0.7294077277183533
15389,NEUTRAL,0.8134159445762634
15390,NEUTRAL,0.7677345275878906
15391,NEUTRAL,0.5208091735839844
15392,NEUTRAL,0.8145124316215515
15393,POSITIVE,0.7586529850959778
15394,POSITIVE,0.6164603233337402
15395,POSITIVE,0.6005067229270935
15396,NEGATIVE,0.5437356233596802
15397,NEUTRAL,0.8562736511230469
15398,NEUTRAL,0.8742339611053467
15399,NEUTRAL,0.5438222289085388
15400,NEUTRAL,0.5079302787780762
15401,NEUTRAL,0.7842583060264587
15402,NEGATIVE,0.7138680815696716
15403,POSITIVE,0.9105110764503479
15404,POSITIVE,0.8258852362632751
15405,NEUTRAL,0.6530597805976868
15406,POSITIVE,0.963717520236969
15407,NEUTRAL,0.5278568267822266
15408,NEUTRAL,0.6588892936706543
15409,NEGATIVE,0.607045590877533
15410,POSITIVE,0.8379099369049072
15411,NEUTRAL,0.8491978049278259
15412,NEGATIVE,0.6109791994094849
15413,POSITIVE,0.7592260241508484
15414,POSITIVE,0.7814905047416687
15415,NEUTRAL,0.8542844653129578
15416,POSITIVE,0.7223619818687439
15417,NEUTRAL,0.5955848693847656
15418,NEUTRAL,0.779699444770813
15419,POSITIVE,0.9701971411705017
15420,POSITIVE,0.8959904909133911
15421,NEGATIVE,0.7892943620681763
15422,NEUTRAL,0.7726441025733948
15423,NEUTRAL,0.9165714979171753
15424,NEGATIVE,0.5753949880599976
15425,NEUTRAL,0.8057113289833069
15426,NEUTRAL,0.7765679955482483
15427,NEUTRAL,0.8087015748023987
15428,NEUTRAL,0.8638165593147278
15429,POSITIVE,0.8473519682884216
15430,NEUTRAL,0.7767654061317444
15431,NEUTRAL,0.8349052667617798
15432,NEUTRAL,0.595313310623169
15433,NEUTRAL,0.7264184951782227
15434,POSITIVE,0.9353850483894348
15435,NEGATIVE,0.7123813629150391
15436,NEUTRAL,0.5410640835762024
15437,NEUTRAL,0.8674960732460022
15438,NEUTRAL,0.7054631114006042
15439,NEUTRAL,0.8324686884880066
15440,NEUTRAL,0.9049579501152039
15441,POSITIVE,0.7913870811462402
15442,POSITIVE,0.739417314529419
15443,NEUTRAL,0.749692440032959
15444,NEUTRAL,0.9294742941856384
15445,NEUTRAL,0.8506348729133606
15446,POSITIVE,0.8766142129898071
15447,POSITIVE,0.8665260076522827
15448,NEUTRAL,0.791963517665863
15449,POSITIVE,0.5541713833808899
15450,NEUTRAL,0.6863823533058167
15451,POSITIVE,0.5029416680335999
15452,NEUTRAL,0.7875008583068848
15453,NEUTRAL,0.5753567218780518
15454,POSITIVE,0.6853672862052917
15455,NEGATIVE,0.7410355806350708
15456,NEUTRAL,0.6747854948043823
15457,POSITIVE,0.8229719400405884
15458,NEUTRAL,0.7475719451904297
15459,NEUTRAL,0.7261379957199097
15460,POSITIVE,0.6980359554290771
15461,NEUTRAL,0.7900153994560242
15462,NEUTRAL,0.7935667037963867
15463,NEGATIVE,0.5564674139022827
15464,NEUTRAL,0.7636984586715698
15465,NEUTRAL,0.93716961145401
15466,POSITIVE,0.6749677062034607
15467,NEUTRAL,0.6754445433616638
15468,NEUTRAL,0.9101589322090149
15469,NEUTRAL,0.7758684754371643
15470,NEGATIVE,0.5060732364654541
15471,POSITIVE,0.6719871759414673
15472,NEUTRAL,0.8202304840087891
15473,NEGATIVE,0.7226372361183167
15474,NEUTRAL,0.7954436540603638
15475,NEUTRAL,0.8931287527084351
15476,POSITIVE,0.7299942970275879
15477,POSITIVE,0.501529335975647
15478,NEUTRAL,0.7899141907691956
15479,NEUTRAL,0.7994260787963867
15480,POSITIVE,0.7222636342048645
15481,NEGATIVE,0.5363045930862427
15482,NEUTRAL,0.5195252299308777
15483,NEUTRAL,0.8531916737556458
15484,NEUTRAL,0.8263636827468872
15485,NEUTRAL,0.8979393839836121
15486,NEUTRAL,0.8254441022872925
15487,NEUTRAL,0.7788697481155396
15488,POSITIVE,0.962158203125
15489,NEGATIVE,0.6351836919784546
15490,NEUTRAL,0.8653818964958191
15491,NEUTRAL,0.7951540350914001
15492,NEGATIVE,0.6058158874511719
15493,POSITIVE,0.9580495357513428
15494,POSITIVE,0.9073159694671631
15495,NEUTRAL,0.8022745847702026
15496,POSITIVE,0.8972877860069275
15497,NEUTRAL,0.8501363396644592
15498,NEUTRAL,0.7474082112312317
15499,NEUTRAL,0.8454372882843018
15500,NEUTRAL,0.7864052057266235
15501,POSITIVE,0.5941658616065979
15502,NEUTRAL,0.8690304160118103
15503,NEUTRAL,0.8210328817367554
15504,NEUTRAL,0.7105958461761475
15505,NEUTRAL,0.5001060962677002
15506,NEUTRAL,0.7613533735275269
15507,POSITIVE,0.5958216786384583
15508,POSITIVE,0.843559741973877
15509,NEUTRAL,0.7205208539962769
15510,NEUTRAL,0.6946855187416077
15511,NEUTRAL,0.9156427383422852
15512,NEUTRAL,0.8627697825431824
15513,NEUTRAL,0.8888697624206543
15514,NEUTRAL,0.6614842414855957
15515,NEUTRAL,0.7720171809196472
15516,POSITIVE,0.8526259064674377
15517,NEUTRAL,0.7396780848503113
15518,NEUTRAL,0.867814838886261
15519,NEUTRAL,0.5588173270225525
15520,NEUTRAL,0.8982031941413879
15521,POSITIVE,0.8803814649581909
15522,NEUTRAL,0.836358904838562
15523,NEUTRAL,0.868294894695282
15524,NEUTRAL,0.6538317799568176
15525,NEUTRAL,0.8950625061988831
15526,POSITIVE,0.6300898194313049
15527,NEUTRAL,0.6098048686981201
15528,NEUTRAL,0.6428830623626709
15529,POSITIVE,0.8145455718040466
15530,POSITIVE,0.5772571563720703
15531,NEGATIVE,0.6058161854743958
15532,POSITIVE,0.7490952014923096
15534,NEUTRAL,0.7881670594215393
15535,POSITIVE,0.6879333257675171
15536,POSITIVE,0.8072097301483154
15537,NEUTRAL,0.6332926750183105
15538,POSITIVE,0.7559157013893127
15539,POSITIVE,0.7328900098800659
15541,NEGATIVE,0.5619009137153625
15542,NEUTRAL,0.6719552874565125
15543,NEUTRAL,0.5292581915855408
15544,NEGATIVE,0.5286172032356262
15545,NEUTRAL,0.6008924841880798
15546,POSITIVE,0.8270586729049683
15547,NEUTRAL,0.6245614290237427
15548,NEUTRAL,0.6004968881607056
15549,POSITIVE,0.8137593865394592
15550,POSITIVE,0.9673439860343933
15551,NEUTRAL,0.6549240946769714
15552,POSITIVE,0.8536285161972046
15553,NEGATIVE,0.6188147068023682
15554,NEUTRAL,0.6247842311859131
15555,NEUTRAL,0.7497860789299011
15556,NEUTRAL,0.6068264245986938
15557,NEUTRAL,0.6094646453857422
15558,POSITIVE,0.7466968894004822
15559,NEUTRAL,0.7176926732063293
15560,NEUTRAL,0.6708280444145203
15561,NEUTRAL,0.4932374060153961
15562,NEUTRAL,0.747843325138092
15563,POSITIVE,0.6330971717834473
15564,NEGATIVE,0.7556440830230713
15565,NEUTRAL,0.6999303698539734
15566,NEUTRAL,0.8670079708099365
15567,NEUTRAL,0.5897797346115112
15568,POSITIVE,0.5929752588272095
15569,NEUTRAL,0.8268418908119202
15570,NEGATIVE,0.7736974358558655
15571,NEUTRAL,0.7099300622940063
15572,NEUTRAL,0.8942260146141052
15573,NEUTRAL,0.8981947302818298
15574,NEUTRAL,0.5030070543289185
15575,NEUTRAL,0.8793660998344421
15576,NEUTRAL,0.6452685594558716
15577,NEUTRAL,0.7690145969390869
15578,POSITIVE,0.5720033049583435
15579,NEUTRAL,0.53354811668396
15580,POSITIVE,0.5831381678581238
15581,NEUTRAL,0.6082544326782227
15582,NEUTRAL,0.6201782822608948
15583,NEUTRAL,0.7725173234939575
15584,NEUTRAL,0.5393919348716736
15585,NEUTRAL,0.5130926966667175
15586,POSITIVE,0.93780118227005
15587,NEUTRAL,0.6407473087310791
15588,NEUTRAL,0.6881469488143921
15589,NEUTRAL,0.8684134483337402
15590,NEGATIVE,0.49195101857185364
15591,NEUTRAL,0.4986152946949005
15592,POSITIVE,0.5983569622039795
15593,NEGATIVE,0.5647138357162476
15594,POSITIVE,0.7751472592353821
15595,NEUTRAL,0.5264045000076294
15596,NEUTRAL,0.759791910648346
15597,NEUTRAL,0.7982608675956726
15598,NEUTRAL,0.7700202465057373
15599,NEUTRAL,0.6995030641555786
15600,NEUTRAL,0.5108428001403809
15601,POSITIVE,0.9750876426696777
15602,POSITIVE,0.6555607914924622
15603,NEUTRAL,0.7930991649627686
15604,POSITIVE,0.715792179107666
15605,NEUTRAL,0.7234700918197632
15606,NEGATIVE,0.5722162127494812
15607,POSITIVE,0.6791993379592896
15608,NEGATIVE,0.7110210657119751
15609,NEGATIVE,0.6208388805389404
15610,NEUTRAL,0.7764731049537659
15611,NEUTRAL,0.8569250106811523
15612,POSITIVE,0.7704647779464722
15613,NEUTRAL,0.8281228542327881
15614,POSITIVE,0.6310932040214539
15615,NEUTRAL,0.5919741988182068
15616,NEUTRAL,0.5803312063217163
15617,NEUTRAL,0.7206258773803711
15619,POSITIVE,0.9300388097763062
15620,NEUTRAL,0.9343851208686829
15621,NEUTRAL,0.7455342411994934
15622,NEUTRAL,0.7303943037986755
15623,NEGATIVE,0.6580629944801331
15624,POSITIVE,0.7755752801895142
15625,NEGATIVE,0.709389865398407
15627,POSITIVE,0.7705440521240234
15628,NEUTRAL,0.7609981298446655
15629,POSITIVE,0.5167012214660645
15630,NEUTRAL,0.9420149326324463
15631,POSITIVE,0.9775612950325012
15632,NEGATIVE,0.7520848512649536
15633,POSITIVE,0.8161645531654358
15634,NEGATIVE,0.7543683052062988
15635,NEUTRAL,0.7976658940315247
15636,NEUTRAL,0.8052856922149658
15637,POSITIVE,0.8793900609016418
15638,NEUTRAL,0.8009830117225647
15639,NEUTRAL,0.7292068600654602
15640,NEUTRAL,0.5515861511230469
15641,NEUTRAL,0.7610154747962952
15642,POSITIVE,0.8748499155044556
15643,POSITIVE,0.9316297769546509
15644,NEUTRAL,0.5366465449333191
15645,NEGATIVE,0.5004741549491882
15646,NEUTRAL,0.8312248587608337
15647,POSITIVE,0.8201234340667725
15648,POSITIVE,0.5027636289596558
15649,NEUTRAL,0.619856595993042
15650,NEUTRAL,0.8899601697921753
15651,NEUTRAL,0.6757815480232239
15652,POSITIVE,0.9167896509170532
15653,NEUTRAL,0.8454263210296631
15654,NEUTRAL,0.7660175561904907
15655,NEUTRAL,0.699600338935852
15656,NEUTRAL,0.9269994497299194
15657,NEUTRAL,0.8994234800338745
15658,NEUTRAL,0.6363016366958618
15659,NEUTRAL,0.7046272158622742
15660,NEUTRAL,0.7687476873397827
15661,POSITIVE,0.6759297847747803
15662,POSITIVE,0.7629013061523438
15663,POSITIVE,0.5358737111091614
15664,NEUTRAL,0.7500975131988525
15665,NEUTRAL,0.8748407959938049
15666,NEUTRAL,0.5809684991836548
15667,NEUTRAL,0.8142341375350952
15668,POSITIVE,0.5046438574790955
15669,POSITIVE,0.7838917970657349
15670,NEUTRAL,0.7396587133407593
15671,NEUTRAL,0.75832599401474
15672,POSITIVE,0.8138352036476135
15674,NEUTRAL,0.9002512693405151
15675,NEUTRAL,0.5902794599533081
15676,NEUTRAL,0.7077869772911072
15677,NEUTRAL,0.679656445980072
15678,POSITIVE,0.9219312071800232
15679,POSITIVE,0.954384982585907
15680,POSITIVE,0.5926626920700073
15681,NEUTRAL,0.8255479335784912
15682,NEUTRAL,0.755412220954895
15683,NEUTRAL,0.5134299397468567
15684,NEUTRAL,0.5283909440040588
15685,POSITIVE,0.5750868320465088
15686,NEUTRAL,0.6285045742988586
15687,NEGATIVE,0.5331893563270569
15688,NEUTRAL,0.5997000336647034
15689,NEGATIVE,0.6676534414291382
15690,NEUTRAL,0.5784908533096313
15691,POSITIVE,0.9083777666091919
15692,NEUTRAL,0.8699372410774231
15693,POSITIVE,0.7961104512214661
15694,NEUTRAL,0.7990659475326538
15695,NEUTRAL,0.6379137635231018
15696,NEUTRAL,0.5294593572616577
15697,NEUTRAL,0.8222631812095642
15698,NEGATIVE,0.6011252999305725
15699,NEUTRAL,0.5490148663520813
15700,POSITIVE,0.9334450364112854
15701,POSITIVE,0.9449260830879211
15702,NEUTRAL,0.6292486190795898
15703,NEUTRAL,0.46945810317993164
15704,POSITIVE,0.897129476070404
15705,NEUTRAL,0.4971437156200409
15706,NEGATIVE,0.6268237233161926
15707,NEUTRAL,0.8548551201820374
15708,NEUTRAL,0.7464410662651062
15709,POSITIVE,0.865933895111084
15710,NEUTRAL,0.8940245509147644
15711,NEUTRAL,0.6903675198554993
15712,NEUTRAL,0.8998549580574036
15713,POSITIVE,0.9402163028717041
15714,NEUTRAL,0.8887341618537903
15715,NEUTRAL,0.7622154355049133
15716,NEGATIVE,0.841961681842804
15717,NEUTRAL,0.900050938129425
15718,NEGATIVE,0.49643373489379883
15719,POSITIVE,0.8404240608215332
15720,POSITIVE,0.8931322693824768
15721,NEUTRAL,0.7041281461715698
15722,NEUTRAL,0.47620704770088196
15723,NEUTRAL,0.562507152557373
15724,NEUTRAL,0.7983264923095703
15725,NEUTRAL,0.7118827104568481
15726,NEUTRAL,0.7059615850448608
15727,NEUTRAL,0.9324741959571838
15728,NEUTRAL,0.5745621919631958
15729,NEUTRAL,0.7553894519805908
15730,NEUTRAL,0.5401090979576111
15731,NEUTRAL,0.7576780915260315
15732,NEUTRAL,0.692068338394165
15733,POSITIVE,0.8924733996391296
15734,POSITIVE,0.5134680271148682
15735,NEUTRAL,0.8211745023727417
15736,NEUTRAL,0.9055894017219543
15737,NEUTRAL,0.8408556580543518
15738,POSITIVE,0.9011144638061523
15739,POSITIVE,0.6023678779602051
15740,POSITIVE,0.5905331373214722
15741,POSITIVE,0.9087807536125183
15742,NEUTRAL,0.5028992295265198
15743,NEGATIVE,0.6796554327011108
15744,POSITIVE,0.816960871219635
15745,POSITIVE,0.6616286039352417
15746,NEGATIVE,0.7969827651977539
15747,NEUTRAL,0.8633853197097778
15748,POSITIVE,0.611699104309082
15749,POSITIVE,0.7017298340797424
15750,NEUTRAL,0.9041427969932556
15751,NEUTRAL,0.8940995335578918
15752,POSITIVE,0.5880512595176697
15753,NEUTRAL,0.6076557040214539
15754,NEUTRAL,0.7966032028198242
15755,POSITIVE,0.7106490731239319
15756,POSITIVE,0.5662005543708801
15757,POSITIVE,0.9090903997421265
15758,POSITIVE,0.8843554258346558
15759,NEUTRAL,0.7809438705444336
15761,POSITIVE,0.9589521884918213
15762,NEUTRAL,0.5409576296806335
15763,NEUTRAL,0.5470229387283325
15764,NEUTRAL,0.9287819266319275
15765,NEGATIVE,0.5643877387046814
15766,NEUTRAL,0.5085859894752502
15767,NEUTRAL,0.7837826609611511
15768,NEUTRAL,0.812379002571106
15769,NEUTRAL,0.7292224764823914
15798,NEUTRAL,0.7839768528938293
15799,NEUTRAL,0.747246265411377
15800,POSITIVE,0.5416422486305237
15801,NEUTRAL,0.5445572137832642
15802,NEUTRAL,0.7456986904144287
15809,NEUTRAL,0.5352626442909241
15810,NEUTRAL,0.764545202255249
15811,NEUTRAL,0.9236587882041931
15817,NEUTRAL,0.6231659650802612
15818,NEUTRAL,0.873607873916626
15819,POSITIVE,0.8940169811248779
15820,POSITIVE,0.9540141224861145
15821,NEUTRAL,0.6172605752944946
15822,POSITIVE,0.8930707573890686
15823,POSITIVE,0.8926330804824829
15825,NEUTRAL,0.7803702354431152
15826,POSITIVE,0.8678634166717529
15827,POSITIVE,0.6769968271255493
15828,NEUTRAL,0.8026526570320129
15829,POSITIVE,0.6973681449890137
15830,POSITIVE,0.9342697262763977
15831,NEUTRAL,0.8597502112388611
15842,NEUTRAL,0.6912455558776855
15891,NEUTRAL,0.8031456470489502
15892,NEUTRAL,0.5395585894584656
15893,NEUTRAL,0.8585831522941589
15894,NEUTRAL,0.5949850678443909
15895,NEUTRAL,0.8420400619506836
15896,NEUTRAL,0.6280695199966431
15897,POSITIVE,0.7819041609764099
15898,NEUTRAL,0.5887222290039062
15899,NEUTRAL,0.4782593548297882
15900,NEUTRAL,0.7372804880142212
15901,POSITIVE,0.8571600317955017
15902,NEUTRAL,0.6354423761367798
15903,NEGATIVE,0.6510851383209229
15904,NEGATIVE,0.5708056092262268
15905,POSITIVE,0.842481791973114
15906,POSITIVE,0.7508592009544373
15907,POSITIVE,0.8184802532196045
15908,POSITIVE,0.689433753490448
15909,POSITIVE,0.7359322905540466
15910,POSITIVE,0.6609455347061157
15911,NEGATIVE,0.5311756730079651
15912,POSITIVE,0.5816436409950256
15913,NEUTRAL,0.8895775079727173
15914,NEUTRAL,0.8045463562011719
15915,POSITIVE,0.6984677910804749
15916,NEGATIVE,0.676027774810791
15917,POSITIVE,0.7981023788452148
15918,POSITIVE,0.634266197681427
15919,NEUTRAL,0.729469358921051
15920,POSITIVE,0.9549424648284912
15921,NEUTRAL,0.700975239276886
15922,POSITIVE,0.7479496002197266
15923,POSITIVE,0.9511820673942566
15924,POSITIVE,0.954419732093811
15925,POSITIVE,0.6016520857810974
15926,NEUTRAL,0.5292795896530151
15927,POSITIVE,0.7395845055580139
15928,POSITIVE,0.8741698265075684
15929,POSITIVE,0.7204387187957764
15930,POSITIVE,0.634376585483551
15931,NEGATIVE,0.5737268924713135
15932,POSITIVE,0.7760589122772217
15933,POSITIVE,0.5184788703918457
15934,POSITIVE,0.6537714600563049
15935,POSITIVE,0.6620232462882996
15936,POSITIVE,0.5974552631378174
15937,NEGATIVE,0.7696271538734436
15938,POSITIVE,0.7755658626556396
15939,NEUTRAL,0.5341708660125732
15940,POSITIVE,0.7530309557914734
15941,NEUTRAL,0.5060263276100159
15942,NEUTRAL,0.7292673587799072
15943,NEUTRAL,0.6943202018737793
15944,NEUTRAL,0.6774976849555969
15945,POSITIVE,0.7543994188308716
15946,NEGATIVE,0.6054024696350098
15947,POSITIVE,0.803286075592041
15948,POSITIVE,0.6690714955329895
15949,POSITIVE,0.627221405506134
15950,POSITIVE,0.9441042542457581
15951,POSITIVE,0.8039665818214417
15952,NEUTRAL,0.8790009021759033
15953,POSITIVE,0.7659907937049866
15954,POSITIVE,0.6405655145645142
15955,POSITIVE,0.6748185753822327
15956,POSITIVE,0.8094096779823303
15957,POSITIVE,0.8983291983604431
15958,POSITIVE,0.7649976015090942
15959,POSITIVE,0.7546959519386292
15960,POSITIVE,0.6280702352523804
15961,NEUTRAL,0.6271412372589111
15962,POSITIVE,0.6910923719406128
15963,POSITIVE,0.6998438835144043
15964,POSITIVE,0.5988307595252991
15965,POSITIVE,0.6556090116500854
15966,POSITIVE,0.864273190498352
15967,NEUTRAL,0.5593297481536865
15968,NEUTRAL,0.8802137970924377
15969,NEUTRAL,0.5548592209815979
15970,NEUTRAL,0.6578236222267151
15971,NEUTRAL,0.604350745677948
15972,NEGATIVE,0.5322451591491699
15973,POSITIVE,0.9610558748245239
15974,NEUTRAL,0.4905097782611847
15975,NEGATIVE,0.6350935101509094
15976,POSITIVE,0.5962648987770081
15977,POSITIVE,0.7629631757736206
15978,NEUTRAL,0.5815832614898682
15979,POSITIVE,0.6662360429763794
15980,NEUTRAL,0.6692162752151489
15981,POSITIVE,0.8789864182472229
15982,NEGATIVE,0.7413313984870911
15983,NEGATIVE,0.5195686221122742
15984,POSITIVE,0.6659768223762512
15985,NEUTRAL,0.5788860321044922
15986,NEUTRAL,0.5889407992362976
15987,NEGATIVE,0.6241428852081299
15988,POSITIVE,0.8428748846054077
15989,NEUTRAL,0.6714071035385132
15990,POSITIVE,0.5345283150672913
15991,POSITIVE,0.8805094361305237
15992,NEGATIVE,0.613366425037384
15993,NEUTRAL,0.7775342464447021
15994,NEUTRAL,0.8045587539672852
15995,NEUTRAL,0.5402252674102783
15996,NEUTRAL,0.5134547352790833
15997,NEGATIVE,0.5962663292884827
15998,NEUTRAL,0.5225582718849182
15999,NEGATIVE,0.7035145163536072
16000,NEUTRAL,0.574451208114624
16001,NEUTRAL,0.5238348841667175
16002,NEUTRAL,0.8831363320350647
16003,POSITIVE,0.8713903427124023
16004,NEUTRAL,0.7263253927230835
16005,POSITIVE,0.7300829887390137
16006,NEUTRAL,0.6615215539932251
16007,NEUTRAL,0.698642373085022
16008,POSITIVE,0.9207702279090881
16009,NEGATIVE,0.523312509059906
16010,NEUTRAL,0.669791042804718
16011,POSITIVE,0.9298504590988159
16012,POSITIVE,0.8886256217956543
16013,POSITIVE,0.7666895389556885
16014,POSITIVE,0.8398115634918213
16015,POSITIVE,0.727476179599762
16016,NEUTRAL,0.5651753544807434
16017,POSITIVE,0.7471442222595215
16018,POSITIVE,0.8443933725357056
16019,NEGATIVE,0.6202976107597351
16020,NEUTRAL,0.886503279209137
16021,NEUTRAL,0.5295795798301697
16022,NEUTRAL,0.5122328400611877
16023,POSITIVE,0.8688241243362427
16024,NEGATIVE,0.5247425436973572
16025,NEUTRAL,0.590064287185669
16026,NEGATIVE,0.7741054892539978
16027,NEUTRAL,0.6504857540130615
16028,POSITIVE,0.8405858278274536
16029,NEGATIVE,0.8371869325637817
16030,POSITIVE,0.8255923986434937
16031,NEGATIVE,0.5180289149284363
16032,NEGATIVE,0.6456968188285828
16033,NEUTRAL,0.5354543328285217
16034,NEGATIVE,0.5682413578033447
16035,NEGATIVE,0.5317535400390625
16036,POSITIVE,0.49407249689102173
16037,NEUTRAL,0.6048272252082825
16038,NEGATIVE,0.5423014760017395
16039,POSITIVE,0.5153610706329346
16040,POSITIVE,0.542738676071167
16041,NEUTRAL,0.5605041980743408
16042,POSITIVE,0.9318623542785645
16043,POSITIVE,0.9648576974868774
16045,POSITIVE,0.7479798793792725
16046,POSITIVE,0.5547170639038086
16047,POSITIVE,0.7085847854614258
16048,POSITIVE,0.5144389271736145
16049,POSITIVE,0.9506798386573792
16050,NEUTRAL,0.5461217761039734
16051,NEGATIVE,0.583114504814148
16052,POSITIVE,0.9726735353469849
16053,POSITIVE,0.8474529385566711
16054,POSITIVE,0.8377484083175659
16055,POSITIVE,0.549101710319519
16056,NEUTRAL,0.8766707181930542
16057,NEUTRAL,0.49955645203590393
16058,POSITIVE,0.735327959060669
16059,NEUTRAL,0.5483863353729248
16060,POSITIVE,0.784749448299408
16061,POSITIVE,0.587409496307373
16062,POSITIVE,0.5288405418395996
16063,POSITIVE,0.6603437662124634
16064,POSITIVE,0.9644763469696045
16065,NEUTRAL,0.8549837470054626
16066,POSITIVE,0.9413542151451111
16067,NEGATIVE,0.8708397150039673
16068,POSITIVE,0.5127561688423157
16069,NEUTRAL,0.6185204386711121
16070,NEUTRAL,0.6942795515060425
16071,POSITIVE,0.5106115937232971
16072,NEUTRAL,0.7885304689407349
16073,POSITIVE,0.7742305994033813
16074,POSITIVE,0.8742389678955078
16075,NEUTRAL,0.5243421196937561
16076,POSITIVE,0.7124873995780945
16077,NEUTRAL,0.7250068783760071
16078,NEUTRAL,0.6787090301513672
16079,NEGATIVE,0.6866950392723083
16080,POSITIVE,0.8362993597984314
16081,NEUTRAL,0.8376764059066772
16082,POSITIVE,0.8971622586250305
16084,POSITIVE,0.9094865918159485
16085,NEGATIVE,0.7484498620033264
16086,NEUTRAL,0.5609637498855591
16091,POSITIVE,0.7008541822433472
16094,POSITIVE,0.9157373309135437
16095,NEUTRAL,0.6100016832351685
16109,NEGATIVE,0.5014280080795288
16112,NEGATIVE,0.7718805074691772
16113,NEUTRAL,0.8168399333953857
16114,NEGATIVE,0.5697737336158752
16115,POSITIVE,0.9351887106895447
16116,NEUTRAL,0.5607466697692871
16117,POSITIVE,0.7659763693809509
16118,POSITIVE,0.6139343976974487
16119,NEGATIVE,0.6537832617759705
16120,NEUTRAL,0.5003012418746948
16121,POSITIVE,0.5996667742729187
16122,POSITIVE,0.8680959939956665
16123,NEUTRAL,0.6125741600990295
16124,NEGATIVE,0.5267242193222046
16125,NEUTRAL,0.8707593083381653
16126,NEUTRAL,0.7938536405563354
16127,POSITIVE,0.828779935836792
16128,NEUTRAL,0.8651266694068909
16129,NEGATIVE,0.7001407742500305
16130,POSITIVE,0.5290728807449341
16131,NEGATIVE,0.5293744206428528
16132,NEGATIVE,0.7072784900665283
16133,NEUTRAL,0.6812379956245422
16134,POSITIVE,0.7310201525688171
16135,NEGATIVE,0.5537466406822205
16136,NEGATIVE,0.5993117094039917
16137,POSITIVE,0.5770057439804077
16138,NEUTRAL,0.5823673009872437
16139,NEUTRAL,0.7674819827079773
16140,NEUTRAL,0.5074430108070374
16141,POSITIVE,0.7327183485031128
16142,POSITIVE,0.7500830888748169
16143,POSITIVE,0.7239438891410828
16144,NEUTRAL,0.6453112959861755
16145,NEGATIVE,0.740501880645752
16146,POSITIVE,0.7375227808952332
16147,NEUTRAL,0.6014949679374695
16148,NEUTRAL,0.734995424747467
16149,POSITIVE,0.8083773851394653
16150,NEGATIVE,0.49216967821121216
16151,NEUTRAL,0.6290299296379089
16152,NEGATIVE,0.5141886472702026
16153,NEUTRAL,0.5850898623466492
16154,NEUTRAL,0.7174075245857239
16155,POSITIVE,0.6329142451286316
16156,POSITIVE,0.684146523475647
16157,NEGATIVE,0.7615963220596313
16158,POSITIVE,0.8523169159889221
16159,POSITIVE,0.6665832996368408
16160,POSITIVE,0.7950745820999146
16161,POSITIVE,0.7991949319839478
16162,POSITIVE,0.7501533627510071
16163,POSITIVE,0.7296065092086792
16164,NEGATIVE,0.6899212002754211
16165,POSITIVE,0.6291730403900146
16166,NEUTRAL,0.7107933163642883
16167,NEUTRAL,0.6162576079368591
16168,POSITIVE,0.599384605884552
16169,POSITIVE,0.6560207605361938
16170,NEUTRAL,0.8107991814613342
16171,NEUTRAL,0.5305604934692383
16172,POSITIVE,0.6980916261672974
16173,NEUTRAL,0.5024503469467163
16174,NEGATIVE,0.5500050187110901
16175,POSITIVE,0.7797083258628845
16176,POSITIVE,0.8592025637626648
16177,NEUTRAL,0.6713666319847107
16178,POSITIVE,0.694704532623291
16179,NEUTRAL,0.5488480925559998
16180,POSITIVE,0.7602795362472534
16181,NEUTRAL,0.6886548399925232
16182,NEGATIVE,0.6351138353347778
16183,POSITIVE,0.8015301823616028
16184,POSITIVE,0.6663768887519836
16185,POSITIVE,0.5725390315055847
16186,NEUTRAL,0.7624821066856384
16187,NEGATIVE,0.665300726890564
16188,POSITIVE,0.65212482213974
16189,NEUTRAL,0.7657278180122375
16190,NEUTRAL,0.6474131941795349
16191,NEUTRAL,0.6810897588729858
16192,POSITIVE,0.5953854918479919
16193,POSITIVE,0.7389625906944275
16194,NEUTRAL,0.516707181930542
16195,POSITIVE,0.5754995346069336
16196,NEUTRAL,0.8930531144142151
16197,POSITIVE,0.9420092105865479
16198,NEUTRAL,0.746494472026825
16199,NEUTRAL,0.5481846928596497
16200,NEGATIVE,0.6097859144210815
16201,NEUTRAL,0.6670918464660645
16202,NEGATIVE,0.5999902486801147
16203,NEUTRAL,0.8010545372962952
16204,NEUTRAL,0.7500689625740051
16205,NEUTRAL,0.6667819619178772
16206,NEGATIVE,0.5476145148277283
16207,NEUTRAL,0.8987669348716736
16208,NEGATIVE,0.6302188038825989
16209,POSITIVE,0.8174159526824951
16210,POSITIVE,0.63189297914505
16211,POSITIVE,0.8697882890701294
16212,POSITIVE,0.5822650790214539
16213,NEUTRAL,0.6453037261962891
16214,POSITIVE,0.8789172768592834
16215,POSITIVE,0.5455747246742249
16216,POSITIVE,0.6594250202178955
16217,POSITIVE,0.6592177748680115
16218,POSITIVE,0.8804765939712524
16219,NEUTRAL,0.8003509044647217
16220,NEUTRAL,0.6225285530090332
16221,POSITIVE,0.928180456161499
16222,NEUTRAL,0.5818952918052673
16223,POSITIVE,0.8222643136978149
16224,POSITIVE,0.9383038282394409
16225,POSITIVE,0.9342399835586548
16226,POSITIVE,0.7274904251098633
16227,NEUTRAL,0.7378928661346436
16228,POSITIVE,0.9102054238319397
16229,NEGATIVE,0.7227572202682495
16230,NEUTRAL,0.5423685312271118
16231,NEGATIVE,0.5484798550605774
16232,NEUTRAL,0.7780292630195618
16233,NEUTRAL,0.783427357673645
16234,NEGATIVE,0.7082914710044861
16235,NEUTRAL,0.6338393688201904
16236,NEGATIVE,0.5384426116943359
16237,POSITIVE,0.8742972016334534
16238,NEUTRAL,0.8914664387702942
16239,POSITIVE,0.7234976887702942
16240,NEUTRAL,0.9166914820671082
16241,POSITIVE,0.6553449630737305
16242,NEGATIVE,0.5833003520965576
16243,POSITIVE,0.755232036113739
16244,NEUTRAL,0.6073954701423645
16245,NEGATIVE,0.6540907025337219
16246,NEGATIVE,0.506832480430603
16247,NEUTRAL,0.5189269781112671
16248,NEGATIVE,0.5826804637908936
16249,POSITIVE,0.5064263939857483
16250,POSITIVE,0.8568328619003296
16251,NEGATIVE,0.5762490034103394
16252,NEGATIVE,0.7398045659065247
16253,NEUTRAL,0.5428510904312134
16254,NEUTRAL,0.7319973111152649
16255,POSITIVE,0.7722592949867249
16256,POSITIVE,0.6618229150772095
16257,NEGATIVE,0.5526348948478699
16258,NEUTRAL,0.6027494668960571
16259,POSITIVE,0.8812282085418701
16260,NEUTRAL,0.6776682138442993
16261,NEGATIVE,0.8443686962127686
16262,POSITIVE,0.5379884243011475
16263,NEGATIVE,0.5473827719688416
16264,NEUTRAL,0.8822985887527466
16265,NEUTRAL,0.6897079944610596
16266,NEGATIVE,0.5557782649993896
16267,NEGATIVE,0.5652176141738892
16268,NEGATIVE,0.5205255150794983
16269,NEUTRAL,0.5004238486289978
16270,NEGATIVE,0.6934515833854675
16271,NEUTRAL,0.6994074583053589
16272,POSITIVE,0.6798688173294067
16273,NEUTRAL,0.7051704525947571
16274,NEGATIVE,0.5764691233634949
16275,NEGATIVE,0.6669210195541382
16276,NEGATIVE,0.6205674409866333
16277,NEGATIVE,0.5303105711936951
16278,POSITIVE,0.8510283827781677
16279,NEUTRAL,0.6134361624717712
16280,POSITIVE,0.7193291783332825
16281,POSITIVE,0.8100355863571167
16282,NEUTRAL,0.5838896036148071
16283,POSITIVE,0.6873127222061157
16284,NEUTRAL,0.618815004825592
16285,NEUTRAL,0.8455116748809814
16286,POSITIVE,0.8499955534934998
16287,NEUTRAL,0.5030949711799622
16288,NEGATIVE,0.4998463988304138
16289,POSITIVE,0.5154168009757996
16290,NEGATIVE,0.7532199621200562
16291,NEGATIVE,0.49445509910583496
16292,POSITIVE,0.7924642562866211
16293,NEUTRAL,0.5406866073608398
16294,NEUTRAL,0.7920272946357727
16295,NEUTRAL,0.4939318299293518
16296,POSITIVE,0.6781603693962097
16297,NEGATIVE,0.565721869468689
16298,NEUTRAL,0.752393901348114
16299,NEUTRAL,0.5214506983757019
16300,POSITIVE,0.6805480122566223
16301,NEUTRAL,0.6405088901519775
16302,POSITIVE,0.5216640830039978
16303,NEGATIVE,0.6473751068115234
16304,NEUTRAL,0.8089694380760193
16305,POSITIVE,0.7595685124397278
16306,NEUTRAL,0.5131211876869202
16307,POSITIVE,0.6405249238014221
16308,NEUTRAL,0.7060855031013489
16309,POSITIVE,0.7301993370056152
16310,NEUTRAL,0.6798182725906372
16311,POSITIVE,0.8275925517082214
16312,POSITIVE,0.8472567796707153
16313,POSITIVE,0.7465892434120178
16314,NEGATIVE,0.6852169632911682
16315,NEUTRAL,0.9157897233963013
16316,NEGATIVE,0.6269251108169556
16317,NEGATIVE,0.615567684173584
16318,NEGATIVE,0.7143762707710266
16319,NEUTRAL,0.706185519695282
16320,NEUTRAL,0.6737166047096252
16321,NEGATIVE,0.6402125954627991
16322,NEUTRAL,0.4993135929107666
16323,NEGATIVE,0.5964348316192627
16324,NEUTRAL,0.5973101854324341
16325,NEGATIVE,0.7496487498283386
16326,NEUTRAL,0.5675244927406311
16327,NEUTRAL,0.7618426084518433
16328,NEUTRAL,0.7094347476959229
16329,NEGATIVE,0.7177814841270447
16330,NEUTRAL,0.8808415532112122
16331,NEUTRAL,0.6967807412147522
16332,POSITIVE,0.7972652316093445
16333,POSITIVE,0.872824490070343
16334,POSITIVE,0.6081000566482544
16335,NEGATIVE,0.6117112636566162
16336,NEGATIVE,0.6200324296951294
16352,NEUTRAL,0.6807771325111389
16353,POSITIVE,0.7885679602622986
16355,NEGATIVE,0.7871004939079285
16356,NEGATIVE,0.5287583470344543
16357,NEUTRAL,0.5274637341499329
16358,POSITIVE,0.8062103390693665
16359,NEGATIVE,0.638942301273346
16360,POSITIVE,0.8369150757789612
16361,POSITIVE,0.8367559313774109
16363,POSITIVE,0.8645906448364258
16364,NEGATIVE,0.6174668669700623
16365,NEGATIVE,0.545839786529541
16366,NEUTRAL,0.5065882802009583
16370,NEUTRAL,0.8847169280052185
16371,NEUTRAL,0.569126307964325
16372,NEUTRAL,0.5676872134208679
16373,NEUTRAL,0.7871791124343872
16374,NEUTRAL,0.856545627117157
16375,NEUTRAL,0.6121867895126343
16376,NEGATIVE,0.6567020416259766
16377,POSITIVE,0.7017351388931274
16378,NEUTRAL,0.7897322177886963
16379,NEUTRAL,0.8548911809921265
16380,NEUTRAL,0.7832387089729309
16381,NEGATIVE,0.6922335624694824
16382,NEGATIVE,0.6373088955879211
16383,NEUTRAL,0.792702853679657
16384,NEUTRAL,0.7854115962982178
16385,NEUTRAL,0.8264214396476746
16386,NEUTRAL,0.845017671585083
16387,NEGATIVE,0.6590901613235474
16388,NEGATIVE,0.6676251888275146
16389,NEUTRAL,0.7275222539901733
16390,NEUTRAL,0.8173635601997375
16391,NEUTRAL,0.6200456023216248
16392,NEUTRAL,0.6804777979850769
16393,NEUTRAL,0.659076988697052
16394,NEUTRAL,0.9025321006774902
16395,POSITIVE,0.6740879416465759
16396,POSITIVE,0.8272406458854675
16397,NEUTRAL,0.7627531290054321
16398,NEUTRAL,0.5438480377197266
16399,POSITIVE,0.8438354730606079
16400,POSITIVE,0.8409460783004761
16401,POSITIVE,0.5156751275062561
16402,NEUTRAL,0.799523115158081
16403,NEUTRAL,0.7746766805648804
16404,NEUTRAL,0.7837241888046265
16405,POSITIVE,0.6133600473403931
16406,POSITIVE,0.5954495668411255
16407,NEUTRAL,0.6687468886375427
16408,NEUTRAL,0.8217689394950867
16409,NEUTRAL,0.6401293277740479
16410,POSITIVE,0.5549131035804749
16411,NEUTRAL,0.5995619297027588
16412,POSITIVE,0.504330039024353
16413,NEUTRAL,0.8420405387878418
16414,NEUTRAL,0.5774721503257751
16415,NEUTRAL,0.8550304770469666
16416,NEUTRAL,0.8735150694847107
16417,NEGATIVE,0.7003999352455139
16418,NEUTRAL,0.8488104939460754
16419,NEUTRAL,0.6507382988929749
16420,NEGATIVE,0.5042727589607239
16421,NEUTRAL,0.8220041990280151
16422,NEUTRAL,0.843113362789154
16423,POSITIVE,0.7532380223274231
16424,POSITIVE,0.600138247013092
16425,NEUTRAL,0.5090344548225403
16426,NEUTRAL,0.8641818761825562
16427,NEGATIVE,0.7953057289123535
16428,NEUTRAL,0.8795972466468811
16429,NEUTRAL,0.7382973432540894
16430,NEGATIVE,0.7674199938774109
16431,NEUTRAL,0.8248190879821777
16432,NEUTRAL,0.8382578492164612
16433,NEGATIVE,0.7600062489509583
16434,NEUTRAL,0.8734734058380127
16435,POSITIVE,0.5473595261573792
16436,NEUTRAL,0.4884607493877411
16437,NEUTRAL,0.827220618724823
16439,NEUTRAL,0.5387393236160278
16440,NEUTRAL,0.5213947892189026
16441,NEUTRAL,0.5150874853134155
16442,POSITIVE,0.5276320576667786
16443,POSITIVE,0.6403207778930664
16444,NEUTRAL,0.7646788358688354
16445,NEUTRAL,0.631362795829773
16446,NEUTRAL,0.857476532459259
16447,NEUTRAL,0.8632668256759644
16448,NEUTRAL,0.8764563202857971
16449,NEGATIVE,0.6115647554397583
16450,NEGATIVE,0.6858181357383728
16451,POSITIVE,0.5164868831634521
16452,NEUTRAL,0.5376652479171753
16453,POSITIVE,0.660979151725769
16454,NEUTRAL,0.8712069988250732
16455,NEUTRAL,0.8563216328620911
16456,NEUTRAL,0.8112722039222717
16457,NEUTRAL,0.6791175603866577
16458,POSITIVE,0.5226885080337524
16459,POSITIVE,0.6669055819511414
16460,NEUTRAL,0.8811789751052856
16461,NEUTRAL,0.7614462375640869
16462,NEUTRAL,0.8951901793479919
16463,NEUTRAL,0.6014086604118347
16464,NEUTRAL,0.5238972902297974
16465,NEUTRAL,0.845729410648346
16466,NEUTRAL,0.8809217214584351
16467,NEUTRAL,0.7270660996437073
16468,NEUTRAL,0.8642112016677856
16469,NEUTRAL,0.6498724818229675
16470,NEUTRAL,0.7798669934272766
16471,NEUTRAL,0.827029824256897
16472,NEUTRAL,0.8818221092224121
16473,NEUTRAL,0.8575682044029236
16474,NEUTRAL,0.7879862189292908
16475,NEUTRAL,0.8823949098587036
16476,NEGATIVE,0.5431724786758423
16477,NEUTRAL,0.7848306894302368
16478,NEUTRAL,0.9037753939628601
16479,NEUTRAL,0.9223415851593018
16480,POSITIVE,0.6400660276412964
16481,NEUTRAL,0.6892884373664856
16482,POSITIVE,0.5941726565361023
16483,NEGATIVE,0.5776877403259277
16484,NEUTRAL,0.8783571720123291
16485,NEUTRAL,0.8900915384292603
16486,NEUTRAL,0.7543960809707642
16487,NEUTRAL,0.7674658298492432
16488,NEUTRAL,0.519283652305603
16489,NEUTRAL,0.7708070874214172
16490,NEUTRAL,0.7893286347389221
16491,NEUTRAL,0.8149374723434448
16492,NEUTRAL,0.6340043544769287
16493,NEUTRAL,0.718422532081604
16494,POSITIVE,0.6839670538902283
16495,NEUTRAL,0.8201830983161926
16496,POSITIVE,0.5495781898498535
16497,POSITIVE,0.6081827878952026
16498,NEUTRAL,0.8279902935028076
16499,NEUTRAL,0.8312788009643555
16500,NEUTRAL,0.6590627431869507
16501,NEUTRAL,0.9126664996147156
16502,NEUTRAL,0.5822908282279968
16503,NEUTRAL,0.7817895412445068
16504,POSITIVE,0.5547268986701965
16505,NEGATIVE,0.6393499374389648
16506,NEUTRAL,0.6706345677375793
16507,NEUTRAL,0.7339569330215454
16508,NEGATIVE,0.5209783315658569
16509,NEUTRAL,0.8419960737228394
16510,NEUTRAL,0.8508687615394592
16511,NEGATIVE,0.4912611246109009
16512,NEUTRAL,0.8535078763961792
16513,POSITIVE,0.5297725796699524
16514,POSITIVE,0.775699257850647
16515,NEUTRAL,0.7558634281158447
16516,NEGATIVE,0.7390788197517395
16517,POSITIVE,0.5796065926551819
16518,NEUTRAL,0.7765306830406189
16519,POSITIVE,0.90827476978302
16520,NEUTRAL,0.6838071346282959
16521,NEUTRAL,0.6844279170036316
16522,NEUTRAL,0.7270431518554688
16523,NEUTRAL,0.53216952085495
16524,NEUTRAL,0.7122470736503601
16525,POSITIVE,0.6634941101074219
16526,NEUTRAL,0.8190252184867859
16527,NEUTRAL,0.6119182705879211
16528,NEUTRAL,0.8780239224433899
16529,POSITIVE,0.5334525108337402
16530,NEUTRAL,0.5113678574562073
16531,NEUTRAL,0.6092445850372314
16532,NEUTRAL,0.905426025390625
16533,NEUTRAL,0.8040255904197693
16534,POSITIVE,0.6165892481803894
16535,NEUTRAL,0.7653717994689941
16536,NEUTRAL,0.5216782689094543
16537,NEUTRAL,0.8651289939880371
16538,NEUTRAL,0.6679726839065552
16539,NEUTRAL,0.7780635952949524
16540,NEUTRAL,0.622666597366333
16541,NEGATIVE,0.6317927241325378
16542,NEUTRAL,0.889312744140625
16543,NEUTRAL,0.8961994647979736
16544,NEGATIVE,0.7211244702339172
16545,POSITIVE,0.6058528423309326
16546,NEGATIVE,0.6302884221076965
16547,NEGATIVE,0.6646476984024048
16548,NEUTRAL,0.8446918725967407
16549,NEUTRAL,0.8805271983146667
16550,NEUTRAL,0.686470627784729
16551,POSITIVE,0.7352453470230103
16552,NEUTRAL,0.6407539248466492
16553,NEUTRAL,0.5261405110359192
16554,NEUTRAL,0.8505029678344727
16555,NEUTRAL,0.9322838187217712
16556,NEUTRAL,0.5755126476287842
16557,POSITIVE,0.664610743522644
16558,NEUTRAL,0.8681401014328003
16559,POSITIVE,0.660023033618927
16560,NEUTRAL,0.9154635667800903
16561,NEUTRAL,0.8233665227890015
16562,POSITIVE,0.6279324293136597
16563,NEUTRAL,0.8175618648529053
16564,POSITIVE,0.5618451833724976
16565,NEUTRAL,0.8145021200180054
16566,NEUTRAL,0.6399896740913391
16567,NEGATIVE,0.6331754922866821
16568,NEUTRAL,0.8718469738960266
16569,NEUTRAL,0.8690280914306641
16570,NEGATIVE,0.6146847009658813
16571,NEUTRAL,0.8392508625984192
16572,NEUTRAL,0.8656818866729736
16573,NEUTRAL,0.7748525738716125
16575,NEUTRAL,0.861609697341919
16576,NEUTRAL,0.7559626698493958
16577,NEGATIVE,0.6026735901832581
16578,NEUTRAL,0.6468178033828735
16579,NEGATIVE,0.5244482755661011
16580,NEGATIVE,0.5125407576560974
16581,NEUTRAL,0.8153643012046814
16582,NEGATIVE,0.5633290410041809
16583,NEUTRAL,0.8721671104431152
16584,NEUTRAL,0.8502076864242554
16585,NEUTRAL,0.8831833600997925
16586,NEUTRAL,0.7026463150978088
16587,NEUTRAL,0.8203489184379578
16588,NEUTRAL,0.7319100499153137
16589,NEUTRAL,0.6821442246437073
16590,NEUTRAL,0.9017761945724487
16591,POSITIVE,0.6268792152404785
16592,NEUTRAL,0.807173490524292
16593,NEUTRAL,0.6123031973838806
16594,POSITIVE,0.6891630291938782
16595,NEUTRAL,0.7446861267089844
16596,NEUTRAL,0.5579217672348022
16597,NEUTRAL,0.7858524322509766
16598,NEGATIVE,0.4795837104320526
16599,NEUTRAL,0.7929620742797852
16600,NEUTRAL,0.5728655457496643
16601,NEUTRAL,0.8143638968467712
16602,NEUTRAL,0.5048066973686218
16603,NEUTRAL,0.5155701041221619
16605,NEUTRAL,0.5590072870254517
16606,NEGATIVE,0.6923606395721436
16607,NEUTRAL,0.7098566889762878
16646,POSITIVE,0.9710251688957214
16647,POSITIVE,0.7594833970069885
16685,NEUTRAL,0.7937836050987244
16686,NEUTRAL,0.8111595511436462
16687,NEUTRAL,0.5272045135498047
16688,NEUTRAL,0.920695424079895
16689,NEUTRAL,0.9057354927062988
16690,NEUTRAL,0.7066327929496765
16691,NEUTRAL,0.9089726805686951
16692,NEUTRAL,0.8372244238853455
16693,NEUTRAL,0.9072231650352478
16694,NEUTRAL,0.7243208885192871
16695,NEUTRAL,0.9195273518562317
16696,NEUTRAL,0.8333088755607605
16697,NEUTRAL,0.8575564026832581
16698,NEUTRAL,0.9103679060935974
16699,NEUTRAL,0.9106888175010681
16700,NEUTRAL,0.9065220952033997
16701,NEUTRAL,0.9076738357543945
16702,NEUTRAL,0.9064984321594238
16703,NEUTRAL,0.8899247646331787
16704,NEUTRAL,0.7420232892036438
16705,NEUTRAL,0.9165289998054504
16706,NEUTRAL,0.9094919562339783
16707,NEUTRAL,0.8883975148200989
16708,NEUTRAL,0.7112470269203186
16709,NEUTRAL,0.9209116101264954
16710,NEUTRAL,0.8877595067024231
16711,NEUTRAL,0.7277482151985168
16713,POSITIVE,0.9605122804641724
16714,POSITIVE,0.9569613337516785
16791,NEUTRAL,0.7708783745765686
16792,NEUTRAL,0.7732102274894714
16793,POSITIVE,0.7134486436843872
16794,POSITIVE,0.6109315752983093
16795,NEUTRAL,0.6736874580383301
16796,NEUTRAL,0.9230586886405945
16797,NEUTRAL,0.9038980603218079
16798,NEUTRAL,0.8683671355247498
16799,NEUTRAL,0.8412780165672302
16800,NEUTRAL,0.6565748453140259
16801,NEUTRAL,0.9035723209381104
16802,NEUTRAL,0.7513709664344788
16803,NEUTRAL,0.8870315551757812
16804,NEUTRAL,0.6272693872451782
16805,NEUTRAL,0.6224853992462158
16806,NEUTRAL,0.9292765259742737
16807,NEUTRAL,0.7291920781135559
16808,NEUTRAL,0.8747468590736389
16809,NEUTRAL,0.8635194897651672
16810,NEUTRAL,0.8152264356613159
16811,NEUTRAL,0.8569388389587402
16871,NEUTRAL,0.8966934084892273
16874,NEUTRAL,0.8827441334724426
16875,NEUTRAL,0.6308425664901733
16876,NEUTRAL,0.9084184765815735
16879,NEUTRAL,0.9201496839523315
16880,NEUTRAL,0.6169443130493164
16881,NEUTRAL,0.8967286944389343
17009,NEUTRAL,0.625718355178833
17013,POSITIVE,0.8635416030883789
17014,NEGATIVE,0.6841275095939636
17015,NEGATIVE,0.7600318193435669
17016,NEUTRAL,0.5303417444229126
17017,NEUTRAL,0.5161325335502625
17018,NEUTRAL,0.8645882606506348
17019,POSITIVE,0.60671466588974
17020,NEUTRAL,0.6119788289070129
17021,POSITIVE,0.8088594079017639
17022,NEUTRAL,0.7707880139350891
17023,POSITIVE,0.9045184254646301
17024,NEGATIVE,0.6912270784378052
17025,POSITIVE,0.7834896445274353
17026,NEUTRAL,0.690243661403656
17027,NEUTRAL,0.9084624648094177
17028,NEGATIVE,0.5178510546684265
17029,POSITIVE,0.7815955877304077
17030,POSITIVE,0.7672594785690308
17031,NEGATIVE,0.5459287166595459
17032,POSITIVE,0.7644475102424622
17033,NEUTRAL,0.7007932066917419
17034,NEUTRAL,0.7227662205696106
17035,NEUTRAL,0.8691315054893494
17036,NEUTRAL,0.786974310874939
17037,NEUTRAL,0.6236612796783447
17038,NEUTRAL,0.5292456150054932
17039,POSITIVE,0.6973645687103271
17040,NEUTRAL,0.8801642656326294
17041,NEUTRAL,0.6966773271560669
17042,NEUTRAL,0.5118209719657898
17043,NEGATIVE,0.6532310843467712
17044,NEGATIVE,0.628833532333374
17045,NEUTRAL,0.5864107608795166
17046,NEUTRAL,0.5427930355072021
17047,POSITIVE,0.6239220499992371
17048,POSITIVE,0.8690255284309387
17049,POSITIVE,0.7448080778121948
17050,NEUTRAL,0.589159369468689
17051,NEGATIVE,0.5613812208175659
17052,NEGATIVE,0.5129590630531311
17054,POSITIVE,0.8552864789962769
17055,POSITIVE,0.9500613212585449
17058,NEGATIVE,0.7265908122062683
17059,NEUTRAL,0.8385310769081116
17060,NEUTRAL,0.7637293934822083
17061,NEUTRAL,0.8878564238548279
17111,NEUTRAL,0.7274652123451233
17112,NEUTRAL,0.6663937568664551
17113,NEUTRAL,0.8770678043365479
17114,NEUTRAL,0.6350601315498352
17115,NEUTRAL,0.7533217072486877
17116,NEUTRAL,0.5965358018875122
17117,NEUTRAL,0.603501558303833
17118,NEUTRAL,0.8296437859535217
17119,NEUTRAL,0.709394097328186
17120,NEUTRAL,0.7598413825035095
17121,NEUTRAL,0.895932674407959
17122,NEUTRAL,0.7390471696853638
17123,NEUTRAL,0.8688848614692688
17124,NEUTRAL,0.7860634922981262
17125,NEUTRAL,0.8119171857833862
17126,NEUTRAL,0.6915591955184937
17127,NEUTRAL,0.5943167805671692
17128,NEUTRAL,0.6819819211959839
17129,NEUTRAL,0.9046687483787537
17130,NEUTRAL,0.536831796169281
17131,NEUTRAL,0.8561820387840271
17132,NEUTRAL,0.8730049729347229
17133,NEUTRAL,0.8051280975341797
17134,NEUTRAL,0.7224494814872742
17135,NEUTRAL,0.9233209490776062
17136,NEUTRAL,0.6456701159477234
17137,NEUTRAL,0.9181757569313049
17138,NEUTRAL,0.5334087014198303
17139,NEUTRAL,0.8589849472045898
17140,NEUTRAL,0.873602569103241
17141,NEUTRAL,0.8357073664665222
17142,NEUTRAL,0.5128049254417419
17143,POSITIVE,0.5112980604171753
17144,NEUTRAL,0.7803282141685486
17145,NEUTRAL,0.8194882869720459
17146,NEUTRAL,0.849014401435852
17147,NEUTRAL,0.49947187304496765
17148,NEUTRAL,0.7848989367485046
17149,NEUTRAL,0.8617928624153137
17150,NEUTRAL,0.8933972716331482
17151,POSITIVE,0.5388041138648987
17152,NEUTRAL,0.907158613204956
17153,NEGATIVE,0.584030270576477
17154,NEUTRAL,0.8047513961791992
17155,NEUTRAL,0.7142162919044495
17156,NEUTRAL,0.8092499375343323
17157,POSITIVE,0.6994070410728455
17158,NEUTRAL,0.5796260833740234
17159,NEUTRAL,0.7560907602310181
17160,NEGATIVE,0.5211936235427856
17161,NEUTRAL,0.9300808906555176
17162,NEUTRAL,0.7953739166259766
17163,NEUTRAL,0.580122172832489
17164,NEUTRAL,0.7031803131103516
17165,POSITIVE,0.9087411761283875
17166,NEUTRAL,0.8066451549530029
17167,NEUTRAL,0.8520898222923279
17168,NEUTRAL,0.8734145760536194
17169,NEUTRAL,0.5285727381706238
17170,POSITIVE,0.8014979958534241
17171,NEUTRAL,0.8979149460792542
17172,POSITIVE,0.569085955619812
17173,POSITIVE,0.9022620320320129
17174,NEUTRAL,0.7399874925613403
17175,NEUTRAL,0.7610120177268982
17176,NEUTRAL,0.7676664590835571
17177,NEUTRAL,0.5137962102890015
17178,POSITIVE,0.5240741968154907
17179,NEUTRAL,0.7123493552207947
17180,NEUTRAL,0.5827629566192627
17181,NEUTRAL,0.8084504008293152
17182,NEUTRAL,0.7725688219070435
17183,NEUTRAL,0.7613505721092224
17184,NEUTRAL,0.7444075345993042
17185,NEUTRAL,0.8964390158653259
17186,NEUTRAL,0.6152108311653137
17187,NEUTRAL,0.8073974847793579
17188,NEUTRAL,0.7439903020858765
17189,NEUTRAL,0.8036231398582458
17190,NEUTRAL,0.8792555332183838
17191,NEUTRAL,0.8643523454666138
17192,NEUTRAL,0.7811692357063293
17193,NEUTRAL,0.8877747058868408
17194,POSITIVE,0.513717770576477
17195,NEUTRAL,0.5660185813903809
17196,NEUTRAL,0.7740245461463928
17197,POSITIVE,0.586877703666687
17199,POSITIVE,0.9646141529083252
17200,POSITIVE,0.9890400171279907
17205,POSITIVE,0.9837180972099304
17609,NEUTRAL,0.8072065711021423
17610,NEUTRAL,0.84673011302948
17611,NEUTRAL,0.7529764771461487
17612,NEUTRAL,0.8543468713760376
17613,NEUTRAL,0.8604499101638794
17614,NEUTRAL,0.4991399645805359
17615,NEUTRAL,0.809136152267456
17616,NEUTRAL,0.8160588145256042
17617,NEUTRAL,0.7837915420532227
17618,NEUTRAL,0.7579258680343628
17619,NEUTRAL,0.8934116363525391
17620,POSITIVE,0.6405085325241089
17621,NEUTRAL,0.6290180683135986
17622,NEUTRAL,0.7505085468292236
17623,NEUTRAL,0.9223437905311584
17624,NEUTRAL,0.7233395576477051
17625,NEUTRAL,0.888922393321991
17626,POSITIVE,0.6434959173202515
17627,NEUTRAL,0.7981390357017517
17628,NEUTRAL,0.8657535314559937
17629,NEUTRAL,0.8712996244430542
17630,NEUTRAL,0.8863592147827148
17631,NEUTRAL,0.9023237824440002
17632,NEUTRAL,0.9203047156333923
17633,NEUTRAL,0.7447652816772461
17634,POSITIVE,0.6479282379150391
17635,NEUTRAL,0.8849719166755676
17636,NEUTRAL,0.8865927457809448
17637,NEUTRAL,0.9044331312179565
17638,NEUTRAL,0.7575831413269043
17639,NEUTRAL,0.8750951886177063
17640,POSITIVE,0.5642648935317993
17641,NEUTRAL,0.6560880541801453
17642,NEUTRAL,0.8344274759292603
17643,NEUTRAL,0.8713268637657166
17644,NEUTRAL,0.8625906705856323
17645,NEUTRAL,0.9176324605941772
17646,NEUTRAL,0.8839514255523682
17647,NEUTRAL,0.9045339226722717
17648,NEUTRAL,0.8503071069717407
17649,NEGATIVE,0.8507490158081055
17650,NEUTRAL,0.5705153346061707
17651,NEUTRAL,0.7425119280815125
17652,NEUTRAL,0.718368649482727
17653,NEUTRAL,0.5119549632072449
17654,NEUTRAL,0.8890799283981323
17655,NEUTRAL,0.9126326441764832
17656,POSITIVE,0.5511306524276733
17657,NEUTRAL,0.9014406800270081
17658,NEUTRAL,0.8088809251785278
17659,NEUTRAL,0.9241299033164978
17660,NEUTRAL,0.8967120051383972
17661,NEUTRAL,0.8233017325401306
17662,NEUTRAL,0.7036318778991699
17663,NEUTRAL,0.8792514801025391
17664,NEUTRAL,0.8959333896636963
17667,NEUTRAL,0.5141007304191589
17668,NEUTRAL,0.8046814203262329
17669,NEUTRAL,0.9054958820343018
17670,NEUTRAL,0.8518062233924866
17671,NEUTRAL,0.887870728969574
17672,NEUTRAL,0.8316804766654968
17673,NEUTRAL,0.8667292594909668
17674,NEUTRAL,0.8936154842376709
17675,NEUTRAL,0.9054696559906006
17676,NEUTRAL,0.510570764541626
17677,NEGATIVE,0.5592690110206604
17678,NEUTRAL,0.7288498282432556
17679,NEUTRAL,0.908696711063385
17680,POSITIVE,0.7899466753005981
17681,POSITIVE,0.6940610408782959
17682,NEUTRAL,0.6711363196372986
17683,NEUTRAL,0.6901451945304871
17684,NEUTRAL,0.6451992988586426
17685,POSITIVE,0.6452416181564331
17686,POSITIVE,0.6627610921859741
17687,NEUTRAL,0.5157475471496582
17688,NEUTRAL,0.8532301187515259
17689,NEUTRAL,0.8139849901199341
17690,NEUTRAL,0.8319894075393677
17691,NEUTRAL,0.8346744775772095
17692,NEUTRAL,0.8562114238739014
17693,NEUTRAL,0.9225878715515137
17694,NEUTRAL,0.7037484645843506
17695,NEUTRAL,0.5715641975402832
17696,NEGATIVE,0.5512669682502747
17697,NEUTRAL,0.8065000176429749
17698,NEGATIVE,0.6024248600006104
17699,NEUTRAL,0.7468451261520386
17700,NEUTRAL,0.9161665439605713
17701,POSITIVE,0.61427903175354
17702,NEUTRAL,0.598412811756134
17703,NEUTRAL,0.7628229260444641
17704,NEUTRAL,0.9404287934303284
17705,NEUTRAL,0.9110525250434875
17706,POSITIVE,0.7180088758468628
17707,POSITIVE,0.6481809616088867
17708,NEUTRAL,0.7189614772796631
17709,NEUTRAL,0.8158522844314575
17710,POSITIVE,0.5523369312286377
17711,NEUTRAL,0.5778670907020569
17712,POSITIVE,0.5898585319519043
17713,NEGATIVE,0.5446264743804932
17714,NEUTRAL,0.5276842713356018
17715,POSITIVE,0.7769339680671692
17716,NEUTRAL,0.848656952381134
17717,NEUTRAL,0.7993649244308472
17718,NEUTRAL,0.6803604960441589
17719,NEUTRAL,0.5604560971260071
17743,NEUTRAL,0.5082358121871948
17748,POSITIVE,0.8294898867607117
17749,NEGATIVE,0.7375006675720215
17758,NEUTRAL,0.9336611032485962
17759,NEUTRAL,0.7914851903915405
17760,NEUTRAL,0.8399595618247986
17762,NEUTRAL,0.7979301810264587
17763,NEUTRAL,0.8877097964286804
17764,NEUTRAL,0.764260470867157
17767,NEUTRAL,0.8095490336418152
17768,NEUTRAL,0.8483932018280029
17770,NEUTRAL,0.7413684725761414
17772,NEUTRAL,0.5264880061149597
17773,NEUTRAL,0.7565950155258179
17774,NEUTRAL,0.8769848346710205
17781,NEUTRAL,0.7252008318901062
17782,NEUTRAL,0.7860459089279175
17783,NEGATIVE,0.6959438920021057
17784,NEUTRAL,0.8561508655548096
17785,POSITIVE,0.6608359813690186
17786,NEUTRAL,0.6326391696929932
17787,NEUTRAL,0.7153959274291992
17788,POSITIVE,0.6434932947158813
17789,POSITIVE,0.7013702988624573
17790,NEGATIVE,0.5441022515296936
17791,NEUTRAL,0.6474353075027466
17792,POSITIVE,0.8697971105575562
17793,NEUTRAL,0.8904411196708679
17794,NEUTRAL,0.6679960489273071
17795,POSITIVE,0.5240405201911926
17796,NEUTRAL,0.8953649401664734
17797,NEUTRAL,0.751663863658905
17799,NEUTRAL,0.9226992726325989
17800,NEUTRAL,0.830616295337677
17801,NEGATIVE,0.6994938850402832
17805,NEUTRAL,0.9125116467475891
17807,POSITIVE,0.7568641304969788
17808,NEGATIVE,0.7728312611579895
17932,NEUTRAL,0.7309971451759338
17936,NEUTRAL,0.8484119772911072
17949,NEUTRAL,0.8502218723297119
17950,NEUTRAL,0.7468040585517883
17951,POSITIVE,0.5480253100395203
17952,NEUTRAL,0.7560023665428162
17978,NEUTRAL,0.8564645051956177
17979,NEUTRAL,0.8237946629524231
17980,NEUTRAL,0.8982262015342712
17981,NEUTRAL,0.7862076759338379
17982,NEUTRAL,0.5705468654632568
17983,NEUTRAL,0.8248283267021179
17984,NEUTRAL,0.8360818028450012
17985,NEUTRAL,0.7340423464775085
17987,NEUTRAL,0.8487431406974792
17988,NEUTRAL,0.815219521522522
17989,POSITIVE,0.5959204435348511
17990,NEUTRAL,0.8252661824226379
17991,NEUTRAL,0.8504503965377808
17992,NEUTRAL,0.8200372457504272
17993,NEUTRAL,0.754630982875824
17994,NEUTRAL,0.776651918888092
17995,NEUTRAL,0.8297147750854492
17996,NEUTRAL,0.704777181148529
17997,NEUTRAL,0.882390558719635
17998,NEUTRAL,0.8262087106704712
17999,NEUTRAL,0.6678419709205627
18000,NEUTRAL,0.5287589430809021
18001,NEUTRAL,0.8643861413002014
18002,NEUTRAL,0.8546006679534912
18003,NEUTRAL,0.8413419127464294
18004,NEUTRAL,0.6945775747299194
18005,NEUTRAL,0.7044287919998169
18006,NEUTRAL,0.780293881893158
18007,NEUTRAL,0.8884995579719543
18008,NEUTRAL,0.8262033462524414
18009,NEUTRAL,0.8792693018913269
18010,NEUTRAL,0.8382924199104309
18011,NEUTRAL,0.9051485657691956
18012,NEUTRAL,0.9034474492073059
18013,NEUTRAL,0.8243138790130615
18014,NEUTRAL,0.8241448402404785
18015,NEUTRAL,0.8370838165283203
18016,NEUTRAL,0.8919418454170227
18017,NEUTRAL,0.8018231987953186
18018,NEUTRAL,0.8777716159820557
18019,NEUTRAL,0.8524044752120972
18020,NEUTRAL,0.8679904937744141
18021,NEUTRAL,0.77824866771698
18022,NEUTRAL,0.8563361167907715
18023,NEUTRAL,0.8747591376304626
18024,NEUTRAL,0.8693761825561523
18025,NEUTRAL,0.8498836159706116
18026,NEUTRAL,0.8661951422691345
18027,NEUTRAL,0.8752708435058594
18028,NEUTRAL,0.6448460817337036
18029,NEUTRAL,0.8464402556419373
18030,NEUTRAL,0.8806511163711548
18031,NEUTRAL,0.6380850076675415
18032,NEUTRAL,0.8837550282478333
18033,NEUTRAL,0.8301527500152588
18034,NEUTRAL,0.8703798055648804
18035,NEUTRAL,0.8546063899993896
18036,NEUTRAL,0.8394849300384521
18037,NEUTRAL,0.7824138402938843
18038,NEUTRAL,0.8265149593353271
18039,NEUTRAL,0.8174804449081421
18040,NEUTRAL,0.8503940105438232
18041,NEUTRAL,0.8425467014312744
18042,NEUTRAL,0.9112737774848938
18043,NEUTRAL,0.8893749117851257
18044,NEUTRAL,0.8880326747894287
18045,NEUTRAL,0.8524103760719299
18052,NEUTRAL,0.8847165703773499
18183,NEUTRAL,0.7511117458343506
18184,NEUTRAL,0.851451575756073
18185,NEUTRAL,0.8905555009841919
18186,NEUTRAL,0.6224624514579773
18187,NEUTRAL,0.8923239707946777
18188,NEUTRAL,0.8847091794013977
18189,NEUTRAL,0.9047297239303589
18190,NEUTRAL,0.8881949782371521
18192,NEUTRAL,0.8812143206596375
18193,NEUTRAL,0.9154958724975586
18194,NEUTRAL,0.7663324475288391
18195,NEUTRAL,0.9040781259536743
18196,NEGATIVE,0.5209247469902039
18197,NEUTRAL,0.8929295539855957
18198,POSITIVE,0.6677312254905701
18199,NEUTRAL,0.8964655995368958
18200,NEUTRAL,0.8391218781471252
18201,POSITIVE,0.9435517191886902
18202,NEUTRAL,0.9064135551452637
18203,NEUTRAL,0.9110918641090393
18208,NEUTRAL,0.6238119006156921
18209,NEUTRAL,0.6366457939147949
18210,NEUTRAL,0.6623753905296326
18211,NEUTRAL,0.8483094573020935
18212,NEUTRAL,0.8880993127822876
18213,NEUTRAL,0.9092166423797607
18214,NEUTRAL,0.8956881165504456
18215,NEUTRAL,0.8772954940795898
18216,NEUTRAL,0.879983127117157
18217,NEUTRAL,0.8615950345993042
18218,NEUTRAL,0.8337048292160034
18219,NEUTRAL,0.8272613286972046
18220,NEUTRAL,0.8473508954048157
18221,NEUTRAL,0.8858988285064697
18222,NEUTRAL,0.8556428551673889
18223,NEUTRAL,0.8548865914344788
18224,NEUTRAL,0.879960298538208
18225,NEUTRAL,0.8583753705024719
18226,NEUTRAL,0.8967830538749695
18227,NEUTRAL,0.8661580085754395
18228,NEUTRAL,0.8340133428573608
18229,NEUTRAL,0.8030663728713989
18230,NEUTRAL,0.8576859831809998
18231,NEGATIVE,0.6622053980827332
18232,NEUTRAL,0.8258680105209351
18233,NEUTRAL,0.8864302039146423
18234,NEUTRAL,0.845698356628418
18235,NEUTRAL,0.8336005210876465
18236,NEUTRAL,0.5134169459342957
18237,NEUTRAL,0.866118848323822
18238,NEUTRAL,0.7907454967498779
18239,POSITIVE,0.7567782402038574
18240,NEUTRAL,0.9254698753356934
18241,NEUTRAL,0.8778447508811951
18242,NEUTRAL,0.7964861989021301
18243,NEUTRAL,0.889738142490387
18244,NEUTRAL,0.8347335457801819
18245,NEUTRAL,0.6715251207351685
18246,NEUTRAL,0.8480016589164734
18247,NEUTRAL,0.8444232940673828
18248,NEUTRAL,0.8555698394775391
18249,NEUTRAL,0.6690018177032471
18251,POSITIVE,0.6484598517417908
18252,POSITIVE,0.7720462083816528
18253,NEUTRAL,0.5962051749229431
18254,NEUTRAL,0.9065273404121399
18255,NEUTRAL,0.8248629570007324
18256,NEUTRAL,0.8801595568656921
18257,NEUTRAL,0.7826197147369385
18258,NEUTRAL,0.8723647594451904
18259,NEUTRAL,0.887822687625885
18260,NEUTRAL,0.9165307283401489
18261,POSITIVE,0.7338916659355164
18262,NEUTRAL,0.8438677787780762
18263,NEUTRAL,0.8663255572319031
18264,NEUTRAL,0.8736129403114319
18265,NEUTRAL,0.8658944368362427
18266,NEUTRAL,0.8475500345230103
18267,NEUTRAL,0.8822039365768433
18268,NEUTRAL,0.8724810481071472
18269,POSITIVE,0.8118283748626709
18270,NEUTRAL,0.853959321975708
18273,NEUTRAL,0.8285531997680664
18274,NEUTRAL,0.9250341057777405
18277,NEUTRAL,0.6169473528862
18278,NEUTRAL,0.7562767267227173
18279,NEUTRAL,0.5359270572662354
18280,NEUTRAL,0.583969235420227
18281,NEUTRAL,0.7727671265602112
18282,POSITIVE,0.4995378851890564
18283,NEUTRAL,0.708135187625885
18284,NEUTRAL,0.8029795289039612
18285,POSITIVE,0.6417666673660278
18286,NEUTRAL,0.7224641442298889
18287,NEUTRAL,0.860571026802063
18291,NEUTRAL,0.9137382507324219
18292,NEUTRAL,0.756740927696228
18293,NEUTRAL,0.9116698503494263
18294,NEUTRAL,0.9121111631393433
18295,NEUTRAL,0.6687038540840149
18299,NEUTRAL,0.7216428518295288
18322,NEUTRAL,0.7821250557899475
18323,NEGATIVE,0.6304367184638977
18324,NEUTRAL,0.6858274340629578
18325,NEUTRAL,0.904310941696167
18326,NEUTRAL,0.8444859385490417
18327,NEUTRAL,0.8897272348403931
18328,NEUTRAL,0.9375753998756409
18445,NEUTRAL,0.8628543615341187
18446,NEUTRAL,0.8033768534660339
18447,NEUTRAL,0.9057167172431946
18506,NEUTRAL,0.8638619780540466
18509,NEUTRAL,0.8867319822311401
18550,NEUTRAL,0.9279597997665405
18556,NEUTRAL,0.9162521362304688
18561,NEUTRAL,0.8574527502059937
18654,POSITIVE,0.8938156366348267
18655,POSITIVE,0.8467941880226135
18656,POSITIVE,0.8891763687133789
18657,POSITIVE,0.934710681438446
18658,POSITIVE,0.6443794965744019
18659,NEUTRAL,0.5160318613052368
18660,POSITIVE,0.6955447196960449
18661,NEUTRAL,0.7959096431732178
18662,NEUTRAL,0.6736988425254822
18663,NEUTRAL,0.6932222843170166
18664,POSITIVE,0.7390928864479065
18665,NEGATIVE,0.6455108523368835
18666,NEUTRAL,0.5557563304901123
18667,POSITIVE,0.854637861251831
18668,POSITIVE,0.7384079098701477
18669,POSITIVE,0.8162176012992859
18670,POSITIVE,0.510223925113678
18671,NEGATIVE,0.5827665328979492
18672,POSITIVE,0.7982853651046753
18673,POSITIVE,0.7537716627120972
18674,NEUTRAL,0.756510853767395
18675,POSITIVE,0.8055137991905212
18676,POSITIVE,0.6436997652053833
18677,NEUTRAL,0.7898918986320496
18678,NEGATIVE,0.523448646068573
18679,NEUTRAL,0.7324104905128479
18680,POSITIVE,0.6825627088546753
18681,POSITIVE,0.6656745076179504
18682,POSITIVE,0.6099056601524353
18695,NEUTRAL,0.5570813417434692
18699,NEUTRAL,0.866853654384613
18700,POSITIVE,0.6123271584510803
18701,POSITIVE,0.513704240322113
18702,POSITIVE,0.508175253868103
18703,NEGATIVE,0.6998258829116821
18704,NEGATIVE,0.6873494386672974
18705,POSITIVE,0.519568681716919
18706,POSITIVE,0.6001040935516357
18707,NEUTRAL,0.6562654376029968
18708,NEUTRAL,0.8643752336502075
18709,POSITIVE,0.7520389556884766
18710,NEUTRAL,0.8474005460739136
18711,NEUTRAL,0.6260728240013123
18712,POSITIVE,0.5770678520202637
18713,NEUTRAL,0.685135543346405
18714,POSITIVE,0.5913350582122803
18715,NEUTRAL,0.8025002479553223
18716,NEUTRAL,0.7931719422340393
18717,NEUTRAL,0.7969731092453003
18718,NEUTRAL,0.7555264830589294
18719,NEUTRAL,0.5503278970718384
18720,NEGATIVE,0.5949681997299194
18721,NEUTRAL,0.54050213098526
18722,POSITIVE,0.5588903427124023
18723,NEUTRAL,0.8735413551330566
18724,NEUTRAL,0.8011654615402222
18725,NEUTRAL,0.8274975419044495
18726,NEGATIVE,0.5390748381614685
18727,NEGATIVE,0.7414632439613342
18728,NEGATIVE,0.6840776801109314
18729,NEUTRAL,0.8084988594055176
18730,NEUTRAL,0.5058636665344238
18731,NEUTRAL,0.8444285988807678
18732,POSITIVE,0.6563860774040222
18733,NEGATIVE,0.6952516436576843
18734,NEUTRAL,0.6835972666740417
18735,NEUTRAL,0.8455031514167786
18736,NEUTRAL,0.8299359083175659
18737,NEUTRAL,0.8435913324356079
18738,POSITIVE,0.5428684949874878
18739,NEUTRAL,0.853945255279541
18740,NEUTRAL,0.5243377089500427
18741,NEUTRAL,0.6070767045021057
18742,POSITIVE,0.6149395704269409
18743,POSITIVE,0.6160735487937927
18744,NEUTRAL,0.7733380794525146
18745,NEUTRAL,0.8454948663711548
18746,POSITIVE,0.5503528118133545
18747,POSITIVE,0.5530444383621216
18748,NEUTRAL,0.8251508474349976
18749,POSITIVE,0.6999474763870239
18750,NEGATIVE,0.7327758073806763
18751,NEUTRAL,0.8265804648399353
18752,POSITIVE,0.752968430519104
18753,NEGATIVE,0.6267500519752502
18754,NEUTRAL,0.6444236040115356
18755,NEUTRAL,0.541888952255249
18756,POSITIVE,0.6798083782196045
18757,NEUTRAL,0.846746027469635
18758,NEUTRAL,0.8359476327896118
18759,NEUTRAL,0.8860430121421814
18760,NEUTRAL,0.7554603815078735
18761,NEUTRAL,0.8563965559005737
18762,NEUTRAL,0.510530948638916
18763,NEUTRAL,0.784919261932373
18764,NEUTRAL,0.5954903960227966
18765,NEUTRAL,0.8233957886695862
18766,NEUTRAL,0.7043688893318176
18767,NEUTRAL,0.7227388024330139
18768,NEGATIVE,0.5108299255371094
18769,NEUTRAL,0.8458220958709717
18770,NEUTRAL,0.7926554679870605
18771,POSITIVE,0.8981826305389404
18772,NEUTRAL,0.5508409142494202
18773,POSITIVE,0.7907165288925171
18774,NEUTRAL,0.6098847985267639
18775,POSITIVE,0.7625062465667725
18776,NEGATIVE,0.6619330644607544
18782,POSITIVE,0.7120718359947205
18783,POSITIVE,0.9364625811576843
18784,POSITIVE,0.6736881136894226
18785,NEUTRAL,0.5351433157920837
18786,NEUTRAL,0.8099503517150879
18787,POSITIVE,0.8342744708061218
19142,NEUTRAL,0.8481959700584412
19143,NEUTRAL,0.7984907031059265
19144,NEUTRAL,0.9130143523216248
19160,NEUTRAL,0.7819555997848511
19161,NEUTRAL,0.8964382410049438
19168,NEUTRAL,0.8292003870010376
19175,NEUTRAL,0.8047869205474854
19176,NEUTRAL,0.8062808513641357
19213,NEUTRAL,0.811753511428833
19214,NEUTRAL,0.803478479385376
19215,NEUTRAL,0.7832654714584351
19216,NEUTRAL,0.8415500521659851
19217,NEGATIVE,0.49692535400390625
19218,NEUTRAL,0.8996604681015015
19230,NEUTRAL,0.7750850915908813
19232,NEUTRAL,0.8647599220275879
19233,NEUTRAL,0.8908519148826599
19278,NEUTRAL,0.6593431830406189
19290,NEUTRAL,0.7812272310256958
19291,NEUTRAL,0.8609732389450073
19292,NEUTRAL,0.8422608971595764
19293,NEUTRAL,0.8947877883911133
19294,NEUTRAL,0.94808030128479
19295,NEUTRAL,0.9175489544868469
19296,NEUTRAL,0.9144947528839111
19297,NEUTRAL,0.6412696242332458
19298,NEUTRAL,0.904934823513031
19299,NEUTRAL,0.9290398359298706
19300,NEUTRAL,0.9155853986740112
19301,NEUTRAL,0.9423198103904724
19302,NEUTRAL,0.9114609360694885
19303,NEUTRAL,0.7510165572166443
19304,NEUTRAL,0.7633928656578064
19305,POSITIVE,0.94483882188797
19306,NEUTRAL,0.9037439227104187
19307,POSITIVE,0.9847403168678284
19346,POSITIVE,0.5483737587928772
19347,NEUTRAL,0.8999260067939758
19348,NEUTRAL,0.9218738675117493
19349,NEUTRAL,0.8595461249351501
19350,NEUTRAL,0.8438570499420166
19351,NEUTRAL,0.9372127652168274
19352,NEUTRAL,0.7597706317901611
19353,NEUTRAL,0.791467547416687
19354,NEUTRAL,0.792159378528595
19355,NEUTRAL,0.9093783497810364
19356,NEUTRAL,0.9207327961921692
19357,NEUTRAL,0.885491669178009
19358,NEUTRAL,0.929624080657959
19359,NEUTRAL,0.9343631863594055
19360,NEUTRAL,0.7071599364280701
19361,NEUTRAL,0.8495131134986877
19362,NEUTRAL,0.9359405636787415
19363,POSITIVE,0.7505195736885071
19364,NEUTRAL,0.8788574934005737
19365,NEUTRAL,0.9136493802070618
19366,NEUTRAL,0.5509165525436401
19367,NEUTRAL,0.9026952385902405
19368,NEUTRAL,0.9214858412742615
19369,NEUTRAL,0.8576247692108154
19370,NEUTRAL,0.6167519092559814
19371,NEUTRAL,0.8862689137458801
19372,NEUTRAL,0.9135794639587402
19373,NEUTRAL,0.9190079569816589
19374,NEUTRAL,0.7217085361480713
19375,NEUTRAL,0.5106645822525024
19376,NEUTRAL,0.8123868703842163
19378,NEUTRAL,0.858135998249054
19380,NEUTRAL,0.8686266541481018
19381,POSITIVE,0.6063744425773621
19382,NEUTRAL,0.8850762248039246
19383,NEUTRAL,0.8978593349456787
19384,NEUTRAL,0.8659073114395142
19385,NEUTRAL,0.7699130773544312
19386,NEUTRAL,0.920406699180603
19431,NEUTRAL,0.7154282927513123
19432,NEUTRAL,0.873540461063385
19433,NEUTRAL,0.8592572212219238
19434,NEUTRAL,0.8804889917373657
19435,NEUTRAL,0.8851227164268494
19535,NEUTRAL,0.8037031888961792
19536,NEGATIVE,0.6139907240867615
19538,NEUTRAL,0.6003066897392273
19544,NEGATIVE,0.5197205543518066
19545,NEUTRAL,0.6409816741943359
19822,NEUTRAL,0.5529187917709351
19833,NEUTRAL,0.8591939806938171
19834,POSITIVE,0.521881639957428
19835,NEUTRAL,0.872337818145752
19836,NEUTRAL,0.844089925289154
19837,NEUTRAL,0.8940286040306091
19838,NEUTRAL,0.5909696817398071
19839,NEUTRAL,0.5737902522087097
19840,POSITIVE,0.6214596033096313
19841,NEUTRAL,0.764777660369873
19842,POSITIVE,0.649878203868866
19843,POSITIVE,0.8189546465873718
19844,NEUTRAL,0.8502956628799438
19845,NEGATIVE,0.6735911965370178
19846,NEUTRAL,0.5194018483161926
19847,POSITIVE,0.6310617327690125
19848,NEUTRAL,0.8466835021972656
19849,POSITIVE,0.7141875624656677
19850,NEGATIVE,0.5306986570358276
19851,NEUTRAL,0.7159115076065063
19852,NEGATIVE,0.502655029296875
19853,NEUTRAL,0.8811190724372864
19854,POSITIVE,0.8266849517822266
19855,POSITIVE,0.6160486936569214
19856,NEUTRAL,0.8429933190345764
19857,POSITIVE,0.9334297180175781
19862,POSITIVE,0.7022040486335754
19879,NEGATIVE,0.6443470120429993
19882,NEUTRAL,0.7205460667610168
19900,NEUTRAL,0.4961719810962677
19909,NEUTRAL,0.8384596705436707
19914,NEUTRAL,0.6917376518249512
19944,NEUTRAL,0.902303159236908
19945,NEUTRAL,0.6196160316467285
19946,NEUTRAL,0.8355014324188232
19947,NEUTRAL,0.8431637287139893
19948,NEUTRAL,0.8621222376823425
19949,NEUTRAL,0.8068034052848816
19950,NEUTRAL,0.8899155855178833
19951,NEUTRAL,0.8598754405975342
20021,NEUTRAL,0.8990300297737122
20022,NEUTRAL,0.8972934484481812
20023,NEUTRAL,0.8701527714729309
20024,NEUTRAL,0.8357056975364685
20025,NEUTRAL,0.877930760383606
20026,NEUTRAL,0.8910984992980957
20027,NEUTRAL,0.8837916254997253
20028,NEUTRAL,0.8911347389221191
20029,NEUTRAL,0.8618803024291992
20030,NEUTRAL,0.907581627368927
20031,NEUTRAL,0.7824020385742188
20036,NEUTRAL,0.9204433560371399
20122,NEUTRAL,0.7900308966636658
20123,NEUTRAL,0.5880603790283203
20124,NEUTRAL,0.7751641869544983
20161,NEUTRAL,0.9419687986373901
20304,NEUTRAL,0.8675676584243774
20305,NEUTRAL,0.7045676708221436
20306,NEUTRAL,0.8551775217056274
20307,NEUTRAL,0.8804070949554443
20308,POSITIVE,0.8528892993927002
20309,NEUTRAL,0.8495954275131226
20310,POSITIVE,0.5869237780570984
20311,NEUTRAL,0.8892730474472046
20312,NEUTRAL,0.8717684149742126
20313,POSITIVE,0.5438926219940186
20314,NEUTRAL,0.6806017160415649
20315,NEUTRAL,0.8438565731048584
20316,POSITIVE,0.7543466091156006
20317,NEUTRAL,0.8792836666107178
20318,NEUTRAL,0.7125718593597412
20319,POSITIVE,0.8664457201957703
20320,POSITIVE,0.9078642725944519
20321,POSITIVE,0.6474112272262573
20322,POSITIVE,0.7350084185600281
20323,NEUTRAL,0.7300578951835632
20324,NEUTRAL,0.7535163164138794
20325,NEUTRAL,0.851961076259613
20326,POSITIVE,0.6977158784866333
20327,NEUTRAL,0.8724604845046997
20328,NEUTRAL,0.8746904730796814
20329,NEGATIVE,0.6136070489883423
20330,NEUTRAL,0.8295173048973083
20331,NEUTRAL,0.7988821864128113
20332,NEUTRAL,0.8073999881744385
20333,NEUTRAL,0.8620262742042542
20334,NEUTRAL,0.8381120562553406
20335,NEUTRAL,0.8528557419776917
20336,NEUTRAL,0.7476264238357544
20337,NEUTRAL,0.814307689666748
20338,NEUTRAL,0.837780237197876
20339,NEUTRAL,0.8494129776954651
20340,NEUTRAL,0.8535219430923462
20341,NEUTRAL,0.8380078673362732
20342,NEUTRAL,0.7986444234848022
20343,NEUTRAL,0.838257908821106
20344,NEUTRAL,0.8334737420082092
20345,NEUTRAL,0.7765641212463379
20346,NEUTRAL,0.8774071335792542
20347,NEUTRAL,0.7981085181236267
20348,NEUTRAL,0.8523733019828796
20349,NEUTRAL,0.8431994915008545
20350,NEUTRAL,0.8208823204040527
20351,NEUTRAL,0.8548652529716492
20352,NEUTRAL,0.8534918427467346
20353,NEUTRAL,0.9060084223747253
20354,NEUTRAL,0.8829014301300049
20355,NEUTRAL,0.6769732236862183
20356,NEUTRAL,0.80408775806427
20357,NEUTRAL,0.8802738189697266
20358,NEUTRAL,0.9147422313690186
20359,NEUTRAL,0.8175387978553772
20360,NEUTRAL,0.8471772074699402
20361,NEUTRAL,0.5548338890075684
20362,NEUTRAL,0.8441122770309448
20363,POSITIVE,0.8353740572929382
20364,NEUTRAL,0.8452529311180115
20365,NEUTRAL,0.7321608066558838
20366,NEUTRAL,0.8498845100402832
20367,NEUTRAL,0.8477892875671387
20368,NEUTRAL,0.7596977949142456
20369,NEUTRAL,0.824404239654541
20370,NEUTRAL,0.6252400279045105
20371,NEUTRAL,0.8972378969192505
20372,POSITIVE,0.6006543636322021
20373,NEUTRAL,0.8015667200088501
20374,NEUTRAL,0.8540990352630615
20375,NEUTRAL,0.7468658685684204
20376,NEUTRAL,0.8458001017570496
20377,NEUTRAL,0.8434033989906311
20378,NEUTRAL,0.7991151213645935
20379,NEUTRAL,0.8700172305107117
20380,NEUTRAL,0.7756621241569519
20381,NEUTRAL,0.7941734790802002
20382,NEUTRAL,0.8762860894203186
20383,NEUTRAL,0.8390592336654663
20384,NEUTRAL,0.8123973608016968
20385,NEUTRAL,0.8649688363075256
20386,NEUTRAL,0.8355512619018555
20387,NEUTRAL,0.7719088792800903
20388,NEGATIVE,0.55189049243927
20389,NEUTRAL,0.8449082970619202
20390,NEUTRAL,0.8091387152671814
20394,POSITIVE,0.7047581076622009
20395,NEUTRAL,0.5652387738227844
20396,POSITIVE,0.6139611601829529
20397,POSITIVE,0.9180879592895508
20398,NEUTRAL,0.6037601828575134
20399,NEUTRAL,0.718938946723938
20400,NEUTRAL,0.6549291014671326
20401,NEUTRAL,0.8215566277503967
20402,POSITIVE,0.7425443530082703
20403,POSITIVE,0.9685531854629517
20404,NEUTRAL,0.6436973810195923
20405,NEUTRAL,0.6123347878456116
20406,POSITIVE,0.7838363647460938
20407,NEUTRAL,0.7026634216308594
20408,NEUTRAL,0.9112557768821716
20409,POSITIVE,0.8050130009651184
20410,NEUTRAL,0.5769468545913696
20411,NEUTRAL,0.7899919748306274
20413,NEUTRAL,0.8103427290916443
20414,NEUTRAL,0.6232554912567139
20415,NEUTRAL,0.7727345824241638
20416,POSITIVE,0.6592704057693481
20418,POSITIVE,0.9226620197296143
20419,NEUTRAL,0.7031910419464111
20422,NEUTRAL,0.6867259740829468
20423,NEUTRAL,0.7447428107261658
20425,POSITIVE,0.7274617552757263
20426,NEGATIVE,0.9030200242996216
20427,POSITIVE,0.9024755954742432
20428,POSITIVE,0.6273043155670166
20429,NEGATIVE,0.7307179570198059
20431,POSITIVE,0.7499507069587708
20432,POSITIVE,0.9495030641555786
20433,NEUTRAL,0.8444780707359314
20434,POSITIVE,0.9469600915908813
20435,NEUTRAL,0.8360980749130249
20436,POSITIVE,0.7341732978820801
20437,NEUTRAL,0.7122165560722351
20438,POSITIVE,0.9439319372177124
20442,POSITIVE,0.9740038514137268
20443,POSITIVE,0.8093608617782593
20444,NEUTRAL,0.6372753381729126
20445,NEUTRAL,0.7753161191940308
20446,NEUTRAL,0.6964146494865417
20447,NEUTRAL,0.45182448625564575
20448,POSITIVE,0.984398365020752
20449,POSITIVE,0.8120640516281128
20450,POSITIVE,0.8233544230461121
20451,NEUTRAL,0.5811187028884888
20452,POSITIVE,0.8973090052604675
20453,NEUTRAL,0.5163880586624146
20454,NEUTRAL,0.46316421031951904
20455,NEUTRAL,0.5093876123428345
20456,NEUTRAL,0.54183429479599
20457,NEUTRAL,0.6955696940422058
20458,NEUTRAL,0.5523179769515991
20459,NEUTRAL,0.505637526512146
20460,POSITIVE,0.9195935726165771
20462,POSITIVE,0.9094405770301819
20463,POSITIVE,0.5160691738128662
20464,POSITIVE,0.6375628113746643
20465,POSITIVE,0.9766573905944824
20466,NEUTRAL,0.6952059268951416
20467,NEGATIVE,0.5930243730545044
20468,NEUTRAL,0.7570679783821106
20469,NEUTRAL,0.5728134512901306
20470,POSITIVE,0.9767533540725708
20471,NEUTRAL,0.6935707330703735
20472,POSITIVE,0.8794578313827515
20473,POSITIVE,0.9765267372131348
20474,POSITIVE,0.7660567760467529
20475,POSITIVE,0.6531500220298767
20476,POSITIVE,0.9425734877586365
20477,POSITIVE,0.658693790435791
20478,NEUTRAL,0.903419017791748
20479,NEUTRAL,0.7439643144607544
20480,POSITIVE,0.7936115860939026
20481,POSITIVE,0.8792974948883057
20482,POSITIVE,0.9340934753417969
20483,POSITIVE,0.5708250403404236
20486,NEUTRAL,0.49931198358535767
20487,POSITIVE,0.513062059879303
20488,POSITIVE,0.7581446766853333
20489,NEUTRAL,0.7360178828239441
20490,POSITIVE,0.6609695553779602
20491,NEUTRAL,0.8834220170974731
20492,NEUTRAL,0.7979971766471863
20493,NEUTRAL,0.5640667080879211
20494,POSITIVE,0.9320146441459656
20495,NEUTRAL,0.7358100414276123
20497,NEUTRAL,0.783018946647644
20498,POSITIVE,0.8485285043716431
20499,POSITIVE,0.9332010746002197
20500,POSITIVE,0.8224297761917114
20501,POSITIVE,0.9857014417648315
20502,NEUTRAL,0.5111562609672546
20503,NEUTRAL,0.786983847618103
20504,NEUTRAL,0.8447968363761902
20505,POSITIVE,0.49258777499198914
20506,NEGATIVE,0.695174515247345
20507,NEUTRAL,0.5916640162467957
20508,NEUTRAL,0.5646058320999146
20509,POSITIVE,0.9270514845848083
20510,NEGATIVE,0.6845752596855164
20511,NEGATIVE,0.7115329504013062
20512,NEUTRAL,0.7347461581230164
20515,NEUTRAL,0.834951639175415
20516,NEUTRAL,0.6177629828453064
20517,NEUTRAL,0.6388723254203796
20518,NEUTRAL,0.7023522853851318
20520,NEUTRAL,0.8816753029823303
20521,NEGATIVE,0.7710046768188477
20522,NEUTRAL,0.575110673904419
20523,NEUTRAL,0.5940062403678894
20524,NEGATIVE,0.6948246359825134
20525,NEUTRAL,0.8444176316261292
20527,POSITIVE,0.8090724349021912
20528,NEUTRAL,0.7031198740005493
20529,NEUTRAL,0.7758577466011047
20530,POSITIVE,0.8632588386535645
20531,POSITIVE,0.7092386484146118
20532,NEUTRAL,0.7284905910491943
20533,NEUTRAL,0.8198684453964233
20534,NEGATIVE,0.926117479801178
20535,POSITIVE,0.5996136665344238
20536,POSITIVE,0.6430840492248535
20537,POSITIVE,0.8848356008529663
20538,NEUTRAL,0.7288697957992554
20539,NEUTRAL,0.7631314396858215
20540,NEUTRAL,0.7677652835845947
20541,NEUTRAL,0.8159387707710266
20542,POSITIVE,0.7560684084892273
20543,POSITIVE,0.9454867243766785
20544,NEUTRAL,0.847892701625824
20545,POSITIVE,0.9379661083221436
20546,NEUTRAL,0.7278419137001038
20547,NEUTRAL,0.5437065958976746
20548,POSITIVE,0.9650871753692627
20549,NEUTRAL,0.930083155632019
20550,NEUTRAL,0.7516942024230957
20551,POSITIVE,0.7002279162406921
20552,NEUTRAL,0.4959748387336731
20553,POSITIVE,0.926769495010376
20554,NEUTRAL,0.8838561773300171
20555,POSITIVE,0.9845132231712341
20556,NEGATIVE,0.8460221886634827
20557,NEUTRAL,0.9017660021781921
20558,NEUTRAL,0.8321177363395691
20560,NEGATIVE,0.7781825065612793
20561,NEUTRAL,0.5987135171890259
20562,POSITIVE,0.9178140163421631
20563,POSITIVE,0.9556270837783813
20564,POSITIVE,0.468384325504303
20566,POSITIVE,0.9757482409477234
20567,POSITIVE,0.985094428062439
20568,POSITIVE,0.9665584564208984
20569,POSITIVE,0.8652388453483582
20570,NEGATIVE,0.5998589396476746
20571,NEUTRAL,0.7050967216491699
20572,POSITIVE,0.9604889750480652
20573,NEUTRAL,0.9033784866333008
20574,NEUTRAL,0.5449459552764893
20575,NEUTRAL,0.7974675297737122
20576,NEUTRAL,0.9083143472671509
20577,NEGATIVE,0.6586616635322571
20578,POSITIVE,0.5717801451683044
20579,NEUTRAL,0.681190013885498
20580,POSITIVE,0.8868966102600098
20581,NEUTRAL,0.797798752784729
20582,NEUTRAL,0.9122233390808105
20583,NEUTRAL,0.5546084642410278
20584,NEUTRAL,0.7388836741447449
20585,NEUTRAL,0.6034685969352722
20586,NEUTRAL,0.7583401203155518
20587,POSITIVE,0.7288147211074829
20589,NEUTRAL,0.6309319734573364
20591,NEUTRAL,0.8494777679443359
20593,NEUTRAL,0.6808050274848938
20595,NEUTRAL,0.6024931073188782
20596,NEUTRAL,0.6335703134536743
20598,POSITIVE,0.8454839587211609
20600,NEUTRAL,0.8896625638008118
20601,NEUTRAL,0.8259162902832031
20602,NEUTRAL,0.895392119884491
20603,NEGATIVE,0.8174320459365845
20604,NEUTRAL,0.8406071662902832
20605,NEUTRAL,0.9098122119903564
20606,NEUTRAL,0.9345077872276306
20607,NEUTRAL,0.811684250831604
20608,NEUTRAL,0.716202974319458
20610,POSITIVE,0.939224123954773
20614,NEUTRAL,0.7197698354721069
20616,POSITIVE,0.9040399193763733
20619,NEUTRAL,0.7410607933998108
20620,POSITIVE,0.5987981557846069
20621,POSITIVE,0.7629811763763428
20622,NEUTRAL,0.9264917373657227
20623,NEUTRAL,0.8233528733253479
20624,NEUTRAL,0.8530257344245911
20625,NEUTRAL,0.8227952122688293
20626,POSITIVE,0.901250422000885
20627,NEGATIVE,0.4927694797515869
20628,NEGATIVE,0.6275689601898193
20629,NEUTRAL,0.9070027470588684
20630,POSITIVE,0.9018641114234924
20631,NEUTRAL,0.6212315559387207
20632,NEUTRAL,0.6357895135879517
20633,NEGATIVE,0.6056028604507446
20634,NEUTRAL,0.661878764629364
20636,NEUTRAL,0.5479392409324646
20637,NEUTRAL,0.7177219986915588
20638,POSITIVE,0.9058822989463806
20639,NEUTRAL,0.7536109089851379
20641,NEUTRAL,0.5556572675704956
20643,NEUTRAL,0.7376666069030762
20644,NEUTRAL,0.7520468235015869
20646,NEUTRAL,0.7291792035102844
20647,NEUTRAL,0.6947107911109924
20648,NEUTRAL,0.7860100865364075
20649,POSITIVE,0.7380362153053284
20650,NEUTRAL,0.7307218909263611
20651,POSITIVE,0.8046118021011353
20652,NEUTRAL,0.7961140871047974
20653,POSITIVE,0.8782712817192078
20654,NEGATIVE,0.5378304123878479
20655,NEUTRAL,0.8825495839118958
20656,NEUTRAL,0.8066533207893372
20657,POSITIVE,0.8752945065498352
20658,NEUTRAL,0.757248044013977
20659,NEUTRAL,0.7322864532470703
20660,NEGATIVE,0.7327023148536682
20661,NEGATIVE,0.8835578560829163
20662,NEUTRAL,0.518355667591095
20663,POSITIVE,0.6495345830917358
20664,NEUTRAL,0.5597246289253235
20665,POSITIVE,0.8304619193077087
20666,POSITIVE,0.8014745116233826
20667,NEUTRAL,0.749854564666748
20668,NEUTRAL,0.6624033451080322
20669,POSITIVE,0.6403510570526123
20670,POSITIVE,0.9533872008323669
20671,NEUTRAL,0.637994647026062
20672,POSITIVE,0.7888909578323364
20673,NEUTRAL,0.5133311152458191
20674,NEUTRAL,0.9133038520812988
20675,POSITIVE,0.5469458699226379
20676,NEUTRAL,0.8350469470024109
20677,NEUTRAL,0.9250684976577759
20678,POSITIVE,0.8741772174835205
20679,POSITIVE,0.5260180830955505
20680,POSITIVE,0.9254356622695923
20681,NEUTRAL,0.5212010741233826
20682,NEUTRAL,0.7587681412696838
20683,POSITIVE,0.6237044334411621
20684,NEUTRAL,0.5292624235153198
20685,POSITIVE,0.959680438041687
20686,NEUTRAL,0.5853734612464905
20687,NEUTRAL,0.7315419316291809
20688,NEUTRAL,0.7674505710601807
20689,NEUTRAL,0.6610060930252075
20690,NEGATIVE,0.5224658846855164
20691,NEUTRAL,0.7995191216468811
20692,NEUTRAL,0.8004114627838135
20693,NEUTRAL,0.5909398198127747
20694,NEUTRAL,0.6177701354026794
20695,POSITIVE,0.7117098569869995
20696,POSITIVE,0.9172768592834473
20697,POSITIVE,0.9541266560554504
20698,NEUTRAL,0.7642219662666321
20699,NEUTRAL,0.5187707543373108
20700,POSITIVE,0.6447086930274963
20701,POSITIVE,0.6791313290596008
20702,NEUTRAL,0.6418254971504211
20704,POSITIVE,0.877058744430542
20705,NEUTRAL,0.5369352698326111
20706,POSITIVE,0.6560631394386292
20707,NEUTRAL,0.9076812863349915
20708,POSITIVE,0.9316311478614807
20709,NEUTRAL,0.799263060092926
20710,NEUTRAL,0.7104119658470154
20711,NEUTRAL,0.8567227125167847
20712,POSITIVE,0.8235417008399963
20713,NEUTRAL,0.7910218834877014
20714,NEUTRAL,0.6598684191703796
20715,POSITIVE,0.7016927003860474
20716,NEUTRAL,0.5752541422843933
20717,NEUTRAL,0.8186827301979065
20718,NEUTRAL,0.6474126577377319
20719,NEUTRAL,0.8829569220542908
20720,POSITIVE,0.6958462595939636
20721,POSITIVE,0.6318821907043457
20722,NEUTRAL,0.8789553046226501
20723,POSITIVE,0.6412863731384277
20724,NEUTRAL,0.8627274036407471
20725,NEUTRAL,0.6367409229278564
20726,NEUTRAL,0.8359696865081787
20727,POSITIVE,0.8913286924362183
20728,NEGATIVE,0.5401899218559265
20729,NEUTRAL,0.8752388954162598
20730,NEUTRAL,0.6970142722129822
20731,NEUTRAL,0.6251853704452515
20732,NEUTRAL,0.596859872341156
20733,NEUTRAL,0.5103796124458313
20734,POSITIVE,0.8298434019088745
20735,NEUTRAL,0.8328273892402649
20736,NEUTRAL,0.9335346817970276
20737,NEUTRAL,0.8908072710037231
20738,NEUTRAL,0.7333550453186035
20739,NEUTRAL,0.5986482501029968
20740,POSITIVE,0.6899673342704773
20741,NEUTRAL,0.8537130355834961
20742,NEUTRAL,0.8678014874458313
20743,POSITIVE,0.8836143016815186
20744,POSITIVE,0.8123125433921814
20745,NEUTRAL,0.7986188530921936
20746,POSITIVE,0.9542669057846069
20747,POSITIVE,0.8417814373970032
20748,POSITIVE,0.7606221437454224
20749,NEGATIVE,0.5798124074935913
20750,NEUTRAL,0.8147409558296204
20751,NEUTRAL,0.8041284084320068
20752,NEUTRAL,0.5946125984191895
20754,POSITIVE,0.7845345139503479
20755,NEGATIVE,0.5688278079032898
20756,NEUTRAL,0.7274282574653625
20757,NEUTRAL,0.843593955039978
20758,NEUTRAL,0.5695223212242126
20760,POSITIVE,0.6877032518386841
20761,POSITIVE,0.8880289196968079
20762,POSITIVE,0.7215414643287659
20763,POSITIVE,0.7565470337867737
20764,NEUTRAL,0.7674789428710938
20765,POSITIVE,0.6482858657836914
20766,NEUTRAL,0.5344460010528564
20767,POSITIVE,0.5484874248504639
20768,POSITIVE,0.4939902126789093
20769,NEGATIVE,0.8602269291877747
20770,POSITIVE,0.514064610004425
20771,POSITIVE,0.9234816431999207
20772,POSITIVE,0.8266111016273499
20773,POSITIVE,0.5539625883102417
20774,NEUTRAL,0.8036661148071289
20775,POSITIVE,0.8078342080116272
20776,NEUTRAL,0.5332043170928955
20777,NEUTRAL,0.8909448385238647
20778,POSITIVE,0.7688345909118652
20779,NEUTRAL,0.5228683352470398
20780,NEUTRAL,0.6950778365135193
20781,NEUTRAL,0.8033705353736877
20782,POSITIVE,0.8241960406303406
20783,NEUTRAL,0.8525356650352478
20784,POSITIVE,0.9137612581253052
20785,NEUTRAL,0.6345866322517395
20786,NEUTRAL,0.7044914364814758
20787,NEUTRAL,0.5969055891036987
20788,NEUTRAL,0.8733725547790527
20789,NEUTRAL,0.5631461143493652
20790,POSITIVE,0.6418644189834595
20791,NEUTRAL,0.7501891851425171
20792,POSITIVE,0.6435698866844177
20793,POSITIVE,0.7057875394821167
20794,NEUTRAL,0.6036373972892761
20795,POSITIVE,0.5407657027244568
20796,POSITIVE,0.8234153985977173
20797,NEUTRAL,0.7659714818000793
20798,NEUTRAL,0.7701786756515503
20799,NEUTRAL,0.7048044800758362
20800,NEGATIVE,0.8191794157028198
20801,NEUTRAL,0.6019045114517212
20802,NEUTRAL,0.6387613415718079
20803,NEGATIVE,0.6323752403259277
20804,NEGATIVE,0.7130853533744812
20805,NEUTRAL,0.8237751126289368
20806,NEUTRAL,0.8454926609992981
20807,POSITIVE,0.5444250702857971
20808,NEUTRAL,0.8848622441291809
20809,NEUTRAL,0.9101720452308655
20810,POSITIVE,0.6934833526611328
20811,NEUTRAL,0.7065388560295105
20812,POSITIVE,0.9050347805023193
20813,NEGATIVE,0.7922132015228271
20814,POSITIVE,0.8336332440376282
20815,NEUTRAL,0.704034686088562
20816,NEUTRAL,0.49604088068008423
20817,NEUTRAL,0.904872715473175
20818,NEUTRAL,0.8879021406173706
20819,POSITIVE,0.5801310539245605
20820,NEGATIVE,0.4942742586135864
20821,POSITIVE,0.9096977710723877
20829,NEUTRAL,0.6315861344337463
20831,POSITIVE,0.9428648352622986
20843,POSITIVE,0.563251256942749
20844,NEGATIVE,0.518329381942749
20845,NEUTRAL,0.8691425919532776
20846,POSITIVE,0.5874407887458801
20847,POSITIVE,0.837430477142334
20848,POSITIVE,0.6784080266952515
20849,POSITIVE,0.8183364868164062
20850,POSITIVE,0.8821364045143127
20851,NEGATIVE,0.7973556518554688
20852,NEUTRAL,0.5925677418708801
20853,POSITIVE,0.6124967336654663
20854,NEUTRAL,0.8820515871047974
20855,POSITIVE,0.8771169781684875
20856,POSITIVE,0.7988477349281311
20857,NEUTRAL,0.7342362403869629
20858,NEGATIVE,0.6565406322479248
20859,NEUTRAL,0.7156977653503418
20860,POSITIVE,0.9572201371192932
20861,POSITIVE,0.8056352138519287
20862,NEUTRAL,0.5096383690834045
20863,NEGATIVE,0.49337247014045715
20864,NEUTRAL,0.5813737511634827
20865,POSITIVE,0.7977150082588196
20866,NEGATIVE,0.8088048696517944
20867,NEUTRAL,0.5010847449302673
20868,POSITIVE,0.6823010444641113
20869,NEGATIVE,0.5947263240814209
20870,NEGATIVE,0.7324299216270447
20871,POSITIVE,0.5786908864974976
20872,NEGATIVE,0.8119533061981201
20873,POSITIVE,0.7391694784164429
20874,NEUTRAL,0.616044282913208
20875,POSITIVE,0.7538242340087891
20876,NEUTRAL,0.708745539188385
20877,NEUTRAL,0.715890645980835
20879,POSITIVE,0.8936985731124878
20880,NEUTRAL,0.7085148096084595
20881,POSITIVE,0.5660736560821533
20882,POSITIVE,0.5892791748046875
20883,NEUTRAL,0.6538033485412598
20884,POSITIVE,0.8561473488807678
20886,POSITIVE,0.7612213492393494
20891,NEGATIVE,0.5169286727905273
20892,NEGATIVE,0.4810793697834015
20893,POSITIVE,0.6588837504386902
20894,POSITIVE,0.5589427351951599
20895,NEUTRAL,0.5038701891899109
20896,POSITIVE,0.5004607439041138
20897,NEGATIVE,0.5857591032981873
20898,POSITIVE,0.7213510870933533
20899,POSITIVE,0.6228836178779602
20900,POSITIVE,0.7053271532058716
20901,POSITIVE,0.7531120777130127
20902,POSITIVE,0.8067801594734192
20903,POSITIVE,0.7584511637687683
20904,NEUTRAL,0.7132390141487122
20905,POSITIVE,0.5719974637031555
20906,POSITIVE,0.5601264834403992
20907,NEGATIVE,0.7532821893692017
20909,NEGATIVE,0.5252994298934937
20910,NEGATIVE,0.7027760148048401
20911,NEUTRAL,0.6259173154830933
20912,NEUTRAL,0.5082045197486877
20913,POSITIVE,0.7002986073493958
20914,POSITIVE,0.6622706651687622
20915,POSITIVE,0.792441189289093
20916,POSITIVE,0.6345327496528625
20917,NEUTRAL,0.5120305418968201
20918,POSITIVE,0.6553462743759155
20919,POSITIVE,0.8317111730575562
20920,POSITIVE,0.8048099875450134
20921,POSITIVE,0.6010400056838989
20922,POSITIVE,0.8296422958374023
20923,NEUTRAL,0.5406588912010193
20924,POSITIVE,0.7614271640777588
20925,NEUTRAL,0.7872145175933838
20926,POSITIVE,0.6734710931777954
20927,NEUTRAL,0.8845304250717163
20928,NEUTRAL,0.6884293556213379
20929,POSITIVE,0.887050986289978
20930,NEUTRAL,0.6821591854095459
20931,POSITIVE,0.8107921481132507
20932,NEUTRAL,0.8715132474899292
20933,NEUTRAL,0.78231281042099
20934,NEUTRAL,0.5827093720436096
20935,NEUTRAL,0.6340054869651794
20936,NEUTRAL,0.6314906477928162
20937,NEGATIVE,0.7532430291175842
20938,NEGATIVE,0.7352169156074524
20939,NEGATIVE,0.6704843044281006
20940,NEGATIVE,0.6396510004997253
20941,NEUTRAL,0.7228180766105652
20942,POSITIVE,0.6985539197921753
20943,POSITIVE,0.6829067468643188
20944,NEGATIVE,0.7737666964530945
20945,NEUTRAL,0.6603886485099792
20946,NEGATIVE,0.48321184515953064
20947,NEUTRAL,0.70906001329422
20948,POSITIVE,0.9085846543312073
20949,NEGATIVE,0.6042379140853882
20950,NEGATIVE,0.572490394115448
20951,POSITIVE,0.7900030612945557
20952,NEGATIVE,0.6556262373924255
20953,NEUTRAL,0.6791532039642334
20954,NEUTRAL,0.8207327127456665
20955,NEUTRAL,0.8679813742637634
20956,NEUTRAL,0.6575502157211304
20957,NEUTRAL,0.7692603468894958
20958,NEUTRAL,0.6254187822341919
20959,POSITIVE,0.7846672534942627
20960,POSITIVE,0.5494033098220825
20961,POSITIVE,0.7161026000976562
20962,NEUTRAL,0.6936915516853333
20963,NEGATIVE,0.5246372222900391
20964,NEUTRAL,0.6046721339225769
20965,NEGATIVE,0.5366745591163635
20966,NEGATIVE,0.5969520807266235
20967,NEGATIVE,0.6635744571685791
20972,NEUTRAL,0.6422226428985596
20974,POSITIVE,0.7972029447555542
20976,POSITIVE,0.7421078085899353
20978,NEUTRAL,0.49886661767959595
20979,NEGATIVE,0.5271101593971252
20980,NEUTRAL,0.5377637147903442
20981,NEUTRAL,0.5147776007652283
20982,NEGATIVE,0.5766865611076355
20983,NEUTRAL,0.9023309350013733
20984,POSITIVE,0.5458184480667114
20985,NEUTRAL,0.4910549223423004
20986,NEUTRAL,0.8429434895515442
20987,NEUTRAL,0.6928957104682922
20988,NEUTRAL,0.8291222453117371
20989,NEUTRAL,0.8163701295852661
20990,NEUTRAL,0.8535960912704468
20991,NEUTRAL,0.5922870635986328
20992,NEUTRAL,0.7371311187744141
20993,POSITIVE,0.5430458784103394
20994,NEUTRAL,0.7689007520675659
20995,NEGATIVE,0.6925281882286072
20996,NEUTRAL,0.5934204459190369
20997,NEUTRAL,0.808757483959198
20998,NEUTRAL,0.7493581175804138
20999,NEUTRAL,0.6943624019622803
21000,NEUTRAL,0.5388600826263428
21001,NEUTRAL,0.788423478603363
21002,NEUTRAL,0.5635060667991638
21003,NEUTRAL,0.8819192051887512
21004,NEUTRAL,0.7602735161781311
21005,NEGATIVE,0.5789483189582825
21006,NEUTRAL,0.8137357234954834
21007,POSITIVE,0.6976691484451294
21008,NEGATIVE,0.7001785635948181
21009,NEUTRAL,0.5967675447463989
21010,NEUTRAL,0.9063370227813721
21011,NEUTRAL,0.7741560339927673
21012,NEUTRAL,0.7968701124191284
21013,NEUTRAL,0.5402610898017883
21014,POSITIVE,0.9181287288665771
21015,NEUTRAL,0.5760537385940552
21025,POSITIVE,0.820693850517273
21027,POSITIVE,0.7338044047355652
21037,NEUTRAL,0.8997647166252136
21038,NEUTRAL,0.9230152368545532
21039,NEUTRAL,0.9006960391998291
21040,NEUTRAL,0.7356141209602356
21041,NEUTRAL,0.9050970673561096
21056,NEUTRAL,0.5773555636405945
21057,NEUTRAL,0.8640556335449219
21058,NEUTRAL,0.9090570211410522
21059,NEUTRAL,0.737856924533844
21060,NEUTRAL,0.7187456488609314
21061,NEUTRAL,0.9234544038772583
21062,NEUTRAL,0.8360055685043335
21063,POSITIVE,0.7433440089225769
21078,POSITIVE,0.8470247387886047
21082,NEGATIVE,0.5322484970092773
21083,NEUTRAL,0.8016443252563477
21084,NEUTRAL,0.6037391424179077
