complaint_id,product,issue,state,date_received,narrative
6634167,Mortgage,Trouble during payment process,SC,2023-03-01,I made a {$5000.00} payment to the money source company. Before they transferred the mortgage to Mr Cooper. Now Mr Cooper will not acknowledge the {$5000.00} payment on their side. I have proof of payment from XXXX. Please help.
6701505,Student loan,Dealing with your lender or servicer,TX,2023-03-15,"It is my belief, The Department of Education, MOHELA, XXXX, XXXX and XXXX d/b/a the UNITED STATES XXXX are all voluntarily , knowingly and intentionally, individually, and personally undeniable aware of criminal acts of mis-administration and malfeasance. Approximately on or around XX/XX/2023 and XX/XX/2023. I sent certified receipt letter to the corporation to remedy and recourse regarding this matter and of course no action were taken by the company as of yet."
6648238,Mortgage,Trouble during payment process,CO,2023-03-04,"We lost our home in a wildfire. This was a federally declared disaster. Cardinal Financial holds our Mortgage Loan. All insurance proceeds checks are made out to Cardinal Financial, as well as us. We have endorsed all checks and forwarded them to Cardinal. On XXXX XXXX XXXX we mailed our most recent insurance check to Cardinal. They have not returned our money to us. We understand their need to hold the amount of our loan, but these funds are above and beyond that amount. Cardinal is delaying are ability to move forward on our rebuild. We have written to Cardinal on XX/XX/ asking them to release the funds. We called and asked for the funds on on that date and also on XXXX XXXX XXXX  We spoke to a supervisor named XXXX in the Loss Draft Department. She said to write a letter of request which we did. We still have had no response."
6640042,Credit card or prepaid card,Problem with a purchase shown on your statement,TX,2023-03-02,"as a XXXX XXXX XXXX I had an account with Capital One Spark. I authorized several employees to have a card to purchase materials, fuel, etc ... as to maintaining schedules and avoiding disruption. My book keeper convinced the card company to issue several cards in her name. She used those cards to live an extravagant life style until she bankrupted XXXX XXXX I, being owner of this account, never authorized her to have any credit card. She stole over {$500000.00} for merchandise that was obviously no part of XXXX. She is now serving a 7 year sentence in Texas State Prison. After several attempts notifying in written letter, Capital one says no fraud and they want me to pay {$40000.00} still on my account. I suggested they take the balance away from what was fraud, clear my credit, and send me a check for {$410000.00}."
6627236,"Credit reporting, credit repair services, or other personal consumer reports",Incorrect information on your report,NC,2023-03-01,"I recently reviewed a copy of my credit report and I was shocked. I have been a victim of Identity Theft and I have found numerous accounts on my credit report that were open up by me. This has been hurting me big time as now I am in process of buying a home and this is hurting me where me and my family can't with this fraudulent info sitting on my credit reports. Please remove the fraudulent accounts from my accounts as soon as possible, this is very urgent."
6635287,"Credit reporting, credit repair services, or other personal consumer reports",Incorrect information on your report,TX,2023-03-01,"Navient reported my account as past due 90 days because I did not renew my income-based repayment plan. However, the documents were sent to Navient on two occasions. I verified that the repayment plan was approved but they still reported my account as delinquent."
6661495,Debt collection,Communication tactics,NJ,2023-03-07,"XXXX XXXX, a debt collector keeps calling me multiple times a day every single day, when I block a number they call me from they call me from a different number. This has been going on for YEARS now. The debt started with capitol one, which I DID NOT take those credit cards out, my ex boyfriend did and ran them up {$4000.00} on each card. I contacted capitol one and explained it was fraud and they told me that there is nothing they can do I'm responsible for paying it, long story short they cut the debt in half, I paid around 55 % of the debt and I told them I am NOT paying anymore because I should of had to give them a cent in the first place. Now XXXX XXXX will NOT stop harassing me! Something needs to be done or I will take legal action. Please help me."
6627057,"Credit reporting, credit repair services, or other personal consumer reports",Incorrect information on your report,FL,2023-03-01,I am interested in disputing all incorrect information on my credit report with transunion. all data is not valid. this is causing alot of errors on my credit report. please delete an remove the information listed asap.
6626786,"Credit reporting, credit repair services, or other personal consumer reports",Incorrect information on your report,PA,2023-03-01,"In accordance with the Fair Credit Reporting act XXXX  Account "" XXXX XXXX '', has inaccurately violated my rights. Section 604 - 15 U.S.C. 1681b. States that the consumer may, upon providing proper identification, request a free copy of a report and may dispute with the consumer reporting agency the accuracy or completeness of any information in a report. I applied for this inquiry XX/XX/XXXX, XX/XX/XXXX, XX/XX/XXXX and the removal date for all should have been XX/XX/XXXX and or before XX/XX/XXXX, It still has not been removed"
6632595,"Payday loan, title loan, or personal loan",Incorrect information on your report,FL,2023-03-02,"Every month NETCREDITXXXXXXXX XXXX report to every credit report agency ( XXXX, XXXX and XXXX ) that payment is due, late or delinquent on payment. Company Reporting late payment on credit report are illegal : under 15 U.S. Code 1681a ( 2 ) Exclusion consumer report does not include ( i ) report containing information solely as to transactions or experiences between theconsumerand thepersonmaking the report. Meaning everytime NETCREDIT/XXXX XXXX  report a late payment on consumer report is a violation of {$1000.00} under 15 u.s.c section 1681n"
6639756,Credit card or prepaid card,Problem with a purchase shown on your statement,GA,2023-03-02,"On XX/XX/XXXX I was charged {$99.00} for a membership that was not supposed to be charged to my card until having attended a class at the XXXX XXXX XXXX, however the card was still charged, furthermore upon the company attempting to recharge my card for {$99.00} the merchant had to be blocked and my card removed from a subscription charge that I had not actually initiated, upon blocking the merchant with my bank Chime, and providing emails exchanged with the business, they sided with the merchant whom has impractical policies in place, stating that the XXXX is the only personnel whom had authority to cancel the subscription, however the XXXX did not respond to a phone call or email until XX/XX/XXXX/23 and proceeded to act justified in the stolen funds obtained on XX/XX/XXXXXXXX2023. My bank found no fault in this, when again the business intentionally derailed my request to cancel the fraudualent charges."
6632555,"Credit reporting, credit repair services, or other personal consumer reports",Incorrect information on your report,TX,2023-03-02,"Amsher Collections Services # XXXX is mistakenly reporting to my credit. I have called Amsher Collection Services and XXXX and both have failed to provide me with proof and verbal explanation of the alleged debt owed. In fact, Amsher representative states that they don't even have me in their systems. Futhermore, I have asked for an itemization for the alleged debt owed from Amsher & XXXX and have not received anything. I have been getting the run around for months in trying to get this matter resolved. Please delete this account from my credit ASAP."
6693244,Student loan,Dealing with your lender or servicer,WI,2023-03-14,"I have submitted all of my PSLF paperwork back in XX/XX/22. MOHELA took over XXXX and stated in XX/XX/22 that my information was processed. In XX/XX/XXXX ', I received a letter that I surpassed my 120 payments and I emailed them to see when my balance would be XXXX. I was old up to 90 days. I also asked for a refund of payments I made with covid. Stated Treasurer can take up to 90 days. I get a letter today niw stating I have 119 payments with one to go. This is after I was assured through letter and email portal I made more than 120 payments. I am still working XXXX XXXX full time. I want my loan forgivable as promised."
6675741,Credit card or prepaid card,Problem with a purchase shown on your statement,AP,2023-03-10,"Transaction date : XX/XX/22 Amount : {$250.00} I am an XXXX XXXX stationed in XXXX. While vacationing in XXXX last XXXX ( XXXX ), I purchased a beer at an establishment. They proceeded to charge my credit card for {$250.00}. The correct amount should've been {$240.00} and that is the amount I am disputing. Unfortunately, I did not notice until I had left the country so I could not raise the issue with the merchant. The credit card company XXXX XXXX XXXX, which is serviced by XXXX XXXX ) outright refuses to send me the alleged evidence they collected to arrive at their conclusion. They chose to leave me in the dark and this is unethical."
6639277,Debt collection,Communication tactics,NJ,2023-03-02,XXXX  or XXXX XXXX XXXX has now called me back to back within 2 seconds of each other 2 days in a row. Both times i answered they asked for myself and the call ended. At this point i am feeling harassed and i believe this is a violation considering both times i answered my phone and they asked for myself. This is also not including the other days that they called me this week. I am going through a hardship currently and this is just adding more and more stress with the back to back calls harassing me which is adding more stress. I attached all calls that i have gotten from XXXX XXXXXXXXXXXX XXXXXXXXtoday XX/XX/XXXXXXXX XXXX
6640655,Checking or savings account,Managing an account,NM,2023-03-02,"Deposited a XXXX XXXX XXXX XXXX for Rental Assistance I applied for under the state of New Mexico XXXX and Chase JpMorgan who I bank with collected funds is not wanting to release funds, restricted all my accounts. Provided bank documentation of what the check is for. Denied all my documents they are needing a verified number to be able to get in contact with the department. Provided multiple phone numbers from the department for them to get in contact with there is a long wait and they state they can not reach anyone. Notified me that I will not be able to access funds. I need my rental assistance funds to pay my rent Im about to get evicted. Not far and not understanding why they are holding funds when its not a fraudulent check"
6658601,Mortgage,Trouble during payment process,OH,2023-03-08,"BSI Financial has not applied one payment made my Ohio XXXX HAFS program. XXXXXXXX XXXX funds are misplaced or lost and was not applied. I spoke with XXXX and it was stated the payment was made on XX/XX/XXXX. 
XXXX HAFS program made a total of 7 months worth of payments towards my account but only six have been applied in total. XXXX, XXXX, XXXX, XXXX, XXXX, XXXX Also BSI Financial has over XXXX dollars worth of late fees on the account. They sent a letter telling me these would be removed because a 3rd party payer was making the payments. These are still on the account."
6635623,Checking or savings account,Managing an account,MA,2023-03-01,"I recently received a job offer from "" The XXXX XXXX '' to work as a data analyst on XX/XX/2023. After accepting their offer, I was asked to send over my contact information ( i.e. name, email, and phone number ) by a supervisor by the name of XXXX XXXX so they could send over to their HR department to set me up with orientation. I didn't think too much of it because I thought it was protocol. Little did I know, I started seeing fraudulent XXXX wire transfers from my primary bank account. I don't use that platform at all for money transfers. It got so bad I had to close my account and open a new one on XX/XX/2023 over the phone which took a couple hours. I filed a claim on the same day so I am waiting to see the results which can take 10 business days. I also contacted the HR of the Company by phone on XX/XX/2023 to let them know about the situation. The phone numbers for the Company are XXXX and XXXX. Below are pics I have found so far."
6655337,Mortgage,Trouble during payment process,NJ,2023-03-06,"Shellpoint has claimed to never receiving any loss mitigation documentation from Ditech or being notified of my loan being in review prior to servicing my loan. Yet, included in their last response to my complaint dated XX/XX/XXXX Shellpoint included a letter from Ditech, which stated it had received my application for loss mitigation. Unfortunately, my application was incomplete at the time, but I had until XX/XX/XXXX to submit the missing documents. I have attached the letter for your review. However, XXXX filed for Final Judgement against me on XX/XX/XXXX. How is a loan in foreclosure with a final judgement of XX/XX/XXXX, then reassigned to Shellpoint for servicing on XX/XX/XXXX? Also, if Shellpoint had no knowledge of any loss mitigation documents being received by Ditech, the previous servicer; please explain the letter included in Shellpoint answer to my complaint dated XX/XX/XXXX. The letter attached is from Ditech dated XX/XX/XXXX which clearly states, Ditech received my application for loss mitigation. They have violated the CFBP and RESPA numerous times."
6639360,Checking or savings account,Managing an account,TX,2023-03-02,"Dear honorable respected Management, For my bank of America checking accounts- I am not able to withdraw money and my auto pay stop working and got returns of many payments. 

I talked to hundreds of people on customer service phone number and also visited bank of America branches in person but no one helped me so far. 

Lots of my bill payments are past due and this is damaging my credits. I dont want to reduce my credit scores and dont want any negative records. 

Please contact bank of America urgently today and ask them to remove all restrictions. 

Please call me urgently. 

Thanks a million! 
My name : XXXX XXXX My home address : XXXX XXXX XXXX XXXX XXXX XXXX TX XXXX My Cell Phone no : XXXX"
6634868,Checking or savings account,Managing an account,OH,2023-03-01,"On XX/XX/XXXX I called Chase to report that my accounts were compromised due to a scammer, and that I wanted all withdrawals halted/account frozen. The scammer transferred {$450.00} to himself. Thats all I had in the account. The agent said they could not do that, and that I had to wait until the funds posted to file a fraudulent transaction claim. On XXXX Chase gave me a provisional credit for the funds. On XX/XX/XXXX they withdrew the money and denied my claim saying I didnt call promptly and I could not substantiate my claim. Chase claim to protect its client by providing zero liability in cases of fraud, but does not back up its claims."
6678106,Debt collection,Communication tactics,IL,2023-03-10,The XXXX XXXX  is sending me letters in the mail about a debt I do not have with them. I closed out an account with my original creditor. This XXXX XXXX calls me every day and leaves me voicemails. I do not owe them anything.
6632838,Credit card or prepaid card,Problem with a purchase shown on your statement,CA,2023-03-02,"We had to cancel a trip in XX/XX/2022. We immediately called XXXX and to cancel. They contacted the hotel. My XXXX XXXX XXXX father in law was not well. My wife is an XXXX  and has taken care of him many times. We spoke to XXXX, the resort and eventually to chase. We have all the information including the dates. We were charged in full one week ahead of our trip. Chase stated this was not correct. We have over 48 hours cancellation as that was when we arrived at my in-laws. 
We have sent every document to Chase, cancelled flights, all names, dates, calls, notes on health. Chase has insurance on their travel and since XXXX, they continue to threaten and try to charge us for the hotel. We did not and could not take the trip. They ask for the same documents over and over. They change people with each call and do not follow up. It is now 6 months and they have had no conclusion. We need immediate response from them as they are now threatening collections while they still tell us they need information. Please help! Thank you!"
6678260,Debt collection,Communication tactics,OH,2023-03-10,"this is medical debt that my insurance lapsed on. ive never had a collection company call and leave me voice messages more times than this one, literally upwards of 1,000 voice messages have been left to my phone number though this debt collector. i have contacted them asking them to stop contacting me and the XXXX operator on the end of the line said something am long lines of literally laughing before saying you owe a debt, we wont stop because you owe us, its not harassment were allowed to i have blocked this phone number more than a year ago, and ive received 20+ voicemails from their company since XXXX XXXX ive attached a screenshot of the most recent ones, i have to delete them because they have had my entire message box filled up with these debt collector messages."
6655575,Student loan,Dealing with your lender or servicer,NV,2023-03-06,"The last correspondence with CFPB. Navient stated they had no control over the situation until they got word from FAFSA. 

I was sent a letter from FAFSA on XX/XX/22, stating that the Borrower Defense Loan was discharged. And Navient would notify me of this notification and refund me of any payments made to them. 

Thus far, Navient hasn't reached out to me via email or portal to inform about this letter. But are still aggressively trying to collect payments via marketing options."
6646115,Checking or savings account,Managing an account,CO,2023-03-04,"I opened a ING Direct savings account around XXXX. At the time it maintained one of the highest interest rates available for a savings account. This account was transferred to Capital One around XXXX and became a Capital One 360 Savings account. Capital One has upheld INGs reputation of competitive interest rates since then. I checked its interest rate today and found it is 0.3 %. Capital One has a Performance Savings account which lists a 3.4 % interest rate on its website. This account appears to differ only in name from my savings account. This feels like a bait and switch. Capital One indicates they no longer offer the type of account I hold. At no point has Capital One ever communicating they were changing the status of my account, or that they were changing their account names to offer more interest elsewhere."
6627759,"Credit reporting, credit repair services, or other personal consumer reports",Incorrect information on your report,FL,2023-03-01,"It is credit reporting agencies duty and responsibility to report and furnish accurate information to a consumer file in pursuant 15 usc 1681s-2 ( b ) ( 1 ) ( D ) and make sure all items are reported accurately.. They have failed to comply with the requirements and didn't report fair, equitable and accurate data."
6695391,Student loan,Dealing with your lender or servicer,FL,2023-03-14,"XX/XX/2022 - XXXX advised me that I am eligible for PSLF based on my payment history, and in order to qualify, I would have to consolidate my loans at MOHELA. I completed the application on XX/XX/2022. 

XX/XX/2022 -- MOHELA advised via email and letter that they are my new servicer and show a total dollar amount of my loans, but no loan detail is provided. 

XX/XX/2022 -- MOHELA advises my PSLF is declined because they have not received the loan detail and payment history from the Department of Education. 

XX/XX/2022 -- I contacted MOHELA Customer Service and was advised to wait 30 days and follow up with them. 

Followed up on the following dates and still no resolution : XXXX, XXXX, XXXX, XXXX Almost all of my loans will qualify under PSLF. MOHELA needs to correct my PSLF standing and process the request accurately."
6634222,"Credit reporting, credit repair services, or other personal consumer reports",Incorrect information on your report,GA,2023-03-01,"Hyundai Motor Finance/Hyundai Capital America has falsely reported my account as 30 days late, when I am only 12 days behind. This has brought my credit score down tremendously. Could you please remove the late payment against me on my account, as I am not behind by 30 days or more. I asked for a payment deferment, as I am recovering financially from a medical emergency bill, while simultaneously relocating, and this hit to my credit score will greatly hinder my chances of getting approved for a new lease. Please update my account to reflect my fair and accurate account history to XXXX, XXXX and XXXX."
6656966,Mortgage,Trouble during payment process,IA,2023-03-06,"On XX/XX/XXXX I called for loan level information which included my loan number. US Bank despite asking for my name, address, zip code, telephone number, full social security number, they refused to provide the loan number over the phone. They also refused to send me a statement via email as they required an additional piece of information which was a card number which I did not have. When asked to speak with a manager the team member told me that they wouldn't be able to help me, and I had to advise the team member that refusing to allow me to speak to manager could be illegal. I did speak with a manager who advised me that a new statement would be mailed to me on XX/XX/XXXX but I still could not receive the loan number any other way. 

US Bank continued to encourage me to setup an online account however each time I did that it would error out. They've made it incredibly difficult for me to not only to access my loan but also difficult to pay my loan."
6707148,Student loan,Dealing with your lender or servicer,TX,2023-03-16,I filed bankruptcy years ago and my private student loan was discharged but Navient said no student loan could be discharged ( not even private ) and ignored the discharge continued collections for many years later I was forced to make a lump sum large payment settlement of I believe XXXX dollars after already discharged years before due to ongoing collection activity
6653269,Mortgage,Trouble during payment process,NC,2023-03-07,"I auto pay through my bank. The checks are sent on the XXXX XXXX XXXX of the month. NewRez mortgage doesn't cash my check ontime and I have had several late fees. I now send the check on the XXXX the month prior and the check usually clears by the XXXX. 

I believe this is intentional to charge late fees. 

My 2nd complaint is the escrow dropped my wind and hail. I found out it had lapsed so I added wind and hail insurance through XXXX. Now the mortgage company wants to charge me retro fees for the lapse, going backwards for the entire year."
6632563,Checking or savings account,Managing an account,FL,2023-03-02,"For the Month of XXXX, 2022, I was late making a payment on a new Regions Bank credit card that didn't show on my Region 's account online. The credit card was in my name and ended in "" XXXX ''. After contacting Regions, they stated that even though my name was on the card, because this account was "" Joint '', only my mother could access the account for making payments. They went on to say that there was nothing more they could do regarding the credit mark. The amount owed was around {$1000.00}, and was paid off the following month."
6668175,Debt collection,Communication tactics,FL,2023-03-08,"Sent a response to Transunion regarding my consumer credit file, I noticed there was no prior full investigation, I requested Transunion to update consumer file and remove all delinquencies and update consumer file as I saw on my consumer file. 

Transunion has inserted a derogatory remark which violates 15 U.S. Code 1692e - False or misleading representations ( 8 ) Communicating or threatening to communicate to any person credit information which is known or which should be known to be false, including the failure to communicate that a disputed debt is disputed."
6647705,Mortgage,Trouble during payment process,CA,2023-03-04,"I have a mortgage with Rocket MortgageXXXX XX/XX/XXXX I was mailed an escrow review. I was advised that is I paid XXXX by XX/XX/XXXX my payment would increase to {$1700.00}. I paid the XXXX. When I got the XXXX XXXX it stated the my payment was {$1700.00}, mind you the XXXX I paid did appear on that statement. 

When I asked about this I was told the my payment is actually {$1700.00} and I should always verify my payment on the website. This is odd, why the extra step? Shouldn't my statement be correct, the extra escrow payment I was was on the incorrect statement. 

I spoke with the Rocket Mortgage rep on the chat function and when I mentioned the CFPB is disconnected the chat. 

I believe that XXXX Mortgages practice of account recored is flawed and needs a review. 
I want in writing what my mortgage payment is as next time maybe they will refer me somewhere else and I don't want to short pay again."
6643392,Checking or savings account,Managing an account,AL,2023-03-03,"XX/XX/23 PNC Bank closed my Smart Access checking account. XX/XX/23 US TREASURY attempted to deposit an SSA payment for XXXX into a closed account. PNC bank did not return the payment to the US TREASURY because they stated the Smart Access account was closed onXXXX/23. As of XX/XX/23 neither the US TREASURY or PNC bank has resolved the issue by returning the funds to XXXX XXXX XXXX in which the I am entitled to since the payment is due to myself. I've been going back and forth with both the bank and social security in which I'm still waiting a whole 30 days for this to occur and it has not happened. I really need my monthly payment due to the hardship it has caused me, I'm currently living in a homeless shelter without any recourse since both companies involved have been less than helpful with no resolution. Please help me retrieve the funds that are owed to me as quickly as possible so someone else who needs a place to rest, eat, and sleep can utilize this service."
6627323,"Credit reporting, credit repair services, or other personal consumer reports",Incorrect information on your report,IL,2023-03-01,"I submitted a dispute with XXXX on XX/XX/2023 and the dispute came back verified and accurate with no explanation of method of verification this debt does not belong to me and I am a victim of identity theft I have no knowledge of the account AFNI, INC. that is listed on my credit report."
6627388,"Credit reporting, credit repair services, or other personal consumer reports",Incorrect information on your report,CA,2023-03-01,"TransUnion refuses to abide by the FCRA and remove unverified and unauthorized items from my credit file. This is a Defamation of my character and it is affecting my ability to purchase a home from my family. 

XXXX refuses to abide by the FCRA and remove unverified and unauthorized items from my credit file. This is a Defamation of my character and it is affecting my ability to purchase a home from my family. 

on XX/XX/2022 I sent a letter to both bureaus expressing the fraudulent and unauthorized accounts that are reporting illegally to my credit file, I also asked for them to send me proof of their investigations in which they have failed to do, and I asked for them to send me proof of them validating that the debt that they are claiming I owe, with documents bearing my signature, and they still have not yet done so."
6662293,Debt collection,Communication tactics,DE,2023-03-07,On XXXX comenity Capital Bank  has called three different times from unknown ior unidentified numbers. Spoke with XXXX who would not provide an address was told stop calling and asked to transfer to a manager. XXXX was rude threading and did not transfer the call. Comenity Capital Bank is the owner of the credit card for XXXX who has filed bankruptcy.
6633724,"Credit reporting, credit repair services, or other personal consumer reports",Incorrect information on your report,VA,2023-03-01,Every month this year I have disputed old information name spelled wrong as well as affidavit of truth to go along with fraud Inquiries nothing has been done. And I dont know what else to do! Im so frustrated and Im not sure what needs to be done but I need help immediately.
6648462,Credit card or prepaid card,Problem with a purchase shown on your statement,AL,2023-03-04,"I filed a dispute for a payment I did through PayPal for an item that never showed up in the delivery timeframe it was supposed to be delivered. I contacted the merchant and informed them of the case because they refused to initiate a refund after making it clear I no longer wanted the item and informed them that it would be marked "" returned to sender '' if it was finally delivered after being stuck in limbo for over a month. PayPal gave me a resolution date of XX/XX/XXXX and I provided them with all the information requested about the transaction. Once the resolution date got closer, PayPal extended the date again and moved it to XXXX despite being told that the case was ruled in my favor and received confirmation that the merchant received the item back. Despite that, PayPal continues to give me no answer and keep telling me to check my emails for a follow up even though they have confirmed that the case was in my favor. I've repeatedly expressed that waiting any longer was not acceptable and that I just wanted my money back after confirming the merchant received the item back."
6634831,Mortgage,Trouble during payment process,FL,2023-03-01,"XXXX, 2023... Received a letter stating that we had an escrow balance of {$2500.00} and we needed to "" take action '' "" before any other changes '' Early XXXX I called and found out it was Iconic Mortgage and not XXXX XXXX who I had the mortgage with before they sold it to XXXX XXXX. The person on the phone said they wanted me to refinance and take advantage of my equity, but I refused and request my escrow be returned to me. Went through another round of the advantages of refinancing which I declined and said again just send me my money. The individual agreed. 

It's been almost 2 months with no check so I called again on XX/XX/XXXX and spoke to XXXX at Iconic. Now he said I could only access my escrowed funds if I refinanced my loan with them."
6651204,Student loan,Dealing with your lender or servicer,PA,2023-03-05,"My federal student loans were consolidated into a direct loan in XX/XX/XXXX. They were serviced by the now defunct acs. In XXXX they were then transferred to XXXX. XXXX seems to have lost any and all records of my payment history prior to them taking over servicing of the loan. These missing payments have caused me to lose out on a significant refund on my student loan payments as part of the tepslf program. I've tried numerous times to get this information and they tell me there is nothing more to do. I've reached out to XXXX, my congressman and other servicers and this problem still persists. I've been working on getting answers for nearly a year but no one can answer my question, where is the verification of my payments? Please help or direct me to someone who can! Thank you."
6639752,Credit card or prepaid card,Problem with a purchase shown on your statement,CO,2023-03-02,"On XXXX, an amount of {$72.00} was posted on my credit card from a merchant called "" XXXX XXXX ''. I contacted my bank and explained to them that service has never been provided by the merchant and I disputed the charges. The transaction was made online and the merchant should issue a voucher but no voucher has ever been received from the merchant. I contacted my bank multiple times but they seem not to take appropriate actions regarding this fraudulent charge. 
XXXX is an online marketing website which give discount for some businesses and when you made a business transaction with them, they issue you a voucher that you take to the business to get admitted. For my case, I booked a basketball game event through XXXX but they never issue me a voucher for the event. So I wasn't allow to attend the basketball game event that I paid for through XXXX because they failed to provide me with the service"
6643584,Debt collection,Communication tactics,FL,2023-03-03,ON XXXX I saw a charge off on my credit report from company Caine & Weiner i called spoke with a collector who I explained i never received any notices validation letters anything that was sent out prior to just putting a charge off on my credit she said they emailed me a settlement letter for XXXX something trying to get me to settle told her i never received that and told her I am willing to settle at {$1200.00} she said she cant do it ask for her supervisor which was the worst person I ever spoke with she was rude a bully very defensive she scream yelled at me refuse to let me talk she told me her company does not offer settlements told her that info is false her collector just told me a settlement was offered and emailed to me she became extremely upset scream called me unkindly things and refuse to talk and she hung up on me this is how progressive allow their customers to be treated being abused by a collections agency this is not right and consumers like me we need protection UPDATED NEW NUMBER XXXX XXXX XXXX
6627523,"Credit reporting, credit repair services, or other personal consumer reports",Incorrect information on your report,CA,2023-03-01,"XXXX refuses to abide by the FCRA and remove unverified and unauthorized items from my credit file. This is a Defamation of my character and it is affecting my ability to purchase a home from my family. 

Experian refuses to abide by the FCRA and remove unverified and unauthorized items from my credit file. This is a Defamation of my character and it is affecting my ability to purchase a home from my family. 

on XXXX XXXX XXXX  I sent a letter to both bureaus expressing the fraudulent and unauthorized accounts that are reporting illegally to my credit file, I also asked for them to send me proof of their investigations in which they have failed to do, and I asked for them to send me proof of them validating that the debt that they are claiming I owe, with documents bearing my signature, and they still have not yet done so."
6682820,Student loan,Dealing with your lender or servicer,NC,2023-03-12,"Heartland ESCI a federal loan servicer has allowed their security certificate to lapse exposing us borrowers to data risks. The certificate has been expired since XX/XX/2022 and even when choosing to navigate to the website without this security measure in place ( because I absolutely need to ), I am unable to as the website is down. It's no surprise their payment processing and automatic debits are still working well. I have been making payments through this whole student loan stoppage and now can't access my interest tax forms because of their failures. Can't even log into an account to stop the payments."
6627375,Debt collection,Communication tactics,AZ,2023-03-01,I called the number back because of constant calls and emails and The gentleman explained the nature of the debt which I did not recognize and I tried to say once he explained the date that on my credit file it had a different day and he got nasty and hung up. Very un-professional and need them to stop calling and emailing without my approval and only send me a letter in the mail
6647892,Debt collection,Communication tactics,TX,2023-03-04,"Southwest credit keeps calling my phone. I spoken to 7 different agents over the last year and have asked them to not contact me anymore after one young lady cussed me out and another man told me that I was being sued. Ive blocked their numbers and theyll call from a different one. 2 months ago I was at work and they called my Phone 4 times after I was silencing because I was on the phone. Its a constant constant bother. Theyll call, I answer, theyll just sit on the phone and not say anything. Theyll say a SSN after I refuse. Give addresses that I dont live at. The last number they contacted me on was XXXX"
6665424,Credit card or prepaid card,Problem with a purchase shown on your statement,CA,2023-03-08,"I have been filing four complaints against GOLDMAN SACHS BANK USA associated with four disputes on file, and every time the company provided a response that's NOT associated with the dispute IDs I provided and then they requested the complaints to be closed. Could the company provide responses that are associated with the complaints? 

My iPhone and wallet were stolen last XXXXXXXX, I've been working with the bank for all the disputes, but the bank only removed part of the unauthorized transactions from identity theft, not all of them even if they are from the same merchants and the similar dates with all other unauthorized transactions. These are the disputes that should be included in the identity theft transactions and the bank still asks me to be responsible for the balance even though I provided an identity theft victim report along with a series of police reports ( SR22-7696 ). XXXX, {$1700.00} XXXX, {$1600.00} XXXX, {$860.00} XXXX, {$1300.00} Compliant ID : XXXX XXXX XXXX XXXX"
6627453,Student loan,Dealing with your lender or servicer,CA,2023-03-01,"On XX/XX/2022 I requested a full refund on any applicable student loan payments made during the federal pause ( XXXX ), in accordance with the CARES Act. MOHELA, my student loan service provider has yet to provide any indication of the status of reimbursement and has not provided any response since the initial inquiry."
6627408,"Credit reporting, credit repair services, or other personal consumer reports",Incorrect information on your report,CA,2023-03-01,I got an alert that I was over 30 days late on my car payment which I was not. I made the payment and also have the email and screenshot to show the date paid. I would like to have the account to reflect on time. This has lowered my credit score with my XXXX  account XXXX points which has affected my gravely. The payment was authorized on XX/XX/26 which is not over 30 days past due.
6631455,"Credit reporting, credit repair services, or other personal consumer reports",Incorrect information on your report,CA,2023-03-01,"US Department of Education is in Federal violation of the Fair Credit Reporting Act. They are tarnishing my reputation and causing undue hardship for falsely and illegally reporting alleged debt much beyond 7 years old. There are 3 accounts reporting on my credit reports with a status of collections. All are listed as Acct # XXXX with balances reflecting as {$25000.00}, {$54000.00} and {$28000.00}. These accounts are from XXXX and prior. US Department of Education is providing misleading information on my consumer reports. This illegal reporting has been preventing me from being able to apply for credit to provide for my family. My credit is constantly discriminated against because of these large amounts and outdated accounts. They have illegally reported that these accounts were opened in XXXX. I have not attended any school in the last 9 years. These accounts are fraudulent and violate my consumer rights."
6634515,Credit card or prepaid card,Problem with a purchase shown on your statement,NY,2023-03-01,Hi CFPB I was a victim of indentity theft. My discovery Mastercard card information was comprised and used for the purchase of XXXX I called them when my phone and card were lost and used for fraudulent transactions without my awareness and I was credited the amount and then recharge my account after some investigation that was never provided to me and is an outrageous charge for a supposed membership
6633080,"Credit reporting, credit repair services, or other personal consumer reports",Incorrect information on your report,IL,2023-03-02,A credit card was opened in my name on XXXX I did not authorize to open. The credit card was opened under XXXX XXXX  ( XXXX ) a XXXX XXXX XXXX. I had spoken to the credit card company and they have flagged the account and closed it. I additionally spoke with the fraud department at experian credit bureau.
6655574,Debt collection,Communication tactics,SC,2023-03-06,"On XX/XX/XXXX, I received a call from MCM Midland Management LLC. I never authorized MCM to contact me, I did not give MCM this cellphone number nor the creditor whom they are trying to collect for. I do NOT wish to receive harassing phone calls to my cell number/phone. 

I repeatedly receives phone calls before XXXX XXXX  and after XXXX XXXX, I receives repeated calls throughout the day, I have asked them to stop calling the cellphone but they continue to call. 

This is a new cell phone number. I did not give MCM this cell number nor gave them authorization to call this cell phone number. 

On XX/XX/XXXX, I asked the Representative where she was calling from '? She played games on the phone not wanting to tell me MCM is Midland Management. When I asked her, "" What was MCM contact number ''? She gave me my cell phone number saying it fast so I couldn't understand what numbers she was calling out. Then I realized it was my cellphone number. This is NOT a game. I want the harassing phone calls to STOP. 


MCM can't prove that I own the debt that they care calling about."
6651401,Credit card or prepaid card,Problem with a purchase shown on your statement,VA,2023-03-05,"Bank of America charged me {$60.00} in fees & admitted to doing it purposely - They stated that these "" cash advance fees '' are legitimate when they failed to close my two checking accounts & failed to provide a response within 90 days - They have been trying to run the clock out on the dispute period as there is no way to dispute these "" fees '' on their website. 

They have openly admitted & refunded one charge out of the five. 

They also charged {$0.00} interest I had {$500.00} in my checking, which should have been issued to me when I attempted to close the account, instead the bank thought it would be necessary to lie & state that I "" have overdrawn accounts '' This started XX/XX/2022 & I am extremely upset!"
6647929,Mortgage,Trouble during payment process,SC,2023-03-04,"Unknown charges has been applied to account other than the mortgage payment info. These charges are called "" Outstanding Principal '' and "" Deferred Balance ''. Doing some research I found that these balances are actual legal fees that I know nothing about or how I got them. It appears it occurred when the original loan provider sold the loan to "" Shellpoint '' or doing some acquisition process. This fee is separate from the principal balance."
6639620,Credit card or prepaid card,Problem with a purchase shown on your statement,CA,2023-03-02,a suspect stole my credit card number and use it to buy XXXXXXXX XXXX and XXXXXXXX XXXX i have never use this aplication to order food before they stole {$880.00} the thieves star using my credit card on XX/XX/XXXX to XX/XX/XXXX i am very depressed that bank or america does not want to resolve this i am a XXXX yrs old and i have a hearing problem and the bank refuse to resolve my case
6643993,Checking or savings account,Managing an account,LA,2023-03-03,The resolution to this issue is that is either the bank should reopening your Acct and have access to the funds in it or better still close the Acct and send you a check of the total balances in the Acct.
6671864,Debt collection,Communication tactics,MI,2023-03-10,"On XX/XX/2003, I was returning a phone call from a XXXX XXXX from capital link management @ XXXX. When the person answered, they greeted me by my first name, and proceeded to go into personal information prior to identifying who they were, and also prior to mentioning the calls were recorded or monitored, which is a violation of the FDCPA. I had asked for a debt verification letter to be sent to me and he told me that they dont do that and that I sounded educated and seem to have a good job so I should understand whats going on and should be able to take care of it."
6647965,Mortgage,Trouble during payment process,TN,2023-03-04,"My loan was transferred to Select Portfolio Servicing Inc, XX/XX/2023. First payment XX/XX/2023. After speaking to a representative, they stated payment through their website ( XXXX - XXXX ) would result in a {$5.00} transaction fee and ( XXXX ) transaction fee of {$15.00}. Also, there is a fee to make payments over the phone with and without a representative. These fees are excessive for making payments to your account. Please review their policy and advise. Are these fees for payment to your account legal? 

Thanks,"
6640058,Credit card or prepaid card,Problem with a purchase shown on your statement,CO,2023-03-02,"Also on XXXX2022 again, a charge of {$68.00} was posted on my credit card from a merchant called "" XXXX XXXX '' while the service was never provided. I contacted my bank and explained them that "" XXXX is a an online marketing website where you can book cars and they will assign you to a rental car agency to take a rental car. So when I made the transaction online at XXXX, they assigned me to a rental car agency that is no longer operational. So I have to look for another rental car agency where I even paid extremely higher than what I should pay because it was a last minute rental. I explained that to my bank but they still not take appropriate actions to remove it from my credit card."
6634810,"Credit reporting, credit repair services, or other personal consumer reports",Incorrect information on your report,MA,2023-03-01,"I have submitted two complaints and responses regarding this account, they have only removed some not all late payments as requested. They are still currently reporting incorrect information and this is negativley affecting my report. They are violating my rights and FCRA. I have submitted a complaint with the Attorney General as well. They have removed some late payments that were inaccuratley reported and have acknowledged reporting innacurately. However they still refuse to remove all the payments as requested and comply with FCRA. They have edited their reporting and state they are reporting within the guidlines. They knowingly and willingly reported false information and have made edits after seeing dates not match up on the 3 bureaus but have not removed all late payments as I requested."
6638763,Credit card or prepaid card,Problem with a purchase shown on your statement,CA,2023-03-02,Vet charged me for services not given. Service was detrimental to my pet leading to death XX/XX/XXXX charged maximum amount than referred me somewhere else. No explanation of fees or charges by XXXX limit XXXX $ charged it all for XXXX night. Picked him up incoherent and unable to walk. I disputed charge with XXXX spoke to the management of the Vetrenarian hospital. Hospital is XXXX of XXXX on XXXX XXXX. Over sedated saying pet was mean at the time I went to put him to sleep. Indicates mistreatment when they first took him in. Service was not given .should have referred me out and never admitted to hospital as they were unable to give nutritional support through IV. After being in care XXXX day could no longer eat for himself.
6655073,Student loan,Dealing with your lender or servicer,NJ,2023-03-06,"I contacted Mohela on XX/XX/XXXX to request refund of COVID payments that were made during the COVID forbearance. They sent a response apologizing for not answering my request and asked me to call if it has not been resolved. I am unable to get through via phone and it has now been 4 months without be resolved. I sent them the following message : I am writing to request a refund of payments I made during the COVID forbearance. These payments include the following months : XX/XX/XXXX, XX/XX/XXXX, XX/XX/XXXX, XX/XX/XXXX, XX/XX/XXXX, XX/XX/XXXX, XX/XX/XXXX, XX/XX/XXXX, XX/XX/XXXX, XX/XX/XXXX, XX/XX/XXXX, XX/XX/XXXX, XX/XX/XXXX. These 13 payments were made direct debit from my account. Please send refund asap."
6646165,Checking or savings account,Managing an account,CA,2023-03-04,"XXXX XXXX XXXXXXXX Usbank states a maintenance fee will be "" waived '' if certain conditions are met by the consumer as stated on the deposit agreement. 

In reality us bank still charges a maintenance fee of XXXX and also applies a XXXX credit maintenance fee reimbursement. 

"" Waive '' means to refrain from doing something. In usbank 's case waive means applying 2 transactions to account. 2 transactions do not qualify to be a "" waive '' or a "" waiver ''."
6653455,Debt collection,Communication tactics,GA,2023-03-06,"On Monday XX/XX/2023 at XXXX I began to receive repeated text messages from multiple numbers. ( XXXX ) XXXX, ( XXXX ) XXXX, ( XXXX ) XXXX, ( XXXX ) XXXX, ( XXXX ) XXXX, ( XXXX ) XXXX, ( XXXX ) XXXX, ( XXXX ) XXXX. 12 text messages in total! The texts read XXXX A notice from Wakefield and Associates, a debt collector. Password is 5 digit zip code. Reply HELP for info or STOP to end. 
I have been instructed to never reply to these type messages as this only provides them with notification to continue the harassment. 
I have NOT received any type of notification from Wakefield and Associates identifying any creditors who I am supposed to owe. I have no ideal what this is all about. 
I have printed the messages and forwarded them to my attorney to see what legal action to pursue against this business."
6673498,Debt collection,Communication tactics,TX,2023-03-09,"I was called frequently and when trying to get clarification on the issue, I was verbally abused and told to provide information in places that were not safe. When I tried to tell them would review when I got home I was yelled at and told to provide my credit to them over the phone even though they knew I was in a public place."
6635392,Student loan,Dealing with your lender or servicer,KY,2023-03-01,"I requested a refund of voluntary payments made during the pandemic in XX/XX/2022. 
I was told that they could not provide me with a confirmation number or any specific details about my request, however they did provide me with the amount coming back to me. 
It is now XXXX, and I still havent received anything. Was told today this shouldnt take longer than 60 days and asked if I wanted to be transferred to resolutions. Have been on hold with them ( is this a real department?? ) for XXXX and counting. 
I understand MOHELA is getting the bad end of the student loan reform deal but they need to process these refunds for voluntary payments made in a timely manner. This is a federal program and MOHELA needs to adhere to the rules."
6632571,"Credit reporting, credit repair services, or other personal consumer reports",Incorrect information on your report,CA,2023-03-02,"It is EXPERIANSs duty pursuant to the FCRA to be reporting correct and accurate information on my credit report and file, however they are NOT. EXPERIAN is reporting 1 inaccurate late payment for the XXXX account ending in XXXX. This includes a 30 day late payment posted in XX/XX/2023. This is incorrect and is supposed to be reported as PAID AS AGREED. Furthermore, pursuant to 15 U.S.C.1681a ( d ) ( 2 ) ( A ) ( i ), a consumer report does NOT contain information solely as to transactions or experiences between the consumer and the person making the report. A transaction constitutes this late payment resulting in EXPERIAN violating my federally protected consumer rights. To add to this, I did NOT give EXPERIAN written instruction/permission to furnish this inaccurate late payment on my consumer report or file, violating 15 U.S.C. 1681b ( a ) ( 2 ). It is clear that EXPERIAN has violated my federally protected consumer rights under the FCRA and the inaccurate reporting is causing me and my reputation severe harm and discrimination."
6671233,Credit card or prepaid card,Problem with a purchase shown on your statement,CA,2023-03-10,On XX/XX/23 I purchased 4 XXXX concert tickets my credit card by Navy Federal ending in XXXX. A few days later on XX/XX/23 I believe another charge for tickets for the XXXX concert shows up again on my card ending in XXXX
6672650,Credit card or prepaid card,Problem with a purchase shown on your statement,CA,2023-03-09,"My wallet and a cell phone were stolen from my car 2 months ago. I immediately reported to credit card companies. The thief used my cards to purchase expensive items. I filed a police report soon after. There were 6 credit cards/debit cards in my wallet. All companies gave me credit back for the fraudulent usages but Bank of America Mastercard has refused to give me credit for the charges totaling {$17000.00}. They said they did not approve my claim because the charges were made "" by the guarantor and/or authorized user ''. I am the only such person and I did not make the purchases nor I did not authorize such usage to anyone. I provided all necessary information including the police report. I went through this struggle with the credit card company 3 times already and they do not seem to budge and they are trying to force me to pay for the obvious fraudulent charges. I need help from your bureau."
6682739,Debt collection,Communication tactics,TX,2023-03-12,"I already contacted consumer finance about this and the company said they would quit contacting me but they have not. Also, they did not answer as to whether or not they were going to cancel the debt. I advised I had no proof of this debt other than XXXX saying I owe it. I have no business with XXXX. They have no proof I owe this money. I asked them to give proof I owe it and I would pay it. They have yet to offer up proof other than their word. A stranger on XXXX XXXX can say I owe money to them but, they are a stranger without a relationship to me. I have no proof. Attached you will find their bill, my letter to them, their letter with the itemized bill and my certified mail receipt. You will note the itemized bill states "" You are not being asked to pay the itemized amounts listed above. The amount you owe after all insurance payments and adjustments will be on your hospital bill. '' I never received such bill or it would have been paid."
6675578,Credit card or prepaid card,Problem with a purchase shown on your statement,FL,2023-03-10,"We purchase a mattress on XXXX last year, we cancel the order and recived a confirmation of cancelation from the company, we asked to refund our credit card and the credit car it is refusing to gives our money back. We dont understand why we need to pay something that we do not have. It does not make senses. 
the credit card company is Synchrony"
6654141,Debt collection,Communication tactics,NY,2023-03-06,"I am receiving repeated phone calls with no voicemails left from Upgrade, a loan company. They are calling from various different phone numbers in Arizona : XXXX ; XXXX ; XXXX ; XXXX ; and others. No message is left."
6645812,Debt collection,Communication tactics,CA,2023-03-04,"I have an attorney and I'm filing for bankruptcy. They have known this for months now. But I have still received calls and letters. I am XXXX XXXX XXXX and I have problems with a family member causing me great stress I do not want this stress too. please help. 
Thank you. 

This is from XXXX debt but the collector is NOT XXXX. XXXX would NEVER act like this! thank you."
6635065,"Credit reporting, credit repair services, or other personal consumer reports",Incorrect information on your report,MD,2023-03-01,"Reviewing my account and payment history. Capital One is reporting a late payment to both XXXX and XXXX for the month of XXXX. This information is false, and the history shows where I even paid extra for that specific month. I will attach the payment history from their own website. 

I attempted to reach out to Capital One on numerous days, only to be hung up during an automated transfer several times. I tried their chat system, and it directed me to call. They are also not reporting all of my payments monthly on my consumer report. 

The law states this information has to be 100 % accurate, or it must be removed or deleted. 
I am requesting that it be deleted from both my XXXX and XXXX consumer report. Furthermore, I did not give them permission to furnish this info to the reporting agencies. 

FCRA 15 USC 1681 ( 2 ) ( a ) ( i ) state this information is to be excluded from being reported to any consumer reporting agency."
6661543,Debt collection,Communication tactics,NJ,2023-03-07,"Portfolio recovery, a debt collector keeps calling me multiple times a day every single day, when I block a number they call me from they call me from a different number. This has been going on for YEARS now. The debt started with XXXX XXXX, which I DID NOT take those credit cards out, my ex boyfriend did and ran them up {$4000.00} on each card. I contacted XXXX XXXX and explained it was fraud and they told me that there is nothing they can do I'm responsible for paying it, long story short they cut the debt in half, I paid around 55 % of the debt and I told them I am NOT paying anymore because I should of had to give them a cent in the first place. Now portfolio recovery will NOT stop harassing me! Something needs to be done or I will take legal action. Please help me."
6631793,"Credit reporting, credit repair services, or other personal consumer reports",Incorrect information on your report,FL,2023-03-01,"Dear CFPB, Please assist - I have absolutely no knowledge of the alleged debts listed on my credit report. I never sat across a table from any of the alleged creditors and debt collectors and never entered into a contract with any receiving a meeting of the minds. 

I opened up my mail to find that credit had been applied to in my name. I immediately reported this to the FTC so that the bureaus can rectify the situation."
6648736,Student loan,Dealing with your lender or servicer,GA,2023-03-04,"I am a co-signer on a private school loan for my daughter. We took the loan out in XXXX and Ive been making payments on the loan since XXXX or XXXX. I cant recollect definitively when loan payments began, but I believe around around XXXX or XXXX, I did experience a financial hardship where I had request forbearance XXXX times from loan server AES. The loan is owned by National Collegiate Trust XXXX XXXX, and after a decade of on-time payments by me ( post forbearance request ) Ive been denied co-signer release benefit at least 3 times citing forbearance, even XXXX time is a disqualifying event for co-signer release per their terms. The loan was initially executed through XXXX XXXXXXXX XXXX. I did not know the loan by XXXX was even owned by NCT until years later when I initially starting inquiring about a co-signer release. I have never received documentation from XXXX or AES regarding the loan terms which supposedly include the forbearance stipulation."
6640785,Credit card or prepaid card,Problem with a purchase shown on your statement,CA,2023-03-02,"To whom in may concern, Thank you for taking the time to help me out with this matter. 

This case concerns Citibank/Citi.com 's unwillingness to assist me with a dispute they incorrectly filed and closed. 

I called Citi to get some help filing a dispute because their website was glitching. One of Citi 's representatives filed the case incorrectly, and no proof was submitted. I called multiple times in XXXX, and multiple agents repeatedly told me that a correction would be made and I would have a chance to submit supporting documents, and the dispute team would contact me. But to my surprise, the case was closed. 

After contacting them multiple times, again, and submitting all the proof, they re-opened the case. But today, on XX/XX/2023, Citi closed the case with incorrect info, saying I've received the full refund already when I clearly haven't. The image "" Citi Denied '' should show how Citi 's statement about me receiving the full refund is incorrect ; it even shows that on the PDF."
6700815,Student loan,Dealing with your lender or servicer,CA,2023-03-15,I qualified for the PSLF program in XXXX of 2022. I have not received forgiveness despite waiting the 90 business day. There has been limited communication about my status or a possible discharge date.
6639808,Mortgage,Trouble during payment process,AL,2023-03-02,"Our mortgage payment from XXXX to XX/XX/2023 went from {$1200.00} to {$1500.00} somehow in the changeover from XXXX XXXX to Freedom Mortgage. When contacted, I was told our taxes were never escrowed so not only did we have an increase in the escrow amount, but we were also in an escrow shortage. I've contacted the attorneys that did the closing, XXXX, Freedom, everybody I can think of. I've appealed to our Tax Assessor 's Office ( taxes hiked significantly and an unrealistic appraisal is currently on our property ), nobody seems to know why this happened or how to fix it. Even if we paid the lump sum for the shortage, our "" FIXED '' rate mortgage would still go up? How can this be? Neither we nor our Insurance Company can figure out where they're getting these numbers and we are overcome with stress."
6640625,Checking or savings account,Managing an account,KY,2023-03-02,"I received an email from my bank that a phone number was removed from my checking account. And there was a new phone number added instead, giving them access to transfer funds out of my account through XXXX which my bank uses. 
I didnt authorize any of these things. 


This is the person or persons who were trying to hack my account, this is their phone number that was added : XXXX"
6660823,Mortgage,Trouble during payment process,NJ,2023-03-07,"We have attempted 8 times to resolve a payment issue with Flagstar Bank. The problem is the bank keeps taking funds out of a XXXX bank account that is not supposed to be used for payments. We switched to a XXXX bank account for our automatic monthly payment, but Flagstar continues to use XXXX bank, causing overdraft fees, etc. We have a newborn baby and do not have the time to speak with Flagstar Bank over and over again, each time they promise the issue is fixed, each time the problem remains. We have spoke with management and the customer service representatives have been documenting all of this."
6627081,Checking or savings account,Managing an account,TX,2023-03-01,"My phone was taken and funds were sent from my Chime checking account to my XXXX account. Multiple transactions were made, 11 to be exact. Funds were then sent from XXXX to an unknown account, draining my account. All of these transactions were unauthorized."
6637748,Debt collection,Communication tactics,ID,2023-03-03,This company called me sometimes up to 5 times a day even though I had told them to stop. I was never notified what they were calling about and thought they to be solicitors and told them to stop harassing me. They never notified me of any debt by letter and because I didn't know what they were calling for either. They reported debt that's excessive without first notifying me properly and have threatened to sue me and I'm on XXXX XXXX and have no other income. My wife XXXX XXXX XXXX has an income and was a resident and should've been contacted about this debt. To report only my debt when my wife was involved and lived with me is bs.
6673393,Debt collection,Communication tactics,AR,2023-03-09,"Professional credit has reported and alleged debt on my credit report and continues to contact me by phone. I believe they gave violated the FDCPA, FCRA, and defamation of character by reporting derogatory and or delinquent allegations upon my credit. I have sent a ceased and desist to this company as well Im regards to this alleged debt. I have not authorized anything within this company of this alleged debt."
6633639,Student loan,Dealing with your lender or servicer,NC,2023-03-01,"My issue is with Fedloan reporting to my credit report inaccurately. They are no longer the servicer of the loan as of XX/XX/23, and should be reporting as close, due to now Dept of Education is now the servicer of the loan and is reporting to credit bureau accurately. Fedloan is Jeopardizing my credit report. I can provide evidence that this being reported incorrectly. 

Please help me get this verified and resolved. 
Thank you XXXX XXXX XXXX"
6667267,Credit card or prepaid card,Problem with a purchase shown on your statement,MI,2023-03-08,Synchrony bank keeps doing an ACH directly from my checking account every day for {$2100.00} but my monthly auto pay is only {$100.00}. I don't even owe.more than {$360.00} on the account. They keep telling me it's my banks problem. Someone is using my account number and bank routing number to pay their synchrony/Lowe 's bill. My bank has to stop processing the payment every day.
6638228,Credit card or prepaid card,Problem with a purchase shown on your statement,MN,2023-03-02,"i disputed a charge for an item i bought on XXXX. item came in labeled as a XXXXxl but actual size and measurements were not. The item was also counterfeit. I reported this to XXXX, Seller offered me a partial refund if i would close the dispute. The seller then never issued a refund and stopped responding. When i disputed this with chase they sided with the seller stating the item were as described. I then was told i could only appeal their decision by fax or paper mail which i did, But they are not acknowledging that either. 
Sad that a company like chase would let their customers be defrauded and scammed and not care. Its becoming a great company for criminals."
6643988,Checking or savings account,Managing an account,OK,2023-03-03,"On XX/XX/XXXX, I made a PURCHASE of {$750.00} at XXXX using my DEBIT CARD and PIN. However, the purchase was canceled right away and the merchant ( XXXX ) informed that the funds will go back into my account. On XX/XX/XXXX, I filed a merchant dispute and it was denied. I called and asked why it was denied and nobody could give an answer. On XX/XX/XXXX, I refilled the dispute and explained that my purchase with XXXX was canceled by XXXX but they never refunded my funds back to my account. US Bank denied my claim and refused to tell me the reason why. Because it's within my right as a customer to request information, I formally requested that they send me the INFORMATION based on which they made their decision to denied my merchant dispute. However, they never provided me with the information. As of today XX/XX/, I have not received the documents or information US bank used in the investigation."
6645068,Debt collection,Communication tactics,KY,2023-03-03,"This company is calling my work, my relatives ( upwards of several repeated texts and calls every day! ) for a loan I dont believe I owe. They are leaving private information via texts to my relatives and at my work."
6654932,Credit card or prepaid card,Problem with a purchase shown on your statement,CA,2023-03-06,"Fraudulent charges and the credit card company refused to remove them. The charges are highly suspicious. I had a XXXX balance and can not remember the last time I used this card. The type of charges and frequency should have been picked up by the algorithm they use for security. I reported a card missing, immediately closed my account and filed a Sherrifs report."
6640849,Checking or savings account,Managing an account,MD,2023-03-02,"I tried to use PNC Bill Pay to pay out a required distribution from an estate account. After 2weeks where PNC Guaranteed delivery had not occurred of the payment, I demanded the Bank issue a stop payment on the check they had written and informed them that I would issue a handwritten check to pay out the required distribution, PNC failed to stop payment on the check they had written and instead issued a stop payment on the new check. PNC has refused to refund the fees associated with the payment claiming they have not made an error ( in either not delivering the check they as guaranteed or not stopping payment on the correct check ). I have wasted numerous hours fighting with them and at this point want the fees and my hourly wage reimbursed for their incompetence."
6665907,Student loan,Dealing with your lender or servicer,SC,2023-03-08,"I'm a co-signer for my daughter XXXX XXXX we got on a three way call and they set up a payment plan of around XXXX foe a hardship. They said in three months the payment will come out automatically. Three months later no payment came put XXXX her account. I called Sallie Mae to find out why and got treated like XXXX. I asked her to please go back and listen to our phine call and to just set XXXX up on the payment plan and let 's move forward. She said I had to pay a crazy amount or your going to another department. The best day I git a call saying it was in I think retention and there qas nothing they could do unless we paid the balance. We asked for a hardship was told it was approved we called to find out why the payment did not post and get no help. A willing consumer willing to work out a payment and they do this. They keep calling me to refer me to retention and I work all day and do not have 2 hours to get put on hold. I asked the representative if they could have that department call be baklck after reviewing my file so, I don't have to repeat myself and he said he could not."
6634809,Debt collection,Communication tactics,OH,2023-03-01,"I've been contacted by this XXXX company about 20 times by completely different ( spoofed ) phone numbers. Each time I tell them I am not the person that they are looking for and to take me off their calling list. I recently got a string of SMS messages on my phone from someone, who failed to disclose their identity, claiming to be from this company. I have reached out in saying that I am not the person that they are looking for and they are now saying that I am the reason that this keeps happening."
6647008,Debt collection,Communication tactics,SC,2023-03-05,"Hunter Warfield purchased a debt I owed to an apartment complex to the amount of {$4900.00}, however they are not licensed to collect in the state of South Carolina. In addition to I have not given written consent to the original creditor, debt collector, nor the credit reporting agencies to report this debt that is non public information."
6658353,Credit card or prepaid card,Problem with a purchase shown on your statement,CA,2023-03-08,"I disputed a charge on my credit card and was denied and they asked for additional evidence. I submitted the additional evidence but it was outside of their time frame. The only reason I was late to submit this information was because they mailed me the information about the case, even after I requested that they send me a message online. 

I had two fraudulent charges from a rental car company and I had the contract to prove it. I submitted the contract and they told me that it was outside of the timeframe for submitting new evidence."
6686118,Debt collection,Communication tactics,NY,2023-03-13,I informed the company when they called and told them Ive recently lost my job and havent gotten any monies yet. I do have credit protection insurance that I am in process with. The person said it wasnt but only {$52.00}. I again explained I was broke. I have been getting 15-20 calls per day starting at XXXX every two hours or less. This is harassment at best. Its Comemity bank and they are persistent and ruthless
6660788,Mortgage,Trouble during payment process,CT,2023-03-07,"On our XX/XX/XXXX Mortgage Statement my Wife and I noticed the TMS "" The Money Source '' paid our annual Hazard Insurance Three ( 3 ) times in error thus causing a "" shortfall '' in our escrow account. 

XX/XX/XXXX {$5300.00} annual premium renewal was sent to XXXX XXXX XXXX ; then XX/XX/XXXX {$5300.00} annual premium renewal was sent a 2X to XXXX XXXX ; then XX/XX/XXXX {$5100.00} annual premium renewal was sent a 3X to XXXX XXXX. 

XX/XX/XXXX ( XX/XX/XXXX TMS "" The Money Source '' statement $ {$5100.00} was "" returned/refunded '' to my Wife and I which I here confirm. 
{$5300.00} was then refunded and also sent back not to us but to TMS "" The Money Source '' but was never applied back to our escrow and they do not know where it is in their company. 
{$2900.00} Escrow Shortfall appears "" due '' by my Wife & I on the XX/XX/XXXX TMS statement."
6639860,Mortgage,Trouble during payment process,AL,2023-03-02,"Our mortgage was sold from Supreme Lending to XXXX XXXX, during which XXXX XXXX  suggests that Supreme never escrowed our taxes and we are in an "" escrow shortage '' although when contacting the attorney who did the closing, they insist it is correct, our taxes were paid ( they have gone up significantly which we are protesting ) but the amount is insanity. From {$1200.00} to {$1500.00} is simply unlivable."
6689328,Debt collection,Communication tactics,PA,2023-03-13,"I have been repeatedly been receiving phone calls from XXXX which I believe is Frontline Asset Strategies. The only reason why I know this is because I called back that number and that is what the recorded message says. Every time they call, they ask for someone named XXXX or XXXX. When I ask what company they are calling from, they will simply give their name. They will not identify who they are calling from. Regardless, they have the wrong phone number. I do not know this XXXX person they are calling about. I have told them numerous times that they have the wrong number and to stop calling. Yet, they still call, sometimes multiple times per day. I have now blocked the number. However, I felt it was concerning that when specifically asked what company they are calling from, the caller will not identify and will only provide his or her name."
6633438,"Credit reporting, credit repair services, or other personal consumer reports",Incorrect information on your report,CA,2023-03-02,"I sent a letter to the TransUnion Credit Bureaus requesting to reinvestigate the disputed Account from my credit report as well as update the Account from my report during the investigation period. As of this date, TransUnion has failed to respond to my request. 
XXXX XXXX XXXX Date opened : XX/XX/2019 Balance : {$0.00}."
6675548,Student loan,Dealing with your lender or servicer,WA,2023-03-10,"I submitted a proper ECF for public service loan forgiveness on XX/XX/2022. The ECF was denied and I was never given a reason why. Had the ECF been approved I would have had over 120 qualifying payments for PSLF. My lender, Mohela will provide no explanation for the denial."
6675782,Student loan,Dealing with your lender or servicer,IL,2023-03-10,"I have sent in three work certification forms to MOHELA and they all have been canceled and have been claimed to be duplicates. The first was sent XXXX, the second was sent XXXX and the third XXXX. They have stated that it takes 90 business days and each time I come close to the 90 days they claim it to be a duplicate. I am at 125 payments with my PSLF and can't help to believe this is a delay tactic from the servicer. I am very upset at their abusive tactics at handling their clients. The mental anguish is paralyzing."
6634866,Credit card or prepaid card,Incorrect information on your report,FL,2023-03-01,"Every month Destiny card report to every credit report agency ( XXXX, XXXX and XXXX ) that payment is due, late or delinquent on payment. Company Reporting late payment on credit report are illegal : under 15 U.S. Code 1681a ( 2 ) Exclusion consumer report does not include ( i ) report containing information solely as to transactions or experiences between theconsumerand thepersonmaking the report.

Meaning everytime Destiny card report a late payment on consumer report is a violation of {$1000.00} under 15 u.s.c section 1681n."
6689861,Student loan,Dealing with your lender or servicer,NC,2023-03-13,"I am the parent of 2 active college students and 2 recently graduated college students. My sons have used "" XXXX XXXX XXXX XXXX '' website to get loans that are serviced by Firstmark services. Firstmark services continues to repeatedly misapply payments I have made to the various loans my XXXX sons have with them, in some cases applying it to different accounts than what was submitted on the checks sent to them from XXXX  XXXX XXXX. This is XXXX second complaint I am filing since the 2021 complaint 's response was factually incorrect. When I mail my payments monthly to Firstmark, I denote on the statement and on the memo line of the check which account the payment should be applied to, however Firstmark applies these payments to all of my accounts in a manner that they see fit, not to the accounts noted. I am filing this additional complaint since this issue has occurred at least 15 times now resulting in errant late fees and multiple collection calls to me for for loans that would not have been past due if payments had been posted correctly."
6653068,Credit card or prepaid card,Problem with a purchase shown on your statement,AZ,2023-03-07,"This began in XXXX of 2021 and I was going back and forth with my CC company  for the past year plus. Please find enclosed documentation proving a fraud occurred after credit card billing cycles were completed. It was not possible to report/dispute the charge prior to the two cycles as the furniture was not scheduled to arrive before that and communication was ongoing, with status updates during the delay for a period of time ( enclosed ). Once the communication seized, it was found out that the company based in Utah was investigated and found to be fraudulent. A XXXX XXXX arose from the dissatisfied people, as well as an email chain. Other banks, including credit unions and XXXX refunded their customers. Barclays continues to tell me I had to report this earlier. Again, how was I to know earlier ( within their guidelines ) that a fraud would occur after the fact? I am asking that Barclays refund my card for my initial deposit of {$3500.00}"
6656992,Debt collection,Communication tactics,TX,2023-03-06,"Transworld Systems illegally committed multiple violations against my consumer rights. Attached is a copy of mailed correspondence to the company making them aware of my violated rights as a consumer, and owed remedy via invoice for my injuries form their violations."
6638001,Debt collection,Communication tactics,MI,2023-03-03,Calling family member 's mobile numbers and asking to speak with me. This company has my phone number and I have asked them to stop calling. I have stopped answering their phone calls. They have called multiple times a week but no less than once a month.
6659799,Mortgage,Trouble during payment process,CA,2023-03-07,"I purchased a home on XX/XX/XXXX. The mortgage was through Rocket Mortgage and the monthly mortgage at closing was XXXX. On XX/XX/XXXX {$1100.00} was taken from my escrow account for property taxes. 
On XX/XX/XXXX {$1800.00} was taken from my escrow account for property taxes. Then I received a notice that my month payment would be {$2.00}, XXXX. 
When I questioned Rocket Mortgage they could not give me an answer. I contact my Real Estate Broker, Title Company and the Rocket Mortgage  Representative. 
What my XXXX Estate Broker found out is that Rocket Mortgage made a mistake that should have been revealed at Closing but it was not. Clearly Rocket Mortgage made a mistake and now I am paying for it. 
How can you pay property taxes in XXXX and then again in XXXX plus have your mortgage payment increase by {$500.00} dollars."
6656561,Credit card or prepaid card,Problem with a purchase shown on your statement,CA,2023-03-06,I recently became aware of a billing error on my statement. Pursuant to 15 USC 1666d any credit balance in excess of {$1.00} should be credited or refunded to the consumer. I have identified in a billing statement issued on XX/XX/2023 in the amount of {$2100.00} should be refunded or credited to me the consumer. According to 18 USC 8 all debts public and private is the obligation of the United States.
6633178,"Credit reporting, credit repair services, or other personal consumer reports",Incorrect information on your report,CA,2023-03-02,"I am reporting an FCRA violation on my credit account with JMPCB ( See attachments for account ). 


JPMCB CARD XXXX The company is in violation of : 15 U.S. Code 1681a ( 2 ) ( A ) ( i ) ( 2 ) Exclusions.Except as provided in paragraph ( 3 ), the term consumer report does not include ( A ) subject to section 1681s3 of this title, any ( i ) report containing information solely as to transactions or experiences between the consumer and the person making the report ; The balance of {$630.00} on my XXXX credit report is evidence of that claim. Please see attachments for screenshots of reporting account."
6632972,"Credit reporting, credit repair services, or other personal consumer reports",Incorrect information on your report,MA,2023-03-02,Portfolio Recovery Associates is reporting a collection account that not only doesnt belong to me. It shows debt buyers account for account type it also has a date opened of XX/XX/XXXX with a delinquent date of XX/XX/XXXX XXXX not sure how an account can be delinquent 2 years before it was supposedly even open XXXX XXXX XXXX is also reporting inaccurate Information that does not belong to me Also reporting as a debt buyer with a date opened XX/XX/XXXX and a delinquent date of XX/XX/XXXX 1 year prior to questioned account being opened
6635512,Credit card or prepaid card,Problem with a purchase shown on your statement,OK,2023-03-01,"Previously submitted this complaint and received a response which is not accurate from the company. The original complaint ID # is XXXX. The company responded they did not rec the fraud. I have submitted 2 different forms on 2 different occasions and as per an email they sent me the wrong form the first time and had me complete a second form. I don't understand why they say this is not being reimbursed due to a lack of fraud from submission. I have filed police reports, fraud reports, etc. Thanks"
6661042,Debt collection,Communication tactics,AK,2023-03-07,Williams & Fudge repeatedly calls me after I've asked them to stop calling with different numbers in an attempt to contact me. They deny my request by continuously calling every day multiple times a day.
6627366,Mortgage,Trouble during payment process,TN,2023-03-01,"This is to inform this office that Wells Fargo has lied to this office in its response. 

I am referencing the response that states "" ... we have been unable to contact XXXX XXXX ''. 

That is a FRAUD. I have called on seven occasions. I have left messages. I have emailed. I was told by "" XXXX '' who left a message I would have an answer by XX/XX/XXXX. I was told five times I would receive a call in 24 hours. That was weeks ago. 

This is abuse upon abuse. 

My equity was STOLEN my life destroyed. My health destroyed. 

I am demanding the CFPB enforce the order and force repayment of all damages and further punish them for LYING To this body. 

HOW CAN YOU ALLOW WELLS FARGO TO FURTHER ANUSE AND LIE AND STEAL?"
6656746,Credit card or prepaid card,Problem with a purchase shown on your statement,UT,2023-03-06,Last year in XXXX I got my statement adding an extra XXXX on my credit card. My Credit limit was XXXX. I already used about XXXX on the card it went from XXXX to XXXX. The moment I saw this I called Capital One letting them know that it was not my charges and this was a fraudulent action. I talked to them for over an hour and they refused to investigated. They told me that they put it on my bank account. I offered to show all my bank statements showing that I was never giving XXXX and they say no. That I would have to pay regardless and they will not looked into it. Now its over 23k and thats including interest accumulated over time. I was willing to pay the XXXX that o owed but now. Im exhausted of this and I sent them a letter to show proof that it was my doing and to validate my charges and they sent XXXX letters saying that they will not do that. This is been going for A year now and its exhausting to deal with this and Im extremely upset that. When I called them a year ago they could have fixed this but they didnt even bother doing one thing about it.
6634240,"Credit reporting, credit repair services, or other personal consumer reports",Incorrect information on your report,GA,2023-03-01,XXXX XXXX  is reporting an account open and delinquent when in fact it is closed and current. They reported this after the due date of the card was changed. There are automatic payments being made on the XXXX of each month and the arrangement was made for this to happen for the next 60 months so why They are reporting the account as open and delinquent is a mystery. It needs to be either validated or removed from all reporting agencies.
6634130,"Credit reporting, credit repair services, or other personal consumer reports",Incorrect information on your report,IL,2023-03-01,I am putting in a complaint because XXXX XXXX Lexis Nexis has reported My bankruptcy when in fact my bankruptcy court has given me written proof stating they indeed don't report to the credit bureaus.
6658412,Student loan,Dealing with your lender or servicer,MS,2023-03-08,I have submitted twice already the documentation for my loan to reflect that the institution is qualified for student loan forgiveness. This is all I am pending for forgiveness. I started this process for student loan forgiveness a year ago and am still stuck in pending land. My husband is in the same situation and is actually worse off bc they initially lost his transfer to Mohela.
6644518,Checking or savings account,Managing an account,OH,2023-03-03,"On XX/XX/2023 I had an unauthorized debit transaction made on my account at XXXX totaling {$610.00}. I called Bank of America immediately and reported it. I was told I would receive a temporary credit within the first 48 hrs, but they refused to release the funds. Now every time I call they tell me it's tomorrow, and I called again today and was told that I didn't qualify to receive credit for the fraudulent transaction on my account. I have been yet to be credited and I need the funds for my bills."
6628597,Mortgage,Trouble during payment process,WA,2023-03-01,"On XXXX I received a letter from BSI Financial Service stating that I owed {$12000.00}. I paid, not knowing what that payment was for. 

When I logged in on XXXX  to pay my XXXX mortgage, I again saw that I owed XXXX again.. 

I checked my payment history and saw that I paid XXXX on XX/XX/XXXX Under Recent Transaction Activity, XX/XX/XXXX {$120.00} payment was made and is listed as "" Cash Receipt. '' ( note I don ; 't know what that means ) I called BSI at XXXX XXXX PST Monday, XX/XX/XXXX, and Tuesday, XX/XX/XXXX, to find out what this additional {$120.00} payment is for. 

I got a recording of your wait time is over 10 mins. Each day I waited 20 mins then Click 1 for a callback But received no call back on either day."
6640054,Mortgage,Trouble during payment process,MD,2023-03-02,"I took out a loan with Wells Fargo around XX/XX/XXXX. 
I missed a few mortgage payment. 
Sometime around XX/XX/XXXX Wells fargo started Foreclosure proceeding against my home. 
I paid approximately {$65000.00} into the loan that was originally {$200000.00}. 
The majority of the {$65000.00} paid into the loan went to fees and Penalties."
6643802,Credit card or prepaid card,Problem with a purchase shown on your statement,CA,2023-03-03,"someone applied for a feb destiny card and it got approved and they maxed out the card and went over credit limit. We called company they wouldnt give us an address where they mailed it, and they said our address didnt match. Looks like this company ran my credit on XXXX XXXX XXXX"
6674646,Student loan,Dealing with your lender or servicer,SC,2023-03-11,"My husband and I have a joint spousal consolidation loan which needs to be separated ( per PL117-200 ). Since the US Dept of Education has not yet implemented this law ( signed on XX/XX/22 ) our student loan lender refused to pause our payments. We are both XXXX  and eligible for PSLF, but can not apply for this until our loans are separated. American Education Services ( AES ) acknowledges that we have made well over the required 120 payments. We are unable to pay $ XXXX on student loans that should literally be gone. We are asking for a pause ( like all other direct federal loan borrowers have ) until the US DOE implements the law."
6627306,Checking or savings account,Managing an account,CA,2023-03-01,I was made aware on XX/XX/2023 about fraudulent charges on my prepaid Bank of America account provided by XXXX Ive placed the dispute but for some reason my account wasnt closed nor did it canceled any Transactions after that date I never lost the that card itself but some how someone has a something that gives them access to get atm transactions plus they manage to have control of card decisions its now XX/XX/2023 and Ive yet to be reinstated my money
6639646,Mortgage,Trouble during payment process,CA,2023-03-02,Abusing an escrow account stating that my escrow was short and additional money need to be added in order to pay my insurance company. I have my year to date statement which states my escrow amount was {$1400.00} my insurance payment was {$1000.00}. I asked them where did {$400.00} and they informed me that it was never there. Also when I was taking to get out of the loan they informed other agencies I was a high risk. Until interest rate down I want to be removed from their escrow because it's a scam. And a full investigation on my extra funds from my escrow.
6649531,Student loan,Dealing with your lender or servicer,KY,2023-03-04,"I have a loan servicer ( American Education Services ) that is trying to charge me {$130.00} a month starting in XX/XX/XXXX. My payment has always been under {$30.00} a month for the 10 plus years that I have been making payments on the interest for my student loans. I make only {$25000.00} a year at this time. I have another student loan that I will be paying on in the next couple of months and I am worried that I will be paying even more per month. I received some pension money ( lump sum ) from my former employer in XXXX, which was used to pay my car off and other debts. I still have credit card debt around {$8000.00} dollars and I help my mother pay for her medicines because they are higher now. I have a full-time job, but I am still struggling due to higher food and gas prices. I don't feel that AES is treating me fairly."
6633387,"Credit reporting, credit repair services, or other personal consumer reports",Incorrect information on your report,IL,2023-03-02,Volkswagen Credit ruined my credit score. I used their autopay system and the system did not work properly and my credit suffered from that. Prior to using the system my payments was never late. In XX/XX/2022 I put my payments on autopay using the VW credit app received a confirmation message that the payment will be processed on the XXXX of XXXX. The VW agent explained she sees where I activated the automatic payments in XXXX but the system didnt take a payment until XXXX. She removed all late fees from my account. The account has been paid in full. All I ask is that the negative marks be removed from my credit report.
6651720,Mortgage,Trouble during payment process,MA,2023-03-05,"I discovered that Flagstar Bank, the servicer of my loan, had - for two years - been submitting tax payments for my neighbor. I first lodged a complaint with Flagstar Bank in XX/XX/XXXX. Flagstar Bank began servicing my mortgage on or about XX/XX/XXXX. The malfeasance on the part of Flagstar bank led to several penalties and interest costs from my property tax authority. Flagstar Bank has not, up to the time of this complaint, rectified the interest costs and penalty payments associated with their improper, incorrect, and careless actions.

Instead of rectifying their two years of careless, incorrect and improper property tax payments by refunding my escrow account for penalties and interest costs that arose due to their sole action, Flagstar Bank has instead proposed to *increase* my escrow payment. This is absurd- Flagstar Bank would have me remit an even higher monthly payment than I have done to date to rectify their reckless escrow underwriting process."
6656768,Mortgage,Trouble during payment process,OK,2023-03-06,"I sent checks to mr.cooper, because they turned off the auto pay on the account. They cashed my checks, but didn't apply the funds to my account. I have called numerous times with people telling me they don't know what I'm talking about. I have sent emails with pictures of the checks, but have got no response from them. At this point I don't know what to do. They are taking my money, but saying I'm not making payments."
6640465,Mortgage,Trouble during payment process,CA,2023-03-02,"I called on XX/XX/XXXX to drop my PMI insurance as we havent missed one payment and we purchased the in XXXX XXXX for XXXX now the house is worth XXXX and only owe XXXX. We spoke to a representative at lake view and I requested them to drop the pmi he said I would need to pay this for the next 11 years. I told him I will be filing a complaint and requested his name, he informed me he wasnt allowed to give me his name and gave me a ID number of XXXX."
6652433,Mortgage,Trouble during payment process,NC,2023-03-07,"Our loan was sold to Fay Servicing who has been collecting escrow payments since closing on the loan in XX/XX/XXXX. We have XXXX properties under this loan and on XX/XX/XXXX I received Delinquent Property Tax Notices in the mail for XXXX of the XXXX properties. After further review, I also discovered we had an insurance policy lapse and XXXX in the process of cancelation. We ended up paying the property taxes out of pocket and I have called the company several times to request reimbursement. Each phone call results in a different process to receive reimbursement. I have tried to submit proof of payment ; however, the email addresses and phone numbers I have been given are all invalid. I mailed a certified letter that was received XX/XX/XXXX and have not received any communication back. I have asked to speak to managers and can not get anyone on the phone or to call me back. This has been an absolute nightmare. If you read their XXXX reviews, you'll see I am not the only one. I question how this company is still in business."
6631523,"Credit reporting, credit repair services, or other personal consumer reports",Incorrect information on your report,TN,2023-03-01,"I saw a late payment on my credit report from XXXX XXXX XXXX that I do not recognize. According to the FCRA transactions such as payments are not supposed to show on a consumer credit report. I know that this is a billing error and I just would like for it to be corrected. This is reporting correctly on my XXXX, but not reporting correctly on Equifax and XXXX. 

From the picture attached, one can see that XXXX is reporting multiple different account numbers, with incorrect account statuses. 

I demand this be updated to paid as agreed, never late, on time on all 3 credit reporting agencies as this is holding me back from being able to advance in my life."
6649055,Mortgage,Trouble during payment process,MI,2023-03-04,"My mortgage company ( planet home lending ) has contacted me numerous time telling me that I owe an extra mortgage payment to them. I have submitted to them all of my bank statements proving that I have paid all of my mortgage payments on time. 

After months of them contacting me telling me I'm late and investigating where my payment was, they told me that they took the money I paid them and "" accidentally '' applied it to the principal balance without my permission. But they are still telling me that I am responsible for their error and I must pay them or my house will be put in foreclosure. 

I am a XXXX vet, I dont know what to do. Please help. This is stressing me and is torchering my mental health."
6645835,Mortgage,Trouble during payment process,NJ,2023-03-04,"Sent in duplicate payment, Requested a reverse for the duplicate, payments of. {$2000.00} was submitted on XX/XX/XXXX and XXXX both in amount of {$2000.00}. 
XXXX XXXX XXXX called with me on the line to see if they were able to reverse at that time, they said no. I haven't heard anything since the call to them on XX/XX/XXXX. 
I would like to use one of the duplicate payment for my XXXX Mortgage and since I have had issue with this company prior. I wanted to assure that the payment would go against XXXX"
6627312,"Credit reporting, credit repair services, or other personal consumer reports",Incorrect information on your report,MO,2023-03-01,"LexisNexis is reporting that I have an unpaid Tax Lien. I have contacted the IRS, and the states that I have resided in and I HAVE NO UNPAID TAXES OR TAX Liens. I have tried to contact lexis Nexis but they refuse to address or assist me with this issue. They continue to report this false information, even though I have informed them it is inaccurate,. Please help me, this is affecting me in may ways, my credit worthiness is immaculate, but because of this false information, I am being denied credit and other financial services that I need."
6634308,"Credit reporting, credit repair services, or other personal consumer reports",Incorrect information on your report,DC,2023-03-01,XXXX and XXXX gave me a XXXX XXXX of XXXX. The score they showed for Experian was higher than the score Experian was showing me. Experian also did not update my scores of the other two agencies for 3 months. Experian ignored updating my score and showing me my true score at Experian and at the other two agencies from Experian 's dashboard. They were hiding my true score from me and the other two agencies. Experian did not want me to see that I had good credit.
6633581,Checking or savings account,Managing an account,MN,2023-03-01,"On XX/XX/2023, MONEYLION suspended my account ( without notice ) stating that they closed it due to unusual activity. They made no attempt to contact me or question me about these purchases being made, which I told them I DID make. They then told me there wasnt anything they can do. They said I had to submit proof of my license, address and a notarized letter from the company that most recently deposited into my account. Ive contacted the company that last deposited into my account ( XXXX XXXX, which is a tax service. I am not able to get a letter from them because they are so backed up with tax complaints. However, this same company deposited into my account early XXXX and MONEYLION had no issues. The supervisor I spoke with said theyve been dealing with this issue with other customers, but yet they cant do anything to fix the problem. They refuse to release my money to me ( a little over {$1000.00} ) and I am not able to pay my bills or rent."
6641054,Checking or savings account,Managing an account,AR,2023-03-02,I'm a XXXX veteran and I'm the only person who get money sent to my account but my wife name is on the account with me. I get va and social security XXXX and they froze my account and took XXXX dollars from my XXXX XXXX moneybto pay for a old debt that belonged to my wife in a previous marriage and caused me to miss my mortgage payment. So now im out money and behind on my mortgage.
6639273,Checking or savings account,Managing an account,CA,2023-03-02,"On or about XX/XX/2023, at approximately XXXXXXXX XXXX, as I have done in the past, I deposited {$3200.00} in cash in the CHASE bank branch ATM in XXXX, CA. 

Immediately thereafter, the machine displayed a red screen while producing a transaction number AID # XXXX, also noting that "" Deposit to Chk Acct XXXX To be sure your deposit went through, please call us at XXXX. XXXX '' I immediately went inside the bank and reported the transaction since I needed that money to pay for my rent. I was shocked and surprised that the representative stated that I needed to place a "" claim '' and there would be a 10 day investigation. 

I reiterate that this money was intended to pay critical housing bill as I have done for the past 3 years. 

How is it possible that in this day and age a bank would advertise the convenience use of its depositing machines with these menial impediments? 

I have now incurred substantial credit expenses and fees together with anxiety and panic attacks all the fault of a grossly negligent bank. 

Please help."
6700037,Student loan,Dealing with your lender or servicer,CA,2023-03-15,"On XX/XX/XXXX, called Edfinancial and spoke to a representative : I asked for a refund of 2 payments I made during the CARES ( Coronavirus Aid, Relief, and Economic Security Act ) period ( XX/XX/XXXX, XXXX XXXX, XXXX ) .Under {$3000.00}. They told me 3-6 months for a refund with no email confirmation or any notes on my account I could see. They just said they will send in the request. 

XX/XX/XXXX I called Edfinancial again after seeing my balance update on Edfinancial 's website but no sign of my refund check, they told me could take a while, it was up the Department of Education. thats all that was said. 

As of XX/XX/XXXX havent received any sort of check, and I have seen other people with higher loans receive theirs."
6649482,Credit card or prepaid card,Problem with a purchase shown on your statement,WA,2023-03-04,"I had a XXXX XXXX card taken out in my name that i did not physically apply for in XXXX, when i contacted them about the issue they couldn't tell me how a card was approved in my name that i didn't apply for even after explaining this to them they refused to work with me and told me i was responsible for the charges made then they closed the account and marked.it as a charge off in XXXX the account has XXXX dollars worth of charges. Now its on my credit report and equifax wont work with me either even after contacting them about the issue and explaining to them it is a fradulent account."
6626724,Credit card or prepaid card,Problem with a purchase shown on your statement,IL,2023-03-01,"The merchant never delivered its product. Agmented Glasses worth {$470.00} despite numerous calls/emails. I filed a claim with disputing department of my credit card bank, Bank of America. The purchace was made on XX/XX/XXXX this year. 
The company is XXXX located in XXXX XXXX, CA"
6651217,Credit card or prepaid card,Problem with a purchase shown on your statement,AZ,2023-03-05,I filed a fraud claim on XX/XX/XXXX. This is the only claim I have ever reported on this card. I made a purchase for a couple dollars at a donut shop and my card was charged XXXX $ without my knowledge. I tried to contact the shop before disputing it with the bank and was not successful. I let the bank know this information and after reviewing my case they found this charge to not be fraudulent and having me pay it. This is the only purchase I have ever made a claim for. The fact that this bank can not help with something such as this makes me not want to have this card open that I spend lot of money on and pay good interest on.
6693118,Student loan,Dealing with your lender or servicer,MO,2023-03-14,"I have called Mohela 10 times address forms that have been submitted, I wait for 2+ hours in the phone and keep being told that the issues is being resolved. The issues has yet to be resolved. 

I have submitted the correct forms for Federal Student Loan Forgiveness ( Public Service ), these have been verified via the phone several times to be without error but they keep processing these as duplicate forms. No one can explain why this is happening. I have called and waiting on hold for hours several times being told this issue would be resolved. It has not. I have reached my 120 payments have submitted all appropriate paperwork and spoke to several supervisors .... yet nothing has been fixed"
6708202,Student loan,Dealing with your lender or servicer,KY,2023-03-16,"Climb credit had me to sign up for a student loan for XXXX school classes. However I could not do it because I dont have a GED, I received no books, took no classes or received any money. When I call I get the runaround. They cant even give me the name or location of said school. So I CANT contact them! But t receive statements in the mail. When I called they said they couldnt help me that I had to call climb. And they tell me I have to call the collection dept."
6666405,Debt collection,Communication tactics,TX,2023-03-08,"ON XXXX XXXX TOLD ME THEY WILL NOT CONTACT ME ANY MORE TO MY PHONE NUMBER XXXX. UNFORTUNATELY, ON XXXX CREDIT MANAGEMENT SENT ME XXXX ILLEGAL AND UNWANTED TEXT MESSAGES TO MY PHONE NUMBER FROM THEIR PHONE NUMBER XXXX. I HAVE ALREADY TOLD THEM TO STOP CONTACTING ME BUT THEY CONTINUE TO CONTACT ME WITH THEIR ATDS. THE TEXT MESSAGES I RECEIVED FROM THEM WERE NOT SENT BY A HUMAN BEING BUT AN COMPUTER PROGRAM THAT STORES MY PHONE NUMBER AND SENDS OUT MESSAGES AUTOMATICALLY."
6627489,Credit card or prepaid card,Problem with a purchase shown on your statement,OR,2023-03-01,"Filed fraud complaint # XXXX with XXXX XXXX XXXX after finding fraudulent purchases on card. Was alerted by my personal bank XXXX XXXX that US bank had made an unauthorized transfer from my checking account of {$4000.00}. Accessed account and found fraudulent charges of just over {$9900.00}. Was sent a letter saying I was responsible for charges as I had received benefit from them. Service rep called me after I sent in unfavorable survey, reopened investigation, determined an unsolicited replacement card had been sent to me and was likely stolen in the mail. Got e-mails every 2 weeks assuring me they were working on it. On XXXX/XXXX/22 received e-mail saying claim was near resolution and I would receive an explanation letter. Never got it. Called and was told it was resolved and I had credits but they couldn't do anything about it because XXXX XXXX account was changes to XXXX XXXX. XXXX XXXX said I hadn't filed a complaint in a timely manner. Sent certified letter to US Bank requesting explanation letter and documents on XX/XX/22, still have not received a reply."
6648711,Mortgage,Trouble during payment process,KY,2023-03-04,"Fifth Third failed to escrow our property tax into our mortgage payments as promised. We received a late tax notice with a 21 % penalty. We ALSO lost a 2 % discount for not paying through the bank. We ASLO discovered they were putting our extra payments into a checking account instead of putting it toward our mortgage. This caused us to lose 21 % + 2 % discount + interest that would have been paid with the extra payment money. 
We contacted Fifth Third who acknowledged something "" went wrong '' with our closing. We were contacted back and told the delinquent tax payment was paid and escrowed into our payment. This was done without our permission. We have received a letter stating they have now absorbed the tax penalty. However, we have not received a new escrow analysis heard back from Fifth Third regarding the 2 % discount or the lost interest from our extra payment money. We feel that we deserve the 2 % discount credited to our account AND a resolution to our extra payment money that was not applied to our mortgage."
6634165,Checking or savings account,Managing an account,NV,2023-03-01,"On XX/XX/2023 I deposited a check for {$10000.00} to my Bank of America account. 

Due to Bank of America 's error, the check was returned three days later ( XX/XX/XXXX ) despite being completely valid ( which was confirmed by the issuing bank ). 

On XX/XX/XXXX I called Bank of America and explained the situation but they refused to help me in any way. They told me to visit a branch for assistance. I visited a local Bank of America branch where they also refused to help me. 

Bank of America refused to credit my account or take any action to correct their mistake. This resulted in me being unable to access my money and violated their published policy on availability of deposited funds."
6662784,Student loan,Dealing with your lender or servicer,GA,2023-03-07,"On XX/XX/2023, I received a notification from my credit report that my loan balance had increased by {$480.00} with American Education Services ( AES ). I have reached out to them before because these unexpected fees just show up without any reasoning behind it. My payments are automatically withdrawn every month on the due date and hasn't been late in years. I truly believe these loans are set up so that you never truly pay them off. As of today, I have already paid over the amount that was initially borrowed years ago, with half being allocated to interest alone. I believe this is a sophisticated way to create fraud without anyone recognizing it. Any correspondence received is very simple with no true understanding of why my balance keeps increasing."
6685363,Debt collection,Communication tactics,NJ,2023-03-14,"I have received phone messages from, caller ID reads, Possible Spam Call / Private Caller or Radius Global on Wednesday, XX/XX/2023 and XX/XX/2023, leaving messages for an XXXX XXXX to return there call. Ive called and informed a woman who answered that their company is calling my home for someone that does not live here and to stop. 
Calls continued as spam calls from this company via different channels. On Monday, XX/XX/2023 I received a letter, ( see attached ) addressed to XXXX XXXX to my address. I wrote on letter, return to sender, does not live here. I sent letter back without opening as this was not my mail, via delivery confirmation. I researched this and noted this company is a possible scam entity ( see attached ). The person XXXX XXXX does not live at my address. Im a XXXX XXXX XXXX XXXX with XXXX XXXX alerts on all my credit reports as to my job. ( see attached ). I would like the CFPB to assist in stopping this entity from continuing to harass and communicate with me. I do not know this entity nor owe anything to anyone but they continue to send mail and call my home."
6633525,"Credit reporting, credit repair services, or other personal consumer reports",Incorrect information on your report,PA,2023-03-01,"I reviewed my consumer reports and noticed that my personal information is being reported inaccurately. Consumer Reporting Agencies have assumed a vital role and have a responsibility by law, to report Consumer information to the best of their ability with Maximum Accuracy. Please investigate and update my personal information to the following : XXXX XXXX XXXX XXXX XXXX XXXX PA,XXXX"
6698056,Student loan,Dealing with your lender or servicer,IL,2023-03-16,"XX/XX/XXXX : I filed a compliant through CFPB due to incorrect payment count with Mohela. COMPLAINT ID XXXX XX/XX/XXXX : Mohela responded to CFPB compliant with 104 payments qualifying payments. I should currently have 111 qualifying payments based on current employment certification through XX/XX/XXXX that has been uploaded to Mohela 's system. They did not accurately add all of my payments that have employment certification documented on the response sheet to CFPB. When I looked at the payment tracker on Mohela 's website, they do not list the dates of XXXX ( 5 payments ). In addition, the math does not correctly add up. The response shows I have qualifying employment certification from XXXX ; XXXX. This should be 111 qualifying payments ( 9 years and 2 months ).

I will have an additional 5 current qualifying through XX/XX/XXXX to total 116. Will upload most recent certification to Mohela when HR signs it. Therefore, my loans should be forgiven in XX/XX/XXXX."
6659708,Mortgage,Trouble during payment process,TX,2023-03-07,"I bought my house on XX/XX/XXXX and I closed with down payment assistance since this was my first home. They offered me a down payment assistance through a second lien with XXXX XXXX  XXXX XXXX XXXX and it was forgivable at the anniversary # 3 which will be XX/XX/XXXX. I started receiving letters from Wells Fargo trying to collect the money I received at the closing of the home from the down payment assistance for the amount of {$6600.00}. I called them since I was completely in shock at this new information but they don't give me other options than to pay in full this amount. I verified my closing documents and no where to find that I need to pay back at maturity if I don't sell, refinance, transfer, or not use the home as my primary residence. 
I dont know if it had to do with a forbearance due to XXXX but the bank did not advise that this would harm me financially. I believe this is not my error."
6637903,Debt collection,Communication tactics,WA,2023-03-02,"I've been getting several calls monthly to my cellphone now daily from Portfolio Recovery. The numbers are all based in Washington state but they may not be legitimate. I got one today and after doing a XXXX search for the phone number it's listed to a XXXX XXXX with Portfolio Recovery. Neither my wife nor I have any debts in collections so I don't know why I keep getting these calls. I won't post my cellphone number in this complaint because I don't want PR to know it's a working number. They will keep calling it unless stopped by your agency. 

I've worked as both a credit counselor and a bankruptcy counselor so I know not to engage with these people. I don't answer any of the calls and none of the callers have left a message. These are most likely robocalls. I block every phone number this company uses and but it must have an unending supply of phone numbers from different states to use. PR is based in Virginia and to the best of my knowledge there are no offices in my state."
6668145,Student loan,Dealing with your lender or servicer,FL,2023-03-08,"After waiting a full year for my student loans to transfer from XXXX XXXX to Mohela then an additional 3 months to have my employment certified to reach 120 qualifying payments, I am now having to wait an additional 3 months for Federal Student Aid to review and approve my PSLF. 

Waiting an additional 3 months for loan forgiveness after reaching 120 qualifying payments is very unfair. The PSLF program is suppose to forgive loans after 10 years, not 10 years and 3 months."
6649833,Student loan,Dealing with your lender or servicer,OK,2023-03-06,"I can not get ahold of anyone at MOHELA. Calls placed are never picked up, but will be placed on hold for extended periods of time ; in my experience, up to two hours. I have called MOHELA repeatedly and never been able to speak with anyone. They are responsible for serving all Federal loans and I can not get through to speak to anyone who works there regardless of when I try. They excluded a PSLF-eligible employer from my student loan payments and I can not get more information on how to rectify. All I can do is log into their website ; I have no means to get this issue resolved or to even begin asking questions. I have no recourse and MOHELA is actively working against me as a customer."
6641367,Mortgage,Trouble during payment process,TX,2023-03-02,"I currently have loan with Flagstar bank and they are saying that I had a lapse in insurance coverage. I never had a lapse in coverage and provided them all the paperwork showing this. They added a XXXX fee to my Escrow which I have never had an Escrow accounting because we did 20 % down when we bought the house.

I called them on the XXXX and provided them all the documents the same day. The fee has not been removed and I was forced to pay it today so I would not be charged a late fee or interest affected for paying late."
6636818,Mortgage,Trouble during payment process,TX,2023-03-03,"I have written the loan servicer numerous times to provide verifiable validation of debt and to prove they are the rightful note holder. I have agreed to pay once this information is accurately provided. They have not responded properly with verifiable information which has led me to believe there is no note and they have committed mortgage fraud. 


Regards, Without Prejudice/ Without Recourse"
6639489,Debt collection,Communication tactics,ID,2023-03-02,Was contacted by Portfolio recovery on XX/XX/23 about a potential debt owed to XXXX XXXXXXXX. I told them I was not aware of such debt and asked them to please send me proof of this debt and gave them my mailing address and asked them to not contact me via phone again. They called again on XX/XX/23 and I again told them I already requested proof of this debt and to stop contacting me via phone. They called again on XX/XX/23 and I refused to answer.
6632923,Checking or savings account,Managing an account,CA,2023-03-02,"The essence of my complaint is that my CONFIDENTIAL account information was provided by PACIFIC PREMIER BANK to an outside, unrelated third party which caused a deposit of funds into my account that were not mine. 

Following this, the problems ensued trying to return the money to the rightful owner, which rather than facilitate the return, Pacific Premier Bank made the situation worse and delayed the return of funds for nearly one month. During this time, Pacific Premier Bank froze my business banking checking account and prevented access to my funds. 

This was compounded by the gross negligence of illegally freezing my account for three weeks! 

After this experience, I moved to a different bank and incurred costs for the change to a less desirable bank that is further from me. In addition, I incurred {$1300.00} of costs ( {$1000.00} legal expenses ) to resolve this matter."
6632984,"Credit reporting, credit repair services, or other personal consumer reports",Incorrect information on your report,MA,2023-03-02,XXXX XXXX XXXX is reporting a collection account that not only doesnt belong to me. It shows debt buyers account for account type it also has a date opened of XX/XX/XXXX with a delinquent date of XX/XX/XXXX Im not sure how an account can be delinquent 2 years before it was supposedly even open Midland Credit Management is also reporting inaccurate Information that does not belong to me Also reporting as a debt buyer with a date opened XX/XX/XXXX and a delinquent date of XX/XX/XXXX 1 year prior to questioned account being opened
6627913,"Credit reporting, credit repair services, or other personal consumer reports",Incorrect information on your report,NJ,2023-03-01,"2018 was given a modification by using AFFORDABLE HOUSING AGENCY IN XXXX NJ, XXXX RECORDED THIS MODIFICATION AS A FORECLOSURE! AS A RESULT, A NEGATIVE REMARKON MY CREDIT FOR MAKING LATE PAYMENTS HAS NOT BEEN REMOVED BY XXXX."
6655258,Credit card or prepaid card,Problem with a purchase shown on your statement,CA,2023-03-06,"A Capital One account was opened using my information, I was unaware of this account until I began trying to repair my credit. That is when I saw this account I never even recall opening. I have notified the credit bureaus of this fraud. I have already filed a police report regarding this account, as well as others included in this identity theft."
6639545,Credit card or prepaid card,Problem with a purchase shown on your statement,CA,2023-03-02,Was contacted by company stating I was past due on payment. Notified them that I have not used card since previous one expired in 2020. I had never received another card nor activated one. The person I spoke with would not listen as I explained I have made no charges and kept interrupting me to ask for a payment. I again explained that these are not my charges but again was told to make a payment as if they were reading off a script and not listening to me. I will not make payments on charges that are not mine on a card I have NEVER received and NEVER activated. And I didn't even hear from this bank until months after they claim there were charges. Plus this is a different bank then the one from when I originally opened the account. I refuse to pay charges that are not mine and this is a TERRIBLE company that will not listen when I explain these are not my charges. I've had impeccable credit & would have no reason to randomly jeopardize it now but I will not be bullied by horrible companies with no customer service demanding payment from me on unauthorized charges.
6646371,Mortgage,Trouble during payment process,NE,2023-03-04,"My insurance company ( USAA ) who is insured by XXXXXXXX XXXX questionably raised my premium by 600 % during covid-19, forcing my mortgage company XXXX XXXX XXXX XXXX, who is insured by XXXX XXXX , to nearly triple. USAA applied false claims to my insurance hence given reason for a premium increase. 

I found out about the false claims being added to my insurance record through another insurance company. I immediately call USAA to get this resolved. They took off several of the false claims but stopped cooperating with me afterward. 

All cost would later be passed on to me through the XXXX, mounting upto an additional $ XXXX in total. Now I owe more for my home than the original load price. 

I'm a XXXX XXXX XXXXXXXX veteran facing losing my home because USAA adding false claims to my insurance during COVID 19. I'm going to lose my home, if something isn't done quickly."
6659828,Credit card or prepaid card,Problem with a purchase shown on your statement,GA,2023-03-07,"I checked in to the XXXX XXXX XXXX on XX/XX/23 and checked out on XX/XX/23. The hotel double-charged my card in the amounts of {$170.00} and {$220.00}. The correct amount from the hotel is {$170.00} which is now showing complete ; however, the {$220.00} is still showing pending. I have asked CashApp to release the {$220.00} over 10 times now. I have submitted the final bill from hotel showing the {$170.00} being paid in full. I also submitted letter from the hotel stating my bill is paid in full of the {$170.00} and the letter also requested that they release the hold of my funds. CashApp still has not released the funds and have hung up on me 3 times. They have been extremely RUDE and argumentative with me aboue MY money!"
6638224,Checking or savings account,Managing an account,NY,2023-03-02,"Chase authorized a check in the amount of {$9900.00} to a person who I did not write the check to. I wrote the check to a company and the check was cashed by somone else with an account with XXXX XXXX XXXX. Chase acknowledges that the payee is different than who I wrote the check out to. However, they are not refunding the funds stating that they are waiting for XXXX XXXX XXXX to refund the funds to them first. Its been over 6 months."
6640104,Checking or savings account,Managing an account,NY,2023-03-02,I have a checking and savings account with Bank of America. I recently purchased a car and had to transfer funds to my checking account. Being I passed the limit of transfers they charged me a fee of XXXX. Plus XXXX in withdrawal fees. I called the bank and asked if they could credit my account back the fees. I explained it was my money and I didnt think it was fair to charge a fee. The individual refused to credit my account. Explained the charges were correct. I know if I had a substantial amount of cash in their bank it wouldnt have been a problem. I want my feed back.
6661546,Credit card or prepaid card,Problem with a purchase shown on your statement,FL,2023-03-07,"A Victoria SecreXXXX Credit Card was reported stolen by perpetrator. This person called into Victoria 's Secret CC ( Comenity Bank ), changed my address, & email & had a card reissued to the address they provided once the card was physically received, they made purchases in person at Victoria 's Secret and their affiliate store, XXXX XXXX XXXX XXXX. According to VS FRAUD Dept, they were able to verify my DOB & last 4 of social in order to commit these fraudulent transactions. 

These transactions amounted to {$1600.00} ; they are 3 different transactions in the month of XX/XX/2023. I have opened a case today with Victoria 's Secret CC bank, Comenity ( no case # has been assigned yet ) & a police report with XXXX Police Department."
6676055,Credit card or prepaid card,Problem with a purchase shown on your statement,DE,2023-03-10,"Citi Bank admitted in their XX/XX/XXXX letter that they did not receive Documentation from the Merchant during the Dispute Resolution Timeframe stated in my Home Depo Credit Card Agreement of two billing cycles. They billed me after the 2 Billing cycles for the same Purchase of {$2900.00}. 
They also did not apply the advertised 24 Month Promotional on the original purchase date of XXXX, XXXX."
6632539,Credit card or prepaid card,Incorrect information on your report,FL,2023-03-02,"Every month synchrony bank report to every credit report agency ( XXXX, XXXX and XXXX ) that payment is due, late or delinquent on payment. Company Reporting late payment on credit report are illegal : under 15 U.S. Code 1681a ( 2 ) Exclusion consumer report does not include ( i ) report containing information solely as to transactions or experiences between theconsumerand thepersonmaking the report. Meaning everytime synchrony bank report a late payment on consumer report is a violation of {$1000.00} under 15 u.s.c section 1681n"
6633599,Checking or savings account,Managing an account,AZ,2023-03-01,"Ive been a Robinhood customer for years with a cash management account. I recently had to dispute a charge on my debit card and support would not initiate my dispute for almost a week. In this time, they limited my ability to request live support ( chat and phone ) through the app. My only option was to submit a ticket via email. 

It has been almost a month and this issue persists. I reached out to support today and representative XXXX informed me that they cant give me access to live support at this time but I may be able to establish rapport with them to enable this later on. 

This is absolutely ridiculous and against their obligations as a financial institution. As a banking customer, it is my right to be able to contact support through any channel I want to, whenever I need it. Its not a privilege that can be revoked and held over my head with conditions. 

Robinhood Money LLC is acting unethically and I do not trust them to hold any of my funds or assets. I need access to live support through ALL channels on my account to be reinstated promptly and permanently."
6643521,Mortgage,Trouble during payment process,TX,2023-03-03,"Last year I was awarded 100 % XXXX from the VA. Because of this, I no longer pay property taxes in Texas on my homestead property. In early XXXX I was notified by XXXX XXXX that my mortgage servicer had requested this information and had received it. In early XXXX I notified Freedom Mortgage that I had changed insurance companies and that bill lowered from $ XXXX to $ XXXX and I was seeking for the mortgage/escrow to be adjusted appropriately. 

I sent another message a week later ( after no response ). Last week they notified me that my payment would be adjusted in XXXX ( it has been ). In XXXX, the balance of my escrow was {$4800.00}. New insurance was paid for ( - {$1300.00} ) so the balance should have been {$3500.00} of which I requested be refunded. 

It is now XXXX and the escrow account shows that it is low, there is no disbursement note on the account, and I have not received return of my funds. Company has not responded to my email as of this time."
6657078,Mortgage,Trouble during payment process,NY,2023-03-06,"Wells Fargo charged me late fees when I changed my auto debit. I received a warning that I was going to make a double payment when I was only going to make a single payment, so cancelled the payment. Then my payments were a month behind because of their online warnings. They did not reach out to let me know until I saw the issue online. When I had tried to check things earlier in the month their online system was down. They refused to eliminate XXXX late fee of XXXX. They said I could call back in XXXX  year to have it eliminated. They did not take responsibility for the alerts their system generates nor their poor communication. They did not inform me I was behind. They refused to document what they told me on the phone in writing."
6634757,Mortgage,Trouble during payment process,VA,2023-03-01,"I have mortgage through Loan Depot. I have never missed a payment. For two months, I split the payment trying to save on interest. I was informed that I could not do that without prior permission. On 3 different occasions, I called their customer service to fix the issue. All three times I was told the issue had been resolved, the monies transferred from principle payment back to mortgage payment, however, I keep getting notifications that I am XXXX delinquent, which I can prove I am not, AND I keep getting charged with late fees. 

I filed a complaint with the XXXX XXXX XXXX ( # XXXX ), but Loan Depot isn't doing anything to fix the situation. They said the called me, which not true at all and when I call the escalation number they sent, nobody every answers and nobody calls me back. 

I need someone to help me, I can't affort to throw away {$1300.00} because this company is bad at math."
6634204,Debt collection,Communication tactics,MD,2023-03-01,"XX/XX/23 - Received a phone call from XXXX asking to speak with XXXX XXXX. Informed person that they have the wrong number and that I've received multiple phone calls in the pass from this number asking to speak with the same person. I've explained I am not XXXX XXXX and that the number they have on file is incorrect. In addition, I have asked repeatedly to remove my number because this is also my work number."
6632561,"Credit reporting, credit repair services, or other personal consumer reports",Incorrect information on your report,AL,2023-03-02,My personal information can't be verified denied me annual report update Experian credit report they refuse to up my credit score instead keep getting denied credit cards an loan 's due unfair credit report agency illegally fraudulent activity
6634517,Checking or savings account,Managing an account,TX,2023-03-01,I had disputed a charge with Bank of America over 130 days ago their policy on disputes and redisputes give a timeframe of up to 90 days it has been over 130 days with no response or resolution on the dispute despite me sending in supporting documents multiple times
6634747,"Credit reporting, credit repair services, or other personal consumer reports",Incorrect information on your report,CA,2023-03-01,"Chrysler Capital is reporting an account on my report that is not accurate. The account is for XXXX, and the terms were for 80 months. The account shows five months of harmful activity, but I never had an account for this amount with Chrysler credit, and they can not provide proof that such an account exists. I asked ten times for them to remove this account, but they have not done it, so I am complaining about this inaccurate account. The account number is partially XXXX, the amount is XXXX, and the date opened was XXXX. Please have this company remove this account. I did not sign any contracts, and no such paperwork supports this amount."
6632604,Credit card or prepaid card,Incorrect information on your report,FL,2023-03-02,"Every month capital One report to every credit report agency ( XXXX, XXXX and XXXX ) that payment is due, late or delinquent on payment. Company Reporting late payment on credit report are illegal : under 15 U.S. Code 1681a ( 2 ) Exclusion consumer report does not include ( i ) report containing information solely as to transactions or experiences between theconsumerand thepersonmaking the report. Meaning everytime Capital One report a late payment on consumer report is a violation of {$1000.00} under 15 u.s.c section 1681n"
6632589,Mortgage,Trouble during payment process,OR,2023-03-02,"My mortgage was sold to BSI financial. They were horrible from day one. They were late to notify on how to make payments to them. They didnt send me a welcome package on how to navigate their website or how to create a log in. I called them when my first payment with them was due and the lady on the phone sounded like she had 3 kids making lunch and was short and rude on the phone. 
Now I got a check from them which I assume is the escrow portion of my payments for my property taxes. Or maybe my insurance. Its ridiculous why would I pay an escrow to have the money sent back to me. What if my taxes are late or my homeowners is late?"
6688063,Student loan,Dealing with your lender or servicer,CO,2023-03-13,"I requested a review of my account after receiving Public Service Loan Forgivness in 2021. I have all of my documentation ready to send in and they will not respond to my email about where to send it. They have an email address to respond to in their base email about my request, but I have sent 3 emails and also spent almost 2 hours on the phone on a wild goose chase trying to call all the lenders for a contact person to send this to."
6655006,Credit card or prepaid card,Problem with a purchase shown on your statement,AZ,2023-03-06,"On XX/XX/XXXX I used Discover credit card to purchase a 6 month vehicle insurance policy from XXXX insurance in the amount of {$570.00}. 
On XX/XX/XXXX i realized that i had been charge twice in the amount of {$1100.00} dollars by XXXX insurance after looking back into my Discover credit card E-statements dated XX/XX/XXXX thru XX/XX/XXXX. 
i contacted Discover and they opened a claim under case number XXXX, and i contacted XXXX XXXX and they provided a receipt stating that is was not an error from there part that they had only charged once in the amount {$570.00}, there for and error on Discover card services. 
I have not received a email, or letter as off XX/XX/XXXX with a resolution on this charged on my credit card."
6632606,"Credit reporting, credit repair services, or other personal consumer reports",Incorrect information on your report,DE,2023-03-02,"I received a Hard Inquiry in the XXXX Credit Report for Sallie Mae Bank on XX/XX/2023. I have contacted Credit Card/Credit/Loan/Bank Customer Care and they don't have any application open with my information. I have also tried to contact XXXX Customer Care and they can't help since it's a hard inquiry. 

The following address of the Institution involved was mentioned in the Credit Report : - SALLIE MAE BANK XXXX XXXX XXXX XXXX, DE XXXX ( XXXX XXXX )"
6631500,Credit card or prepaid card,Problem with a purchase shown on your statement,TN,2023-03-01,"On XX/XX/2022, I wrote to Comenity Bank/Victoria Secret to dispute 2 late payments showing on my account. I advised them that I called member service when I got out of the hospital to file a claim with Account Assure as I would be unable to make my payment. I further explained that Account assure failed to make the payments in a timely manner and I should not be penalized for that, I further advised the representative that according to 15 US code 1681a ; Rules of Construction, paragraph 2 exclusions and sub paragraph A subsection I that transactions are not included in the consumer report. 

Comenity refused to remove the late payments from my credit report in violation of the afore mentioned code."
6653724,Debt collection,Communication tactics,KS,2023-03-06,"Constant calls, usually 3 to 5 a day. Regularly violates the 7 in 7 rule. Called my coworkers phone asking for me. One employee I spoke to said like, I just dont understand why you cant pay right now after telling her my first child was just born."
6667139,Debt collection,Communication tactics,NC,2023-03-08,"I keep getting text and phone calls from this company. I have blocked them and they use a different number the next day. This is what I am getting : Hello, this is our third attempt to locate XXXX, XXXX, If we do not hear from you or your legal representative before the end of business, this will be marked as a direct refusal. Please contact XXXX, at XXXX XXXX using file # XXXX, Thank you CLM If you wish to no longer receive text messages, please reply STOP."
6632734,Mortgage,Trouble during payment process,IL,2023-03-02,"Plaza Home Mortgage has threatened on two occasions, to charge me approximately {$380.00} for supposedly not having homeowners ' insurance from XX/XX/XXXX to XX/XX/XXXX. I've called this company a total of four times in an attempt to correct the issue. However, when a supervisor is requested, they claim one is "" not available ''. Their representatives are rude and unprofessional. I believe this irrational and illogical threat letter is retaliation for having filed previous complaints against this company with CFPB. I had insurance coverage from XX/XX/XXXX - XX/XX/XXXX, and I did not close on the home until XX/XX/XXXX, so I do not understand why this company is sending threatening letters when at the time, I did not even have possession of the property. 

This mortgage servicer is wholly and entirely incompetent. I request CFPB investigate this mortgage servicer in order to determine if they are retaliating against me for previous CFPB complaints filed against them. I have attached all relevant documents to this complaint."
6634559,"Credit reporting, credit repair services, or other personal consumer reports",Incorrect information on your report,MD,2023-03-01,"This will continue to be reported on my credit report and affect my score. Also shows open accounts when not open and reports monthly. 
This has a huge impact on me and my future, can this be resolved and taken off my credit"
6635008,Checking or savings account,Managing an account,MO,2023-03-01,My Discover Bank account was closed and I need to get my money back. Someone from the bank called my wifes phone which was not attached to this account. Told her their was suppicious activity on the account. She said she had no Discover account. Needless to say Discover closed my account under suspicion of fraud. I called and they keep telling me I can not get the money back. The State has to get the money for me.
6660649,Mortgage,Trouble during payment process,NJ,2023-03-07,"I am receiving letters from Wells Fargo stating that I am 5 months behind in my mortgage payments. This is not true. I've checked my account and I have faithfully been paying my mortgage every month. I pay using their mobile banking app and I double-checked and I have receipts for the mortgage. But, their app is not showing the correct balance. They are also still referencing my ex-husband 's bankruptcy in the letters as well. Wells Fargo told me that they would stop doing that, that they recognize in their records that I am the one making the payments. Please make this stop."
6652947,Mortgage,Trouble during payment process,WA,2023-03-07,"On XX/XX/2023 We contacted Lakeview Loan Servicing. We requested a payoff for our house. We contacted them again on XX/XX/2023 requesting payoff. We contacted them a third time on XX/XX/2023. No one has any information for us regarding payoff. Legally how long do they have to provide payoff amount and instructions for payment? At this point I feel like they are not giving us a straight answer. 

Please provide guidance. 

Thank you, XXXX and XXXX XXXX XXXX XXXX"
6711517,Student loan,Dealing with your lender or servicer,AL,2023-03-17,"XXXX, XXXX XXXX XXXX with Navient has contacted my employer and has attempted to harass me and my employer. He wants my employer to call him and to send him personal information on me. In an attempt to get them to put pressure on me or possibly fire me. This tactic is unprofessional and unethical. Please stop Navient from using these bullying techniques on Alabama employers and employees. 

Thank you, XXXX"
6665650,Credit card or prepaid card,Problem with a purchase shown on your statement,NV,2023-03-08,"I went to The XXXX XXXX of Nevada for a sleep study. There was an agreement for me to pay six ( 6 ) equal payments on the XXXX of every month for {$89.00}. For two consecutive months they billed me twice on or about the same day. When I noticed it, I disputed the second charge. The credit card stated they sent me a notice saying that the merchant responded and they required additional documentation. Even in my online account, it says two notices but there is only one. The second notice, I did receive and responded providing the contract of the payment arrangement. I am still waiting for a result by XXXX of XXXX  My issue is the first one, I never received notification because I would have provided the same document."
6640380,Checking or savings account,Managing an account,TX,2023-03-02,I was trying to buy something from XXXX and then a message on my phone claiming to be XXXX  and at that time I didnt know it wasnt XXXX and they said that they need my information so they could deliver the packages and I didnt think much of it until the first of XXXX and I called the bank and told them what happened and they said they would handle it.
6641194,Checking or savings account,Managing an account,MA,2023-03-02,"Ally Bank has frozen my checking account on two separate occasions claiming to have reopened and investigation about my attempts to transfer funds to my sister.

The matter was already investigated, access restored and then frozen, again XX/XX/2023 Repeated attempts to contact AllyBank fraud department has been hang up on by Ally staff, after waiting in cue 10-30 minutes Repeated denial of information regarding access to my funds. Ally has not provided any written explanation for their freezing of my accounts, other than to tell me that's what I signed up for in my online banking agreement.

This ability to freeze my accounts has not been fully disclosed to me during sign up for the account."
6704078,Student loan,Dealing with your lender or servicer,TX,2023-03-16,My school closed down and my payments went into forbearance and I had been making payment but since I didnt graduate I dont believe I should be responsible for paying the XXXX I have in school loans for that school. I need help.
6642648,Checking or savings account,Managing an account,PA,2023-03-03,I went to open an account at another bank XXXX XXXX They declined me because of error at an old bank I was unaware of until I inquired about the issue. Apparently someone tried to charge something to my forrmer account which had a balance of {$17.00}. First National Bank of PA declined the charge and charged fees on the overdraft. I called them today and they referred me to some collection agency where they placed the charges. I called them twice and they cut me off.
6634814,"Credit reporting, credit repair services, or other personal consumer reports",Incorrect information on your report,FL,2023-03-01,STATUS The complaint was closed on XX/XX/2023 The CFPB closed this complaint because it has already processed your earlier complaints about this problem. You closed the report as usual and DID SQUAT! HOW PITIFUL!
6634368,Mortgage,Trouble during payment process,FL,2023-03-01,"This is our 5 th, Complaint about Wells Fargo Home Mortgage mismanaging our home loan. After receiving our XX/XX/2023 bill for {$1800.00}, we paid {$1900.00} dollars. then for our XXXX bill 2023, we noticed that our payment was Unapplied towards the loan. For almost a year we had the same problem with Wells Fargo Home Mortgage Un applying our funds towards our loan which resulted in Wells Fargo Home Mortgage filing an unlawful foreclosure on our home causing us to hire an attorney for Wells Fargo mismanaging our loan, ( which Wells Fargo had the foreclosure dropped ) but funds were unnecessary spent for Wells Fargo mismanagement, now in XXXX 2023, We are having the same problems with Wells Fargo."
6691859,Student loan,Dealing with your lender or servicer,MI,2023-03-15,"I've been having tons of issues dealing with Mohela for the PSLF loan forgiveness. I've submitted multiple forms, W2s, and other related documents they asked me for to still say it's not correct. I've been put on hold for a manager for over 2 hours. They need to be federally investigated because obviously they're playing with students livelihood. If they're not going to service students accurately and give the right information then they need to give it to another provider who makes sure to give us the right information and actually follow up with correspondence. They do not say anything to us and we get no where when we call them. I hope you can help me. 

All my pslf count is incorrect and I've been trying to get this fixed since XX/XX/XXXX. 


After being on hold for 2 hours and 15 minutes after I was promised a manager it hung up. All of this happened in XX/XX/XXXX"
6632167,"Credit reporting, credit repair services, or other personal consumer reports",Incorrect information on your report,OK,2023-03-01,"Experian Report # XXXX. 
XXXX wireless XXXX Is not my account. This account pertains to someone else with a common name like mine. I have never received notification of this debt nor the opportunity to dispute. This is falsifying information on my personal account that can affect my employment."
6633132,Credit card or prepaid card,Problem with a purchase shown on your statement,CA,2023-03-02,"XX/XX/XXXX Bank 's name : Synchrony Bank XXXX XXXX. XXXX  XXXX XXXX, FL XXXX XXXX. TJX Rewards Platinum Master card XXXX ( old card No. ), XXXX ( new card No. ) Some one unauthorized use my credit card XXXX XXXX XXXX XXXX ( old card ) for 11 transactions in the period of XX/XX/XXXX - XX/XX/XXXX for the amount {$810.00}. I called the bank and they issued me a new card No. XXXX XXXX XXXX XXXX and transfered the balance for those unauthorized usage and interests, However, they only gave me the credit for 3 transactions in the amount of {$220.00} and keep on charging me interests for the unauthorized usage on my card. 

I called them and sent certified mail but up today they did not honor the full credit but bit around the bush when I called. Finally XX/XX/XXXX they sent me a letter and approved but up day they still did not credit back {$1100.00} in full that include the amount of unauthorized usage and interests charge for the unauthorized usage. 

This matter has been over 11 months, Thanks for your help. 

XXXX XXXX XXXX XXXX XXXX"
6632733,Checking or savings account,Managing an account,PA,2023-03-02,"Back in XXXX XXXX CFPB helped get my stimulus money returned from TD bank. I have a {$68.00}. XXXX XXXX XXXX deposited {$850.00} into a closed account. They used the original card I used at the hotel. XXXX cashed in a {$4700.00} certified cashiers check, and the bank still hasn't returned my XXXX XXXX refund. The refund was sent XXXX XXXX XXXX XXXX is the manager at XXXX  and XXXX sent the funds to closed TD bank account. your agency got my {$600.00} returned td bank is criminal they still haven't paid me my money from XXXX. They're at fault for not verifying that certified bank check and allowed it to come through. There were three refunds sent to the td bank account. 
XXXX did fraud she didn't close the account in XX/XX/XXXX the funds from TD went to it they also kept that. I'd like my XXXX XXXX  refund returned. TD bank is criminal fraud."
6636373,Checking or savings account,Managing an account,NY,2023-03-01,"On XX/XX/2023, I filed a claim in the amount of {$180.00} for an ATM withdrawal. The ATM didn't dispense any cash and it read "" error. '' Unbeknownst to me, my account was debited the entire amount. I explained the entire situation to a claims representative and I was told to wait for the investigation to be completed. However, my claim was ultimately denied. I am now out of my money and there is nothing else I can do besides file this complaint in hopes of getting this resolved in my favor. I've provided as much information as possible, but I have been unsuccessful at getting my funds returned. I work very hard for my income and I'd appreciate a thorough investigation into this matter."
6633389,Credit card or prepaid card,Problem with a purchase shown on your statement,FL,2023-03-02,"Submitted a timely dispute to XXXX XXXX the vendor that handles billing disputes for Alliant. Specifically, it is for a charge dated XX/XX/22, XXXX, {$480.00}. The merchant provided a faulty light fixture that is buzzing. The merchant was notified, the merchant has not rectified the issue. Also, I had to pay an electrician money out of my pocket to install a faulty light fixture. Significant supporting documentation has been attached to justify my billing dispute chargeback."
6638086,Credit card or prepaid card,Problem with a purchase shown on your statement,GA,2023-03-02,"1. Issue number one is that XXXX billed my credit card without my authorization. The Department of Veterans Affairs ( VA ) has been paying for my XXXX subscription for the past two years. I tried to renew through the VA for 2023 but XXXX told me that I could not renew my premium account while it was still active. I was not planning to renew out-of-pocket because I could not afford it. However, I had forgotten that XXXX had my credit card number from a prior subscription. XXXX billed that credit card and has refused to reimburse me. This is a joint credit card with my wife being the primary user. My wife, XXXX, filed a dispute with Ollo Card Services but the dispute was denied.

2. Issue number two is that Ollo Card Services submitted this information to the Credit Bureaus which caused our credit scores to drop."
6686728,Student loan,Dealing with your lender or servicer,IL,2023-03-13,"I called in XX/XX/XXXX to receive a refund of my payments made to Mohela & XXXX XXXX ( after they transferred to Mohela ). I received a partial refund in XXXX and called to follow up about additional refunds. They told me it would take an additional 30-60 days because of the transfer but did not inform me that no request was ever put in for refunds prior to transfer. When I called back in XXXX of XXXX I was informed the request for the XXXX  refund was not put in on XX/XX/XXXX instead of when I called in XXXX and it would take 60-90 days from that point. No balance has been updated, no refunds have been provided, and my call in XX/XX/XXXX I was informed theres now no timelines. It has been 5 months since my original call and this was clearly an error on their part for not having put in the request for the payments sent to XXXX until a later date without ever having informed me of this."
6653039,Mortgage,Trouble during payment process,FL,2023-03-06,"I previously opened a complaint that was closedXXXX, however the Loan servicer still has not fixed the account. 
Loan was transferred to Lakeview Loan Servicing XX/XX/XXXX. 
Payment was made to XXXX on XX/XX/XXXX and transferred to Lakeview Loan Servicing in amount of {$3200.00} Payment to Lakeview Loan Servicing XX/XX/XXXX for {$1700.00} Payment to Lakeview Loan Servicing XX/XX/XXXX for {$1700.00} Next due date was XX/XX/XXXX for {$3200.00} paid by previous two payments with an overage of {$100.00} to go as Principal only payment. 
Payment to Lakeview Loan Servicing XX/XX/XXXX for {$1700.00} Payment to Lakeview Loan Servicing XX/XX/XXXX for {$1700.00} Next due date was XX/XX/XXXX for {$3200.00} paid by previous two payments with an overage of {$100.00} to go as Principal only payment."
6646455,Checking or savings account,Managing an account,CA,2023-03-04,"My card was left/stolen at XXXX XXXX in XXXX CA XXXX XX/XX/23 and then used the same day at some places in XXXX XXXX XXXX CA which is about a XXXX XXXX XXXX from XXXX ( where I currently live ) I reported the transactions as fraudulent and canceled the debit card around XXXX that day as soon as I noticed the transactions around XXXX. The dispute ended up being filed as my transaction which isn't true, and $ XXXX is a lot to be missing, when I check my bank the transactions were made through my debit card without a PIN number which is proof it wasn't me and the bank claims it was me because they were made through chip contact despite me having filed my debit card as missing/stolen."
6694727,Student loan,Dealing with your lender or servicer,IN,2023-03-14,"I have more than XXXX payments that qualify for the PSLF program. My servicer, MOHELA, processed this paperwork in XXXX, but they only applied the information to some of my loans. My account currently shows that I have over $ XXXX of loans with XXXX payments. This is incorrect. I have lost track of the number of times I've called. In my most recent call, in XX/XX/XXXX, I asked if MOHELA needed anything from me to update these payment counts. The representative said, "" your account is good '' and "" just give it time. '' They promised that the counts would be updated after the first of the year. We are now approaching the second quarter of XXXX, and there has been no update on my account and absolutely XXXX communication from MOHELA. 

The problem is that MOHELA does not process paperwork accurately and does not communicate factual information. My loans should have been forgiven long ago, and I do not understand why MOHELA is being paid to process loan forgiveness when they are not doing their job."
6643080,Student loan,Dealing with your lender or servicer,GA,2023-03-03,I submitted XXXX on XX/XX/XXXX for 3 employers. On XX/XX/XXXX I received a letter saying that 2 of my employers had been certified. I did not receive any information on my 3rd employer ( XXXX XXXX XXXX XXXX. All 3 ECF 's were submitted and received as one PDF so they all should have been reviewed/approved. I called on XX/XX/XXXX and asked about the 3rd ECF. They said that it was reviewed and denied on XX/XX/XXXX which was when account was tied up in consolidation so it caused an issue. She said that she saw no issues with the ECF and would put in for review within XXXX business days. I waited XXXX business days as well as 90 business days from original submission on XX/XX/XXXX and have not received any information on this ECF ( including information when it was denied on XX/XX/XXXX ). This was my longest employer and would have ensured employment verification for PSLF. It appears that MOHELA did this as a delay tactic to delay forgiveness.
6660223,Student loan,Dealing with your lender or servicer,IL,2023-03-07,"Firstmark Services manages the servicing of one of my student loans. I have monthly automatic payments set up which covers the standard monthly principal, interest, and any fees. Over the last several years I have been making extra payments over time in order to pay down the loan faster. Upon discovering that these extra payments have been applied as a "" regular payment '' instead of extra payments towards the principal balance, I called the customer service department and requested that they make a correction and apply the extra payments as payments towards the principal. I was told that I can not do that and that all the extra payments have been appropriately applied ... as a "" regular payment ''. 

Prior complaint 's response from the company failed to include a proper attachment. Please respond directly."
6634994,"Credit reporting, credit repair services, or other personal consumer reports",Incorrect information on your report,VA,2023-03-01,"My personal information on my credit report is inaccurate, addresses need to be removed -15 U.S. Code 1681 section 602 ( a ) ( 4 ) There is a need to insure that consumer reporting agencies exercise their grave responsibilities with fairness, impartiality, and a respect for the consumers right to privacy.

-15 U.S. Code 1681 section 611 ( a ) ( 1 ) Reinvestigation Required -15 U.S. Code 1681 section 616. Civil liability for willful noncompliance -15 U.S. Code 1681 section 623. Responsibilities of furnishers of information to consumer reporting agencies ( a ) Duty of Furnishers of Information to Provide Accurate Information"
6667741,Debt collection,Communication tactics,TX,2023-03-08,I applied for a job with XXXX XXXX  XXXX  XXXX i was told by the instructor that i failed the training and was dropped from the program later i get constant threatening phone calls threatening to put it on my credit report that i owe XXXX XXXX dollars for sub par truck driving training on trucks that are not legal to drive on road bad brakes bad tires not safe i never signed any of the debt collections documents or liberty career finance complete forgery lies of employment offer free cdl on the job training complete bait and switch scam and they will not stop calling at all hours threatening legal action
6639519,Debt collection,Communication tactics,NJ,2023-03-02,MCM or midland credit management has now called me back to back within 2 seconds of each other 2 days in a row. Both times i answered they asked for myself and the call ended. At this point i am feeling harassed and i believe this is a violation considering both times i answered my phone and they asked for myself. This is also not including the other days that they called me this week. I am going through a hardship currently and this is just adding more and more stress with the back to back calls harassing me which is adding more stress. I attached all calls that i have gotten from Saturday XXXX XXXX XX/XX/XXXXXXXX XXXX
6642456,Student loan,Dealing with your lender or servicer,FL,2023-03-03,""" On XXXX XXXX, 2022, the XXXX signed the Joint Consolidation Loan Separation Act to authorize borrowers to separate joint consolidation loans ( also referred to as spousal consolidation loans ). Once the joint consolidation loan is separated, each spouse would only be responsible for their portion of that previous loan. '' I have 2 loans, one is mine and the other belongs to my ex spouse. In order for me to be able to make fair payments to my loan the loans need to be separated. My ex spouse never made any attempts to pay any portion of his student loan. I asked my servicer AES to please provide updates regarding this signed law. They told me that there was nothing on file showing the spousal consolidation law was approved, let alone my qualification. I am one of the class members and am still waiting for this to show in my records and for AES to properly acknowledge and take proper action regarding this matter. It has been 5 months and there has been no information from the servicer."
6653639,Mortgage,Trouble during payment process,OH,2023-03-06,I have currently tried on multiple occasions to contact mortgage company with no success. I have asked to not be on forebearence as well as to take off mortgage and hazard Insurance as i have provided documents through email and fax through western reserve. I have not been able to contact due to them ending my call when being transferred. I am asking Amerihome mortgage XXXX to take off mortgage insurance and no forbearance on our loan.
6642816,Checking or savings account,Managing an account,VA,2023-03-03,"See attached letter and supporting documents on my attempts to resolve this issue. 

I have already submitted Complaint Number XXXX and it has been closed by CFPB but the issue has not been resolve. I am submitting another complaint against Bank of America now because they told XXXX XXXX that they would reopen the case and provide a response in seven to ten business days from XX/XX/2023 and we have not heard anything ( pass the buck ). 

This is so unfair, frustrating and my next steps will be notifying XXXX XXXX for help and filing a lawsuit."
6633557,"Credit reporting, credit repair services, or other personal consumer reports",Incorrect information on your report,PA,2023-03-01,"I reviewed my Consumer Reports and noticed that I had a few late payments on an account that I was never late for. Consumer Reporting Agencies have assumed a vital role and have a responsibility by law, to report Consumer information to the best of their ability with Maximum Accuracy. I have never been late on payments for the the following accounts. 

Account Name : XXXX XXXX XXXX Account Number : XXXX Please investigate and provide valid Proof with statements showing that these payments were late. If Valid and substantial proof can't be provided I demand these payments be updated to on time as they should be, as I was NEVER Late. Thanks for your prompt time. 

Signed : XXXX XXXX"
6651304,Mortgage,Trouble during payment process,CA,2023-03-05,"My insurance company sent proof of insurance to Wells Fargo in XXXX, Wells Fargo claimed they never received it and sent threatening letters. I called them, spent hours on the XXXX XXXX and with an agent that was useless. I resent all insurance evidence again through upload, fax and email. The process repeated in XXXX, XXXX and XXXX. Each time Wells Fargo emailed me that they received evidence and all is good, then the threats repeated. They just sent a bill charging me {$1800.00} for new insurance. I cant get through to a human, just robots."
6642934,Checking or savings account,Managing an account,MD,2023-03-03,Hello so I visited PNC bank in XXXX XXXX and was discriminated on and not giving any of my money when I called before coming and the funds were available. I called the customer service number and the women said I dont know they are not giving you your money its available so I called the supervisor over at XXXX XXXX to tell her what the customer service lady said and she got frustrated and hung up on me and refuse to answer any called after that. I went to any branch and was treated kindly and even giving more money than she initially stated. She got caught in a lie and made me feel really bad. Excuse after excuse and I had no gas with my baby in the car. XXXX thank XXXX the other branch helped but it was a bad day. I believe she judge me for being XXXX with such large amount and made up lies to not get me any money
6671437,Student loan,Dealing with your lender or servicer,MN,2023-03-10,"I have been waiting over 6 months for my refund from Mohela. I called them on XX/XX/XXXX to request a refund for payments made during the payment pause, they told me it would take 45-60 days. I called back after 60 days and they told me that they resubmitted my request on XX/XX/XXXX and that it would be another 45-60 days. Ive called back several times and no one can give me an answer why I still havent received my refund. Now, within the past month, my account has increased because its showing that interest has accrued."
6635846,Student loan,Dealing with your lender or servicer,UT,2023-03-01,"US Dept of Ed Borrower Defense Dept. has finally been held accountable for their actions. The judge issued their final decision and the email attached will express that decision. I highlighted the area that they need to pay close attention to. I called Borrower Defense this XXXX in reference to this email sent on XX/XX/XXXX, to remind them they need to make FedLoan Servicing aware that this is now ordered per the court to be removed from my credit. It does not matter that the servicing contract was canceled. They show this on my credit report still and as of XX/XX/XXXX when I ran my credit. It's now time to do their part. Borrower Defense said that they would notate my account. I don't trust them because when I filed my Borrower Defense app in XXXX, they ignored it, sat on it, did nothing and lied to me every time I called. Hence the need for the law suit. Well Sweet vs Cardona was settled in favor of the Plaintiff and it's time to start doing what the judge said! No more stone walling, it's over! Let 's clear the slate!"
6660280,Credit card or prepaid card,Problem with a purchase shown on your statement,PA,2023-03-07,I had 2 credit cards through the same bank. Both cards were charged many time for various amounts of money from some international company that I never authorized. The charges were over {$20000.00} and I am currently in the process of trying to get copies of the statements. The bank that issued the cards erased the statements from my online account. I was going through a health crisis at the time and was not able to dispute the charges. That bank consequently sold the accounts to a collection agency and they directed me to this site to help. I am working on gathering information but seem to be unable to do so now that a year has passed.
6634226,"Credit reporting, credit repair services, or other personal consumer reports",Incorrect information on your report,IL,2023-03-01,I am putting in a complaint because Transunion XXXX XXXX XXXX has reported My bankruptcy when in fact my bankruptcy court has given me written proof stating they indeed don't report to the credit bureaus.
6654742,Credit card or prepaid card,Problem with a purchase shown on your statement,KS,2023-03-06,"I made a purchase on XXXX for {$100.00} on XX/XX/XXXX. There was a hold for this amount placed on my account with Venmo When the part of the items shipped on XX/XX/XXXX a XXXX for {$88.00} was placed on my card. When I spoke with Venmo customer service on XX/XX/XXXX, they stated there was also a charge for {$21.00} for the additional items I purchased. 

I called XXXX Customer service and spoke with their customer service by email on the same date and they stated both charges were clear on their side. They also stated the pending charges would be cleared on their side by XX/XX/XXXX. When I reached out to Venmo, they stated they wouldn't do anything about the charges for XXXX XXXX. 

I reached out to XXXX today, XX/XX/XXXX, and they stated that the charges for all of the items had cleared on their end. 

I reached out to Venmo to release the held funds for {$88.00} back to my Venmo account. They refused and stated they would have to wait the full 30 days to refund the held funds."
6665298,Credit card or prepaid card,Problem with a purchase shown on your statement,ME,2023-03-08,22 charges from XXXX - XX/XX/XXXX called them in early XXXX and today XX/XX/XXXX. They said it was a known scam and they would take care of it. Got an bill on an account I did not open called them and said their visa nothing they could XXXX me to XXXX
6669728,Credit card or prepaid card,Problem with a purchase shown on your statement,LA,2023-03-09,"I accidentally paid my credit card twice, and I called them to let them know. I was paying the full balance as of XX/XX/XXXX and balance should've been {$0.00}. 
I called them to notify them that I accidentally pressed pay twice and they said I have to call my bank after the charge is made. When I saw it on my bank statement, I checked my credit card and found they credited the extra charge to my account. The problem was, that the {$3100.00} they should've credited, was now, {$2400.00}! I checked my purchases that I made last night, and they added up to about {$270.00}. How could my balance that was credited to my account be {$2400.00}? I tried to check my statements, There aren't any! 
They just show the charges, but I feel that based on my charges and payments, I may have been overcharged since I've owned this card. I don't want to use this credit card anymore. They are dishonest."
6667407,Student loan,Dealing with your lender or servicer,KY,2023-03-08,"I was notified online on XX/XX/XXXX that my XXXX loan payment count was XXXX and my loan balance was now zero. On XX/XX/XXXX that same information was on the Federal student aid website. On XX/XX/XXXX, I received a written confirmation that my loan had been forgiven. On XX/XX/XXXX, I added an online question/complaint to Federal Student Aid concerning the timing of my refund since I was 36 payments past paid in full. The Federal Student Aid website shows my loans were paid in full on XX/XX/XXXX. I continued making payments until XX/XX/XXXX, so I believe that I should have a refund of 30 payments of about {$480.00} each. Six of the payments were zero payments on forbearance. I asked that I receive some confirmation that I would receive a refund and when I could expect that refund to come. I have received no reply from Federal Student Aid and MOHELA says its all in the hands of the Dept of Ed/Treasury/Student Aid . ( who knows ). Its now over 60 days, and Ive still not heard anything. I just want someone to respond and confirm."
6636114,Checking or savings account,Managing an account,NY,2023-03-01,"I opened up this checking account on XX/XX/XXXX, for the bonus promotion. I deposited {$50000.00} 2 weeks later and held the deposit in there for over 60 days ( which was required to get the bonus ). I should have received a {$1000.00} bonus per the terms and conditions of the bonus but I have not received anything yet. Please credit my {$1000.00} bonus as the terms stated.

I contacted Citibank and they said that I did not have a W-9 on file. I submitted it again on XX/XX/XXXX through my Business banker XXXX XXXX. Today is XX/XX/XXXX and I still have not received it. Please credit me the {$1000.00} and please waive the next statement 's checking fee since I have a low balance ( due to the fact that the bonus should have been paid already )."
6652406,Credit card or prepaid card,Problem with a purchase shown on your statement,NY,2023-03-07,"Below are the claims that have been denied. Citibank has disregarded my rights under the credit card agreement. The merchant has not honored these purchases as I can no longer access my account for switch I paid for. 

{$54.00} on XX/XX/2023 {$33.00} on XX/XX/2023 {$33.00} on XX/XX/2023 {$33.00} on XX/XX/2023 {$33.00} on XX/XX/2023 {$65.00} on XX/XX/2023 {$33.00} on XX/XX/2023 2023"
6643329,Checking or savings account,Managing an account,AL,2023-03-03,XXXX XXXX OMB controller currency CFPB mortgage loans originator XXXX I have not received any funds or can open any account dealing with my shares in the company people using false information tampering with investment funds trust account giving me problem about setting up weath management account I'm asking if you don't have shares in the company refusing to open my account so I can management my asset stocks an shares personal funds holding on to no body fille any taxes fraudulent sents 2020 who is handling my funds why haven't my wealth management not being provided trust account irrevocable trust grantee requested XXXX XXXX holding fund 's from me illegally activities operation tampering with my account I'm requesting stocks documents someone claimed owner shipp powers of attorney over asset tired getting turn down were is my funds at open my weath management account stop asking me to pay funds already in my broker 's account brokers account need to be open tired fille lawsuits file report tampering with my funds not filling taxes
6643796,Mortgage,Trouble during payment process,IL,2023-03-03,"I purchased my current condo less than 2 years ago. I paid {$12000.00} extra dollars extra to my down payment which leaves my 30 year fixed mortgage scheduled to be paid off a year in advance. In my mortgage center, the total balance is listed at XXXX. However, through Chase, my remaining balance is XXXX. On top of this, Chase has in my escrow account enough to my pay my entire 2023 property taxes which is over XXXX in escrow ( I pay my mortgage insurance separately ). Chase requires a BPO who valued my house at XXXX over the originally assessed value. Since then, Chase has given 2 separate reasons for not canceling PMI such as the market being inflated and now not applying the balance I paid + the excess escrow to my balance. Ive spent countless hours on the phone with no luck. Ive advised chase i will be retaining legal counsel to which they finally escalated the issue. I am hoping you can help. 

Regards, XXXX"
6639391,Credit card or prepaid card,Problem with a purchase shown on your statement,GA,2023-03-02,"I was charged {$430.00} USD on XX/XX/ by XXXX XXXX company for a tow I did not request. I was a member of the residence and my property was towed at my residence. 
The charge was made on my USAA XXXX XXXX credit card and they rejected my dispute."
6659539,Mortgage,Trouble during payment process,FL,2023-03-07,"As of today, I'm 65 days late with my mortgage payments. I was approved with 17 future payments with the Homeowner Assistance Funds. Since XXXX XXXX is sending the bulks check to the mortgage and they always took couples of days to apply the payments. The purpose of the Homeowner Assistance Fund ( HAF ) is to prevent mortgage delinquencies and defaults, foreclosures. HAF is a federally funded program administered by the State of Florida and the responsibility of timely payment falls on the state and NOT the applicant. Theyve reported my acct as being delinquent for XXXX and XXXX to the credit bureau. The representative stated the accounting dept is behind. My account is coded as a code 3 which means I applied for the HAF program and was approved so no late fees will be applied. I also received a letter with the steps for foreclosure. I'm missing payments for XXXX, XXXX and now XXXX I contact HAF and they told me that they are sending the checks every month. My mortgage told me that they open an investigation since XXXX and Im being calling every day and nothing yet."
6636005,Checking or savings account,Managing an account,PA,2023-03-01,On Thursday XX/XX/XXXX. My debit card was stolen I disputed this with the bank immediately and today XXXX first they tell me they conducted a thorough investigation and will not credit me my money back. The name of this bank is called Albert ( With XXXXXXXX XXXX ) They wont give me a number to contact them directly and its either through phone or email.
6634162,"Credit reporting, credit repair services, or other personal consumer reports",Incorrect information on your report,GA,2023-03-01,Navy Federal opened a credit card for someone under my name and refuses to remove it!! It has an address that I NEVER lived at. XXXX XXXX XXXXXXXX XXXX XXXX XXXX. I did not open this account and demanded a signed copy of me authorizing this credit card. The bureau reported it as opened in XXXX now it says opened in XXXX. This is not my card and I never authorized it!!
6634428,"Credit reporting, credit repair services, or other personal consumer reports",Incorrect information on your report,MS,2023-03-01,"XXXX reported my account as delinquent. I do not have to pay because my loans are deferred every year through XXXX which is a scholarship that pays for my loans as long as I teach for the year. I called the company and they verified my loan is in good standing and has been fixed, but this has not been fixed on my credit report."
6633642,Checking or savings account,Managing an account,FL,2023-03-01,"I had made complaints about fraud when I was sick with XXXX 2 times last year. 

They gave ne provisional credits and yet reversed them. I continued to give them proof and they have fought me stating they either never got the proof or that it didn't matter since my card was being used. There was no way I could use my card when I was in the hospital. 

I called over and over and was transferred but never got any results. Now they're stating that I committed fraud by moving my money I did have over to a new bank account. 

I never committed fraud. It was committed against myself and now I am in this on going battle to have them balance out my account to XXXX so I can close on good terms and keep my current bank."
6709779,Student loan,Dealing with your lender or servicer,OH,2023-03-17,"Per requirements for PSLF program, I used the federal self help tool prior to XX/XX/2022. I have worked over combined 41 months for XXXX agencies, most of those months included payments to two separate loan providers, one payment each, until consolidating with MOHELA in fall 2022. MOHELA has finally processed my PSLF application and has listed only 1 of 119 qualifying payments. This is impossible. I have a credit score of XXXX. I would love some advocacy if possible."
6635376,Student loan,Dealing with your lender or servicer,WA,2023-03-01,"The complaint is against Mohela, the federal student loan servicer. 

I have made 120 qualifying payments to qualify for public service loan forgiveness. 115 of these payments have been previously certified. I submitted my paperwork for forgiveness on XX/XX/2023. They estimate a 90-180 business days for processing time, which is about 7-8 months. They freely admit it takes only a couple days for the agents to process the paperwork, but they dont have enough agents to process the paperwork. The wait time to have my paperwork assigned to an agent is 90 business days, and then it could take them another 60-90 business days to get approval from the department of education. These delays are unacceptable for straightforward paperwork processing. Whats more, due to student loan forgiveness requirements, I have to be at my qualifying employer at the time the loans are discharged, which means that I am not free to change jobs at any point during this long wait time, lest I risk not qualifying."
6634906,"Credit reporting, credit repair services, or other personal consumer reports",Incorrect information on your report,CT,2023-03-01,"I reached out to Hire Right to advise them that the information they have is inaccurate and incorrect. They stated that the information they have and received was from the credit bureaus. I reached out to all 3 credit bureaus, and none of my information matches the information that Hire Right have. I've stated and verify to Hire Right that this information is inaccurate and they must delete it immediately and I also stated to them they are in violation of my rights under the FCRA. They have ignore and denied my request and continue to report false reporting on my report and even after I verify the information is inaccurate. They are falsifying documents stating that they can not reach me, but then their mailing me out letters. I have mailed letter to Hire Right requesting a reinvestigation and to resolve my issue, Hire Right have declined my request. Due to this inaccurate information on my report I have been declined equal opportunity to housing, loans and employment."
6633138,"Credit reporting, credit repair services, or other personal consumer reports",Incorrect information on your report,FL,2023-03-02,"Personal medical laon for a XXXX XXXX was taken out in my name XX/XX/22 without my knowledge. Online contarct with lender was fraudulent signed using my name. Documents that was submitted with my information I was mislead into providing under false pretenses. One payment on the loan was made in XX/XX/22 using billing information that did not belong to me. I never received one billing statement from XXXX XXXX XXXX who provided the loan. Did not become aware of loan until it was XXXX flaged my credit due to late payments. On file with XXXX XXXX credit that had phone numbers, email addresses and mailing addresse that did not belong to me as well as place of employment Proving that the was a fraudulent. As of today I have put a fraud alert on my credit, have called both XXXX and XXXX XXXX XXXX several time file a dispute with XXXX anf Trans Union and in the process of filling a police report once the lenders provide me with all of the necessary documents. Thanks for listening and providing me with some kind of assistance with this unfortunate matter."
6677003,Student loan,Dealing with your lender or servicer,CA,2023-03-10,"Went to XXXX XXXX in XXXX XXXX  in XXXX and School was closed for preditory lending. I was sold on classes that were not pretaining to my corse of study also forced to take the loan knowing full well there was no way I could pay them back. 

A personal loan was taken out with XXXX XXXX, after XXXX was forced to close Navient took over the debt from XXXX XXXX and now requesting payment. 

Since attending I was in a XXXX  XXXX and was never notified of the submittal to settle as my attorney handled all debt, During that time Navient was not allowed to contact me of the debt, Now that the XXXX  XXXX is clear Navient is trying to collect. 

This dept should fall under the pending law suit settlement announced on XX/XX/XXXX by CFPB that Navient settled XXXX in debt cancellation."
6635329,"Credit reporting, credit repair services, or other personal consumer reports",Incorrect information on your report,FL,2023-03-01,Wanted to get a loan for about up to XXXX they told me Ill get approved but I was denied.False advertisement then I went to the bank and filed a complaint.I was told its nothing we can do!!! you was denied cause account was open long enough
6665979,Credit card or prepaid card,Problem with a purchase shown on your statement,OH,2023-03-08,"Fortiva Credit Card Company 3 fraudulent charges were charged to my credit card. I called over 60 days ago and reported this. The first person I reported to cancelled the credit card and sent a new one and was going to report the fraud and have it resolved in 30 days. I was told a supervisor would call me, never happened. I heard nothing from them so I called again and got the same run around. 
A supervisor would call and get this taken care of, never happened. Now over 60 days later I called again and they spew the same lies, we will look into this and get back to you in 30 to 90 days. A supervisor will call you. They continue to charge interest on these fraudulent charges, they never let you speak to the fraud department and they do absolutely nothing to resolve this matter. I am contacting the Attorney Generals office and reporting them as a fraudulent credit card company. I have turned the card off and refuse to pay anything more until this is removed from my account. Also they try to charge you for fraud protection."
6672659,Debt collection,Communication tactics,TX,2023-03-09,I've been getting phone calls at all hours of the day from different numbers that don't even leave voicemails. They left one once and since I didn't answer they've started calling from different numbers at least 3 times a day or more.
6654493,Credit card or prepaid card,Problem with a purchase shown on your statement,WA,2023-03-06,"NEVER USE PAYPAL!

We purchased an electric lawnmower for {$2200.00} using PayPal. This turned out to be a fraud. We never received anything! We filed a dispute in XXXX of XXXX with PayPal. Paypal agreed it was fraud and reimbursed us. Then they billed us for the no show lawnmower again and our auto pay from our XXXX XXXX  automatically paid PayPal for the incorrect charge. We have been filing disputes and getting refunded and re- billed ever since. We have spent hours and hours trying to resolve this. We have all the documentation to prove we do not owe PayPal anything, in fact, they owe us for interest they charged and {$50.00} they neglected to reimburse us. Now Paypal has charged us twice for this and our account reads that WE owe THEM {$4500.00}!!! We are a retired couple on XXXX income. My husband is XXXX with XXXX. This grievous abuse is causing us so much stress. PLEASE PLEASE HELP US!"
6631892,"Credit reporting, credit repair services, or other personal consumer reports",Incorrect information on your report,NY,2023-03-01,On XXXX 2023 I noticed I had a negative mark on my credit report undisputed these charges which are XXXX which are not mine Ive never lived at that address on file & its not connected to my credit report at any of the XXXX bureaus its the agency is still reporting a balance I spoke with TransUnion on XX/XX/2023 I was told that the account was verified I asked them how was the account verified I was told by my social security number and name I never done business with this company which is version I have never signed any contract with them I didnt even live in the state of XXXX XXXX when these charges came about the negative marks are hurting my report in this time of me trying to purchase a home I need this negative item removed so I can buy my home without paying high interest rates thank you
6639763,Checking or savings account,Managing an account,TX,2023-03-02,I went to XXXX  XX/XX/XXXX and I got out XX/XX/XXXX I wrote chime while I was there and told them to lock my account because someone had robbed my house and stole everything bank cards and all they never did and they let someone take all my money and change the address on my card I get XXXX so the social security office is making me pay the money mack that was stolen because it was over payments I have sent chime a police report all of my state of XXXX  paperwork that shows that I was XXXX XXXX and they still will not pay me back can you please help
6653641,Mortgage,Trouble during payment process,CA,2023-03-06,"Due to an error in automatic payments my mortgage was delinquent for 3 months. Mail to the address was not being delivered because it was being remodeled and the USPS erroneously held my mail without my request to do so. Once my mail was being deivered again I noted the error and made a bulk payment to pay my missed payments. Now that it is on autopay, everything seems to be working. HOWEVER- the mortgage company holds over XXXX in escrow and despite NUMEROUS attempts, they will not mail me a check. Making matters worse, they somehow applied a portion of my escrow balance to my mortgage in the middle of the month without my consent. Now the city is placing a lien on my property and I am unable to speak to a manager at AmeriHome because their representatives are either poorly trained and will not transfer me or they are inept and can not access information on their own system. I feel like they are holding me hostage."
6641567,Mortgage,Trouble during payment process,TN,2023-03-02,"My mortgage amount for XXXX XXXX XXXX place is {$2700.00} with THE MONEY SOURCE. 
In the month of XX/XX/XXXX however, XXXX charged me {$3100.00}. I have no lapse in insurance coverages or anything so I contacted them requesting an explanation and a refund. I got neither. 

I did realize sometimes in XXXX of XXXX, XXXX conieved with my XXXX agent to put XXXX  Insurance on my property. I immediately opted for a more reputable insurance company- XXXX XXXX XXXX. The XXXX XXXX agent and myself emailed and called in my new policy several times but XXXX pretended not to receive our barage of calls and emails. 

Then in XXXX, instead of acknowledging my new insurance information they decided to overcharge me without explanation. 

I contacted XXXX  requesting explanation for the overcharge and refund. Uptill today, I neither received an explanation nor a refund from XXXX."
6640055,Debt collection,Communication tactics,OH,2023-03-02,"For approximately one year now I have been receiving several calls/voicemails daily from Kia Finance XXXX The man leaving the voicemails says his name is XXXX with Kia Finance and would like me to return his call. He insisted the message was for XXXX XXXX ( I am not XXXX XXXX. After several unsuccessful attempts at reaching XXXX, I was finally able to get through to who I assumed was a representative and asked to have my number removed from the call list as I am not XXXX XXXX. I stopped receiving calls for about two weeks when I received yet another call from XXXX today ( XX/XX/XXXX ) who now believes I am XXXX. 

The number XXXX calls from is XXXX and the number he leaves for me to call him back at is XXXX. Im getting very fed up with receiving these calls/voicemails. Im not certain if it is a scam or if it is a legitimate Kia Finance representative looking for a customer. I would greatly appreciate the help."
6664812,Debt collection,Communication tactics,FL,2023-03-08,LVNV Funding LLC this debt collector isn't registered or licensed in the state of Florida as a debt collector or collection agency. therefore they need to cease and desist all collection efforts and remove all negative items from all 3 credit bureau 's.
6659905,Debt collection,Communication tactics,TN,2023-03-07,"Employees, at the XXXX TN location repeatedly use very aggressive and threating tactics to collect a debt by threating customers with with the repossession of there vehicle, not working with them and be little them in front of other customers and employees."
6647825,Mortgage,Trouble during payment process,NY,2023-03-04,i had XXXX XXXX for XXXX XXXX XXXX sold to M & T and raise my payment {$300.00}. ask how is this they said wholesale showed that payment was to be raised. they ask did my property taxes go up it didnt. they ask if escorow go up it didn't. i ask for paperwork showing proof where increase was. it actually showed that payment was XXXX XXXX dollars less. now i ask how is this posible oh we're looking into it. what kind of response is that.
6632431,Mortgage,Trouble during payment process,TX,2023-03-02,"Chase has misapplied the majority of my mortgage payments to my principal and interest. 
Many large payments sat in suspense accounts while my higher loan balance could accrue more interest for Chase. 
I made a {$31000.00} payment on XX/XX/XXXX. Chase held the payment til XX/XX/XXXX before they applied the payment to principal and interest. My principal did not get paid down so I accrued more interest. The same thing happened with my {$200000.00} payment Then Chase reported me not making my XXXX mortgage payment to the credit bureaus and sent me to collections."
6705962,Student loan,Dealing with your lender or servicer,FL,2023-03-17,On XX/XX/XXXX of this year I got a letter after we finally won a lawsuit due to Universities scamming students to get them to join their very expensive programs. The lawsuit is to clear the loans that the schools used and refund any money paid towards those loans through borrower defense. My servicer received the order to discharge this month on the 3rd. I have friends who were also a part of the lawsuit who were given clear timelines while mine have been confusing or misleading like theyre stalling. Friends of mine with different servicers who applied to the borrower defense almost a year after I did have already gotten their discharge or a more clear timeline while I keep getting really convoluted or strange answers from my servicer.
6684901,Student loan,Dealing with your lender or servicer,SC,2023-03-12,"I was doing the Public Loan Service Forgiveness Program and it should have been completed in XXXX with my 10 yrs/120 payments and despite the amount of forms ceritfing my employment from the school district I am currently employed. My account is showing that I have met 112 of the 120 required payments for forgiveness as of XXXX. This is incorrect. I would have met my 120 payments back in XXXX. They have given me credit for the school districts I worked for up until XX/XX/XXXX. I am still employed at the same district ( XXXX XXXX XXXX XXXX ) and on the form that HR filled out the put down my hire date XX/XX/XXXX and for the section under "" end date '' was left blank because I am still employed there. I have done part, yet everytime I submit something it takes another 90 days to hear something that is always inevitebly incorrect."
6633580,Checking or savings account,Managing an account,TX,2023-03-01,"On XXXX, XXXX. Someone uses a fake ID at TD Bank, Opens a new checking account in my name, and gets access to my TD bank checking account ( ending XXXX ), Transfer all my money I believe was {$2300.00}, to the newly opened account ( ending XXXX ). the newly opened account was overwritten my account. he/she changed my online banking password, address, and phone number. withdrawal of money in two transactions {$1000.00} and {$1100.00} on the same day. ( XXXX )"
6632602,"Credit reporting, credit repair services, or other personal consumer reports",Incorrect information on your report,SC,2023-03-02,"EQUIFAX CONTINUES TO REPORT THE WRONG DATE OF BIRTH ON MY CONSUMER REPORT ALONGSIDE OTHER INACCURATE INFORMATION THAT DOES NOT BELONG AND IMPAIRS THE ACCURACY OF MY CONSUMER REPORT I HAVE PROVIDED NUMEROUS OF TIMES MY NATIONAL ID, STATE ID, DRIVER LICENSE AND OTHER INFORMATION NECCESARY TO CORRECT THIS ERROR. EQUIFAX REPORTS THE YEAR XXXX WHEN IN FACT I WAS BORN IN XXXX I HAVE BEEN TRYING TO CORRECT THIS ERROR FOR 2 YEARS NOW YET THEY STILL DISREGARD THE FACT TO DO THE RIGHT THING. THIS INACCURACY HAS CAUSED ME TO MISS OUT ON MULTIPLE LOAN OPPORTUNTIES AND EXTENSIONS OF MY PERSONAL LINE OF CREDIT."
6677229,Debt collection,Communication tactics,FL,2023-03-10,"After saving and planning, I contacted this company to settle my debt but instead the egregious employee condemned me and basically said I don't deserve to settle because I spent the money I owed. When I explained to him that I was young and not knowledgeable when I signed up for the XXXX credit card and that I actually only spent 25 % of what I owed and would like to settle for that amount, he refused. Instead of coming to an agreement he argued and tried to intimidate me. He also said they would not take the collection off of my report even if I paid the whole amount and asked for a pay to delete letter. He was totally rude and unhelpful. He cut me off every time I tried to explain my situation and was very pushy and continued to call and harass me and threatened to report to other agencies even after I offered to settle!"
6639759,Checking or savings account,Managing an account,LA,2023-03-02,"In accordance with United States Codes and Federally protected consumer rights these violations are noted and probably more, 1026.13 Billing error resolution. Violation? I don't know forsure 18 U.S.C S.s.1029 Violation 18 U.S.C c.47 Violation 18 U.S.C S.s. 1030 Violation 18 U.S.C 1644 Violation 47 U.S.C 325 Violation 15 U.S.C 1635 CHIME Bank ICBC XXXX XXXX # XXXX Reused to return my funds of XXXX $ from an unauthorized transaction that occurred XXXX or XXXX I'm still trying receive my money Back from this deceptive fraudulent corporation my I did everything they asked to get it return each time I was to receive my credit or any similar an issue occurs whereas the time frame has just reach its limitations the same the funds where to Be deposited instead denied deceptively."
6677969,Student loan,Dealing with your lender or servicer,IL,2023-03-10,I applied for the extended Public Service Loan Forgiveness back in XXXX XXXX I received an email from Mohela on XX/XX/XXXX that my application had been received and to give them 90 days for it to be processed. It is XX/XX/XXXX and I still have not received any information regarding my application and it has not been processed. When I log in to the Mohela website it states they received my application on XXXX XXXX and application is being processed. How did they received my application both in XXXX and XXXX? I have been waiting for over 6 months to find out if my loans will be forgiven.
6689746,Student loan,Dealing with your lender or servicer,LA,2023-03-13,"On XX/XX/23 XXXX sent an email requesting additional information regarding my XXXX XXXX Form. This form was sent to the XXXX last fall. On XX/XX/23 I responded that you are XXXX XXXX ( XXXX denies XXXX even though they share a phone number ). I asked how they obtained the form. The response was "" based on the paper application imaged was a fax copy seemed to from my phone # ''. I then asked if the XXXX XXXX Form came from XXXX the XXXX? 

On XX/XX/23 I received an email from XXXX requesting additional information. I responded with the same question "" Did the XXXX XXXX XXXX came from XXXX the XXXX? I received a response on XX/XX/23 from XXXX XXXX stating "" I could not tell who sent us the application. The servicer listed is XXXX ECSI ''. XXXX XXXX then offered to cancel which I accepted. 

My scanner is not working, I will gladly forward these emails. I believe this incident to be a scam that could potentially cause great harm."
6649769,Mortgage,Trouble during payment process,NY,2023-03-06,"This complaint is regarding Household Finance Realty Corporation of New York aka "" HFC ''. I have been sending countless communications to Household Finance Realty Corporation of New York to no avail. Each letter I sent to "" HFC '' via certified return receipt and regular mail has been returned to me with address undeliverable despite this being the address listed and that I was given. I have submitted letters to "" HFC '' for years now to various addresses including : Household Finance Realty Corporation of New York XXXX XXXX XXXX XXXX, FL XXXX Without the proper address, if any exists, I will not be able to resolve major issues with HFC. If HFC responds in any manner, I request under FOIL to receive a copy of each and every letter, document, attachment en toto, that they send to the CFPB. Thank you for your swift attention to this urgent matter. Please email me a copy of the complete unedited file that HFC supplies the CFPB by emailing me. I request the right to reply to the response of Household Finance Realty Corporation of New York. 

Thank you. 
XXXX, XXXX XXXX XXXX"
6671268,Debt collection,Communication tactics,AZ,2023-03-10,"asked company to show proof of information used to verify a debt, they have failed to present me anything but continue to report negative items on my credit report and send threatening letters saying they can garnish my wages and bank account if i dont pay them ... iv sent 2 letters to the companies and haven't received a response, and its been over 60 days since my first letter. when i called the credit bureau they said the debt collectors validated the debt but again fail to provide me with evidence and keep using threatening language..."
6671790,Credit card or prepaid card,Problem with a purchase shown on your statement,VA,2023-03-10,"On XX/XX/2023, I ordered a spoiler and XXXX spacers from oldparts.com I have sent multiple emails and call multiple times I was trying to see when my order was being shipped but I keep receiving no response. I requested my money back from the company and still have not received a response. The total price was {$470.00}. I would like to be refunded my money."
6634579,Student loan,Dealing with your lender or servicer,GA,2023-03-01,"I submitted an employment certification form on XX/XX/XXXX to certify my employment for the Public Service Loan Forgiveness Program. I received notice today, XXXX XXXX XXXX that my form was a duplicate. However, my form is not a duplicate, I have only submitted one form ( XX/XX/XXXX ). I spoke with a customer service representative who confirmed that only employment certification form is on file ; she said they would process my form within 3 business days. However, the form status online provides conflicting information as it says to allow up to 90 business days for processing. This unfair as it is not my error that caused this issue ; I shouldnt have to start over again waiting up to another 90 business days for this company to correct their error. The timely and accurate processing of this employment certification form is extremely important to me as once it is processed I will have over 120 qualifying payments for the PSLF program and be a step closer to being forgiven."
6642801,Checking or savings account,Managing an account,NY,2023-03-03,"On XX/XX/XXXX I opened a Citizens checking account under a promotion that was {$300.00} for a direct deposit of XXXX XXXX in 60 days and {$2.00} for every debit card purchase in 60 days up to {$100.00}. 

I fulfilled the direct deposit requirement on XX/XX/XXXX where I received a {$500.00} direct deposit from my employer. 

I was told to wait until XX/XX/XXXX for my {$300.00} bonus to post. This bonus has not been deposited in my account. After escalating with Citizens representatives, I still do not have the promotional bonus I am entitled to."
6635896,Debt collection,Communication tactics,SC,2023-03-01,"National Credit Systems , INC is operating with out a state license and not registration in South Carolina according to the XXXX consumer access report. They have added two collections on XXXX and XXXX and I would like them removed for this illegal tactic they're doing. How many others are subjected to this and don't know. They are only licensed for 13 states. Please see attached."
6642829,Checking or savings account,Managing an account,NJ,2023-03-03,"three months ago the bank blocked my account due to fraud alert. After being bounced around between departments throughout many phone calls, the specialized fraud department acknowledged the block, but then refused to verify my identity ( despite me providing 3 different phone numbers all of which they were misteriously unable to reach, mi SSN, my mailing address my debit card number and credit card number ). They told me to wait until a physical letter arrived to my mailing address with a security code. 
It's been 3 months. The letter never arrived. I've called more than 10 times in the meantime, all of the times they refuse to engage in conversation with me after claiming to be unable to reach my phone numbers on file, and hang up after telling to wait for the letter. I have been denied access to my money and savings for 3 months now and have not been able to even file a formal complaint with them because they have no such department. I NEED HELP"
6649323,Credit card or prepaid card,Problem with a purchase shown on your statement,CA,2023-03-04,"XXXX spproximately 30 days ago, sometime around the beginning of XX/XX/2023, I discovered that my Chase credit card balance reflected {$3000.00} in unauthorized charges. In addition, several months had passed since I received a paper statement in the mail. I contacted Chase via phone to report these innaccuracies and inform them of how concerned I was that someone had apparently been able to gain access my card. I wasn't able to get any resolution with them at the time I made the report and I paid the balance in order to avoid my credit being affected and so that I could continue to use my card. I deposited a total of {$3700.00} for this reason and as soon as I did this, Chase immediately closed my account without notifying me or attempting to follow up with resolving my complaint and crediting me the {$3000.00}. They also took the {$700.00} I had intended to use to purchase something I needed then completely locked me out of my account. I have been unable to access any of my statements for the timeframe that these charges were made so I can't provide you with them at this time."
6632943,"Credit reporting, credit repair services, or other personal consumer reports",Incorrect information on your report,IL,2023-03-02,A credit card was opened in my name on XX/XX/2023 I did not authorize to open. The credit card was opened under comenity bank ( XXXX ) a bread financial company. I had spoken to the credit card company and they have flagged the account and closed it. I additionally spoke with the fraud department at XXXX credit bureau.
6634348,Checking or savings account,Managing an account,CA,2023-03-01,I made a deposit payable to a business/ XXXX XXXX. Which I know the / means or. When I deposit it the teller took it in and process it. When I tried to get a hold of the funds they restricted my accounts. Chase request the business account documents which I provided it and now they are asking to call the maker of the check which is not a chase customer. I dont understand why they are holding my accounts when I provided the information they requested. I also requested for them to send the check back if they close my account and even that they dont want to give back. They are holding over my funds.
6670124,Credit card or prepaid card,Problem with a purchase shown on your statement,GA,2023-03-09,"I was contacted by phone by a scammer XX/XX/XXXX. I fell for the scam and provided my card information to them for the amount of {$1900.00}. After researching this merchant, I determined it was a scam and contacted my credit card company by mid XX/XX/XXXX. Initially they reversed the transaction but then since the merchant provided the information they applied it again. I called several times and was told that it was improperly filed as a fraud and could no longer be filed as a dispute. I have mailed emails and provided information this exact scam being on the XXXX. I have requested recording of the phone calls I have had because I am not the one who sent it to the fraud department. I have consistently been told to contact the merchant, a scammer does not care and wont refund the money although I have requested them to as well."
6627716,Checking or savings account,Managing an account,MD,2023-03-01,"I was incarcerated in XXXX XXXX, Maryland on XXXX XXXX XXXX  and was released on XXXX XXXX XXXX I was unable to have access to my account as I was incarcerated and my money went missing. Filed a dispute still no resolution after 6 months and they suspended my account and won't release money in my account I worked for to me."
6647864,Mortgage,Trouble during payment process,OH,2023-03-04,"On XXXX XX/XX/2022, I sent a letter to US Bank regarding check # XXXX for {$1300.00} written on XXXX XXXX XXXX at the XXXX, Ohio location. 

I asked the Teller to distribute the {$1300.00} in the following manner : 1. {$1000.00} for Mortgage 2. {$240.00} Escrow Shortage 3. {$50.00} Credit Card 4. {$20.00} Extra Principal What he did was applied the following : 1. {$1000.00} for Mortgage 2. {$50.00} Credit Card I went back to the Bank and was told that locally they couldn't do anything. 

I sent the letter inquiring about what could be done and followed with a phone call. As a result, I was bombarded with telephone calls and correspondence regarding Loss Mitigation from US Bank. I was even assigned a Counselor!!! 

Unfortunately, the matter in which I was seeking assistance with was never addressed by US Bank."
6632815,"Credit reporting, credit repair services, or other personal consumer reports",Incorrect information on your report,PA,2023-03-02,"I reviewed my Consumer Reports and noticed that I had multiple inaccuracies on an account. Consumer Reporting Agencies have assumed a vital role and have a responsibility by law, to report Consumer information to the best of their ability with Maximum Accuracy. I have inaccuracies reporting on the following accounts Account Name : XXXX Account Number : XXXX Please investigate and provide valid Proof with statements showing that these payments were late. If Valid and substantial proof can't be provided I demand these inaccuracies be removed from my reports. 

Signed : XXXX XXXX"
6650317,Student loan,Dealing with your lender or servicer,MI,2023-03-05,I just found out Pennsylvania Higher Education Assistance Agency ( Pheaa ) does not have a license to do business in Michigan. Pheaa has been Revoked from Michigan since XX/XX/2014. The Department of Education canceled Pheaa license as federal servicer. Why did you not tell me this Pheaa?
6632424,Checking or savings account,Managing an account,NJ,2023-03-02,"XXXX XX/XX/23 XXXX ( 22 minutes ) telephoned TIAA bank to ask about a CD had seen. Spoke to a young man. He said i could open the account and fund it later. The interest for the month was not being shown. I said i would call and authorize funding. 
XXXX I am looking at transfers from TIAA to other institutions XX/XX/23 XXXX ( 9 minutes ) spoke to a youmg lady and she could not tell me how much interest was accrued for the month. I said i would call to fund later. 
XX/XX/23 XXXX XXXX  ( 7 minutes ) spoke to a young guy. I saw my CD was funded. I was XXXX and DID NOT AUTHORIZE FUNDING. 
XX/XX/23 XXXX ( 6 minutes ) I was very aggravated after sleeping on the funding- not authorized and a large sum. i spoke to an older gentlemen who said i authorized funding when i did not. I said i wanted the money out of the bank, since i did not authorize funding. 
He said it would be a {$2000.00} charge. I had to get off of the phone very shaddy"
6688076,Debt collection,Communication tactics,MO,2023-03-13,They saying that the have turned me in to collections but collections has not sent me anything ant the company failed and refused to sent me bills and envelope to make my payment I have already told them I don't pay on line and the keep reporting to credit bureau that I'm not making payments I'm done with this games
6674938,Debt collection,Communication tactics,WV,2023-03-11,"As of XX/XX/2023 ( date of complaint ), I am less than 30 days past due on a payment on my account with Ollo. I've run into minor financial issues due to the loss of my fiance in XXXX, but the past due payment will be resolved as of XX/XX/2023 ( all payments caught up to current ). Ollo has called my cell phone 14 times since XX/XX/2023, with some calls coming back to back. Given that the account is only 16 days overdue, this seems rather excessive and borderline harassing. I've had a good experience with this credit card prior to this incident, but this ordeal has put a pretty bad taste in my mouth and has put me off of doing further business with them."
6662030,Debt collection,Communication tactics,DE,2023-03-07,"I am the agent acting on behalf of the principal of this account. Pursuant to 15 USC 1692c ( c ) I am hereby ordering Convergent Outsourcing to cease any further communication regarding this account immediately. According to 15 USC 1692a ( 2 ), the term "" communication '' means conveying information regarding a debt directly or indirectly to any person through any medium. As per the literal interpretation "" any medium '' includes oral, written, electronic, or other mediums. Therefore, furnishing a consumer report bearing information regarding a debt will amount to communication from Convergent Outsourcing per the Fair Debt Collection Practices Act. 

Any further communication from your company, except a communication, confirming your acknowledgment of this notice violates the Fair Debt Collection Practices Act."
6644227,Checking or savings account,Managing an account,FL,2023-03-03,"I have a savings account that requires {$500.00} as a minimum balance to avoid fees. I always keep exactly {$500.00} in there. One day, due to a bank website error, money was taken out of that account to pay a bill instead of my main checking. I immediately replenished the funds but got hit with a service maintenance fee. That brought my balance from {$500.00} to {$490.00}. I called, had BOA refund the fee and I had {$500.00} again. The bank will not stop charging fees. Every month, despite the fact that agents on the phone understand the mistake and what happened, I get a monthly fee the next month, which triggers a monthly fee the next month and the next month. The last fee was assessed on XX/XX/. I have tried calling the bank multiple times and I am shamed and gaslighted into thinking I did something wrong, which I did not. This was entirely BOA 's error and should be rectified for a 20+ year loyal customer."
6660310,Mortgage,Trouble during payment process,GA,2023-03-07,We experienced a natural disaster on XXXX XXXX XXXX and have had many difficulties from New American Funding. Our insurance company was very pleasant to work with but New American is not being easy to work with on getting our home back into order. We still continue to have a hole in our roof and it's XXXX XXXX XXXX. The lack of urgency and care is so inhumane. We are at a loss with them and have exhausted all resources.
6647345,Credit card or prepaid card,Problem with a purchase shown on your statement,TX,2023-03-04,"I made a purchase with my XXXX XXXX XXXX Mastercard on XX/XX/XXXX. Applying for the card promised 12 months 0 % financing and a year free welcome + rewards membership ( {$35.00} value ) if approved. I was approved but did not get confirmation of either offer. I called XXXX XXXX XXXX, customer service for the store, and was referred to XXXX XXXXXXXX XXXXXXXX  Mastercard. They told me to wait until the billing cycle closed and the purchase posted. I waited and the promo was not applied so I made a dispute on XX/XX/XXXX. I was told it would take up to 90 days for a resolution. As of XX/XX/XXXX I have not received a resolution. I requested and update on XX/XX/XXXX and XX/XX/XXXX and was told it waa still being investigated even though it was past the 90 days promised."
6657750,Debt collection,Communication tactics,TX,2023-03-06,"Credit Collection Services illegally committed multiple violations against my consumer rights. Attached is a copy of mailed correspondence to the company making them aware of my violated rights as a consumer, and owed remedy via invoice for my injuries form their violations."
6673401,Credit card or prepaid card,Problem with a purchase shown on your statement,WA,2023-03-09,"Hello, My billing statement does not make sense. It says my mininum payment is {$150.00}. If I pay only the minimum payment, it will take me XXXX  years to pay it off. The next line states that if I pay {$140.00} a month, it will only take me XXXX  years to pay it off. How is that if I pay less the minimum payment it will take me less time? I have called, emailed, posted on social media to deaf ears."
6635419,Checking or savings account,Managing an account,AZ,2023-03-01,On XX/XX/XXXX my tax return in the amount of {$5800.00} was deposited into my credit karma money spend account. The same day my account was lock and I was told it was under review. I have contacted them multiple times a day since without any help. I just am being told it is handled by a higher team and to wait. Law states a banking institution can not hold you funds for more than 7 days without reason. I have read online this has happened to others. I don't want a check to be sent to me which apparently never arrives I just want to pay my rent and have access to my money
6643251,Checking or savings account,Managing an account,FL,2023-03-03,"I was account holder with XXXX when capital one took them over and I was given LOC to the check account in 2012?. 
I never had problem and paid back with interest. 
This last week I saw XXXX of my credit card was changed NSF fee and weekly transfer were denied. 
Called earlier today and was told product was not offered anymore but I was never notified and I saw nothing on monthly statement."
6643264,Student loan,Dealing with your lender or servicer,ME,2023-03-03,"On XX/XX/2023 I was automatically charged {$390.00} as part of a monthly payment. This was not the first time I was dramatically overcharged. Today, on XX/XX/2023, I made a phone call asking what I was charged, which should have been less than {$180.00}. After being informed of a second student loan filed under a different social security number that I am being charged for, the company told me that my only option was to appeal for another loan to pay off both accounts, and charge me interest. After asking which loans would be paid off they told me it would still just be the one loan listed under my proper social security number, and wouldn't do anything involving the second loan. This has been my third attempt at fixing the issue and each time I call they tell me it's resolved when it hasn't. They also tell me to log into their online website to fix my student loan issues, but when I go to their website I'm told I don't have an account with them."
6642930,Mortgage,Trouble during payment process,CO,2023-03-03,"I purchased my home in XX/XX/XXXX, first payment was made to Caliber home loans on XX/XX/XXXX. Payment was never applied to my loan so when the loan was transferred to XXXX it was transferred for the full amount. I realized this and made my first phone call in XX/XX/XXXX. I I have provided a copy of the check that was cashed for {$2000.00} by Caliber Home Loans and also provided a copy of my bank statement where it shows the money was taken out. Ever since XX/XX/XXXX I been calling trying to get this issue resolved and now they are telling me theres nothing they can do because they cant access old files."
6635172,Credit card or prepaid card,Problem with a purchase shown on your statement,CA,2023-03-01,On XX/XX/2022 charge {$1900.00} i went to XXXX  with XXXX XXXX we were going to rent an office together. The guy said only can rent. I begged for an exception and tried signing on an office lease. Then i paid {$1900.00} which was deposit and part of XXXX because XXXX wanted to work a few days in XXXX. The lady gave us keys. Then she read rules and somehow she said XXXX was the only lease holder. I said i thought i was on lease. She said no. I was tricked so the salesman at met could make a commission. I emailed the guy a lot even asked for a calif 3 day cooling off law to get a fund or get a smaller office by myself with the money. He only catered to XXXX XXXX. I filed fraud at chase. The investigator from chase told me to do a dispute. I called dispute and told them what happened twice and they said theyd take my case but i had to call back because of work. I called chase and a mean lady answered and said shed never let me file a dispute there. She said she will make sure of it. So i was unable to dispute and recover my funds.
6688121,Debt collection,Communication tactics,MO,2023-03-13,"Tower loan keeps calling every day 7 or more times a day. They are calling my husband 7 or more times a day. They have even called my mother and my sister many times. I keep makeing my payment. It may be late but i do always pay. Even if im 1 day late they start calling over and over. I have spoken with them and told them this is harassment but they keep calling. Im to the point im going to go get a lawyer. 
Numbers they have called from XXXX XXXX XXXX"
6634965,"Credit reporting, credit repair services, or other personal consumer reports",Incorrect information on your report,LA,2023-03-01,"There is a collection on my account that is not only false it is NOT mine I have NEVER signed a contract with this agency I was NEVER contacted about this collection either! It is being reported that this is an open account for the amount of {$320.00}, BUT this is a collection this is a violation of my rights, also In accordance with the fair credit Reporting act XXXX Account # XXXX Security credit service, has violated my rights. 
15 USC 1681 Section 602 States I have the right to privacy.

15 USC 1681 Section 604 A Section 2 : It also states a consumer reporting agency can not furnish a account without my written instructions."
6638864,Debt collection,Communication tactics,TX,2023-03-02,"RentDebt Automated Collections illegally committed multiple violations against my consumer rights. Attached is a copy of mailed correspondence to the company making them aware of my violated rights as a consumer, and owed remedy via invoice for my injuries due from their violations."
6689692,Debt collection,Communication tactics,NJ,2023-03-13,"In XXXX of 2022 and XXXX 2022, Chrysler Financial used abusive tactics in violation of the FDCPA by specifically using and auto dialer and leaving automated computer voice messages after I specifically asked them to stop via the company portal in writing. They persisted and ignored me. I never signed any document giving them permission to use these methods, the message even says, this is a recording. I have sent a certified letter about this, they do not understand what they did wrong. I have the audio messages but do not think it is allowed file."
6660459,Student loan,Dealing with your lender or servicer,PA,2023-03-07,I applied to renew my income driven repayment plan. It was denied. I called advantage on XX/XX/22 to get information to be placed on a more affordable repayment plan. I was told my payment plan would be XXXX $ /month. I agreed to this. I then received a message the next day denying my plan. I called aidvantage on XXXX was supposed to be connected to a representative but was instead sent to a survey to rate my satisfaction with the representative whom I never spoke to and then the call was automatically disconnected by the servicer at the end of the survey after never connecting me to a representative. I called back and was finally connected with a representative. They asked to put me on a hold. My call was then taken to the survey and again disconnected before any resolution was resolved.
6642237,Debt collection,Communication tactics,FL,2023-03-03,"Commenity Bank calls me numerous times a day under different numbers, as well as blocked numbers that show up as unknown and no caller ID. I explained my situation to them a few months ago, that I am unable to make a payment currently, but they continue to harass me. I continuously get no caller ID calls and when I answered, I was hung up on. I received one more call and the person on the line hesitated to answer me, then finally did when I asked them to stop harassing me. This is happening up to six times daily, for the past 4-5 months."
6640286,Mortgage,Trouble during payment process,GA,2023-03-02,Midland mortgage company committed deception during the last complaint I submitted through CFPB. Case # XXXX. Midland mortgage company claimed that the remedy was monetary relief but no monetary relief was ever given to me nor was it distributed to the account I have with them. They lied about the relief and they never fixed my delinquent taxes. Why was the case closed when they didn't do anything to fix the problem or address the concerns!!
6668843,Debt collection,Communication tactics,MO,2023-03-09,I have asked this company to send me the contract saying I owe them and they keep ignoring my request. This account was deleted off my credit report before then it came back and now they have someone else reporting this same balance along with them. So now it looks like I owe multiple people. They cant do that.
6664325,Credit card or prepaid card,Problem with a purchase shown on your statement,MN,2023-03-09,"XX/XX/23 for {$170.00} this amount was taken out of my account twice instead of once and deducted from my checking twice but only applied to my credit card once. When I contacted the bank, they said I need to file a dispute. I filed a dispute explaining that double amount was taken out but not applied so Id wait her like it applied to my credit account or reimbursed to my checking. They declined the dispute saying I couldnt dispute it. They stole a double payment for me, told me to file a dispute, which I did and showed transactions which I attached as proof, and then denied any action could be taken."
6709809,Student loan,Dealing with your lender or servicer,GA,2023-03-17,"I am eligible for loan forgiveness through the Public Service Loan Forgiveness program that grants student loan forgiveness at 120 qualifying payments. I have been submitting PSLF employment verification forms for many years. With the current changes to how payment credit is being given and with the waivers being given, I have over 140 months of verified employment and qualifying payments. However, Mohela is only giving me credit for 112 qualifying payments. For some reason mistakes on Mohela 's part that I have pointed out with customer service representatives on five or more occasions are not being corrected. 

Also, I am not getting credit for verified employment prior to the year 2011. I have inquired about this on XXXX or more occasions but have not been given an answer as to why this is the case. 

Because of these issue, I am not receiving loan forgiveness that I have a right to under the Public Service Loan Forgiveness program."
6632486,Checking or savings account,Managing an account,IL,2023-03-02,"My account was restricted permanently. I had money stolen from my account and when I filed a claim, the bank retaliated against me by restricting my account access permanently. Its clear they just want to get out of reimbursing me. The law states that I am not liable for any unauthorized transactions. Yet, {$1000.00} was stolen from me and PenFed did NOTHING to help me or to get my money back. The account is FDIC insured up to {$250000.00}. But my claim was not approved and all fraud that was done onto the account by a relentless criminal was then blamed on me and told to me that I violated the terms and conditions. I followed all the terms and conditions and let the bank know of the fraud right away. IF PENFED OFFERS YOU FINANCIAL PRODUCTS OR SERVICES, RUN! 
Such a terrible bank and the app is terrible. There is nothing secure about this bank. I believe this bank is embezzling my money for their own financial gain. I plan on filing a complaint with the ftc. I also plan on suing for damages is court."
6651716,Credit card or prepaid card,Problem with a purchase shown on your statement,CA,2023-03-05,"I made an order with my card online with a company. The purchase was terribly handled. Wrong products, wrong address, box was left in rain. I immediately demanded a refund the day upon receipt ; but the vendor never responded. I filed a dispute with my credit card at CapitalOne. It took CapitalOne two months to respond to my complaint. When they finally did, they vaguely denied it with a line item suggesting I had not requested a refund and demanded I fax proof ( there was no way to email or speak to anyone ). 

I did as instructed and emailed attached evidence that I demanded a refund via the company 's officially designated support line and within the company 's terms ( provided to CapitalOne ). In less than 4 hours of faxing, CapitalOne responded that I did not provide "" proper evidence '' ( without specifying what or was not sufficient ) and told me that my claim was considered closed, my card would be billed the balance and to "" work it out with the merchant ''."
6636791,Checking or savings account,Managing an account,NY,2023-03-03,"My husband has recently deceased, i as the widow with a XXXX was in the process of requesting from the XXXX court to grant me access to my husband XXXX XXXX accounts. In the meantime, my husbands mom contacted Bank of America regarding her account where my husband has control as she is an elderly. After she notified the bank her son passed, the bank froze all my husbands accounts with XXXX balance. As my husband was the primary earner for the family, most of the payments including major autopay for such as child daycare, mortgage, apartment maintenance, among others, were set to go through this account. I contacted their customer service on XX/XX/XXXX but they did not or could not to explain to me if those autopay will go through. Bank of America did not try to contact my husband by phone or by mail before restricting his account. The restrictions put me in a very difficult financial situation and risk of losing my housing and child care. I am filing this complaint due to the financial hardship and other penalties or fees to incur due to their practice."
6627587,Checking or savings account,Managing an account,CA,2023-03-01,"There is a recurring ACH debit on my Chase checking account to a XXXX XXXX account. 

{$4000.00} every month on the XXXX of the month In order to cancel this Chase wants to charge a {$30.00} fee. To push a button. This is egregious"
6655072,Student loan,Dealing with your lender or servicer,NJ,2023-03-06,"Mohela did not process all of my PSLF applications. They are closing it as a duplicate or canceling it. There isnt a duplicate or at least an approved one so this pushes the processing time even further due to their mistake. I have attached a copy of each of the applications that were either not processed or processed incorrectly. Personal information has been redacted for security purposes, but the information was present when submitted to Mohela."
6653420,Credit card or prepaid card,Problem with a purchase shown on your statement,MN,2023-03-06,"Im being harassed by Victoria Secret. They are CONSTANTLY calling my phone all day everyday about me paying a bill and adding more and more fees that I put in a dispute about. They are messing my credit up. My points went down soooo much because of them. I have been trying to close my account with them for this exact reason. They Will literally call me several times a day everyday using MULTIPLE phone numbers and I would block the numbers they call off of. Even if I block the numbers, they will call me through a blocked number ( NO CALLER ID will pop up but I know its them ). I have been called several times at work, while putting my kids to sleep, trying to go to sleep or take a nap myself, when Im out driving or at a business. Its ridiculous."
6641565,Checking or savings account,Managing an account,KS,2023-03-02,"I created two accounts ( Checking and savings ) with Ally Bank on Saturday XX/XX/XXXX. On that date I used their mobile deposit process to submit two checks on my XXXX XXXX account. {$2000.00} for the checking account, and {$10000.00} for the savings account. Ally states the checks were posted on the XXXX and came out of my XXXX  account that today. Ally shows the balance in my accounts, but does not show it as an available balance. When I reached out to a customer service rep, I was told there was a hold placed on the checks because they were a large amount. Really? $ XXXX is a large amount? Regardless, the csr told me the funds would be available yesterday. They were not, and are still not. 

I tried to escalate the situation and asked to speak to a supervisor, but received no response. They have had my money since Monday, but for some reason are keeping it unavailable to me. Is it legal to do this? Thank you."
6674790,Credit card or prepaid card,Problem with a purchase shown on your statement,CA,2023-03-11,"On XX/XX/2023, I erroneously paid a Merchant, XXXX  XXXX, for {$1000.00}, which I informed American  Express, several times on several ocassions, by telephone and in writing. 

XXXX XXXX XXXX XXXXXXXX, XXXX  and XXXX XXXX XXXX XXXX never contested my claim or disputes but American Express insisted on charging or debiting my Credit Card ending in XXXX, acting as if they the third party collector. 

I consider this repeated action, pure and simple harassment which is tantamount to violations of Fair Debt Collection Practices Act."
6654218,Credit card or prepaid card,Problem with a purchase shown on your statement,AL,2023-03-06,"I signed up for a navyist rewards card for old navy at a location in XXXX on XX/XX/XXXX, I was told that there would not be any interest or other charges on it unless I made a purchase. I never received the card and didnt think about it until I noticed on my credit statement that I lost XXXX points due to an outstanding charge of {$29.00} that was increased by {$200.00} on XX/XX/XXXX to a total of {$230.00} I called Barclays in late XX/XX/XXXX or early XX/XX/XXXX and filed a fraud report and asked them to cancel the credit card, they told me I would get a call regarding my report in 2-3 weeks, I waited 4 weeks and called them mid XXXX to check on the status of my report, they redirected me to someone who asked for my credit card information, I told them I never received the card and that I was calling to check on the status of my report, they told me they couldnt do anything without my card number."
6666158,Student loan,Dealing with your lender or servicer,NJ,2023-03-08,Mohela is not even processing my XXXX application. They are closing it as a duplicate or canceling it. There isnt a duplicate or at least an approved one so this pushes the processing time even further due to their mistake.
6645823,Checking or savings account,Managing an account,TX,2023-03-04,"I filed an EFT Dispute on XXXXXXXX XXXX, XXXX, TX requesting a full refund of a federally protected Administrative Fee of {$150.00} the apartment manager charged to my account, after denying my application. Federal consumer financial protection laws prohibit apartment complex owners and managers from keeping administrative fees after denying an application to lease. Frost granted a provisional credit, then reversed it taking the money out of my account. I am now overdrawn and have sent an EFT dispute demanding that they immediately return the funds to my account. I further reported that I would file this dispute with CFPB."
6660598,Mortgage,Trouble during payment process,PA,2023-03-07,"In XXXX of 2022 I notified the lender about not being able to make a payment on my loan. At which time they notified me that I have the option of requesting a forbearance on my loan for up to 6 months, with the ability to get a deferment to the end of my loan period. I submitted the request and it was approved. I paid all but 2 months of payments. In XXXX of 2022, I spoke to a representative from Mr. Cooper about the deferment and they submitted a request. Today, I found out that I'm two months behind because the "" Investor '' that has my loan does not support a deferment, and I have to come up with {$3200.00} to bring my account up to date. This was all very deceptive and I feel it is not in the spirit of the Federal COVID relief Program. 

Mr. Coopers solution to the request a Loan Modification program, ( at which I lose my rate, and have to take a higher current rate ) or pay the amount in full."
6642572,Mortgage,Trouble during payment process,WA,2023-03-03,"1. My ex-wife has sought to change the insurance provider on our home mortgage. Wells Fargo tell me they must make the change ; if requested. Should the change occur we risk the current insurer XXXX XXXX ceasing the remedial work they are doing in the house due to flooding. 

2. WF also have no rules to manage conflicting parties.

3. The FBI and DoJ notified me that XXXX XXXX was part of a crime family  and would seek to undertake a fraud - insurance and financial - against me and the insurers. The circumstances of the flooding point to her negligence."
6671912,Debt collection,Communication tactics,MI,2023-03-10,"Midland Credit XXXX has consistently called me multiple times a week, including weekends and evenings. They persisted even when I was overseas in another country for approximately 2-3 days before discontinuing, then continuing a month following my return. I no longer allow phone calls to numbers in my phone to ring because of the nuisance calls from this abusive company. At the height of these calls, I was receiving them 6 days a week ( Sun - Fri ), around XXXX 2022. I can obtain these records from XXXX, my service provider, if required. They also use multiple phone numbers rather than one number with multiple lines, thereby making it impossible to avoid their harassment via blocking numbers."
6632503,Checking or savings account,Managing an account,KY,2023-03-02,"XX/XX/2023 I had a mobile check deposit for XXXX that was obtained by a personal loan. The next day I was no longer able to access my online account or use my debit card. After I contacted the bank they stated they had put my account on hold to ensure the check had cleared. The check has cleared but the bank has closed my account and refuses to fund me my money and claims they are sending the money back to the lender. I just want to obtain my money, I am a single mother and need the funds."
6655247,Mortgage,Trouble during payment process,NJ,2023-03-06,"I have been trying to get SLS.net my mortgage processor to remove the PMI I pay every month. They insist that I hire an assessor in order for me to remove the PMI. The mortgage itself is below the 20 % threshold as I under the law. My current principal amount is {$310000.00}. My ORIGINAL BALANCE was {$390000.00}. 

The difference in the two amounts is 22.38 %. Please assist me in getting this company to remove PMI. Their parent company is XXXX XXXX and they have a reputation for ripping off the consumer."
6673862,Student loan,Dealing with your lender or servicer,TN,2023-03-09,"I have contacted EdFinancial Services twice to correct inaccurate information reporting on my student loans. They have a XXXX loan reporting under the wrong college. The correct college should be XXXX XXXX XXXX which I attended from XXXX XXXX XXXX. However, they have loans listed under my undergraduate college which I graduated from in XXXX. There is no way possible that I took out a XXXX XXXX during undergrad in the previous year when the XXXX loan was disbursed in XXXX. This issue has caused problems with enrolling in another college."
6642951,Checking or savings account,Managing an account,CA,2023-03-03,I purchased something from a website on XX/XX/XXXX just to find out it was a scam. I contacted my bank and told them this and sent them emails exchanged between myself and the merchant. The merchant responded and stated that my refund will be sent within XXXX business days from the XXXX of XXXX. I sent these emails to my bank and they denied my claim for a refund. I then reached out to the merchant again to verify and they have been silent since the XXXX of XXXX. When I try to call the number on their website it says it is disconnected. My bank told me to resubmit and someone higher up will take a look. They then told me they will follow up. After about XXXX days I reached out and they said that it was denied again.
6633081,"Credit reporting, credit repair services, or other personal consumer reports",Incorrect information on your report,VA,2023-03-02,"A 2nd dispute was created after the initial one, the 2nd dispute was completely ignored and closed almost immediately upon opening it. It was opened and closed on XX/XX/XXXX in a matter of minutes and no analysis of supporting documentation thoroughly proving that the account reported was paid, as agreed, in full. 

Experian refuses to acknowledge the payment receipt, and ACH transfer, and even attempting to reinvestigate does nothing. Since this has happened twice I am generating a 2nd report. 

Initial debt was incurred to XXXX over a leave sell error, the debt notification was issued on the XXXX of XXXX, and arrived by mail on the XXXX of XXXX. It was paid in full on the XXXX of XXXX for a matter of XXXX dollars as reflected on both the pay.gov  receipt showing a XXXX debt, and the ACH transfer from my bank account."
6677299,Debt collection,Communication tactics,IL,2023-03-10,The MMC company is sending me letters in the mail about a debt I do not have with them. I closed out an account with my original creditor. This MMC company calls me every day and leaves me voicemails. I do not owe them anything.
6633859,Debt collection,Communication tactics,MI,2023-03-01,"I have asked XXXX XXXX XXXX to not contact anyone else but myself at phone number XXXX multiple times, they keep calling people they think are related to me after I told them multiple times not to. They also have given me multiple different stories about amount owed and said they dont know what a validation notice is. They call multiple times in a row multiple times a day."
6676178,Debt collection,Communication tactics,UT,2023-03-10,"This debt is paid with a settled amount of {$1800.00}. I have been told by numerous agents that as soon as the payment processed from my bank account, they would send an automated email with a receipt of payment. I have called them 8 times from XXXX and continue to be given different information by each agent. They have processed my payment and have told me they show a {$0.00} balance on their end but will not provide me with an email showing I have paid this debt. 

I have been told I need to wait longer, I need to wait until XXXX ( XX/XX/10 ) by Noon, to call back at a different time, that the email was coming today, there is no one who can just use a company email to send this information, a different department handles the emails but I can not talk to that department because they dont handle phone calls, and then most recently have been told that their systems are down and they can not provide me with a letter. 

I legitimately am just asking for proof that they have received the payment I have made. I have attached a photo of my bank statement showing the payment has processed."
6627837,"Credit reporting, credit repair services, or other personal consumer reports",Incorrect information on your report,FL,2023-03-01,I am interested in disputing all inaccurate information on my credit report with experian. checking my file ive noticed alot of mislead data that is hindering me. please delete an correct the information listed.
6664175,Debt collection,Communication tactics,CA,2023-03-09,"In approximately 2021, Portfolio Recovery Associates , LLC, began calling me repeatedly even after I told the caller to stop calling my telephone number because I did not know of them or whatever names they were also associated with at that time. But, they are still calling all day-everyday."
6643407,Checking or savings account,Managing an account,CA,2023-03-03,I had been through a scam and filed multiple claims as there were multiple transactions and as of right now two of them have been rejected as they have gathered evidence that it was not a scam. I was lied to about receiving tutoring and a software which then led to extortion. These scammers also lied about being in the country. The officer I am dealing with confirmed to me that they are using fake phone numbers to contact me. I have the surgeries involves as well. The two that have been rejected are for {$450.00} and {$360.00}. I am XXXX and I was scammed.
6632559,"Credit reporting, credit repair services, or other personal consumer reports",Incorrect information on your report,GA,2023-03-02,I have contacted credit bureau 2 times to remove bankruptcy off report I have never filed bankruptcy before and I don't know where this is coming from I have attached documents from court system bureau stated is was removed and it hasn't been
6709544,Student loan,Dealing with your lender or servicer,SD,2023-03-18,"I and many others according to posts on XXXX received an email from Great Lakes Loans that the loans would be transferred to Nelnet. According to federal student aid, they are the same company. The email I received from them states that the account will be closed and a new one opened up. 
"" XXXX : Great Lakes will report your account ( s ) as closed due to the transfer. Nelnet will then open a new account ( s ) with the same total balance for each loan you have, and report your student loan ( s ) to the four nationwide consumer reporting agencies ( XXXX, XXXX, XXXX, and XXXX ). Within 90 days of the transfer, these changes will be reflected on your credit report, and Nelnet will continue to report on your federal student loan ( s ). '' As this is a close old account and open new account situation, this will very likely have a negative effect on my and many other 's credit scores, when in comparison there is supposed to be a name transfer which would supposedly keep the account age intact, and supposed to not impact credit scores, according to the XXXX XXXX XXXX XXXX."
6677278,Debt collection,Communication tactics,TX,2023-03-10,"Hello, Ive been receiving none stop phone calls from this number with NO voicemail early mornings everyday from XX/XX/XXXX to now. They have to remember that we still have to WORK and cannon answer the phone. I work in the medical field which requires a high demand of my time. I also receive a lot of spam calls. If you do not leave a message or if its not a phone number I recognize I do not answer. Creditors can also contact me via email which has not been done. Then j check my credit report on an account that has been closed since XX/XX/XXXX stating I missed a payment which knocked me down XXXX?? Im not understanding this process."
6643974,Checking or savings account,Managing an account,RI,2023-03-03,"I use the XXXX XXXX business debit card to conduct my transaction on the XXXX platform as a XXXX XXXX. I rented a car and the bank withheld the amounts towards the rental. When rental contract ended and the rental company charged the account, the bank did not release the money making me responsible for paying the rental while bank still held on to the money. I called the bank multiple times for them to release my money but they have not and I deal with these condescending and unprofessional customer service agents. Two transactions {$380.00} and {$190.00}. It has been more than 3 weeks"
6639760,Checking or savings account,Managing an account,AL,2023-03-02,"On XX/XX/XXXX, I contacted Chime regarding fraudulent use of my debit card and I also reported it stolen. They claim to issue me a new one, I have not received it yet - My first 3 transactions which totaled close to XXXX was denied- for no reason whatsoever. Everytime I call to check the status of my claim- I am told different lies by different people claiming to be Supervisors. 
I was also told while my claim was being investigated that I would receive a provisional credit for my loss of money and that was also a lie. 
My dispute claim numbers are XXXX And XXXX. 
I was denied on XX/XX/XXXX. 
This has affected me and my family a great deal and placed us in a huge financial burden while all this time - Chime and its employees lied to me."
6640117,Debt collection,Communication tactics,FL,2023-03-02,"I.C. Systems contacted me during working hours, which is an inconvenience to me. Also, my number is registered on the National Do Not Call List as of XX/XX/2022. I.C. System, IncXXXX is violating the Telephone Consumer Protection Act by continuously causing my phone to ring during my working hours."
6677921,Student loan,Dealing with your lender or servicer,CO,2023-03-10,"I am still in school earning my XXXX and Sallie Mae has told me they are deferring my loans until I finish my XXXX. However, they are still requiring that I pay the interest on the loans each month, even though I am not paying down the principal. By doing this, Sallie Mae is making more money off the loans because the interest payments will never go down until I pay the balance, but they do not ( and I can not ) require principal payments. 

Essentially, they are taking advantage of the lenders by pretending to offer a "" deferment '' when in reality, they know they are just getting more time to collect the highest amount of interest from their borrowers. 

I pay over {$500.00} a month in these interest payments per month."
6632483,"Credit reporting, credit repair services, or other personal consumer reports",Incorrect information on your report,CA,2023-03-02,"This is my follow-up request that I have been a victim of identity theft and that no one seems to care, that I want to dispute specific records in my credit file that do not belong to me, or that I have signed any agreement. The items I'm challenging have nothing to do with any transactions I've done or authorized to gain products, services, or money. Please remove the following : XXXX XXXX XXXX XXXX XXXX, CA XXXX XX/XX/2021 XXXX XXXX Balance : {$3900.00} XXXX XXXX  XXXX XXXX Balance : {$9400.00}"
6646254,Checking or savings account,Managing an account,TN,2023-03-04,Well I was charged overdraft fee for something that wasn't possible I have receipt my balance was XXXX I withdrew XXXX ; plus surcharge then I turned around and withdrew XXXX plus surcharge I was told that I overdraft XXXX dollar which was impossible from my balance and the bank don't want to give me my money they also charged me XXXX over draft fees which is impossible I have proof
6646261,Mortgage,Trouble during payment process,CA,2023-03-04,"The mortgage payments were paid ahead of time with Carrington Mortgage however there is a discrepancy with the account. There is an issue with the payment portal and the way it is being applied with Carrington Mortgage and I was charged late fees. For example, when I asked about history Carrington Mortgage told me "" Close of escrow date XX/XX/XXXX. First payment due, XX/XX/XXXX, and the payment was received XX/XX/XXXX. '' which does not make sense. In the past, I had to file complaints regarding escrow and insurance payment discrepancies as well. The principal balance is not accurate and I am concerned the wrong history is being reported to the credit reporting agencies."
6695062,Student loan,Dealing with your lender or servicer,WA,2023-03-14,"I received a government scholarship grant from the XXXX in XXXX. That grant was converted to a debt without my knowledge, passed to collections, and my XXXX tax return was taken and put toward that debt. 

I did not have the opportunity to justify that I satisfied the grant stipulations and was not informed the grant was being recovered. 

I also can not get information about the debt including the terms, and do not have a way to pay this back in a fair way. 

The only information I received was a debt collector notice and then a letter from IRS about my tax return being taken after the fact."
6675742,Credit card or prepaid card,Problem with a purchase shown on your statement,AP,2023-03-10,"Transaction date : XX/XX/2022. 
Amount : {$960.00}. 

I am an XXXX XXXX stationed in XXXX. While vacationing in XXXX I signed a non-binding agreement to purchase 2 tailored suits. However, upon finding out they were scamming and overcharging people, I canceled the order and did not go in for my measurements/fitting. The merchant, being the scammers that they are, proceeded to charge my card anyway. I disputed this charge over a month ago. The company sided with the merchant because I signed the agreement. However, the merchant NEVER provided proof that the items were delivered to me. I showed them evidence that I never even took the measurements. The credit card company outright refuses to send me the alleged evidence they collected to arrive at their conclusion. Instead, they are asking me to proof that the items were never delivered. How am I supposed to do that? The burden of proof is on the merchant as in showing signed delivery confirmation."
6635349,"Credit reporting, credit repair services, or other personal consumer reports",Incorrect information on your report,TX,2023-03-01,Please see the attached letter from XXXX XXXX as well as the universal data form and update the account that is reporting inaccurately. The account is XXXX XXXX ending in XXXX. The late payment for XX/XX/2020 should be removed and updated immediately. The company has agreed to a goodwill amendment.
6669853,Student loan,Dealing with your lender or servicer,FL,2023-03-09,"My loan balance is not correct. The current balance shown by Fed Loan is {$340000.00}. 

I have gone to Fed Loan and they do not have any loan documents to prove my loan balance which keeps accruing interest. I called and they told me to go to my loan servicer XXXX. They couldn't help and referred me back to Fed Loan. 

I proceeded to find out what my true loan balances were by going back to my university, XXXXXXXX XXXX ( currently XXXX XXXXXXXX XXXX ) and was able to obtain a transcript from the registrar showing my financial activity between XXXX when I last attended school. I graduated on XXXX XXXX with my XXXX XXXX. 

My transcript shows that I had a total of XXXX XXXX XXXX XXXX student loans of {$31000.00}. How did we get to {$340000.00}?"
6668165,Credit card or prepaid card,Problem with a purchase shown on your statement,CA,2023-03-08,"I hired a moving company to perform our move from XXXX, XXXX  to XXXX, XXXX. The total amount of the dispute was {$18000.00} as the delivery company didn't deliver the items on the contractual date ( not even close ) also, when they did delivery it they only delivered 40 %, when the contract stated it would be all delivered on same date. The rest of our move took weeks and they breached agreement by putting our items in storage and damaging a lot of our items, which surpassed {$18000.00}. 

Citi didn't even investigate or discuss with merchant. They said over the phone that they would be reaching out to merchant and getting their side of the story ( which was false, as they stated after they never moved forward ) and never provided a reason. During this 1 month process, not a single email or phone call, and simply declined to investigate. I escalated to the executive team and they said I would have to deal with merchant - but hold on, what's the purpose of the credit card dispute process if the merchant doesn't honor their products and services."
6685927,Student loan,Dealing with your lender or servicer,IN,2023-03-13,I have well over 120 qualifying and employment verified months for my student loans to be forgiven under PLSF. MOHELA has my account and has put me under 2 ninety day reviews even though they have ALL of the correct paperwork verifying my employment as a XXXX  and working at XXXX. My loans also have Senator XXXX XXXX on my account to act as POA since I've had nothing but a mess from XXXX  and now Mohela. Enough is enough. Action needs to take place.
6639878,Checking or savings account,Managing an account,WI,2023-03-02,"My checking accounts with US Bank were placed on a hold. Called customer service and they said the hold was placed by the branch. Called the branch, they said the hold was lifted and that mobile banking access would be reinstated. 

Had to call customer service, waited 45 minutes for mobile banking to be reinstated, once I had access I realized I can not use XXXX, card or deposit. Had to call c.s again and they said theres still two hold, waited on the phone 45 minutes again to be told the branch is working on it Called the branch and they said theres only two of us here so you have to wait."
6677644,Debt collection,Communication tactics,AZ,2023-03-10,"I have sent a letter certified as the fraudulent contract was never validated. You are attempting to ruin my reputation with a contract that isnt enforceable. The contact never had a meeting of the minds or proper consideration. Before they could ruin my credit they would have to arbitrate with me per their clause ( Which is invalid ). They ignored my request and continue to call my business phone ( calls is down below ) I have expressed in the letter that was delivered to your office on XXXX XXXX ( letter will be attached ) that all communication should be in writing. They ignored my letter. This violates Fdcpa, Tila, Tcpa, FTC, contract law ( UCC ), registration act, securities exchange act of 1933, G.A.A.P violations and more. The letter stated that your company couldnt harm my credit until validating my offer to perform under conditions precedent. This is my last attempt to come with an agreement. I will go seek damages if this company chooses not to act. I will continue to stay in honor to the laws of the land. Your company is in violation."
6639065,Credit card or prepaid card,Problem with a purchase shown on your statement,NH,2023-03-02,"I had disputed a XXXX transaction worth {$230.00} on XX/XX/XXXX and wells fargo has nothing done anything until date XX/XX/XXXX and they call me today asking for more information and stated that they haven't worked on my claimat all. It's been 4 weeks and that claim hasn't moved a bit. When I called in today, this lady XXXX from the claim department was pathetically rude and when I asked her for her name she refused to give that to me and after asking that repetitively she finally told what her name was. This is ridiculous customer service and such people should seriously be fired. I need my claim resolved asap Claim ID # XXXX"
6676587,Debt collection,Communication tactics,TX,2023-03-10,"I have been receiving automatic calls from a company called ProCollect requesting that I contact them to settle an amount of {$150.00} that I owe. This amount has been reported in my credit report. I have called them to provide me with proof of this debt and they have not provided any proof. The last time I received a call from ProCollect was XX/XX/XXXX or XXXX, 2023."
6648038,Mortgage,Trouble during payment process,OH,2023-03-04,"On XXXX XX/XX/XXXX, I sent a letter to US Bank inquiring about the processes for 100 % XXXX Veterans and their Mortgages. 

I was told once US Bank verified the 100 % XXXX Veteran status with the XXXX XXXX XXXX 's office they'd conduct an Escrow Analysis. I sent them the Certificate as well from XXXX XXXX XXXX XXXX XXXX. 

US Bank received my Tax bill for XXXX in XXXX and conducted an Escrow Analysis. But my XX/XX/XXXX was still {$1000.00}. XXXX 's payment was reduced to {$790.00}. However, XXXX 's payment is {$960.00}. Upon conducting the Escrow Analysis, US Bank sent me a check for the Escrow overage. 

Upon contacting US Bank on XXXX XXXX XXXX, 30 minutes on the phone still did not yield me any answers as to why my mortgage payment keeps changing. 

I was told I'd receive a phone call within 48 hours. To date, no one from US Bank has contacted me."
6655096,Mortgage,Trouble during payment process,GA,2023-03-06,"RE : CASE NUMBER XXXX Please note that I have contacted Wells Fargo several times requesting my XXXX Escrow Review Statement. Each time I received empty promises by customer service representatives that it would be mailed within ten business days. 

Instead of sending me requested document, however, on XX/XX/XXXX, I received an email stating my tax document has been corrected... 

Wells Fargo Mortgage 's continuous failure to give me correct information without delays, as required by law, leaves much to be desired from a mortgage lender. 

Kindly assist."
6653675,Mortgage,Trouble during payment process,VA,2023-03-07,Truist has changed the amount due multiple times without notifying me prior to the due date. They have also charged me for fees that they havent notified me they would charge me for and can not explain what the fees are when I call about them. Not a single department knows what the fees are. I spend hours every month trying to find out what the fees are and have them removed. Each time Im told the fees will be removed but yet the fees show up the next month. Ive never been in default nor have I missed a payment.
6647758,Mortgage,Trouble during payment process,WI,2023-03-04,"We currently have XXXX attached to our mortgage payment and we have paid extra each month to get the balance down below XXXX XXXX XXXX. Once we did that I requested to have the XXXX removed from our mortgage and was told that we need to refinance in order to have it removed. 

Our current mortgage rate is XXXX XXXX, so it would be prohibitively expensive to refinance at this time."
6684856,Debt collection,Communication tactics,NC,2023-03-12,"Comenity Bank repeatedly calls me up to 10-15 times a day for payment on my credit card. Sometimes they call from a blocked number, every other minute. They have somehow gotten my mother 's phone number and have left her voicemails saying that they have attempted to call my place of employment- which is in fact illegal. She has kept these voicemails and they include the names of the representative. 

I also have a voicemail from representatives XXXX and XXXX on XX/XX/2023, stating that he recommends that it would be in my best interest to contact him with the name of my attorney, and if not, then to call him."
6676020,Debt collection,Communication tactics,NM,2023-03-10,collector is desrespecful to my family members/XXXX XXXX was told of following the 7-7 law we ask him to stop calling/XXXX to XX/XX/ he has called 12 times violating the 7-7 law/he was ask not to call unless call comes from upper management/we asked XXXX XXXX the address he has on file and gave a wrong address/ we requested to sent notification letter to correct address and did not responded/XXXX XXXX works for CENTURY DEBT COLLECTION AGENCY calls from a private number every time/
6711933,Student loan,Dealing with your lender or servicer,SC,2023-03-17,"Mohela is using the dates of the signature blocks ( section 4 employer certification ) This is the date the employer signed the forms to be submitted to Mohela, above this section it is clearly checked that I am still employed on both forms from each employer. 

This is a mistake on Mohela 's side and they insist that I am no longer employed as of XX/XX/2022 and XX/XX/2022 Please see attached documents and the dates showing for signature signing not employment ending."
6636615,Checking or savings account,Managing an account,OH,2023-03-01,"XXXX user id Password- ( XXXX ) last known XXXX banking app online has been compromised and others including my sister XXXX XXXX XXXX XXXX XXXX XXXX XXXX XXXX XXXX XXXX. Have all my identity and have been changing my passwords and pins to my bank accounts and have been changing my accounts around with all of my information including my ssn XXXX, XXXX XX/XX/1975, address XXXX XXXX XXXX XXXX XXXX Ohio XXXX, and I have reason to believe I'm being watched because my information keeps getting known to individuals above and my passwords and pins I keep changing them and someone keeps getting them! Please help me with this id theft alert problem! I've made a police report and a id theft .gov report! Not to mention all 3 credit reports agencies have all fraudulent information reported by my sister and others above that have stolen my identity! Please give me a report on all names listed on who reported what items on my credit bureau it is all false information!"
6642241,Checking or savings account,Managing an account,NE,2023-03-03,"On XXXX XXXX 2023 XXXX was garnished from my Wells Fargo checking account by order of the XXXX XXXX XXXX in Nebraska. I am a XXXX XXXX XXXX veteran of the XXXX XXXX. The funds in this account were entirely made up of a housing allowance issued by the VA, Pell Grants, and student loans exempt from garnishment. I scheduled a hearing on XX/XX/2023 at XXXX with the XXXX XXXX XXXX XXXX which they agreed and created a Journal Entry and Order stating that the funds are exempt. The XXXX XXXX XXXX faxed Wells Fargo directly this order. Today on XX/XX/ 2023 I was told that the court order was not enough for them to release these funds that shouldn't have been held in the first place. I'd like to file a formal complaint that Wells Fargo is violating Federal Law under the CCPA and a court order that the funds are exempt leaving a veteran student with no means to pay his rent."
6653008,Debt collection,Communication tactics,AZ,2023-03-07,"THIS COMPANY CALLS EVERY SINGLE DAY 2-3X/DAY, AT ALL HOURS OF THE DAY. 
I HAVE REQUESTED TO BE PUT ON THE DO NOT CALL LIST SEVERAL TIMES. 
I HAVE NOTIFIED THE COMPANY THAT THIS IS A FRAUDULENT DEBT. 
IF I BLOCK THE COMPANY THEY JUST CALL FROM ANOTHER PHONE NUMBER - ALWAYS FROM A NEW STATE/REGION. 
EVEN IF I ANSWER THE CALL AND COMMUNICATE WITH THEM THEY WILL STILL CONTINUE TO CALL. 
I HAVE ALSO SUBMITTED A SUPPORT TICKET ON THEIR WEBSITE AND REGISTERED MYSELF WITH THE NATIONAL DO NOT CALL REGISTRY AND REPORTED THEM TO THE FTC AND THE HARASSMENT HAS NOT STOPPED."
6676816,Student loan,Dealing with your lender or servicer,NC,2023-03-10,"This person is very rude every time I talk to him. Today, he was extremely rude. This is what he said : "" it's your debt, not mine. '' Like why you would you say that to someone? Very rude! It's stressful enough to experience this."
6642283,Mortgage,Trouble during payment process,CA,2023-03-03,"I have a HECM Reverse Mortgage. Company who serviced ( XXXX ) declared bankruptcy and was taken over by Carrington Mortgage. My house flooded XX/XX/XXXX and we were in a hotel for months and are now in a house. My insurance company has issued checks to pay for the repairs so we can move home. ( By the way, my husband is XXXX and in a XXXX ) The insurance company has given me until XX/XX/XXXX to vacate the temporary housing and move BUT SINCE CARRINGTON HAS REPEATEDLY, FOR MONTHS, TOLD ME THE CHECK IS IN THE MAIL, AND IT HAS NOT BEEN, I AM SCARED TO DEATH MY FAMILY WILL HAVE NO WHERE TO LIVE since I have not received XXXX XXXX of the XXXX they are sitting on. I have been told I would receive calls ( more than one ) back from management, but NO ONE has EVER called. Nothing but dead air and speaking with a call center employee reading from a script."
6655259,Mortgage,Trouble during payment process,FL,2023-03-06,"I am writing the CFPB again regarding Shell Point Mortgage and their constant practice of falsely claiming that there is insufficient Flood insurance on my property and then placing their Lenders placed insurance on my account. When Shellpoint is contacted about these practices, Shellpoint continues to claim this is an error, but this is a pattern spanning several years. This is fraud! and the CFPB needs to put a stop to this. 
i have been vigilant in monitoring these practices by Shellpoint and its not an error its deliberate, its harrassment and its descrimination! and an attempt to defraud! customers."
6654242,Credit card or prepaid card,Problem with a purchase shown on your statement,NJ,2023-03-06,"M & T Bank denied my claim for charges that were illegally made on my credit card. My account was compromised along with my debits card, social security number and identification card because I lost my wallet with my credit card, debit card, social security card, and id in it on XX/XX/XXXX. I thought I left it at my job at the XXXX XXXX  I work in but It was not there when I returned there on the XXXX. 

The fraudulent transactions : - {$1300.00} from XXXX XXXX # XXXX - {$43.00} from XXXX XXXX XXXXXXXX XXXX XXXX  - {$920.00} from XXXX XXXX XXXX XXXX  Please look into this for me. M & T agreed to reimburse me for all fraudulent transactions. My identity and previous M & T credit card account ending in XXXX has been compromised. I need help with getting reimbursed for these fraudulent transactions."
6651100,Student loan,Dealing with your lender or servicer,CA,2023-03-05,"Nelnet Loan Services continues to refuse to fix a broken button when making a payment. When making a payment on its website, and when attempting to pay more than the minimum, there is a dialog box that pops up where you can check it so it does not advance the due date. Obviously Nelnet wants you not to check the box and tries to skip your next payment. Well that box has been broken for over six months now. I have asked three times over that period that they simple allow a person to check that box but they refuse to fix it. This is unacceptable. They should not be allowed to keep me debt longer through a broken website which they clearly are doing on purpose."
6711888,Student loan,Dealing with your lender or servicer,CT,2023-03-17,A loan amount was populated on my account for loan that I never received. No one from Mohela is responding to me and I can not receive the help I need to get the erroneous charges removed. This has been ongoing since XX/XX/XXXX and it is now XX/XX/XXXX. No one is calling me back.
6642933,Checking or savings account,Managing an account,MI,2023-03-03,"On XX/XX/2022 at XXXX I went to an XXXX atm to deposit cash into my Huntington checking account. I used my Huntington debit card to make a {$900.00} deposit using an XXXX atm. The atm took the money and never, I have a receipt showing the amount that was taken and it shows that it did not give my money back. 

I have filed 3 disputes with the Huntington Bank, and each time they come back saying they have found nothing. I have also reached out to XXXX, and they keep telling me that I would have to go through Huntington. 

I have been going around in circles trying to get my money back and no one is figuring anything out."
6672677,Student loan,Dealing with your lender or servicer,NY,2023-03-09,"I am being harassed by Navient, although I received approval for debt relief from the Federal government, which is unfortunately on hold due to a court order, however, I received an email on XX/XX/XXXX from XXXX XXXX XXXX, XXXX. XXXXXXXX XXXX XXXX serviced, but yet still being harassed for payments by Navient. Navient made claims that I was not eligible for debt relief, only Direct Loans were qualified, however, I did receive an email confirming I was approved prior to the court issues. When I told Navient to stop calling to only communicate to me by email on XX/XX/2023, I still continue to get calls, and now calls from another number but still XXXX XXXX XXXX twice on XX/XX/2023, and again on XX/XX/2023, it was Naivent calling and harassing me, when I repeated to no longer call me, the person on the phone continues to ask me for payment and would refuse to listen to my request for no phone calls. Can you please assist me or how this company can be reported and prevented from calling me?"
6635761,Mortgage,Trouble during payment process,FL,2023-03-01,"I refinanced my mortgage XX/XX/2021 and I was supposed to receive 3 checks totaling {$5300.00} but for the past year I have been calling Cardinal to check on the status of the checks and I was told numerous times that the checks are "" on the way '' but have not received anything thus far. 
At this point I feel that I am in titled to the checks plus compensation for the misleading information told repeatedly by customer service representatives."
6635031,"Credit reporting, credit repair services, or other personal consumer reports",Incorrect information on your report,MO,2023-03-01,"Transunion is showing a personal loan ( XXXX XXXX XXXX XXXX XXXX XXXX ) account on my credit report as open. However, this account was paid in full and closed in XX/XX/2022. I have tried to remedy this directly with Transunion numerous times ( providing supporting documentation ) in the last 5 months, but they refuse to correct their error. I will attach the supporting documentation to this complaint."
6637744,Mortgage,Trouble during payment process,NJ,2023-03-03,"During the Covid-19 pandemic. I had trouble paying my mortgage. I reached out to then BB & T for a deferment payment plan. After agreeing verbally to a deferment, multiple attempts to receive the necessary paperwork to make it official seemed to get lost in the shuffle. Attempt after attempt different reps telling me there sending new paperwork out and still nothing came. Recently I made a payment of XXXX on XX/XX/22 with rep XXXX XXXX. XXXX also stated that the merger between BB & T And Truist may be the reason behind the miscommunication and that she would personally have someone to look into fixing this issue. And she called back a week later saying she exhausted all of her options and that somebody else would be reaching out shortly and never did. Also XXXX XXXX is another rep to claim to help but XXXX said she didn't do anything on my account. Other reps also called but they would let the phone ring enough to hang up or if I answer would hang up in my ear.."
6637122,Credit card or prepaid card,Problem with a purchase shown on your statement,IN,2023-03-03,"On XX/XX/2022, I purchased an XXXX XXXX I didn't like it called Best Buy on XX/XX/XXXX to say I was not happy and was returning tv, it was picked on XX/XX/XXXX by a person named XXXX did not give me a receipt he said I would get an email, which never arrived since then I made a dispute with Best Buy and Citi Bank, called almost weekly. Now it's affecting my credit.What a nightmare will not shop at XXXX again."
6632889,"Credit reporting, credit repair services, or other personal consumer reports",Incorrect information on your report,TX,2023-03-02,"For several years, I work with a third party company called Earnuup, that makes payments on my behalf to my mortgage company. My mortgage was sold to XXXX and the third party sent payment to the previous servicer instead of sending to the new servicer XXXX. The third party payment company Earnup, has confirmed that they did have the funds in reserve to send to XXXX, but for some reason because of the switch to new servicer XXXX, the first payment wasn't sent. Due to their negligence, I now have a 30 day late on my payment history, and it is causing me great financial harm and emotional distress. I recently applied for a home improvement loan, and was denied due to this frivolous late payment due to Earnup gross negligence."
6641467,Credit card or prepaid card,Problem with a purchase shown on your statement,GA,2023-03-02,"Please see previous complaint # XXXX. Capital One has either stolen or is fraudulent in a sum of {$1.00} for a transfer that was taken out of my account but never received on the opposite side of the transaction. They have only reached out once for my XXXX account numbers, that is it. XXXX from capital one called. I returned his call on XX/XX/XXXX at XXXXXXXX XXXX XXXXXXXX at XXXX. They have not contacted me any other time or in any other way. I gave XXXX this information and he said he would be in touch. Im exhausted from capital ones excuses. Why would I not want my money of {$1000.00} back. This issue is not resolved and will not be, until I get my money plus the interest that they would have charged me for this very lengthy time. XX/XX/XXXX!!!! please let me know how I can take further action on this matter and get my money without getting an attorney."
6632253,"Credit reporting, credit repair services, or other personal consumer reports",Incorrect information on your report,MD,2023-03-01,"This is one of several times I've discovered that my credit report had inaccurate information. The three credit bureaus must verify this account in accordance with FCRA 605B ( 15 U.S.C. 1681c-2 ). It is not acceptable to report this account as unconfirmed information without validating them within the legally required time range. The false information on my credit report has to be investigated, amended, or completely removed : ( Original Creditor : ) XXXX Balance : {$910.00}"
6697904,Student loan,Dealing with your lender or servicer,AZ,2023-03-16,"I was unable to make payments for a while. I eventually was able to get back on track with a payment-plan. I have been making payments in the amount they set that are automatically being taken by Sallie Mae from my bank account. However, they are still calling, emailing, and sending mail to both me and my cosigner. They are claiming that I have not paid and that I am going to be put into default.

They also have not updated their website to show that I have been making payments or that there is even an agreed payment-plan in place.

I have asked three times for a copy of the payment plan agreement and they told me "" we do not do that ''. I have no proof other than the fact that they have been taking money out of my account automatically."
6631697,Checking or savings account,Managing an account,FL,2023-03-01,"I am the victim of stealing {$190000.00}. 
Bank of America , N.A . ( BOA ) has created the document by name SCAM VICTIM ACKNOWLEDGMENT with false information. 
BOA made a statement they allegedly COMPLIED WITH MY INSTRUCTIONS TO CONDUCT THE TRANSACTION! 
It is not true. I never gave any authorization to transfer my money, never initiated any transactions. I do not know Recipient 's Bank : NY XXXX XXXXXXXX XXXX ; XXXX XXXX XXXX 
That is why BOA did not even immediately change my debit card and did not close my existing account and did not open another one. 
That is why the Recovery Effort is their allegedly VOLUNTARY ACCOMMODATION and is NOT AN ADMISSION OF ANY LIABILITY BY BOA! 
I hope we can prove BOA executed the transaction without my authorization. 
I kindly ask you to help me return my money back. And recover my funds. 

Thank you."
6634461,"Credit reporting, credit repair services, or other personal consumer reports",Incorrect information on your report,TX,2023-03-01,"*Transunion has ( 2- XXXX  XXXX accounts reporting ) : [ 2nd account ] XXXX and XXXX only of XXXX. [ 1st account ] 60 days late XXXX XXXX, 90 days late XXXX XXXX 120 days late XX/XX/XXXX. *Transunion also has a XXXX XXXX XXXX XXXX account that has ( 2 ) late payments on it. Late payments need to deleted and account needs to be updated to paid on time. According to : XXXX15 U.S. Code 1681a - Definitions ; rules of construction 2 ) Exclusions.Except as provided in paragraph ( 3 ), the term consumer report DOES NOT INCLUDE ( A ) subject to section 1681s3 of this title, any ( i ) report containing information solely as to transactions or experiences between the consumer and the person making the report ; - { Late payments are a transaction } - Transunion : - The ( 2 ) XXXX XXXX XXXX XXXX - XXXX XXXX My Privacy is everything and the Consumer Reporting Agencies must protect it in accordance to 15 USC 1681 ( 4 ). But, they don't, they have allowed the reporting of any and every account without my written consent."
6651184,Debt collection,Communication tactics,MI,2023-03-05,"I spoke with a representative on Friday XX/XX/XXXX and let them know I had been unemployed over a month and that I was beginning a new job that following Monday XX/XX/XXXX. They noted it in their system and said to make the minimum payment once I received income from my new job and that I may still receive a call or two per day because of my account status. Since Friday XX/XX/XXXX, Ive been receiving calls every hour as if I never spoke to anyone. I havent been employed a full week and the calls are becoming overwhelming especially while Im in training."
6654042,Mortgage,Trouble during payment process,PA,2023-03-06,"Hello, Ive been trying to set up biweekly payments with Newrez LLC XXXX # XXXX. First I was told to mail in the document which I did in XXXX they clam they never received it and keep saying that they are having issues getting their mail. Then I submitted it online and they say they have not received it. I am worried because all of my loan informations was in the mailed in document including a voided check. Ive had to pay for increased security measures on my accounts and bank. 

Every customer service person I deal with gives me a different answer and refuse to help."
6627049,"Credit reporting, credit repair services, or other personal consumer reports",Incorrect information on your report,PA,2023-03-01,"In accordance with the Fair Credit Reporting act XXXX Account # XXXX, has inaccurately violated my rights. 
Section 604 - 15 U.S.C. 1681b. States that the consumer may, upon providing proper identification, request a free copy of a report and may dispute with the consumer reporting agency the accuracy or completeness of any information in a report. 
I applied for this inquiry XX/XX/XXXX and the removal date should have been XX/XX/XXXX, It still has not been removed."
6633123,"Credit reporting, credit repair services, or other personal consumer reports",Incorrect information on your report,PA,2023-03-02,"I reviewed my XXXX XXXX and noticed that I had a few inaccuracies on an account. Consumer Reporting Agencies have assumed a vital role and have a responsibility by law, to report Consumer information to the best of their ability with Maximum Accuracy. I have inaccuracies reporting on the following accounts : Account Name : XXXX XXXX Account Number:XXXX  Please investigate and provide valid Proof with statements showing that these payments were late. If Valid and substantial proof can't be provided I demand these inaccuracies be removed from my reports. 

Signed : XXXX XXXX"
6645830,Checking or savings account,Managing an account,AZ,2023-03-04,"On XX/XX/XXXX, I deposited a check to capital one bank. The check was for {$2800.00}. Capital one bank held the check for verification. I called several times for information on when the funds would be released. it has taken me till XX/XX/XXXX to figure out what happen to the funds. capital one bank closed my act. and moved the funds to a limbo acct. even though I had both institutes on the phone verifying finally that the funds were valid. capital one requested that the institute that the check was issue from ( XXXX XXXX XXXX XXXX ) ask for a harmless release hold letter to them so they ( capital one ( can send my money back to the bank. So when I called XXXXXXXX XXXX XXXX XXXX. The rep told me that they do no such thing. The rep informed me that I needed to report on a fraud government site and request my money be released to me."
6632981,"Credit reporting, credit repair services, or other personal consumer reports",Incorrect information on your report,PA,2023-03-02,"I reviewed my Consumer Reports and noticed that I had a few inaccuracies on an account. Consumer Reporting Agencies have assumed a vital role and have a responsibility by law, to report Consumer information to the best of their ability with Maximum Accuracy. I have inaccuracies reporting on the following accounts : Account Name : XXXX XXXX  Account Number : XXXX Please investigate and provide valid Proof with statements showing that these payments were late. If Valid and substantial proof can't be provided I demand these inaccuracies be removed from my reports. 

Signed : XXXX XXXX"
