comment_id,comment_text,toxicity,is_toxic,n_raters,n_toxic_votes,article_id,publication_id,created_date,rating,n_chars,n_words,mentions_identity,male,female,transgender,other_gender,heterosexual,homosexual_gay_or_lesbian,bisexual,other_sexual_orientation,christian,jewish,muslim,hindu,buddhist,atheist,other_religion,black,white,asian,latino,other_race_or_ethnicity,physical_disability,intellectual_or_learning_disability,psychiatric_or_mental_illness,other_disability
6057864,"Just as we expect from Trump and his legion: a remarkable ability to cram stupid, vicious, and racist into a few short words.

You make me sick.",0.88,yes,50,44,383807,54,2017-09-30 18:21:07.656475+00,rejected,144,27,False,0.0,0.0,0.0,0.0,0.0,0.0,0.0,0.0,0.0,0.0,0.0,0.0,0.0,0.0,0.0,0.0,0.0,0.0,0.0,0.0,0.0,0.0,0.0,0.0
5968216,Closet Gay Monarchists who practise birth control? No wonder they are spriit deficient.,0.734375,yes,64,47,378572,53,2017-09-17 09:46:31.115566+00,approved,87,13,True,0.0,0.0,0.0,0.0,0.0,1.0,0.0,0.0,0.0,0.0,0.0,0.0,0.0,0.0,0.0,0.0,0.0,0.0,0.0,0.0,0.0,0.0,0.0,0.0
5371215,"Typical pof wingers, especially Trump Bot Apologists.",0.0,no,4,0,341189,21,2017-06-07 07:33:02.092290+00,approved,53,7,False,0.0,0.0,0.0,0.0,0.0,0.0,0.0,0.0,0.0,0.0,0.0,0.0,0.0,0.0,0.0,0.0,0.0,0.0,0.0,0.0,0.0,0.0,0.0,0.0
426641,"Indignant Christians that know how use use Google should be aware that modern Satanists do not actually believe in God or Satan--they are atheists/secular humanists.  Therefore, this invocation was not actually a prayer to Satan, but rather political commentary meant to remind us that government bodies are not allowed to endorse any particular religion and must be open  to invocations from any group if they are also allowing Christian prayers. But unfortunately, the righteous indignation comes off sounding ignorant and un-American. 
Don't take my word for it, see for yourselves: https://en.m.wikipedia.org/wiki/The_Satanic_Temple",0.5,yes,10,5,143504,21,2016-08-11 17:59:01.019066+00,approved,636,91,True,0.0,0.0,0.0,0.0,0.0,0.0,0.0,0.0,1.0,0.0,0.0,0.0,0.0,1.0,0.25,0.0,0.0,0.0,0.0,0.0,0.0,0.0,0.0,0.0
347807,The Lefties are just gaining hold of our dear city.  People seem to be striving for stupid when they vote.,0.8153846153846154,yes,65,53,138591,21,2016-06-12 21:15:53.279490+00,approved,106,20,False,0.0,0.0,0.0,0.0,0.0,0.0,0.0,0.0,0.0,0.0,0.0,0.0,0.0,0.0,0.0,0.0,0.0,0.0,0.0,0.0,0.0,0.0,0.0,0.0
6288050,"Hadiya- Thank you for sharing your story. 
I rarely read ever single paragraph of an article, but today I did. I am a white woman who although did not work in a professional career on Bay Street, did work on Bay Street for almost 20 years , in hospitality. 
To all those who are making/insensitive, negative comments- maybe you have never experienced or witnessed such things occurring, but Hadiya’ experiences are exactly what I witnessed personally for 20 years.
I was always accepted/respected without question- yet my colleagues/coworkers who were NOT of western descent were treated with less respect/ acceptance. I witnessed this on a daily basis. Congrats on all your success. Your strength and beauty made my morning.

Theresa Dudziak",0.2,no,5,1,397035,54,2017-11-04 15:20:58.636748+00,approved,742,121,True,0.0,0.8333333333333333,0.0,0.0,0.0,0.0,0.0,0.0,0.0,0.0,0.0,0.0,0.0,0.0,0.0,0.0,0.8333333333333333,0.0,0.0,0.0,0.0,0.0,0.0,0.0
343721,"Hogwash, Ridgefield.  Why should we pay for your home?  No way man.  Millions of other true Veterans managed to work and find themselves suitable housing after they came back from serving their blessed time in the military; and just think about the tens of thousand of our soldiers that didn't come home to their families and their families buried their loved ones honorably and managed to move on and take care of themselves.  Since when does our government owe you or anyone else a lifestyle?",0.0,no,4,0,138285,21,2016-06-09 06:13:55.439290+00,approved,494,85,True,0.5,0.0,0.0,0.0,0.0,0.0,0.0,0.0,0.0,0.0,0.0,0.0,0.0,0.0,0.0,0.0,0.0,0.0,0.0,0.0,0.0,0.0,0.0,0.0
5661917,"The ""pursuit of happiness"" is not a guarantee of happiness. My pursuit of happiness could be by depriving someone else of their property. That is not what the founders had in mind. 

The Constitution is a proscriptive document, limiting the power of the central government and deferring as much power back to the smallest form of government or to the people. It is essentially subsidiarity codified.

Jesus did not command to give unto Caesar that which is Caesar's, which would in turn provide for all of our needs. His parable of the Good Samaritan puts the charity of an individual to be his brother's keeper, not the government.

Single payer will lead to rationing or denial. That is its logical end.",0.0,no,4,0,359480,53,2017-07-26 16:16:26.896176+00,approved,705,121,True,0.0,0.0,0.0,0.0,0.0,0.0,0.0,0.0,0.5,0.0,0.0,0.0,0.0,0.0,0.0,0.0,0.0,0.0,0.0,0.0,0.0,0.0,0.0,0.0
5612354,"""Jody Wilson-Raybould is the Minister of Justice and Attorney-General of Canada.""

As the Minister of Justice and Attorney-General of Canada I suspect you would have been involved in the Khadr payout. I'd rather read why you and the government tried to keep it secret from Canadians and we only found out when someone leaked the info. Yet another article about natives would seem to me to be another attempt to deflect attention away from the Khadr settlement and not be truthful to Canadians.",0.0,no,4,0,356531,54,2017-07-18 11:57:42.724802+00,rejected,493,83,False,0.0,0.0,0.0,0.0,0.0,0.0,0.0,0.0,0.0,0.0,0.0,0.0,0.0,0.0,0.0,0.0,0.0,0.0,0.0,0.0,0.0,0.0,0.0,0.0
976534,"""Of course only the enlightened ""caring folks"" want to murder helpless babies"", they'll tell you.

I'm looking forward to the Supreme Court overturning RvW.",0.1666666666666666,no,6,1,167292,54,2017-02-10 11:21:05.489847+00,approved,156,24,False,0.0,0.0,0.0,0.0,0.0,0.0,0.0,0.0,0.0,0.0,0.0,0.0,0.0,0.0,0.0,0.0,0.0,0.0,0.0,0.0,0.0,0.0,0.0,0.0
5828464,The AP fact checking again.  A sign of the growing desperation and flat out mental illness of the progressive media.  Here's a fact for you:  Donald Trump is our president and Hillary Clinton is not.,0.5,yes,10,5,369909,55,2017-08-23 23:29:35.595168+00,approved,199,35,True,0.0,0.0,0.0,0.0,0.0,0.0,0.0,0.0,0.0,0.0,0.0,0.0,0.0,0.0,0.0,0.0,0.0,0.0,0.0,0.0,0.0,0.0,1.0,0.0
5845519,"He win reelection because even though he reduced the amount of the PFD, he will still hand out more money than anyone else except maybe Begich, then the State will really go broke.",0.0,no,4,0,370669,21,2017-08-26 16:23:43.303062+00,approved,180,33,False,0.0,0.0,0.0,0.0,0.0,0.0,0.0,0.0,0.0,0.0,0.0,0.0,0.0,0.0,0.0,0.0,0.0,0.0,0.0,0.0,0.0,0.0,0.0,0.0
967409,"Taqiyya (taqiya, taqiyah, taqiyyah) is a form of Islamic deception. The Quran (16:106 and 3:28) allows Muslims to lie in order to protect themselves or to protect the Muslim community.

https://www.youtube.com/watch?v=6F4wBeshTsw",0.1666666666666666,no,6,1,166942,54,2017-02-08 18:20:24.794999+00,approved,229,31,True,0.0,0.0,0.0,0.0,0.0,0.0,0.0,0.1666666666666666,0.0,0.0,1.0,0.0,0.0,0.0,0.0,0.0,0.0,0.0,0.0,0.0,0.0,0.0,0.0,0.0
6064909,"What a phoney, He really wishes all those brown people would have just drowned, then he wouldn't have to talk about them",0.7571428571428571,yes,70,53,384239,105,2017-10-02 02:10:41.083361+00,rejected,120,22,False,0.0,0.0,0.0,0.0,0.0,0.0,0.0,0.0,0.0,0.0,0.0,0.0,0.0,0.0,0.0,0.0,0.0,0.0,0.0,0.0,0.0,0.0,0.0,0.0
343999,"outsider, what a passive/aggressive way to drag your nefarious beliefs towards sexual assault into a story.  and how telling ...this ""murderess""  had a male counterpart which you fail to mention.   this child tragically died of starvation....not sexual assault.    another fail for you",0.5,yes,10,5,138412,13,2016-06-09 15:52:41.809378+00,rejected,285,42,True,1.0,0.0,0.0,0.0,0.0,0.0,0.0,0.0,0.0,0.0,0.0,0.0,0.0,0.0,0.0,0.0,0.0,0.0,0.0,0.0,0.0,0.0,0.0,0.0
410240,"From the sounds of it you would almost believe that this is a whole new idea from Mr Bishop. Actually in the mid 90,s short Mt took in around a million dollars accepting mixed dirt and gasoline from the Portland area. And the idea of accepting foreign garbage was determined to be stupid as it is now. As far as building a state of the art recycling center when there is a company right outside Glenwood transfer site doing most of that already. But noooo rather then encourage new private investment in a similar facility if it was a viable solution. lane county government wants a new money pit to play with. Remember in Oregon a government employee is worth more than 2 times what a private employee is worth. Just ask anyone who supports the public employee unions sales tax in November. No new ideas here. How much did you say that consultant cost? They could have got all that information by reading one or several of their consultant reports from the last 30 years.",0.5,yes,10,5,142722,13,2016-07-31 17:11:12.146862+00,approved,972,176,False,0.0,0.0,0.0,0.0,0.0,0.0,0.0,0.0,0.0,0.0,0.0,0.0,0.0,0.0,0.0,0.0,0.0,0.0,0.0,0.0,0.0,0.0,0.0,0.0
7102222,And at no time do you ever address the facts that debunk the ridiculous nonsense you post around here. Like a coward you run from those facts to repost ridiculous nonsense that has been thoroughly debunked. It is why I say liberalism is a mental Illness.,0.7727272727272726,yes,66,51,57321,13,2016-04-06 23:51:39.647809+00,rejected,254,46,True,0.0,0.0,0.0,0.0,0.0,0.0,0.0,0.0,0.0,0.0,0.0,0.0,0.0,0.0,0.0,0.0,0.0,0.0,0.0,0.0,0.0,0.0,1.0,0.0
6232482,"Whether you agree with the concept or, the holding of official secrets is a long held policy

One of the reasons the First World War is somewhat back in the news now (and will be over the next few years) is that many documents are now being declassified after the hundred year mark of being sealed - particularly in the UK.

Some, under a different level of classification are sealed forever...

Most of the time they essentially confirmed what most held to be true all along, and thus for most sensible people, confirming that there are no successful major political conspiracies.",0.0,no,4,0,393600,54,2017-10-27 05:34:25.855728+00,approved,581,101,False,0.0,0.0,0.0,0.0,0.0,0.0,0.0,0.0,0.0,0.0,0.0,0.0,0.0,0.0,0.0,0.0,0.0,0.0,0.0,0.0,0.0,0.0,0.0,0.0
770032,"A WHITEFACE shot and NO RIOTS in the street?    I will tell you why.  Most White people have the INTELLIGENCE  that tells them not to riot, burn, protest, parade etc.  

This info just out in today's, 12.30.16,  RG paper.   In this country for 2016.   Imprisonment rates for WHITES (312 per 100,000, unchanged over last year).  BLACKS (1,745 per 100,000, down 4 % over last year), LATINOS (820 per 100,000, down 5 % over last year).  

WHAT does the general public NOT UNDERSTAND  about BLACK  people committing a MAJORITY  of the crimes.

Motley, would Love your comment..............",0.6,yes,10,6,159207,13,2016-12-30 15:15:44.069267+00,rejected,585,96,True,0.0,0.0,0.0,0.0,0.0,0.0,0.0,0.0,0.0,0.0,0.0,0.0,0.0,0.0,0.0,0.8,0.6,0.0,0.6,0.0,0.0,0.0,0.0,0.0
5847188,"These low life racist bottom feeders have always been around in this country (including here in little ol' liberal Denver, where I still remember getting called the n-word by a White guy in a truck when I was just minding my own business as a passenger on my school bus)...but there's absolutely no way any sane, observant person can't help but notice that these incidents are increasing in frequency and virulence since Trump began his rise last year.  His words and actions give comfort to racists and we're going to see more of this before it (hopefully) gets better.",0.6,yes,10,6,370770,102,2017-08-26 21:44:35.514253+00,approved,570,99,True,0.5,0.1,0.0,0.0,0.0,0.0,0.0,0.0,0.0,0.0,0.0,0.0,0.0,0.0,0.0,0.1,0.8,0.0,0.0,0.0,0.0,0.0,0.0,0.0
5778051,"It's distressing to hear that such a brave young woman, along with so many other brave people, are claimed to be represented by such a politically-correct, and diabolical agency like  the Anne Frank Ctr.....SHAME ON YOU....you should be stripped of your legitimacy and assigned to the dustheap of history....YOU REPRESENT NOONE !!!",0.5,yes,10,5,366777,105,2017-08-16 06:57:22.220396+00,approved,331,52,True,0.1666666666666666,0.8333333333333333,0.0,0.0,0.0,0.0,0.0,0.0,0.0,0.0,0.0,0.0,0.0,0.0,0.0,0.0,0.0,0.0,0.0,0.0,0.0,0.0,0.0,0.0
1062110,"Sorry but I'd take O'Weary one any of those you mention. Another PQ guy, no thanks and I want someone who is against carbon tax of any nature and has not succumbed to the islamophobia hysteria.",0.2,no,10,2,315908,54,2017-03-01 18:44:48.965617+00,approved,193,36,True,0.0,0.0,0.0,0.0,0.0,0.0,0.0,0.0,0.0,0.0,0.5,0.0,0.0,0.0,0.1,0.0,0.0,0.0,0.0,0.0,0.0,0.0,0.0,0.0
680056,"The garrulous clown has become yesterday's man.

Is he here to do his Xmas shopping ?",0.7,yes,10,7,155343,54,2016-12-08 17:44:46.855738+00,approved,85,16,True,1.0,0.0,0.0,0.0,0.0,0.0,0.0,0.0,0.0,0.0,0.0,0.0,0.0,0.0,0.0,0.0,0.0,0.0,0.0,0.0,0.0,0.0,0.0,0.0
4990331,"So, this article is about a guy who converts to a religion within minutes of being exposed to it. He never read the books, he never went to a mosque, he never spoke to an Imam. This man is not an example of good decision making. This was the best example of a white guy converting to Islam they could find?",0.5,yes,10,5,318541,54,2017-03-11 14:40:59.046859+00,rejected,306,61,True,0.7,0.0,0.0,0.0,0.0,0.0,0.0,0.0,0.0,0.0,0.5,0.0,0.0,0.0,0.2,0.0,0.8,0.0,0.0,0.0,0.0,0.0,0.0,0.0
5036932,"You're absolutely right, it is Indonesia, they are also not on the list of barred countries.  

Thanks for the catch, better corrected that to believe a mistake.   

I'm actually defending the Presidents stand.   He says it's not a Muslim ban, it's a ban on terrorist.   If you believe the President, here's your support, not all Muslim nations are on the ban.   

That would imply that the President is not indiscriminately targeting all Muslim people.  He might not believe that entire Muslim religion are psychopathic killers.   Imagine, Muslim are sometimes peaceful, love their families, have friends, lead normal lives - even by western standards.",0.5,yes,10,5,321082,13,2017-03-22 05:12:03.475188+00,approved,653,103,True,0.0,0.0,0.0,0.0,0.0,0.0,0.0,0.0,0.0,0.0,1.0,0.0,0.0,0.0,0.0,0.0,0.0,0.0,0.0,0.0,0.0,0.0,0.0,0.0
6193568,"Wiliki, you are a shameless liar and there's no way that rail will cost 10 billion.   It will cost much more.",0.7049180327868853,yes,61,43,391340,55,2017-10-21 08:09:05.554582+00,approved,109,21,False,0.0,0.0,0.0,0.0,0.0,0.0,0.0,0.0,0.0,0.0,0.0,0.0,0.0,0.0,0.0,0.0,0.0,0.0,0.0,0.0,0.0,0.0,0.0,0.0
690117,"My rational conclusion is that you should apologize and be removed from ever hosting a radio or television show again, anywhere. You are a disgrace to the people that settled Alaska.",0.6,yes,10,6,155769,21,2016-12-10 16:47:29.548951+00,approved,182,31,False,0.0,0.0,0.0,0.0,0.0,0.0,0.0,0.0,0.0,0.0,0.0,0.0,0.0,0.0,0.0,0.0,0.0,0.0,0.0,0.0,0.0,0.0,0.0,0.0
5106128,"but what about ""timing""?    Just received the letter from the Archbishop for the annual St. Charles Seminary appeal this week.   Who's minding the mint?

On the other hand, this archdiocesan parishioner, as well as others, would sure like an ""audit"" of the money spent (READ faithful contributions) by Archbishop Chaput in Harrisburg lobbying AGAINST the legislative proposals offered by Rep. Mark Rozzi, a clergy abuse survivor, which legislation would eliminate the SOL's civilly and criminally for child sexual abuse and provide a retroactive provision so that past victims can seek legal redress and have their voices/stories heard in the legal arena.

Please stand by........the release of active Grand Jury Investigations and Reports into various PA dioceses, including Allentown and Pittsburgh, is just around the corner........",0.0,no,4,0,325148,53,2017-04-07 16:25:45.873023+00,approved,835,125,False,0.0,0.0,0.0,0.0,0.0,0.0,0.0,0.0,0.3,0.0,0.0,0.0,0.0,0.0,0.1,0.0,0.0,0.0,0.0,0.0,0.0,0.0,0.0,0.0
6028756,Why do I have a feeling meth was involved...,0.0,no,4,0,382237,102,2017-09-26 19:19:20.382912+00,approved,44,9,False,0.0,0.0,0.0,0.0,0.0,0.0,0.0,0.0,0.0,0.0,0.0,0.0,0.0,0.0,0.0,0.0,0.0,0.0,0.0,0.0,0.0,0.0,0.0,0.0
369756,"Elise,
As a female, I wouldn't waste my time with guns if I wanted to kill a lot of people fast. I'd use Kool-Aid and poison--like Mr. Jones, or any carrier solvent and poison in spray or pour form, or bacteria, in a pinch, sprayed on the vegetables in the supermarket. 

Back in the day, before Independence, the world was so much safer, except for in the cities. Back then, sovereignty ruled the day and if someone was overstepping their bounds, they got what they were asking for and it was okay. Today, the cities are nothing more than nested victims paying for someone else to kill and die for them, when the paid for killers are around. It's very dangerous in the cities.

You are afraid of your own self and what you really are, so you want to buy the responsibility of protection instead of own it. You want to stop me from packing a fully automatic weapon of any sort, when I understand it as a tool with specific purposes of tending to my responsibilities of birth for self-protection.",0.8333333333333333,yes,6,5,140289,21,2016-06-30 00:20:29.855446+00,approved,995,182,True,0.0,1.0,0.0,0.0,0.0,0.0,0.0,0.0,0.0,0.0,0.0,0.0,0.0,0.0,0.0,0.0,0.0,0.0,0.0,0.0,0.0,0.0,0.0,0.0
1035124,You need a forensic examination of your mental health.,0.6,yes,10,6,314192,43,2017-02-23 17:52:54.675545+00,approved,54,9,True,0.0,0.0,0.0,0.0,0.0,0.0,0.0,0.0,0.0,0.0,0.0,0.0,0.0,0.0,0.0,0.0,0.0,0.0,0.0,0.0,0.0,0.0,0.7,0.0
5835802,"no one invaded afghan illegally loser,,, and they were there to kill terrorist and those who protected them,, and they deserved it 100%,, , ignorant alt left lunatics like you are brain dead to the reality of 911 and that this was bringing justice because of it..",0.7714285714285714,yes,70,54,370272,54,2017-08-25 00:53:46.215262+00,rejected,263,47,False,0.0,0.0,0.0,0.0,0.0,0.0,0.0,0.0,0.0,0.0,0.0,0.0,0.0,0.0,0.0,0.0,0.0,0.0,0.0,0.0,0.0,0.0,0.1666666666666666,0.0
5409003,"This is pathetic.  Someone should teach these people how to manage their limited money.

""$600 electricity bill, $350 mortgage, $45 water, $300 cellphones. $98 cable tv, $35 Internet, $315 furniture, $35 car insurance, $60 life insurance.""

Right off the bat, I see $435 per month that can be saved.  They can't afford cell phones, so shouldn't have them, just like the good old days when nobody had one.  Cable is a luxury, internet is a luxury.  If the really need internet, go to the local library a few times a week.

Furniture on credit? Probably a ridiculous interest rate since payday loans are listed. Take the credit hit, stop paying for the furniture and give it all back. Use $400 at Goodwill and classifieds for used furniture.

Hey, there's another $315 saved.  With one minute of thought, I just cut over $700 of expenses, saving 35% of their monthly income.  Education is what they need, not subsidies!",0.6,yes,10,6,340576,102,2017-06-13 21:16:55.723917+00,approved,917,157,False,0.0,0.0,0.0,0.0,0.0,0.0,0.0,0.0,0.0,0.0,0.0,0.0,0.0,0.0,0.0,0.0,0.0,0.0,0.0,0.0,0.0,0.0,0.0,0.0
5156031,Ummm...no.,0.0,no,4,0,328104,54,2017-04-20 15:52:05.662076+00,approved,10,1,False,0.0,0.0,0.0,0.0,0.0,0.0,0.0,0.0,0.0,0.0,0.0,0.0,0.0,0.0,0.0,0.0,0.0,0.0,0.0,0.0,0.0,0.0,0.0,0.0
6327595,"Goveror-Elect Northum paid his dues the usual way, beating a Sanders Democrat, which is good for Virginia but not necessarily everywhere. Northum’s counter attacks were on point, even though I would have loved to see a response that equated opposition to felon rights restoration as voting suppression against black men, which it is. Winning elections is not necessarily winning the moral argument, it is getting out the vote.",0.0,no,4,0,398971,53,2017-11-10 05:47:18.152774+00,approved,426,68,True,0.8333333333333333,0.0,0.0,0.0,0.0,0.0,0.0,0.0,0.0,0.0,0.0,0.0,0.0,0.0,0.0,0.8333333333333333,0.0,0.0,0.0,0.0,0.0,0.0,0.0,0.0
6284198,"The report clearly states that the majority of jobs are private sector full time.

Next whine?",0.0,no,4,0,396628,54,2017-11-03 20:52:01.262986+00,approved,94,16,False,0.0,0.0,0.0,0.0,0.0,0.0,0.0,0.0,0.0,0.0,0.0,0.0,0.0,0.0,0.0,0.0,0.0,0.0,0.0,0.0,0.0,0.0,0.0,0.0
335780,"""Matt, whose hair is starting to resemble Richard Simmons'"" Priceless! Great review, and humor too! Emily, again, ""you're on point!""",0.0,no,4,0,137897,21,2016-06-02 07:07:37.055304+00,approved,132,20,False,0.0,0.0,0.0,0.0,0.0,0.0,0.0,0.0,0.0,0.0,0.0,0.0,0.0,0.0,0.0,0.0,0.0,0.0,0.0,0.0,0.0,0.0,0.0,0.0
806234,"""Immigrants are deciding our elections "" Then we need to change our way of voting !
Why should newcomers decide what is best for our Country ?
Especially newcomers that oppose  our Judeo/Christian values !
We have  to put up with politicians that don't have the ability to be garbagemen  , yet they take our hard-earned dollars and fritter them away on looney schemes that do nothing for no one but themselves !
Just look at the present pack of idiots !
God! -How i wish we had a Donald Trump !",0.703125,yes,64,45,160514,54,2017-01-07 19:34:04.241914+00,rejected,494,92,True,0.0,0.0,0.0,0.0,0.0,0.0,0.0,0.0,1.0,0.25,0.0,0.0,0.0,0.0,0.0,0.0,0.0,0.0,0.0,0.0,0.0,0.0,0.0,0.0
7177817,"'
No, Trump ain't no star in any movie.
.

Trump is just a traitorous, belligerent and childish buffoon.

(and a petty treasonous con man.)

.
The movie was too long the minute the title played.
.",0.65625,yes,64,42,156659,21,2016-12-15 05:08:14.675197+00,approved,196,37,False,0.4,0.0,0.0,0.0,0.0,0.0,0.0,0.0,0.0,0.0,0.0,0.0,0.0,0.0,0.0,0.0,0.0,0.0,0.0,0.0,0.0,0.0,0.0,0.0
773654,"""""Finally, he divides people based on race and religion, instead of bringing people together in equality before the law. That goes against the most fundamental value of a liberal society, which conservatives used to defend.""""

Typical Liberal slop. He is stopping immigration from Muslim countries because Obummer opened up the borders like Merkel and every dirt-bag terrorist walked in.

That isn't racist so stop it.

It's called common sense - get some before we are slaves to extremist Muslim ideology.
You leftie twits keep stepping on your feet.

One more thing - you mention rule of law. When you come from a jungle where there are no laws why would ever abide by some???
You naive children are destroying our country.
Now Muslim immigrants want Sharia law taught in our schools.

Can any of you look beyond payday for once?",0.7272727272727274,yes,11,8,159283,54,2016-12-31 13:41:18.514519+00,approved,831,140,True,0.0,0.0,0.0,0.0,0.0,0.0,0.0,0.0,0.0,0.0,1.0,0.0,0.0,0.0,0.0,0.0,0.0,0.0,0.0,0.0,0.0,0.0,0.0,0.0
6043637,"So you are still honoring him for disrespecting the flag and the country?   I am asking again, if this was about police brutality, WHY during the national anthem when his message would be clouded the way it is currently is?   Are you saying he is an idiot and does not deserve a NFL job?",0.6216216216216216,yes,74,46,383097,13,2017-09-28 18:47:52.260598+00,approved,287,54,False,0.0,0.0,0.0,0.0,0.0,0.0,0.0,0.0,0.0,0.0,0.0,0.0,0.0,0.0,0.0,0.0,0.0,0.0,0.0,0.0,0.0,0.0,0.0,0.0
412412,Anyone that chooses to put his/her life at risk like this guy did deserves to die a miserable death.,0.7625,yes,80,61,142801,21,2016-08-02 00:56:24.336986+00,approved,100,19,False,0.1666666666666666,0.0,0.0,0.0,0.0,0.0,0.0,0.0,0.0,0.0,0.0,0.0,0.0,0.0,0.0,0.0,0.0,0.0,0.0,0.0,0.0,0.0,0.0,0.0
6131017,"""Sixty million Americans voted for a sexist with serious disrespect towards women because the average American is, to a greater or lesser extent, the same way.""
I don't think so - they voted for him because the other candidate was so repulsive to them. It's like Trudeau - never would have been elected if it wasn't for the dislike of Harper. And I bet the Dems repeat their mistake because they insist on publicly interpreting that election as meaning that the people were too stupid to make the right choice.",0.6,yes,10,6,387931,54,2017-10-12 06:32:57.363868+00,approved,510,90,True,0.0,0.8,0.0,0.0,0.0,0.0,0.0,0.0,0.0,0.0,0.0,0.0,0.0,0.0,0.0,0.0,0.0,0.0,0.0,0.0,0.0,0.0,0.0,0.0
5046710,These boys are still not ready.,0.0,no,4,0,321726,54,2017-03-24 00:11:45.208592+00,approved,31,6,False,0.2,0.0,0.0,0.0,0.0,0.0,0.0,0.0,0.0,0.0,0.0,0.0,0.0,0.0,0.0,0.0,0.0,0.0,0.0,0.0,0.0,0.0,0.0,0.0
5883588,".
.
WHEN WILL PRIESTS, NUNS ET. AL. STANDUP & BE CHRISTLIKE?
WHEN WILL THEY STOP COWERING BEHIND THEIR COLLARS & END THIS EVIL?
.
Not one priest in any of the dioceses here in NY has walked one foot of the message they pontificate in their Sunday best.
.
I've asked countless priests to have the faith & courage to do the right thing. They can't even answer me as a glazed look comes over their faces.
***Silence is...
""THE VOICE OF COMPLICITY""! ! !
.
WHAT a SAD profession.
.",0.6,yes,10,6,373036,53,2017-09-02 03:32:04.808432+00,approved,476,92,False,0.1,0.0,0.0,0.0,0.0,0.0,0.0,0.0,0.4,0.0,0.0,0.0,0.0,0.0,0.0,0.0,0.0,0.0,0.0,0.0,0.0,0.0,0.0,0.0
5514756,"Nasty, ugly.. your and other commenters' need to tear apart a celebration that doesn't fit their agenda. Always makes me wonder why the myth about the 'oh so friendly' Canadian is still alive. Wish it would disappear because it's just not true.",1.0,yes,5,5,350728,54,2017-07-02 09:55:17.161117+00,approved,244,42,False,0.0,0.0,0.0,0.0,0.0,0.0,0.0,0.0,0.0,0.0,0.0,0.0,0.0,0.0,0.0,0.0,0.0,0.0,0.0,0.0,0.0,0.0,0.0,0.0
321823,"Funny how this Senator all but ignores the pit we are digging with these credits and how they are setting us up for a raid on the permanent fund rather than balance the budget, which is after all, Senator Giessel`s only delineated job in the constitution... and she hasn`t done it..!,... with her majority in four months!
   The question for Giessel is when will her conflicted conoco caucus offer up a plan to keep our savings intact and pay our way without depending on the oil price crapshoot?
 Or is she going to still continue to champion the freeloaders and carpetbaggers and the rape-ruin-and run boys controlling access to our slope facilities?",0.2,no,10,2,78972,21,2016-05-21 07:18:08.749529+00,approved,652,112,False,0.2,0.0,0.0,0.0,0.0,0.0,0.0,0.1,0.0,0.0,0.0,0.0,0.0,0.0,0.0,0.0,0.0,0.0,0.0,0.0,0.0,0.0,0.0,0.0
1068910,"I believe, as all Catholics must, that when the Church pronounces definitively on a given subject concerning faith or morals, the Holy Ghost protects Here from error.",0.2,no,5,1,315917,53,2017-03-02 23:00:51.728124+00,approved,166,27,True,0.0,0.0,0.0,0.0,0.0,0.0,0.0,0.0,1.0,0.0,0.0,0.0,0.0,0.0,0.0,0.0,0.0,0.0,0.0,0.0,0.0,0.0,0.0,0.0
930715,"Wow, I was censored just for commenting that there's no story attached to this headline.",0.0,no,4,0,165339,13,2017-02-01 02:24:30.411932+00,approved,88,15,False,0.0,0.0,0.0,0.0,0.0,0.0,0.0,0.0,0.0,0.0,0.0,0.0,0.0,0.0,0.0,0.0,0.0,0.0,0.0,0.0,0.0,0.0,0.0,0.0
5997188,""",,,,,falsely accused of a deadly shooting because he’s black.""

LOL !
Give me a break.
At the very least... go back to the mainland, Delaware or where ever.",0.6,yes,10,6,380549,55,2017-09-22 01:06:51.339876+00,approved,157,28,True,0.0,0.0,0.0,0.0,0.0,0.0,0.0,0.0,0.0,0.0,0.0,0.0,0.0,0.0,0.0,1.0,0.0,0.0,0.0,0.0,0.0,0.0,0.0,0.0
414613,"I’m totally amazed to discover that OLCC is not getting any money from the distillery tasting room sales  when they are doing a 100% tax on the wholesale cost of all the other alcohol.

How did that happen?

Didn't all the other distilleries who have to pay that 100% markup complain?",0.0,no,4,0,142910,13,2016-08-03 13:47:34.179589+00,approved,284,51,False,0.0,0.0,0.0,0.0,0.0,0.0,0.0,0.0,0.0,0.0,0.0,0.0,0.0,0.0,0.0,0.0,0.0,0.0,0.0,0.0,0.0,0.0,0.0,0.0
418765,"""White Western leftist hate their own race, color, country, and flag""

Once again, genius, can you name any?",0.6,yes,10,6,143071,21,2016-08-05 21:25:56.263605+00,approved,108,18,True,0.0,0.0,0.0,0.0,0.0,0.0,0.0,0.0,0.0,0.0,0.0,0.0,0.0,0.0,0.0,0.0,1.0,0.0,0.0,0.0,0.0,0.0,0.0,0.0
7019495,"There can never be women priests, or married priests. Why don't you all become Protestants and start your own church?",0.0,no,4,0,159299,53,2017-01-02 07:46:22.189500+00,rejected,117,20,True,0.0,0.8,0.0,0.0,0.0,0.0,0.0,0.0,0.3,0.0,0.0,0.0,0.0,0.0,0.0,0.0,0.0,0.0,0.0,0.0,0.0,0.0,0.0,0.0
707713,"Your comment sounds as plausible as that of Trudeau.

Butts talking points?",0.5135135135135135,yes,74,38,156423,54,2016-12-14 12:31:29.521822+00,approved,75,12,False,0.0,0.0,0.0,0.0,0.0,0.0,0.0,0.0,0.0,0.0,0.0,0.0,0.0,0.0,0.0,0.0,0.0,0.0,0.0,0.0,0.0,0.0,0.0,0.0
472327,What a scumbag. If I was her father I'd put money on everyone's books in the lane co jail w one message to all of em...,0.8571428571428571,yes,77,66,145807,13,2016-09-13 08:09:22.316197+00,approved,119,26,False,0.1666666666666666,0.0,0.0,0.0,0.0,0.0,0.0,0.0,0.0,0.0,0.0,0.0,0.0,0.0,0.0,0.0,0.0,0.0,0.0,0.0,0.0,0.0,0.0,0.0
966493,"You do know that Trudeau or any other PM for that matter just doesn't make decisions and policies all by his lonesome self right. They have teams of people with expertise in many levels. This is what smart leaders do, they sit down and examine the information that;s gathered and act upon it. Trudeau just doesn't go home at night or sit in his office all by himself with Trump on the phone counter punching each other about policy.

What accomplishments has Trump made as a world leader other than to tick off most countries he has dealt with so far. He has done nothing as a world leader. If anyone is an unaccomplished  leader it's Trump. He can't even make policy that his own country agrees with never mind the world. You don't see protests in the street or in foreign countries over Trudeau's policy do you.",0.2,no,5,1,166831,54,2017-02-08 15:55:52.039502+00,approved,813,148,False,0.0,0.0,0.0,0.0,0.0,0.0,0.0,0.0,0.0,0.0,0.0,0.0,0.0,0.0,0.0,0.0,0.0,0.0,0.0,0.0,0.0,0.0,0.0,0.0
708678,Junior is not qualified to lead Canada.  He is an embarrassment to our country and will oversee its decline.  He needs to go.,0.6,yes,10,6,156423,54,2016-12-14 16:06:52.721273+00,approved,125,23,False,0.0,0.0,0.0,0.0,0.0,0.0,0.0,0.0,0.0,0.0,0.0,0.0,0.0,0.0,0.0,0.0,0.0,0.0,0.0,0.0,0.0,0.0,0.0,0.0
860250,"literally nothing depends on Samantha Bee, except for Comedy Central's ratings for half an hour a week...",0.0,no,4,0,162679,54,2017-01-18 21:11:31.388647+00,approved,105,17,False,0.0,0.0,0.0,0.0,0.0,0.0,0.0,0.0,0.0,0.0,0.0,0.0,0.0,0.0,0.0,0.0,0.0,0.0,0.0,0.0,0.0,0.0,0.0,0.0
5906633,Now Florida?  Punishment from above.  God is angry.,0.0,no,4,0,374600,54,2017-09-06 14:18:00.248282+00,approved,51,8,False,0.0,0.0,0.0,0.0,0.0,0.0,0.0,0.0,0.0,0.0,0.0,0.0,0.0,0.0,0.0,0.0,0.0,0.0,0.0,0.0,0.0,0.0,0.0,0.0
709711,If he'd shot santa would it have been christian terrorism? Or 'just' a mentally ill person? Just sayin'.,0.5,yes,10,5,156444,21,2016-12-14 19:07:42.775285+00,approved,104,18,True,0.0,0.0,0.0,0.0,0.0,0.0,0.0,0.1,1.0,0.0,0.0,0.0,0.0,0.0,0.0,0.0,0.0,0.0,0.0,0.0,0.0,0.0,0.4,0.0
379445,"You have failed at your attempt to blame the ""white nan"" .. when a black officer shoots a white man... No one complains. A white officer shoots a thug... People go nuts.",0.675,yes,80,54,140907,21,2016-07-08 09:16:59.098912+00,approved,169,32,True,0.8,0.0,0.0,0.0,0.0,0.0,0.0,0.0,0.0,0.0,0.0,0.0,0.0,0.0,0.0,0.8,1.0,0.0,0.0,0.0,0.0,0.0,0.0,0.0
887868,"Stop the insanity!!! When and if the gas line is ever built the moment the first mile of line is in place we can start to sell the gas. There is no need to attempt to ""sell gas"" 10 to 20 years ahead of one mile of gas line being built.  No money for this stupidity.",0.7205882352941176,yes,68,49,163645,21,2017-01-24 02:29:26.813672+00,approved,265,56,False,0.0,0.0,0.0,0.0,0.0,0.0,0.0,0.0,0.0,0.0,0.0,0.0,0.0,0.0,0.0,0.0,0.0,0.0,0.0,0.0,0.0,0.0,0.0,0.0
847866,I think the Chinese are all talk and in reality cowardly. Just ask Japan.,1.0,yes,6,6,162152,54,2017-01-16 16:53:17.675556+00,approved,73,14,True,0.0,0.0,0.0,0.0,0.0,0.0,0.0,0.0,0.0,0.0,0.0,0.0,0.0,0.0,0.0,0.0,0.0,0.5,0.0,0.0,0.0,0.0,0.0,0.0
765729,"The slop and pail is again bending over
and taking it up the ass for  trudope. Fuck 
You globe. Just cancelled my subscription 
and will now go out and talk to others
to destroy you faggot censors.",0.8428571428571427,yes,70,59,159032,54,2016-12-29 14:38:29.457643+00,rejected,197,37,False,0.0,0.0,0.0,0.0,0.0,0.1666666666666666,0.0,0.0,0.0,0.0,0.0,0.0,0.0,0.0,0.0,0.0,0.0,0.0,0.0,0.0,0.0,0.0,0.0,0.0
586158,"Hitler also won the elections with Catholic support, not only in Germany, and look at what happened. In Europe the far right could not be more happy, exactly like the KKK. Help us all to resist this awful tide of racism, hate and dangerous bellicism, Dear Lord!",0.2,no,10,2,151011,53,2016-11-09 12:57:01.882760+00,approved,261,47,True,0.0,0.0,0.0,0.0,0.0,0.0,0.0,0.0,0.5,0.0,0.0,0.0,0.0,0.0,0.0,0.0,0.0,0.0,0.0,0.0,0.0,0.0,0.0,0.0
5701344,"Leon, the reasons you find this petty is based on your lack of awareness of the black experience. This is not about hair but rather race standards at the demise of the other.",0.1666666666666666,no,6,1,359417,100,2017-08-02 10:50:12.003273+00,rejected,174,33,True,0.0,0.0,0.0,0.0,0.0,0.0,0.0,0.0,0.0,0.0,0.0,0.0,0.0,0.0,0.0,0.8333333333333333,0.0,0.0,0.0,0.0,0.0,0.0,0.0,0.0
588171,"I concur, Alexandra1.  How is it at all possible for people with moral values to accept a racist sexist, demeaning, mysogynist, white supremacist, Islamaphobic, utilitarian deal maker  who is diametrically opposed to common decency?  We are at right angles and no comrpomise is possible. I think it is our prophetic calling to resist him and his policies in every way that we can.  And when I say we, I mean all of us who made up the winning popular vote for Hillary.",0.6,yes,10,6,151074,53,2016-11-10 00:38:34.987951+00,rejected,467,82,True,0.0,0.1,0.0,0.0,0.0,0.0,0.0,0.1,0.0,0.0,0.6,0.0,0.0,0.0,0.0,0.0,0.9,0.0,0.0,0.0,0.0,0.0,0.0,0.0
5197244,"while he is wrong about gas for electricity, the majority of heat is by nat gas,, which is cheaper by a long shot, and forcing people off it as vancouver wants to do is stupid green fanaticsim",0.7,yes,10,7,330739,54,2017-04-30 11:06:01.610647+00,rejected,192,37,False,0.2,0.0,0.0,0.0,0.0,0.0,0.0,0.0,0.0,0.0,0.0,0.0,0.0,0.0,0.0,0.0,0.0,0.0,0.0,0.0,0.0,0.0,0.0,0.0
935395,"You get 5 chances (the black popup) to vote the way they want you to vote and then you are banned. Banning means you only get 3 posts a day. The banning seems like it is done by a human because it actually takes several minutes to take effect.
It's a bad idea and the introduction has been insanely badly handled. Way to go Globe and Mail.
I guess you could just always vote every article as uncivil. That would work work for a while, then they will put in metrics to see if you are voting too uniformly.
If they are going to say that after a certain number of ""UNcivil"" votes for an article that everyone after that must vote the same way why are they even continuing to ask people's opinion? Seems very poorly thought out....  maybe they don't see the problem with ""It's a democracy and you get to have a vote - but you have to vote the way we want you to vote. But hey not only do you get a vote but you must vote!!""",0.0,no,4,0,165520,54,2017-02-01 22:07:05.995017+00,approved,919,182,True,0.0,0.0,0.0,0.0,0.0,0.0,0.0,0.0,0.0,0.0,0.0,0.0,0.0,0.0,0.0,0.5,0.0,0.0,0.0,0.0,0.0,0.0,0.0,0.0
506865,"I cannot believe in this day and age that we have to deal with DV like this. Everyone by now living in the USA should know that hitting your old lady is so very wrong and will get you in prison. Not only should this manager report the incident, but she should get herself and the other woman away from 'Mike'. Don't prey on the weak you bully!",0.0,no,4,0,147621,21,2016-10-04 21:04:43.620417+00,approved,343,68,True,0.1666666666666666,0.8333333333333333,0.0,0.0,0.0,0.0,0.0,0.0,0.0,0.0,0.0,0.0,0.0,0.0,0.0,0.0,0.0,0.0,0.0,0.0,0.0,0.0,0.0,0.0
261644,"........mama, mama, mama.............",0.0,no,4,0,54489,21,2016-03-28 22:03:35.939125+00,rejected,37,3,False,0.0,0.0,0.0,0.0,0.0,0.0,0.0,0.0,0.0,0.0,0.0,0.0,0.0,0.0,0.0,0.0,0.0,0.0,0.0,0.0,0.0,0.0,0.0,0.0
362099,bunk you're the biggest crybaby in the forum.,0.6710526315789473,yes,76,51,139368,13,2016-06-24 00:10:02.778833+00,approved,45,8,False,0.0,0.0,0.0,0.0,0.0,0.0,0.0,0.0,0.0,0.0,0.0,0.0,0.0,0.0,0.0,0.0,0.0,0.0,0.0,0.0,0.0,0.0,0.0,0.0
5204207,"So Ovie  two-hand slashes Crosby to the head and Niskanen finishes him off with a cross check to the face. No wonder they won, they took out their best player. They should both be suspended for the rest of the playoffs. Pittsburgh in 5.
Ovechkin is and always has been a dirty player.",0.4,no,10,4,331195,54,2017-05-02 11:57:14.837319+00,approved,284,53,False,0.0,0.0,0.0,0.0,0.0,0.0,0.0,0.0,0.0,0.0,0.0,0.0,0.0,0.0,0.0,0.0,0.0,0.0,0.0,0.0,0.0,0.0,0.0,0.0
752798,"Now that muslim radical families have a beachhead handed to them here by that stupid little boy. 
In a decade your daughters will serve sharia warlords in every big city in Canada. Your sons will be cut down like dogs if they don""t convert to Muslim
.
They are having 5-10 kids in each family to overwhelm us.",0.7125,yes,80,57,158245,54,2016-12-24 23:24:05.536910+00,approved,309,58,True,0.0,0.0,0.0,0.0,0.0,0.0,0.0,0.0,0.0,0.0,1.0,0.0,0.0,0.0,0.0,0.0,0.0,0.0,0.0,0.0,0.0,0.0,0.0,0.0
5383281,competition in that industry is good. They going bring the mob too?,0.0,no,4,0,342296,55,2017-06-09 01:58:45.395607+00,approved,67,12,False,0.0,0.0,0.0,0.0,0.0,0.0,0.0,0.0,0.0,0.0,0.0,0.0,0.0,0.0,0.0,0.0,0.0,0.0,0.0,0.0,0.0,0.0,0.0,0.0
1004307,"Remember Canada, you voted these imbeciles into power.

It's YOUR fault.",0.8142857142857142,yes,70,57,168647,54,2017-02-16 20:45:26.456158+00,approved,72,11,False,0.0,0.0,0.0,0.0,0.0,0.0,0.0,0.0,0.0,0.0,0.0,0.0,0.0,0.0,0.0,0.0,0.0,0.0,0.0,0.0,0.0,0.0,0.0,0.0
690840,"In his speech on reaching an agreement, Trudeau mentioned consulting aboriginals for their unique aboriginal scientific knowledge on climate change. One wonders as to what unique scientific knowledge they have that no one else has, and why it hasn't been published and commented on by scientists around the world.",0.0,no,4,0,155620,54,2016-12-10 19:08:20.794560+00,approved,313,49,False,0.0,0.0,0.0,0.0,0.0,0.0,0.0,0.0,0.0,0.0,0.0,0.0,0.0,0.0,0.0,0.0,0.0,0.0,0.0,0.0,0.0,0.0,0.0,0.0
6004528,"Typical ploy of  the left is to insult anybody that does not believe the way they do.   For Hillary, anybody that was not voting for her, they were 'deplorables', for people that do not believe in homosexual marriage are 'haters'.   There are other insults they love to through around.",0.7,yes,10,7,380849,13,2017-09-23 03:43:00.648918+00,approved,285,49,True,0.0,0.0,0.0,0.0,0.0,0.7,0.0,0.0,0.0,0.0,0.0,0.0,0.0,0.0,0.0,0.0,0.0,0.0,0.0,0.0,0.0,0.0,0.0,0.0
5547101,congress consists of treasonous criminals,0.5,yes,10,5,352759,105,2017-07-07 16:40:05.228365+00,approved,41,5,False,0.0,0.0,0.0,0.0,0.0,0.0,0.0,0.0,0.0,0.0,0.0,0.0,0.0,0.0,0.0,0.0,0.0,0.0,0.0,0.0,0.0,0.0,0.0,0.0
730734,"Once again commentators are as ignorant as the electors.  This is not a democrat v republican event. This is the elites v elites. Choose your elites - the ones you want to steal you blind and create laws that will erode your rights, your power, and your income.  All rich people are and have for many years been after your money. Now that they can buy elections and electors and votes they are going to wipe out the middle class. This election is about speeding up the process in a more crass and obvious way.",0.7,yes,10,7,157487,21,2016-12-19 22:11:02.853985+00,approved,509,95,False,0.0,0.0,0.0,0.0,0.0,0.0,0.0,0.0,0.0,0.0,0.0,0.0,0.0,0.0,0.0,0.0,0.0,0.0,0.0,0.0,0.1666666666666666,0.0,0.0,0.0
6105637,"Actually, they were the smart women who did not believe the matriarchy who call everything rape and everything misogyny.  

Oh, by the way, it has been two minutes and I haven't been raped.",0.6,yes,10,6,350133,54,2017-10-08 09:01:45.824965+00,rejected,189,33,True,0.0,1.0,0.0,0.0,0.0,0.0,0.0,0.0,0.0,0.0,0.0,0.0,0.0,0.0,0.0,0.0,0.0,0.0,0.0,0.0,0.0,0.0,0.0,0.0
330641,"To Lynn Porter:  it's easy to see from your comments you've never ridden your bike under the Washington-Jefferson Street bridge where nearly 10 homeless people camp and block the bike path with their shopping carts, or walked down Broadway Avenue and had to literally step over the 20-somethings sprawled all over the sidewalk smoking and doing drugs in broad daylight. Just last week one of them demanded money from a passerby, was denied that $, then assaulted him and was arrested. I've had people people follow me to my car and get in my face demanding money, and a transient took hold of my father's arm in the 5th Street Public Market demanding money.

You obviously live a sheltered life to make such a statement, so don't go around making enabling declarations like  ""begging is not illicit behavior"" . A great majority of poverty today is the result of poor choices, including addiction. Let's put the blame where it really lies; it's certainly not with the taxpaying voters.  Sheesh.",0.0,no,4,0,137604,13,2016-05-28 18:07:16.209617+00,approved,993,169,False,0.0,0.0,0.0,0.0,0.0,0.0,0.0,0.0,0.0,0.0,0.0,0.0,0.0,0.0,0.0,0.0,0.0,0.0,0.0,0.0,0.0,0.0,0.0,0.0
7055053,"We will NEVER get used to Nazis, White Supremacists, and their supporters like you. Or, are you man enough to denounce them? Otherwise, you don't deserve to be part of humanity.",0.7,yes,10,7,367260,55,2017-08-17 07:55:28.438104+00,approved,177,31,True,0.5,0.0,0.0,0.0,0.0,0.0,0.0,0.0,0.0,0.0,0.0,0.0,0.0,0.0,0.0,0.0,0.9,0.0,0.0,0.1,0.0,0.0,0.0,0.0
4974923,"The migrants who have crossed the border illegally into Canada already had asylum and were safe in the U.S.A. They didn't have to leave. 

And is it legal to aid and abet and help and house and harbour migrants who cross the US/Canada border into Canada illegally? 

Why should Canadians have to plan and pay for migrants who cross the US/Canada border and who enter Canada illegally? Why doesn't the Trudeau federal Liberal government plan to stop migrants from crossing into Canada illegally?

How many migrants will the Canadian government allow to enter Canada illegally?

And, if it's so good, why isn't PM Trudeau at the border welcoming and getting selfies with the migrants who are crossing the US/Canada border into Canada illegally?",0.0,no,4,0,317627,54,2017-03-08 10:43:41.606777+00,approved,742,123,False,0.0,0.0,0.0,0.0,0.0,0.0,0.0,0.0,0.0,0.0,0.0,0.0,0.0,0.0,0.0,0.0,0.0,0.0,0.0,0.0,0.0,0.0,0.0,0.0
977285,"Yes the 9th circuit is largely regarded as left leaning, nobody is surprised with the outcome
My concern is the Democrats are digging a huge hole for-themselves  with the upcoming midterms. They will lose several more seats in the Senate and probably another dozen in the house. Just look at how many Democrats  in the Senate are up for re-election.",0.0,no,4,0,167292,54,2017-02-10 15:38:07.579396+00,approved,349,60,False,0.0,0.0,0.0,0.0,0.0,0.0,0.0,0.0,0.0,0.0,0.0,0.0,0.0,0.0,0.0,0.0,0.0,0.0,0.0,0.0,0.0,0.0,0.0,0.0
455265,This person has made her stand and to late to cover her mouth. She is disgusting. She hasn't a clue of the damage that will last those children's lifetime. Sorry piece of trash. No apology will wash her clean.,0.8043478260869565,yes,46,37,144890,21,2016-08-31 21:04:14.428250+00,rejected,209,39,False,0.0,0.0,0.0,0.0,0.0,0.0,0.0,0.0,0.0,0.0,0.0,0.0,0.0,0.0,0.0,0.0,0.0,0.0,0.0,0.0,0.0,0.0,0.0,0.0
6192164,"Had he been smart, Few could have shot a black man and walked away scot free.",0.5428571428571428,yes,70,38,391676,102,2017-10-21 00:47:11.427954+00,rejected,77,16,True,1.0,0.0,0.0,0.0,0.0,0.0,0.0,0.0,0.0,0.0,0.0,0.0,0.0,0.0,0.0,1.0,0.0,0.0,0.0,0.0,0.0,0.0,0.0,0.0
5418978,"Not to mention we have a very active society in which NGOs and ordinary citizens participate. I read a while ago that the tragedy that is Zimbabwe was allowed to happen because people (mainly whites) were told there was nothing to worry about, that no one was coming for their money or their lives.

So they erected walls around their property and put their heads down and carried on like nothing had or was going to change. Except it did change, subtly whilst no one was looking. And then it was too late.

I don't blame anyone for wanting to live their lives without needing to be involved in making sure things don't go pear-shaped; unfortunately, it's not a luxury we can afford. We have to be aware and be prepared to fight the good fight when necessary.

""The price of freedom is eternal vigilance"" - never forget those words.",0.0,no,4,0,344443,100,2017-06-15 06:59:04.835489+00,approved,832,150,True,0.0,0.0,0.0,0.0,0.0,0.0,0.0,0.0,0.0,0.0,0.0,0.0,0.0,0.0,0.0,0.0,0.8,0.0,0.0,0.0,0.0,0.0,0.0,0.0
459942,"""At the end, Trump closed with a Bible passage which he improbably implied he was already familiar with (while also oddly suggesting that his typical campaign audiences aren’t as familiar with the Bible).""

""I’d like to conclude with a passage from 1 John, Chapter 4. You know it? 

""Trump even came away with a few gifts, as he was eventually draped in a Jewish prayer shawl, which Bishop Jackson told Trump would help him through the adversities of his campaign, and he also gave Trump a pair of Bibles for him and his wife to study. “I feel better already,” Trump responded.""

http://nymag.com/daily/intelligencer/2016/09/trump-successfully-reads-prepared-remarks-at-black-church.html

CON MAN!!!",0.0,no,4,0,145189,21,2016-09-04 01:58:30.420683+00,approved,699,105,True,0.4,0.1,0.0,0.0,0.0,0.0,0.0,0.0,0.1,0.7,0.0,0.0,0.0,0.0,0.0,0.3,0.0,0.0,0.0,0.0,0.0,0.0,0.0,0.0
5328166,"A very strategic move on the part of the Ontario Liberals.
Gotta love it.
Suck that one back, Patrick Brown.",0.725,yes,80,58,338975,54,2017-05-30 18:23:59.605848+00,approved,108,20,False,0.0,0.0,0.0,0.0,0.0,0.0,0.0,0.0,0.0,0.0,0.0,0.0,0.0,0.0,0.0,0.0,0.0,0.0,0.0,0.0,0.0,0.0,0.0,0.0
340249,"Good, Leonard, I have no guilt whatsoever.  Why would I?

When people like Leonard stop whining about race and accept responsibility for their actions cultural relations will improve.",0.5,yes,10,5,138159,21,2016-06-06 17:01:01.638382+00,approved,183,28,False,0.0,0.0,0.0,0.0,0.0,0.0,0.0,0.0,0.0,0.0,0.0,0.0,0.0,0.0,0.0,0.0,0.0,0.0,0.0,0.0,0.0,0.0,0.0,0.0
5535080,"I appreciate the coverage of this topic, however it appears that the answers of one candidate were parsed, or were shaved down at the very least. Both candidates had fantastic responses, were very intelligent and well spoken on the issues, and were engaged with the public. To see such a shredding of the wonderful responses reflects poorly on this outlet, and hopefully it can be resolved. Both gentlemen are clearly sincere, well educated, and either would be a fantastic person to have on our schoolboard. Please resolve this lack of objectivity and allow for both candidates to be fully and equally represented.",0.0,no,4,0,352086,97,2017-07-05 21:52:27.709867+00,approved,615,102,False,0.0,0.0,0.0,0.0,0.0,0.0,0.0,0.0,0.0,0.0,0.0,0.0,0.0,0.0,0.0,0.0,0.0,0.0,0.0,0.0,0.0,0.0,0.0,0.0
5653432,"It's only ""crass & tasteless"" if you have a mangina, you're pathetic. Hand in you're man card.",0.8541666666666666,yes,48,41,358771,102,2017-07-25 11:41:06.130491+00,rejected,94,17,True,0.6,0.0,0.0,0.0,0.0,0.0,0.0,0.0,0.0,0.0,0.0,0.0,0.0,0.0,0.0,0.0,0.0,0.0,0.0,0.0,0.0,0.0,0.0,0.0
5952179,"That's a similar argument to ""Better to get stabbed in the leg than shot in the stomach"".

There's no justification for either one.",0.5,yes,10,5,377551,54,2017-09-14 13:52:09.582372+00,approved,131,23,False,0.0,0.0,0.0,0.0,0.0,0.0,0.0,0.0,0.0,0.0,0.0,0.0,0.0,0.0,0.0,0.0,0.0,0.0,0.0,0.0,0.0,0.0,0.0,0.0
7179559,"""A male nurse who was convicted of killing patients ....""  If a man is a nurse, doesn't that automatically make him a ""male nurse""?  If it were a woman, would the article have referred to a ""female nurse""?  Why don't we also refer to ""female physician"" or ""male engineer""?",0.0,no,4,0,371525,55,2017-08-28 17:32:10.519135+00,approved,272,49,True,1.0,1.0,0.0,0.0,0.0,0.0,0.0,0.0,0.0,0.0,0.0,0.0,0.0,0.0,0.0,0.0,0.0,0.0,0.0,0.0,0.0,0.0,0.0,0.0
5980713,"Yes, the problem is pretty much the same as the Herschel debacle, but with many more players (Harbor seals, Sea Lions, gulls, terns, cormorants, diving ducks of various species, river otters, and other fish) involved Anytime there is a ""choke point"", either natural or man-made, predators gather to take advantage of the easy pickings. I agree with you that this fact should not come as a surprise. In this case however, I don't think the option of killing all of the predators on the smolts (including other salmon/steelhead) is going to be embraced by anyone. One aspect of the problem, same as happened on Lake Washington, is that the population of the fish you want to protect is low enough that if nothing is done, you may lose the species.",0.0,no,4,0,379018,43,2017-09-19 16:58:27.664075+00,approved,745,130,False,0.0,0.0,0.0,0.0,0.0,0.0,0.0,0.0,0.0,0.0,0.0,0.0,0.0,0.0,0.0,0.0,0.0,0.0,0.0,0.0,0.0,0.0,0.0,0.0
5049556,I just love republicans.  USA is now for sale to the highest bidder.  Pretty pathetic but what do you expect when republicans are in control.,0.5,yes,10,5,321864,55,2017-03-24 16:02:33.826789+00,approved,141,25,False,0.0,0.0,0.0,0.0,0.0,0.0,0.0,0.0,0.0,0.0,0.0,0.0,0.0,0.0,0.0,0.0,0.0,0.0,0.0,0.0,0.0,0.0,0.0,0.0
5204975,"My Sister in Law divorced (not so) Rapid Robert, so seeing him in any context doesn't come up. 

The last time his name came up was when a debt collector called me at work, trying to locate him. Apparently he had given my name and work contact info as a reference.

I am a concrete thinker, I prefer real life examples to abstract scenarios. I was trying to provide a concrete illustration of the difficulties folks get into when they buy a home they can't afford, and of the dangers of governments trying to prop up housing bubbles by subsidising mortgage payments.

People with too much debt was a big problem in the 1970s as we found out in the 1980s, but that is an old story. ""The Man in the Grey Flannel Suit"" and the 1920s easy credit bubble were much the same. When will folks learn from history?",0.0,no,4,0,331056,54,2017-05-02 15:32:18.691608+00,approved,804,150,True,0.8333333333333333,0.0,0.0,0.0,0.0,0.0,0.0,0.0,0.0,0.0,0.0,0.0,0.0,0.0,0.0,0.0,0.0,0.0,0.0,0.0,0.0,0.0,0.0,0.0
610950,"Absolutely right, Steven.  Theologians [today many if not most] are members of the laity.  They don't MAKE the laws in the church.  Cardinal Burke has been 'picking away' at Francis' initiatives since before the first synod on the family in the fall of 2014.  Just one example of this was when he came to Steubenville, Ohio and spoke with a group of people at Franciscan University there, giving a negative thrust to the whole content and process.  Burke has also, put the blame of many changes in the church on the ""Feminization"" of the Church.  MAYBE, he's blaming Francis for that as well.",0.0,no,4,0,152181,53,2016-11-18 18:06:30.616533+00,approved,592,103,True,0.0,0.3,0.0,0.0,0.0,0.0,0.0,0.0,0.5,0.0,0.0,0.0,0.0,0.0,0.0,0.0,0.0,0.0,0.0,0.0,0.0,0.0,0.0,0.0
600089,"I am so disturbed by the election of Trump that I am still having difficulty sleeping at night.  The list of actions that I anticipate from him, that will do real damage to our country, is long.  It seems clear that the gap between rich and poor will grow wider, that millions of latinos will be rounded up and deported in police raids, that race relations will worsen, that women’s rights will be abridged, that science and research investments will be eviscerated and so on.  Republican control of the Supreme Court means that efforts to restrict the corporate purchase of our democracy by lobbying and massive influxes of money won’t prosper.  Nor will efforts to prevent gerrymandering and voter disenfranchisement. Above all, I fear that Trump’s dismantling of the efforts to combat global warming will help tip the planet past an irreversible turning point of climate change that will endanger human civilization.  But Luke, to compare Trump to Hitler is facile, distracting and over the top.",0.2,no,5,1,151613,22,2016-11-14 18:34:17.354153+00,approved,998,166,True,0.0,1.0,0.0,0.0,0.0,0.0,0.0,0.0,0.0,0.0,0.0,0.0,0.0,0.0,0.0,0.0,0.0,0.0,1.0,0.0,0.0,0.0,0.0,0.0
5111758,"The world is still suffering the effects of Iraq war and the banish of Saddam Hussein.  Yet, the esteemed Mr. Trump is trying to get rid of Bashar el Assad of Syria and shake the foundation of a sovereign state.  Isis will flourish at this part of the Middle East. What has Trump got to lose when Syria is gone to the dogs. Mr. Trump hands off Syria and let the Arabs handle their affairs they way they see fit.",0.0,no,4,0,325420,54,2017-04-09 03:13:14.729243+00,approved,411,80,False,0.0,0.0,0.0,0.0,0.0,0.0,0.0,0.0,0.0,0.0,0.1,0.0,0.0,0.0,0.0,0.0,0.0,0.0,0.0,0.2,0.0,0.0,0.0,0.0
287722,"Carlson was nuts.  Gay was the least of his problems.  He was rude, got cautioned  by the Alaska Supreme Court for being too arrogant to implement their orders, was horrendous in court, calling people ""cuckolds"" among other things in divorce actions, practically never gave custody of a child to a man.  He didn't go forward for election because he knew the bar survey would never have a good word to say about him  A horrible judge, and a terrible human being.",0.6,yes,10,6,100532,21,2016-04-19 03:56:59.818378+00,rejected,461,81,True,1.0,0.0,0.0,0.0,0.0,0.6,0.0,0.0,0.0,0.0,0.0,0.0,0.0,0.0,0.0,0.0,0.0,0.0,0.0,0.0,0.0,0.0,0.0,0.0
6059489,"Do you really feel that sorry for yourself all the time? That is very sad. Also, I love how it is acceptable to dismiss a Jewish academic as just some douchebag member of the ""privileged class."" When this man was a kid  there was literally an organized campaign to murder millions of Jewish people. And you think it is worse to be black in today's Canada, because occasionally you may face an off colour joke (and then get to have the power to fire a person who is far more accomplished than you)? Who is the real privileged class here? The university is meeting all these students' demands. They are the winners, not the prof.",0.6,yes,10,6,383323,54,2017-09-30 23:38:55.515023+00,rejected,627,115,True,1.0,0.0,0.0,0.0,0.0,0.0,0.0,0.0,0.0,1.0,0.0,0.0,0.0,0.0,0.0,1.0,0.0,0.0,0.0,0.0,0.0,0.0,0.0,0.0
734626,"As society becomes more and more atheistic and are not believing the great heaven in the sky, then dying however we wish will become part of law. Why should we all be sticking around costing too much money in institutions and hospitals? The money could be better spent on something else. As a senior I am checking out on my terms.",0.0,no,4,0,157586,54,2016-12-20 18:31:42.903990+00,approved,330,61,False,0.0,0.0,0.0,0.0,0.0,0.0,0.0,0.0,0.0,0.0,0.0,0.0,0.0,0.0,0.0,0.0,0.0,0.0,0.0,0.0,0.0,0.0,0.0,0.0
800281,"I'm no fan of the guy, but this is not Mayor Moonbeam's fault.  The GVRD doesn't get enough snow most winters to justify the investment that would be required in Toronto or Montréal for plowing, salting, sanding, etc., and ratepayers would be up in arms if MM proposed it.

It's difficult to see winter tires as the solution, since for most of the winter Lower Mainland drivers only need to worry about rain.  But what about tire chains?  They are easy to install on short notice and easy to remove, and they work really well when the street turns into a skating rink.

Ah, but I suppose most motorists haven't a clue how to put chains on, or take them off, and they're probably too lazy for the most part to do it.  Well, maybe it's time to learn!",0.2,no,10,2,160327,54,2017-01-06 17:24:31.444405+00,approved,748,139,False,0.1666666666666666,0.0,0.0,0.0,0.0,0.0,0.0,0.0,0.0,0.0,0.0,0.0,0.0,0.0,0.0,0.0,0.0,0.0,0.0,0.0,0.0,0.0,0.0,0.0
308894,"It is too bad your God is not forgiving or tolerant of all humankind and thier antics...it has always amazed me that grownup adults honestly believe in fairy tails such as the bible. They tried to ram that dogma down my throat as a little kid. Thank goodness I was not buying into that fantasy and I can think for myself and forgive/accept others without fear. So much hypocrisy in organized religion. It is scary. There is no difference betweena right-wing conservative hating on gays than a Muslim hating on America...both are following the word of God. Same, same, but different.",0.6,yes,10,6,74862,21,2016-05-09 18:00:28.102608+00,approved,582,101,True,0.0,0.0,0.0,0.0,0.0,0.7,0.0,0.0,0.1,0.0,1.0,0.0,0.0,0.0,0.2,0.0,0.0,0.0,0.0,0.0,0.0,0.0,0.0,0.0
1013590,"RangerMC, Yup, Geert Wilders is a scourge on humanity.  Unfortunately, it appears that Trump may be channeling him.  Wilders, described as anti-Muslim, has pledged to ban Muslim immigration to the Netherlands.  Trump has pledged to do the same for the US.  Wilder, talking about Moroccan immigrants said, ""Not all are scum, but there is a lot of Moroccan scum...""  Trump called Mexican immigrants ""rapists"" and ""criminals"" before saying that ""some are good people.""  Trump is the American Geert Wilders, and that's why Doug Chin is taking action against his racist immigration policies.

You ask when there will be a positive story about the Trump administration.  The answer is when the Trump administration does something positive.",0.6,yes,10,6,168297,22,2017-02-18 19:36:33.700981+00,approved,733,115,True,0.0,0.0,0.0,0.0,0.0,0.0,0.0,0.0,0.0,0.0,0.8333333333333333,0.0,0.0,0.0,0.0,0.0,0.0,0.0,0.1666666666666666,0.0,0.0,0.0,0.0,0.0
893390,Did anyone out there think that a new year was going to stop the gun toting criminals?,0.2,no,10,2,163776,21,2017-01-25 02:04:39.547183+00,approved,86,17,False,0.0,0.0,0.0,0.0,0.0,0.0,0.0,0.0,0.0,0.0,0.0,0.0,0.0,0.0,0.0,0.0,0.0,0.0,0.0,0.0,0.0,0.0,0.0,0.0
5978702,"To uproot all the chances of Zuma government to win and ensure the winning of WMC puppets in elections, the white monopoly capitalist are continuously playing their shrewd cards. Deserving Zuma will surely win!",0.1,no,10,1,378942,100,2017-09-19 11:10:28.134134+00,rejected,210,34,True,0.0,0.0,0.0,0.0,0.0,0.0,0.0,0.0,0.0,0.0,0.0,0.0,0.0,0.0,0.0,0.0,1.0,0.0,0.0,0.0,0.0,0.0,0.0,0.0
826744,Actually it fell off with OBAMA and landed on his head.,0.2,no,10,2,161041,54,2017-01-11 23:34:55.896191+00,approved,55,11,False,0.0,0.0,0.0,0.0,0.0,0.0,0.0,0.0,0.0,0.0,0.0,0.0,0.0,0.0,0.0,0.0,0.0,0.0,0.0,0.0,0.0,0.0,0.0,0.0
5954943,"it's never a black-and-white, either-or.  None of us expect gov't to do everything for us. So it's about realistic expectations, and making clear when we should count on gov't support, and when not.",0.2,no,5,1,377491,54,2017-09-14 20:48:22.982179+00,approved,198,33,True,0.0,0.0,0.0,0.0,0.0,0.0,0.0,0.0,0.0,0.0,0.0,0.0,0.0,0.0,0.0,0.8333333333333333,0.8333333333333333,0.0,0.0,0.0,0.0,0.0,0.0,0.0
438822,"Somehow I imagine Clinton making apartments, not appointments.  You know, the cold water flat title 21 Soviet and Red China kind of apartments.",0.0,no,4,0,144088,21,2016-08-19 20:22:29.437444+00,approved,143,23,False,0.0,0.0,0.0,0.0,0.0,0.0,0.0,0.0,0.0,0.0,0.0,0.0,0.0,0.0,0.0,0.0,0.0,0.0,0.0,0.0,0.0,0.0,0.0,0.0
750103,"I spent four years at NIU, west of Chicago. You marched through a safe neighborhood and you weren't wearing blackface. In 1969-73 Chicago's South and Southwest sides had some very threatening neighborhoods for white fools in blackface.",0.8888888888888888,yes,9,8,158146,13,2016-12-24 04:14:33.405733+00,approved,235,37,True,0.0,0.0,0.0,0.0,0.0,0.0,0.0,0.0,0.0,0.0,0.0,0.0,0.0,0.0,0.0,0.6666666666666666,0.8333333333333333,0.0,0.0,0.0,0.0,0.0,0.1666666666666666,0.0
7070980,"Abortion most certainly IS fundamental.  If you don't get that, you don't get Catholicism or the pro-life position.  

Criminals---criminals---have more rights than innocent, unborn babies. If someone was robbing my home and I shot the person---I would have to prove that I shot them because they were a lethal threat.  The act of being in my house and robbing me would not give me the right to shoot them--or even attack them!  In fact in some states, there are laws that allow you to defend yourself--only IF you cannot run away!  

When it comes to an innocent, unborn baby, however, all bets are off--huh? That is the one time where a human being can be killed without any due process needing to be followed.  You don't think there is something wrong with that? 

And abortion supporters have the audacity and unmitigated gall to condemn the death penalty! At least a cold blooded killer got due process!",0.5,yes,10,5,388251,53,2017-10-22 04:17:59.916867+00,approved,908,156,True,0.0,0.0,0.0,0.0,0.0,0.0,0.0,0.0,0.7,0.0,0.0,0.0,0.0,0.0,0.0,0.0,0.0,0.0,0.0,0.0,0.0,0.0,0.0,0.0
364467,"Why does this not surprise me. The  Christians of today are not the forgiving ones of my youth. If they think that Donald Trump is of them, they are sorely confused.",0.1,no,10,1,139741,21,2016-06-25 22:31:32.813778+00,approved,165,31,True,0.0,0.0,0.0,0.0,0.0,0.0,0.0,0.0,1.0,0.0,0.0,0.0,0.0,0.0,0.0,0.0,0.0,0.0,0.0,0.0,0.0,0.0,0.0,0.0
682165,"Max, you have just receive my first ""Flag"" ever. The fundamental of civility here is to discuss ideas, not attack the author. You have directly attacked Walter without engaging his heartfelt, honest, and intimate revelation of his personal beliefs. 

Walter Rogers, under the name Jesuitical, has been a welcome commentator on this forum for a very long time. His honesty and challenging thought is an important contribution to this forum. 

Neither you nor I have the authority to declare any baptized Catholic as no longer a Catholic. Please refrain from doing do. It is fundamentally uncivil. More than that, numerous self-professed non-Catholics are regulars on this forum, and they have always been and remain most welcome. 

BTW, it is not true, as you state, that ""To be a Catholic means to literally hold to the universal belief."" Not to put too fine a point on it, but on your definition, infants baptized into the Church, are not Catholics; for they do not yet hold any beliefs.",0.0,no,4,0,155341,53,2016-12-08 23:28:24.282571+00,approved,988,166,True,0.0,0.0,0.0,0.0,0.0,0.0,0.0,0.0,0.7,0.0,0.0,0.0,0.0,0.0,0.0,0.0,0.0,0.0,0.0,0.0,0.0,0.0,0.0,0.0
5521056,""" ... Love the hypocrisy.""

I guess you missed the hypocrisy of Christie lolling on a beach he closed to everyone else.",0.6,yes,10,6,351199,102,2017-07-03 16:53:27.053013+00,approved,119,22,False,0.0,0.0,0.0,0.0,0.0,0.0,0.0,0.0,0.0,0.0,0.0,0.0,0.0,0.0,0.0,0.0,0.0,0.0,0.0,0.0,0.0,0.0,0.0,0.0
6098071,The better answer for the Pope would be to take off the Clerics and place laity with survivors only on this commission.  Then to address the Church in a way that the Clerics must listen and answer and take the admonitions  from the commission.  We Roman Catholics could then come to much better conclusions and solutions.,0.0,no,4,0,385610,53,2017-10-06 21:18:02.530464+00,approved,321,56,True,0.0,0.0,0.0,0.0,0.0,0.0,0.0,0.0,0.8333333333333333,0.0,0.0,0.0,0.0,0.0,0.0,0.0,0.0,0.0,0.0,0.0,0.0,0.0,0.0,0.0
5653482,"Many countries other than Muslim countries have the alternate toilet facilities that you mention. No they are not healthier & cleaner, the muck gets tracked away on shoes.

There are culture clashes in some Canadian offices when some employees ""squat' and other employees sit while using the same toilet. An absolute mine field for managers to deal with complaints about cleanliness.",0.5,yes,10,5,359030,54,2017-07-25 12:00:15.913715+00,approved,383,61,True,0.0,0.0,0.0,0.0,0.0,0.0,0.0,0.0,0.0,0.0,1.0,0.0,0.0,0.0,0.0,0.0,0.0,0.0,0.0,0.0,0.0,0.0,0.0,0.0
5635280,"Just as well you have the looks because you can't even figure out how a simple ""reply"" feature works.",0.0,no,4,0,357673,54,2017-07-21 19:31:42.518648+00,approved,101,19,False,0.0,0.0,0.0,0.0,0.0,0.0,0.0,0.0,0.0,0.0,0.0,0.0,0.0,0.0,0.0,0.0,0.0,0.0,0.0,0.0,0.0,0.0,0.0,0.0
7017202,"Elections are not won by square miles, they are won by population.  Or, rather, they SHOULD be won.  A minority of American voters chose a patently unfit man , and thanks to an electoral system with its roots in maintaining the power of slave states, the unfit man will ascend to power.  3 million more  people voted for the other candidate.

i read that a terrifying fraction of Trumpistas think that the votes of Californians shouldn't count, because despite being 1 in 8 of the population, they somehow aren't ""real"" Americans.",0.0,no,4,0,160159,53,2017-01-06 21:04:50.025313+00,approved,530,91,True,1.0,0.0,0.0,0.0,0.0,0.0,0.0,0.0,0.0,0.0,0.0,0.0,0.0,0.0,0.0,0.0,0.0,0.0,0.0,0.0,0.0,0.0,0.0,0.0
7074444,"Is there anyone in the White House who does ego control? The insides, Junior, for example, need to fall on the sword and leave for NYC or wherever he is out of circulation. Unable to respond.
Washington, D.C. from the elected to the appointed, including the media, is populated with members of The Peter Principle. We are doomed with such stupitity.",1.0,yes,4,4,354333,105,2017-07-12 12:42:21.951574+00,approved,349,61,False,0.0,0.0,0.0,0.0,0.0,0.0,0.0,0.0,0.0,0.0,0.0,0.0,0.0,0.0,0.0,0.0,0.1666666666666666,0.0,0.0,0.0,0.0,0.0,0.0,0.0
5595163,What strikes me as funny is that Trump's base is made up of evangelical Christians who actually believe in witches. Decrying a witch hunt really only resonates with people who don't believe.,0.5,yes,10,5,355378,54,2017-07-14 22:04:27.777705+00,approved,190,32,True,0.0,0.0,0.0,0.0,0.0,0.0,0.0,0.0,1.0,0.0,0.0,0.0,0.0,0.0,0.0,0.0,0.0,0.0,0.0,0.0,0.0,0.0,0.0,0.0
850572,"While author refers to ""his bishop"" I suspect not RCC.
Fat chance this would ever be read in RC churches.
Would have to be approved by bishop who would deem it ""political.""
RCs voted for DT over HC.
Disturbing more, the number of RCs on his ""team!"" 
As Christopher Dawson noted, Catholics have a propensity for fascism.",0.2,no,5,1,162179,53,2017-01-17 02:05:17.175181+00,approved,319,57,True,0.1,0.0,0.0,0.0,0.0,0.0,0.0,0.0,0.6,0.0,0.0,0.0,0.0,0.0,0.0,0.0,0.0,0.0,0.0,0.0,0.0,0.0,0.0,0.0
792559,"Peace Sheema.  I always admire your pieces.  I will admit I am somewhat outspoken and that includes immigration at times.  I believe it should be slow and measured so that different cultures mesh and adapt.  Many times my impression is that many come in large numbers where they set up enclaves and therefore become poor neighbours to the rest of us, but yet seek to enjoy our benefits while retaining their entire culture while disregarding ours.  However when it comes to you I am grateful we have you in our midst, keep up the great work. 

How's about an opinion piece on the number of children ME and South Asian cultures have in a world where population is getting out of hand (ex. every year the earth's population expands by at least 80 million, or 2.66 x Canada).",0.0,no,4,0,160156,54,2017-01-05 11:57:18.827734+00,approved,772,138,False,0.0,0.0,0.0,0.0,0.0,0.0,0.0,0.0,0.0,0.0,0.0,0.0,0.0,0.0,0.0,0.0,0.0,0.1666666666666666,0.0,0.0,0.0,0.0,0.0,0.0
6301567,"Why is it fake, how about incomplete instead (assuming that ONLY men are injured or killed, which is obviously not true)? Also what difference does it make - the point is that this will prevent injuries and deaths for Canadians in general. This is a pretty useless tangent even for you AG.",0.5,yes,10,5,397470,54,2017-11-06 17:35:45.693773+00,approved,289,52,True,1.0,0.0,0.0,0.0,0.0,0.0,0.0,0.0,0.0,0.0,0.0,0.0,0.0,0.0,0.0,0.0,0.0,0.0,0.0,0.1666666666666666,0.0,0.0,0.0,0.0
5219498,Liberals will likely win due to the support outside of the center of Vancouver and Victoria.   Greens are going to eliminate the NDP's core support on Vancouver Island.,0.0,no,4,0,332268,54,2017-05-05 16:07:29.926577+00,approved,168,28,False,0.0,0.0,0.0,0.0,0.0,0.0,0.0,0.0,0.0,0.0,0.0,0.0,0.0,0.0,0.0,0.0,0.0,0.0,0.0,0.0,0.0,0.0,0.0,0.0
7024515,"Show me where he has expressed any support for Nazis and White Supremacists? He hasn't.

And I equate nothing of the sort. I said, if one group or person says they disagree and have a statue removed, then anyone who disagrees with any statue or memorials, also gets to get have them removed. That is how that works. 
 
Your 'suggestion' to me is just snarky. You feel free to visit them if you so desire.",0.4,no,10,4,367562,102,2017-08-18 01:12:42.163252+00,approved,404,75,True,0.0,0.0,0.0,0.0,0.0,0.0,0.0,0.0,0.0,0.0,0.0,0.0,0.0,0.0,0.0,0.0,1.0,0.0,0.0,0.0,0.0,0.0,0.0,0.0
6111020,"There goes that Ford ""you pay what we pay"" employee discount.",0.0,no,4,0,386841,54,2017-10-09 13:38:09.407044+00,approved,61,11,False,0.0,0.0,0.0,0.0,0.0,0.0,0.0,0.0,0.0,0.0,0.0,0.0,0.0,0.0,0.0,0.0,0.0,0.0,0.0,0.0,0.0,0.0,0.0,0.0
965429,This chick clearly is lying and wants revenge for making a stupid decision. Gtfo,0.671875,yes,64,43,166072,54,2017-02-08 09:09:44.643557+00,rejected,80,14,False,0.0,0.4,0.0,0.0,0.0,0.0,0.0,0.0,0.0,0.0,0.0,0.0,0.0,0.0,0.0,0.0,0.0,0.0,0.0,0.0,0.0,0.0,0.0,0.0
5773882,"Wow, that Goldy is seriously racist.  It appears that Levant is a self-hating  Jew out to torment his brothers and sisters.  The Rebel is promoting hatred and division and Canada and should be investigated by the RCMP.",0.6,yes,10,6,366604,54,2017-08-15 18:59:34.600464+00,rejected,218,37,True,0.3,0.3,0.0,0.0,0.0,0.0,0.0,0.0,0.0,0.6,0.0,0.0,0.0,0.0,0.0,0.0,0.0,0.0,0.0,0.1,0.0,0.0,0.0,0.0
7079610,NRA doesn't care about lax background checks. Disgusting.,0.55,yes,80,44,397501,102,2017-11-06 13:23:27.867614+00,approved,57,8,False,0.0,0.0,0.0,0.0,0.0,0.0,0.0,0.0,0.0,0.0,0.0,0.0,0.0,0.0,0.0,0.0,0.0,0.0,0.0,0.0,0.0,0.0,0.0,0.0
539848,"The Boldt decision killed off the salmon derby,why not the halibut derby? next will be trout quotas.--ken--",0.0,no,4,0,149026,43,2016-10-20 09:25:55.837060+00,approved,107,17,False,0.0,0.0,0.0,0.0,0.0,0.0,0.0,0.0,0.0,0.0,0.0,0.0,0.0,0.0,0.0,0.0,0.0,0.0,0.0,0.0,0.0,0.0,0.0,0.0
7108788,"The whole surfing thing is racist and sexist and a rip off of the native Hawaiians who got slammed into the dirt by the sixties surf dudes who established a mini dope funded empire along the seven miles of the north shore and today are a rich band of thieves using air bnb real estate they purchased using dope cash. how many kids got trapped in that racket, not only how many girls fell victim to their abuse....",0.5,yes,10,5,394694,55,2017-10-29 14:27:59.733255+00,approved,413,78,True,0.2,0.5,0.0,0.0,0.0,0.0,0.0,0.0,0.0,0.0,0.0,0.0,0.0,0.0,0.1,0.0,0.0,0.0,0.0,0.1,0.0,0.0,0.0,0.0
7009704,"Simple answer. You have a penis. There's a male washroom for you. You have a vagina there's a female washroom for you. Not a hard concept to grasp, not much discussion there unless you have neither.",0.675,yes,80,54,314184,54,2017-02-23 02:27:25.725431+00,approved,198,36,True,1.0,0.75,0.0,0.0,0.0,0.0,0.0,0.0,0.0,0.0,0.0,0.0,0.0,0.0,0.0,0.0,0.0,0.0,0.0,0.0,0.0,0.0,0.0,0.0
6304055,"Don't get me wrong, I rail the Republicans too. Just the latest move to allow quasi-mentally ill to get guns was a bad move. I do blame the (R) party for that $@rewup! I personally want good gun control where only mentally sane can obtain guns legally and be allowed to obtain a CWP with annual renewals! Having been almost killed myself by a nut job many decades ago prompted me to get a CWP in a state I used to live in. I only wish HI got it's act together as I know for a fact CWP legalization drops crime rates almost instantly.",0.1666666666666666,no,6,1,397537,55,2017-11-06 22:50:21.893500+00,approved,533,104,True,0.0,0.0,0.0,0.0,0.0,0.0,0.0,0.0,0.0,0.0,0.0,0.0,0.0,0.0,0.0,0.0,0.0,0.0,0.0,0.0,0.0,0.0,0.5,0.0
6099741,"The Last Truthbender, the phrase ""he's a good journalist"" means he is both accurate and right most of the time - or it does for me.  And for the record, I have never said Margaret Wente was a good journalist.",0.0,no,4,0,386142,54,2017-10-07 03:24:48.360482+00,approved,208,40,False,0.0,0.1666666666666666,0.0,0.0,0.0,0.0,0.0,0.0,0.0,0.0,0.0,0.0,0.0,0.0,0.0,0.0,0.0,0.0,0.0,0.0,0.0,0.0,0.0,0.0
5912250,If the genders were reversed the men would have been fired and forced to register as sex offenders.,0.5,yes,10,5,374480,102,2017-09-07 04:03:35.630069+00,approved,99,18,True,1.0,0.0,0.0,0.0,0.0,0.0,0.0,0.0,0.0,0.0,0.0,0.0,0.0,0.0,0.0,0.0,0.0,0.0,0.0,0.0,0.0,0.0,0.0,0.0
832040,"I knew two. One was a pompous, arrogant fool of a man. Both went to Ampleforth, both sets of parents earned their fortune in the third world, both family names treble-barrelled, both men went into the Army at officer level, both millionaires, and both with the arrogance to regularly complain to the Bishop in that shrill, ""this really will not do.."", voice, every time they felt ""the lay faithful may well be led into error."" 

Out of the many outrages this group have been responsible for, it is pretty disgusting that they have made this noise about condoms and closed these medical centres. None of them have nine children and when they do have one, its packed off to Boarding school as soon as its of age - like they were.",0.5,yes,10,5,161221,53,2017-01-13 00:02:22.763769+00,approved,727,131,True,0.7,0.0,0.0,0.0,0.0,0.0,0.0,0.0,0.1,0.0,0.0,0.0,0.0,0.0,0.0,0.0,0.0,0.0,0.0,0.0,0.0,0.0,0.0,0.0
1011816,"""Tinkerbells."" You can change your online name all you want. Your bigotry towards homosexuals and anything left of a Central American military dictatorship is the dead giveaway. 

I take pity on you, Duke. You're the fly I occasionally brush off the comments of less hateful people.",0.6,yes,10,6,168870,54,2017-02-18 06:56:08.547359+00,rejected,282,46,True,0.0,0.0,0.0,0.0,0.0,0.8,0.0,0.0,0.0,0.0,0.0,0.0,0.0,0.0,0.0,0.0,0.0,0.0,0.0,0.0,0.0,0.0,0.0,0.0
7121130,"The blacks folks at Harvard are having their own ""separate but equal"" commencement this year so I'm sure things are about to improve for you oppressed people.",0.5,yes,10,5,335097,21,2017-05-17 00:29:13.779260+00,approved,158,27,True,0.0,0.0,0.0,0.0,0.0,0.0,0.0,0.0,0.0,0.0,0.0,0.0,0.0,0.0,0.0,0.7,0.0,0.0,0.0,0.0,0.0,0.0,0.0,0.0
4992664,"Didn't Kevin Page just call out Trudeau for the overspending, including on skills development or related initiatives for which measures of success were vague or non-existent?  It sounds like more fuel for the Liberals to increase program spending without accountabilty.  Just add it to the deficit tab.",0.0,no,4,0,318486,54,2017-03-12 01:29:22.153846+00,approved,302,47,False,0.0,0.0,0.0,0.0,0.0,0.0,0.0,0.0,0.0,0.0,0.0,0.0,0.0,0.0,0.0,0.0,0.0,0.0,0.0,0.0,0.0,0.0,0.0,0.0
5345538,"So even though the Deepwater Horizon spill occurred 6 years ago, it's still some how Trumps fault, along with rainy days and EDS?",0.0,no,4,0,339685,54,2017-06-02 14:51:53.236926+00,approved,129,23,False,0.0,0.0,0.0,0.0,0.0,0.0,0.0,0.0,0.0,0.0,0.0,0.0,0.0,0.0,0.0,0.0,0.0,0.0,0.0,0.0,0.0,0.0,0.0,0.0
6041358,"Funny how the banks have been shoveling money at people for a decade or so (Remember those 40 year mortgages temporarily introduced by the previous government?) yet it is all the fault of the current government. 

I suspect the banks have been playing a little game. I've read how they have been taking out CMHC 'Portfolio' Mortgage insurance on all their mortgages and so have stopped caring very much as to whether they're going to get all their money back. So they are happy to load you up to the hilt knowing they still get their money back if you default. 

However at least the current government last year started insisting the banks conduct a 'stress test' on any mortgage it wanted to take out CMHC insurance on. (Something that should have been done a number of years ago.)

Thanks for venting. But I don't think you have much of an idea as to what you are talking about.",0.0,no,4,0,382172,54,2017-09-28 13:40:15.558691+00,approved,881,159,False,0.0,0.0,0.0,0.0,0.0,0.0,0.0,0.0,0.0,0.0,0.0,0.0,0.0,0.0,0.0,0.0,0.3,0.0,0.0,0.0,0.0,0.0,0.0,0.0
5163037,"Keep making excuses and deflecting Sher, Europe is suffering from cultural regression as a result of ""accommodating"" a system of beliefs that is only common in uncivilized societies where free expression and gender equality are non-existent. Political Islam is a cancer.",0.6,yes,10,6,328665,54,2017-04-22 00:39:51.847083+00,rejected,270,41,True,0.0,0.0,0.0,0.0,0.0,0.0,0.0,0.0,0.0,0.0,0.6,0.0,0.0,0.0,0.0,0.0,0.0,0.0,0.0,0.0,0.0,0.0,0.0,0.0
5612369,"Thank you, sir. I hope this will go a long way to open the eyes of our beloved locals as to the need for tolerance. There is also need for more grassroots education of our fellow black South Africans that immigrants do not contest identity with them; they should just allow us the little breathing space afforded by the legal stay we have obtained. Reason is that this brash and unpleasant display of unfriendliness by the black locals towards immigrants at hospitals and some other government agencies is unfortunate. Imagine a hospital where they make you feel less human just because you are an immigrant even with ID? You are even scared to submit yourself to some nurses when you perceive their hostile attitude towards you just because you are an immigrant. They openly discriminate against you because you are one nonentity from God-knows-where and should not be treated with dignity. This is an experience one would think should never raise its ugly head in the new South Africa. Tragedy!",0.2,no,10,2,356049,100,2017-07-18 12:03:55.717191+00,approved,996,170,True,0.0,0.0,0.0,0.0,0.0,0.0,0.0,0.0,0.1,0.0,0.0,0.0,0.0,0.0,0.1,0.7,0.1,0.0,0.0,0.0,0.0,0.0,0.0,0.0
5554355,"You're taking one outlier case, and citing it to imply that most police are racist killers.   That just isn't true.

What is true is that police shoot more whites than blacks.  And that when police do shoot blacks, they are invariably breaking the law and resisting arrest.

It's also true that violent crime is far higher in black neighborhoods than in white neighborhoods.

And it's also true that BLM only focuses on the police trying to keep order, and not on the huge number of black on black crimes.",0.5,yes,10,5,352778,53,2017-07-08 17:46:54.700856+00,approved,505,89,True,0.0,0.0,0.0,0.0,0.0,0.0,0.0,0.0,0.0,0.0,0.0,0.0,0.0,0.0,0.0,1.0,1.0,0.0,0.0,0.0,0.0,0.0,0.0,0.0
5165844,"Epigenetics and the link to homosexuality in males has current support.  New theories are always great but I am now sure how you would test or model it, but if you do I am all for it.  All the evidence helps end the stupidity of gays being disordered.",0.9,yes,10,9,328354,53,2017-04-22 20:11:56.153770+00,approved,251,48,True,0.8333333333333333,0.0,0.0,0.0,0.0,0.8333333333333333,0.0,0.0,0.0,0.0,0.0,0.0,0.0,0.0,0.0,0.0,0.0,0.0,0.0,0.0,0.0,0.0,0.0,0.0
753787,"I love how the anti-Semites on this comment board are attacking Israel and the Jews but ignoring the article right below it on the web page on Russian bombers attacking Idlib today.  You know that these commenters don't care a whit about Arab lives or rights, just attacking the Jewish State.",0.6,yes,10,6,158429,54,2016-12-25 13:06:01.334292+00,approved,292,51,True,0.0,0.0,0.0,0.0,0.0,0.0,0.0,0.0,0.0,0.8333333333333333,0.0,0.0,0.0,0.0,0.0,0.0,0.0,0.1666666666666666,0.0,0.0,0.0,0.0,0.0,0.0
6079473,"Women don't abort themselves. That would be suicide. Then, when a woman is pregnant, and say she is then murdered. Police consider that in all accounts a double homicide. Abortion is not the legal safeguard to do murder to a human child/life form going through stages of embryological and fetal development, with preferential treatment, while a murderer must be/and is sentenced in murdering two victims: mother and child in development and in utero.

That's a contradiction of justice. And therefore, unlawful.",0.0,no,5,0,384399,53,2017-10-04 02:58:47.145296+00,approved,511,81,True,0.0,1.0,0.0,0.0,0.0,0.0,0.0,0.0,0.0,0.0,0.0,0.0,0.0,0.0,0.0,0.0,0.0,0.0,0.0,0.0,0.0,0.0,0.0,0.0
6181296,"You have to have a doctor's certification that you suffer from a medically recognized mental condition and that the pet is necessary to help you maintain a good mental state. Sadly, there are online people who profess to be ""doctors"" and will issue a letter for you without even seeing you.",0.0,no,4,0,390746,21,2017-10-19 17:45:17.942472+00,approved,290,51,True,0.0,0.0,0.0,0.0,0.0,0.0,0.0,0.0,0.0,0.0,0.0,0.0,0.0,0.0,0.0,0.0,0.0,0.0,0.0,0.0,0.0,0.0,0.6,0.0
976617,once again rules dont apply if ur the left or a woman - nice to see the double standard - precedent established,0.0,no,4,0,167257,54,2017-02-10 12:34:27.568372+00,rejected,111,22,True,0.0,1.0,0.0,0.0,0.0,0.0,0.0,0.0,0.0,0.0,0.0,0.0,0.0,0.0,0.0,0.0,0.0,0.0,0.0,0.0,0.0,0.0,0.0,0.0
6176358,"Have you counted the number of times you write ""libtard"" (sic) every day here?

Don't you have any friends who can come up with anything original?  Just one word?

Trump is profoundly mentally ill.  It's just a fact.",0.5,yes,10,5,390579,55,2017-10-19 02:19:14.042001+00,approved,216,38,False,0.0,0.0,0.0,0.0,0.0,0.0,0.0,0.0,0.0,0.0,0.0,0.0,0.0,0.0,0.0,0.0,0.0,0.0,0.0,0.0,0.0,0.0,0.2,0.0
5596393,Just like most other non-profits - which most health insurance companies and medical centers are. Non=profits that is.,0.0,no,4,0,355389,102,2017-07-15 02:49:20.886042+00,approved,118,18,False,0.0,0.0,0.0,0.0,0.0,0.0,0.0,0.0,0.0,0.0,0.0,0.0,0.0,0.0,0.0,0.0,0.0,0.0,0.0,0.0,0.0,0.0,0.0,0.0
788907,"""It will be interesting to see if that brawl is just an escalating but ultimately harmless volley of verbiage, or whether it affects the substance of government policy and leads to nuclear war.""

Just a little 'tidbit' tossed out by this esteemed Beltway pundit Brooks. In ""normal"" times, we'd be talking a possible 'trade war' or some such with a competitor, now it's ""end of the world"" war. We're all aboard the suicide train, enjoy the ride!",0.5,yes,10,5,159889,13,2017-01-04 16:55:49.830973+00,approved,444,77,False,0.0,0.0,0.0,0.0,0.0,0.0,0.0,0.0,0.0,0.0,0.0,0.0,0.0,0.0,0.0,0.0,0.0,0.0,0.0,0.0,0.0,0.0,0.0,0.0
5795103,"I think we need to be careful of the old pupule about the Jews killing Jesus.
Jesus and all his disciples were jews.
It would be like saying that it was those evil Americans that killed Lincoln because Booth was an American.",0.9,yes,10,9,367653,55,2017-08-18 16:15:13.896020+00,approved,224,42,True,0.0,0.0,0.0,0.0,0.0,0.0,0.0,0.0,0.25,1.0,0.0,0.0,0.0,0.0,0.0,0.0,0.0,0.0,0.0,0.0,0.0,0.0,0.0,0.0
5092787,I've spent several days researching O'Liely.  He's a disgusting human being.,0.8166666666666667,yes,60,49,324451,21,2017-04-04 20:14:01.901899+00,approved,76,11,False,0.0,0.0,0.0,0.0,0.0,0.0,0.0,0.0,0.0,0.0,0.0,0.0,0.0,0.0,0.0,0.0,0.0,0.0,0.0,0.0,0.0,0.0,0.0,0.0
576924,"Apparently, you do not know what ""trolling"" is Roy...",0.2,no,5,1,150538,21,2016-11-04 21:51:21.589470+00,approved,53,9,False,0.0,0.0,0.0,0.0,0.0,0.0,0.0,0.0,0.0,0.0,0.0,0.0,0.0,0.0,0.0,0.0,0.0,0.0,0.0,0.0,0.0,0.0,0.0,0.0
5461470,"MSNBC:  Purveyor of FAKE NEWS, and this is further proof.  Oh, and sloppy ""journalism"", if that's what you want to call that clown show.",1.0,yes,4,4,347471,105,2017-06-22 21:36:28.961473+00,approved,136,24,False,0.0,0.0,0.0,0.0,0.0,0.0,0.0,0.0,0.0,0.0,0.0,0.0,0.0,0.0,0.0,0.0,0.0,0.0,0.0,0.0,0.0,0.0,0.0,0.0
879806,"“While he is sorry that the victims feel victimized, his version of events is drastically different from the version that was reported to the police,” Hillman said.

What a piece of garbage the guy is.  What part of taking things from the memorial is different?  Did the mother of the dead children confront him for no reason?  He's a meth head loser who will be a burden society for the rest of his lousy existence.",0.8,yes,10,8,163370,13,2017-01-22 17:10:31.496396+00,approved,416,75,False,0.3,0.4,0.0,0.0,0.0,0.0,0.0,0.0,0.0,0.0,0.0,0.0,0.0,0.0,0.0,0.0,0.0,0.0,0.0,0.0,0.0,0.0,0.0,0.0
5032499,You should talk to campus Christians then...,0.2,no,5,1,320878,54,2017-03-21 07:06:46.575007+00,approved,44,7,True,0.0,0.0,0.0,0.0,0.0,0.0,0.0,0.0,1.0,0.0,0.0,0.0,0.0,0.0,0.0,0.0,0.0,0.0,0.0,0.0,0.0,0.0,0.0,0.0
7155595,"Yes I noticed that too.  Kenojuak Ashevak is a brilliant Inuit artist.  If she is a 'woman of colour' then who isn't?  Are Russians people of colour?  Is pink a colour?

PS.  If we are mixing it up on the currency I would love to see Kenojuak Ashevak on a bill - or Emily Carr.",0.0,no,4,0,155349,54,2016-12-08 16:05:15.477917+00,approved,277,55,True,0.0,1.0,0.0,0.0,0.0,0.0,0.0,0.0,0.0,0.0,0.0,0.0,0.0,0.0,0.0,0.2,0.0,0.0,0.0,0.0,0.0,0.0,0.0,0.0
5104346,wtf,0.5142857142857142,yes,70,36,325099,54,2017-04-07 04:49:26.573483+00,rejected,3,1,False,0.0,0.0,0.0,0.0,0.0,0.0,0.0,0.0,0.0,0.0,0.0,0.0,0.0,0.0,0.0,0.0,0.0,0.0,0.0,0.0,0.0,0.0,0.0,0.0
898508,""" So how can we hope for a civil society now that President Trump is setting the tone? He has started a war on civility""

Are you for real? And Hillary is the paragon of civility?

- Lies repeatedly to Congress, media and the world about running an unsecured server with confidential info.
- Obfuscates and again lies regarding the Benghazi affair.
- Solicits donations from parts of the world known to condone and perpetuate REAL misogyny and terrorism, aka Saudi Arabia
- Wears 13,000$ jacket all the while appealing smugly to the middle class and ""women"" while continuing to cash Saudi cheques.

Noone is saying Trump is a saint. The problem is that you appear to gloss over the fact that Hillary is a corrupt, lying sycophant who happily endorses hypocrisy all the while preaching from her podium.",0.7,yes,10,7,163604,54,2017-01-26 00:46:39.697279+00,approved,801,139,True,0.0,1.0,0.0,0.0,0.0,0.0,0.0,0.0,0.0,0.0,0.0,0.0,0.0,0.0,0.0,0.0,0.0,0.0,0.0,0.0,0.0,0.0,0.0,0.0
5426731,"It's kind of a funny intellectual property conundrum. I don't personally see any sanctity in a director's vision for how a movie should be cut for each venue or medium, but Sony seems to be diminishing the narrative that intellectual property is a real and commonsense thing by making this move. 

I don't think what Sony is doing is any more wrong than a 12-year old uploading a theatrical release to the interwebs at any rate.",0.0,no,4,0,345054,102,2017-06-16 15:04:40.722540+00,approved,428,76,False,0.1666666666666666,0.0,0.0,0.0,0.0,0.0,0.0,0.0,0.0,0.0,0.0,0.0,0.0,0.0,0.1666666666666666,0.0,0.0,0.0,0.0,0.0,0.0,0.0,0.0,0.0
6172866,"If the War on Chirstmas was their only issue, the Values Summit would be a quaint ananchronism defeated by everyone honoring the astorlogical origins of the holiday by saying Good Yule. It is as much grievance as policy, however. At this stage, there is nothing that can be done about gay marriage or the right of gay people to a job, given that the federal courts are about to say that the marriage decisions automatically include emploment non-discrimination, which is going to be a problem for the Church in its backlash against gay married staff.",0.1666666666666666,no,6,1,390450,53,2017-10-18 18:14:14.998712+00,approved,550,95,True,0.0,0.0,0.0,0.0,0.0,1.0,0.0,0.0,0.4,0.0,0.0,0.0,0.0,0.0,0.0,0.0,0.0,0.0,0.0,0.0,0.0,0.0,0.0,0.0
6086105,"DUH - guess what - the total history of the church and its sacraments does depend upon how the church supports its sacraments via scripture - the core of the church's understanding.  What you state is not only inaccurate but heretical.  All the sacraments have a foundation in scripture - how these were pastorally implemented, etc. evolved but always grounded in our story - scripture.   
It has nothing to do with *rigor* - your statement is just plan ignorant and wrong.",0.5,yes,10,5,385169,53,2017-10-05 03:18:55.261159+00,approved,473,81,False,0.0,0.0,0.0,0.0,0.0,0.0,0.0,0.0,0.2,0.0,0.0,0.0,0.0,0.0,0.0,0.0,0.0,0.0,0.0,0.0,0.0,0.0,0.0,0.0
7109254,"experience at all.

When you compare whatever you believe Barack Obama had said in trashing the U.S. with the things that Donald Trump has said, the comparison between affirmative action and white male privilege is further contrasted.",0.0,no,4,0,151391,52,2016-11-16 05:21:05.300276+00,approved,234,37,True,1.0,0.0,0.0,0.0,0.0,0.0,0.0,0.0,0.0,0.0,0.0,0.0,0.0,0.0,0.0,0.0,1.0,0.0,0.0,0.0,0.0,0.0,0.0,0.0
5957330,"It is an issue because of the perception that EF folks are also agaisnt the Council as a whole, or I am guessing at least on the part of Fr. Tom. He is on Facebook. Ask him. Or ask MJ, who would seem to like the EF as a rebellion against modernism. I am no fan of loyalty oaths. Indeed, on some questions, like female ordination and HV, and its counter-modern predecssor Castii, I believe the Church is both behind the times and in error, yet I like the use of Latin in Mass and sing Adeste Fidelis loud, so maybe there is no consistent pattern. Still, MJ and folks like Crisis and Church Militant make EF devotees a target. How you want to handle that is up to you.",0.0,no,4,0,376988,53,2017-09-15 06:16:10.536946+00,approved,666,130,True,0.0,0.9,0.0,0.0,0.0,0.0,0.0,0.0,0.3,0.0,0.0,0.0,0.0,0.0,0.0,0.0,0.0,0.0,0.2,0.0,0.0,0.0,0.0,0.0
915330,because bad law is bad law. and good people cannot follow bad law.,0.0,no,4,0,162730,21,2017-01-29 02:27:16.265685+00,approved,66,13,False,0.0,0.0,0.0,0.0,0.0,0.0,0.0,0.0,0.0,0.0,0.0,0.0,0.0,0.0,0.0,0.0,0.0,0.0,0.0,0.0,0.0,0.0,0.0,0.0
6251228,"You are confused.

These charges against Manafort have nothing to do with the supposed Trump/Russian collusion but stem from before his time with Trump when he was actually working for The Podesta Group.

The WaPo story didnt think it was important to inform it's readers about the Podesta Group's connection, or that John Podesta was Hillary's Campaign Chairman and also Bill Clinton's Chief of Staff.

The Uranium One investigations begin this week, and are focused on Dem/Russian bribery, money laundering, cover-ups, kick-backs, and treason.

Buckle up.",0.0,no,4,0,394951,102,2017-10-30 15:26:28.872048+00,approved,557,86,False,0.0,0.0,0.0,0.0,0.0,0.0,0.0,0.0,0.0,0.0,0.0,0.0,0.0,0.0,0.0,0.0,0.0,0.0,0.0,0.1666666666666666,0.0,0.0,0.0,0.0
466009,"http://www.equilar.com/reports/18-200-highest-paid-CEO-rankings-2015.html  

http://www.reuters.com/article/us-hedgefunds-compensation-idUSKCN0Y11D1*
                  * 1 billion dollars would support 28,571 people earning 35,000 a year.",0.0,no,4,0,145416,13,2016-09-08 21:57:49.136324+00,approved,238,14,False,0.0,0.0,0.0,0.0,0.0,0.0,0.0,0.0,0.0,0.0,0.0,0.0,0.0,0.0,0.0,0.0,0.0,0.0,0.0,0.0,0.0,0.0,0.0,0.0
822596,"http://www.nature.com/nature/journal/v399/n6735/abs/399429a0.html

The recent completion of drilling at Vostok station in East Antarctica has allowed the extension of the ice record of atmospheric composition and climate to the past four glacial–interglacial cycles. The succession of changes through each climate cycle and termination was similar, and atmospheric and climate properties oscillated between stable bounds. Interglacial periods differed in temporal evolution and duration. Atmospheric concentrations of carbon dioxide and methane correlate well with Antarctic air-temperature throughout the record. Present-day atmospheric burdens of these two important greenhouse gases seem to have been unprecedented during the past 420,000 years.",0.0,no,4,0,160987,21,2017-01-11 07:10:07.904880+00,approved,748,94,False,0.0,0.0,0.0,0.0,0.0,0.0,0.0,0.0,0.0,0.0,0.0,0.0,0.0,0.0,0.0,0.0,0.0,0.0,0.0,0.0,0.0,0.0,0.0,0.0
5933291,And there are no female head coaches! Clearly discrimination that needs to be addressed with some sort of government program or action.,0.0,no,4,0,376442,102,2017-09-11 15:55:38.924227+00,approved,135,22,True,0.0,1.0,0.0,0.0,0.0,0.0,0.0,0.0,0.0,0.0,0.0,0.0,0.0,0.0,0.0,0.0,0.0,0.0,0.0,0.0,0.0,0.0,0.0,0.0
7081321,"this guy is a cult living nut job period, he actually wants to end the oil sands and for what, the cult brain washing lie of mans carbon nonsense....",0.6197183098591549,yes,71,44,161758,54,2017-01-13 21:28:11.772737+00,approved,149,29,False,0.2,0.0,0.0,0.0,0.0,0.0,0.0,0.0,0.0,0.0,0.0,0.0,0.0,0.0,0.0,0.0,0.0,0.0,0.0,0.0,0.0,0.0,0.0,0.0
659813,"I have always been pro-choice.  That being said, I do not believe abortions are a method of birth control.  A woman with a medical issue will weigh her options and do serious soul searching before making a decision, at least that is what I hope would happen. As far as rape is concerned I think the option of the morning after pill is a better solution and should be readily available to everyone.",0.2,no,10,2,154500,21,2016-12-04 17:53:48.654268+00,approved,397,73,True,0.0,1.0,0.0,0.0,0.0,0.0,0.0,0.0,0.0,0.0,0.0,0.0,0.0,0.0,0.0,0.0,0.0,0.0,0.0,0.0,0.0,0.0,0.0,0.0
5887302,"what a small little man. First, he raises a straw man with no relevance, then he violates the cardinal rule of talking down your leader while overseas. And and while resting comfortably on the taxpayer dime in Italy's lake country. 

Disgusting.",0.5657894736842105,yes,76,43,373555,105,2017-09-02 21:17:59.065231+00,approved,245,41,True,1.0,0.0,0.0,0.0,0.0,0.0,0.0,0.0,0.0,0.0,0.0,0.0,0.0,0.0,0.0,0.0,0.0,0.0,0.0,0.2,0.0,0.0,0.0,0.0
439442,"What people? Are you still beating that dead horse, Benghazi? As I am often told by the righties on here, get over it. Way to stay on topic, though.",0.0,no,4,0,144083,21,2016-08-20 03:53:45.762670+00,approved,148,29,False,0.0,0.0,0.0,0.0,0.0,0.0,0.0,0.0,0.0,0.0,0.0,0.0,0.0,0.0,0.0,0.0,0.0,0.0,0.0,0.0,0.0,0.0,0.0,0.0
5959001,"Muslims over the entire world are violently demanding to dominate every society they are in, THEY AREW MUSLIM SUPREMAICSTS! 
Kick the Rohingya out, Burma is protecting itself just like Poland protected the West, all of Europe in 1682, 1683. 
DO NOT FORGET HISTORY!
https://en.wikipedia.org/wiki/Battle_of_Vienna",0.7,yes,10,7,377843,54,2017-09-15 15:41:57.785696+00,approved,311,44,True,0.0,0.0,0.0,0.0,0.0,0.0,0.0,0.0,0.0,0.0,1.0,0.0,0.0,0.0,0.0,0.0,0.0,0.2,0.0,0.0,0.0,0.0,0.0,0.0
6171050,"He was always passionate about Canada, and was truly someone who contributed to our cultural identity and unified our nation.  Thank you, Gord, you will be missed!",0.0,no,4,0,390496,54,2017-10-18 15:07:28.709377+00,approved,163,27,False,0.0,0.0,0.0,0.0,0.0,0.0,0.0,0.0,0.0,0.0,0.0,0.0,0.0,0.0,0.0,0.0,0.0,0.0,0.0,0.0,0.0,0.0,0.0,0.0
843208,It was a secret because he did not want paparazzi using drones to photograph him and his wife making mad passionate love on the beach.  Now go find some other minuscule issue to complain about.,0.6,yes,10,6,161903,54,2017-01-15 14:44:13.649833+00,approved,193,35,False,0.0,0.0,0.0,0.0,0.0,0.0,0.0,0.0,0.0,0.0,0.0,0.0,0.0,0.0,0.0,0.0,0.0,0.0,0.0,0.0,0.0,0.0,0.0,0.0
7014560,"""Sustainable budget is a work in progress?""

Good to see the editor has a sense of humor.

Rep. Chenault might think that maintaining $775,000,000 in oil tax credit/subsidies for Big Oil is sustainable.  Apparently it is as long as the Legislature is able to reach into the pockets of every Alaskan and steal $1,000 to pay for it- as the vacationing Lesil McGuire and Senate majority voted to do.

Fortunately a bipartisan House majority can see ""behind the curtain,"" and are ignoring the Wizard of Oz's instructions to ""pay no attention.""  Until an unsustainable and uneconomic corporate subsidy program is ""reformed""- and terminated, the desired ""consensus"" will remain elusive.

The bottom line is that legislators were sent to Juneau to solve the fiscal crisis and end the deficit this year- not next year.  It may be ""hard work"" and ""frustrating,"" but the summer has only just begun.

p.s. Full disclosure:  I am a ConocoPhillips shareholder",0.0,no,4,0,138994,21,2016-06-17 13:58:55.309453+00,approved,946,155,False,0.0,0.0,0.0,0.0,0.0,0.0,0.0,0.0,0.0,0.0,0.0,0.0,0.0,0.0,0.0,0.0,0.0,0.0,0.0,0.0,0.0,0.0,0.0,0.0
849624,"The author of this piece admits:

""There is little that I or my family will suffer from rule by the Trump administration.""

Thanks for admitting that.   

""We have health insurance.""  Yes, and you had it before Obamacare was enacted, and you were paying much less for it than you are now.

""My pension went up impressively after the election.""

Yes, and the stock market shot up and has stayed up at record levels.    When?  Right after Nov 8th.

""Jefferson Beauregard ""Jeff"" Sessions can do little to threaten my family.""

Yes, and he hasn't threatened anyone else's family, ever.   Good news.  

Overall, everyone  is doing better,  Universal healthcare is not slated  to be abolished, but improved.   More jobs are kept in country.  Our ally Israel is happy with us.  One would be hard pressed to pinpoint exactly which law abiding American citizens are even remotely threatened - even a teensy bit - by the new administration.

Reflect on this.   Doing so will remove the angst you feel.",0.0,no,4,0,162179,53,2017-01-16 21:57:56.968649+00,approved,991,166,False,0.0,0.0,0.0,0.0,0.0,0.0,0.0,0.0,0.0,0.0,0.0,0.0,0.0,0.0,0.0,0.0,0.0,0.0,0.0,0.0,0.0,0.0,0.0,0.0
610917,"Amoris Laetitia is new wine from the Roman Catholic Church under Pope Francis.  Many of the vessels into which he must pour the wine are old.  He is creating new vessels as fast as he can, and trying to ""cure"" the vessels while the wine soaks in.  Unfortunately, some old vessels are already too soured to be able to be useful as vessels of the new wine.  

""Pope Francis, like his namesake, has dedicated himself to the task ever since that day when he bowed and asked the people for their blessing. It was a powerful symbol of a humble, listening and accompanying church. The new wine of God’s unconditional love, boundless mercy, radical inclusivity and equality needs to be poured into new wineskins of humility, mutuality, compassion and powerlessness.""

""The old wineskins of triumphalism, authoritarianism, supremacy abetted by clerical power, superiority, and rigidity are broken.""

Bishop Vincent Long of Parramutta, Australia.  Catholica calls him a bishop worth listening to.",0.0,no,4,0,152181,53,2016-11-18 17:56:13.887732+00,approved,986,160,True,0.0,0.0,0.0,0.0,0.0,0.0,0.0,0.0,0.6,0.0,0.0,0.0,0.0,0.0,0.0,0.0,0.0,0.0,0.0,0.0,0.0,0.0,0.0,0.0
6168087,"Right. Pope Francis is so like the Taliban. What silly comparison to make. Maybe the reason why there isn't women priests isn't the Pope himself but because of 2000 years of Catholic Dogma combined with John Paul II's statement shutting down debate on the issue. 

This is 2000 years of rigid tradition he's inherited and it's not easy to change that all at once. While he has not been perfect on this issue, he has advanced an important conversation on women being deacons which has not happened in 1000 years. He has endorsed feminism in Amoris Laetitia as a ""movement of the Holy Spirit"" to break down patriarchal barriers. 

And while you may not listen to him, you aren't representative of the opinions of all women. Particularly poor women, and women of color living under the poverty line for instance who have a high opinion in the slums because of the work he has done in these areas.",0.4,no,10,4,389985,53,2017-10-18 01:10:54.483076+00,approved,893,158,True,0.0,1.0,0.0,0.0,0.0,0.0,0.0,0.0,0.8,0.0,0.1,0.0,0.0,0.0,0.0,0.0,0.1,0.0,0.0,0.0,0.0,0.0,0.0,0.0
5770354,He should have got life with no possibilities of parole...,0.0,no,4,0,366557,102,2017-08-15 05:16:07.390366+00,approved,58,10,False,0.0,0.0,0.0,0.0,0.0,0.0,0.0,0.0,0.0,0.0,0.0,0.0,0.0,0.0,0.0,0.0,0.0,0.0,0.0,0.0,0.0,0.0,0.0,0.0
343136,Just a brief correction: Ramadan began at sunset on Sunday.  Awesome article!,0.0,no,4,0,138356,13,2016-06-08 20:45:18.637206+00,approved,77,12,False,0.0,0.0,0.0,0.0,0.0,0.0,0.0,0.0,0.0,0.0,0.2,0.0,0.0,0.0,0.0,0.0,0.0,0.0,0.0,0.0,0.0,0.0,0.0,0.0
6298469,"TigerEye, 

Bringing up violent crime and murder in societies that predate the invention or introduction of firearms is intended to make one salient point:  that the safety of their citizens then depended more upon individual brute physical strength or sheer force of numbers than is the case in U.S. society today.  A thing that remains unchanged throughout the ages is that the wealthier you are, the more security (safety) you can afford to buy.  But one thing that has most definitely changed is that now a 100 lb female has the credible means to stop a 300 lb brute from having his way with her, or that a senior citizen today has within his or her means a tool to deter a 20-year-old thug.  This was not nearly the case when ""personal weapon"" was limited technologically to bladed weapons.

All said and done, I'd not regard as safer or idyllic civilizations that existed a thousand years ago, however gunless they may have been.  I would guess most females amongst us would agree in spades.",0.0,no,4,0,397390,55,2017-11-06 06:02:24.700156+00,approved,997,174,True,0.0,1.0,0.0,0.0,0.0,0.0,0.0,0.0,0.0,0.0,0.0,0.0,0.0,0.0,0.0,0.0,0.0,0.0,0.0,0.0,0.0,0.0,0.0,0.0
6327385,She's the benchmark...and then some.,0.0,no,4,0,398770,21,2017-11-10 04:56:04.302011+00,approved,36,5,False,0.0,0.0,0.0,0.0,0.0,0.0,0.0,0.0,0.0,0.0,0.0,0.0,0.0,0.0,0.0,0.0,0.0,0.0,0.0,0.0,0.0,0.0,0.0,0.0
373991,"Spot on David. Thanks for putting it all together so others may see it too. It's outrageous how the state has made medical cannabis a pay-to-play
program all based on irrational fear and loathing. What is now known about cannabis continues to be maligned while people suffer but boy are they ready for the tax money. Sorry patients, your health runs a distant second. Tax money rules.",0.0,no,4,0,140595,13,2016-07-03 18:10:39.170700+00,approved,384,67,False,0.0,0.0,0.0,0.0,0.0,0.0,0.0,0.0,0.0,0.0,0.0,0.0,0.0,0.0,0.0,0.0,0.0,0.0,0.0,0.0,0.0,0.0,0.0,0.0
294445,"Somehow I have a feeling that if it were - using your example, Bill Randall - or any other man, you wouldn't feel the need to point out that he is ""old"" (quotes because these terms are subjective) or a man.  Let's consider that for a second, shall we?

Thank you for confirming your narcissism though...it is refreshing to find a narcissist who is actually willing to admit as much.",0.5,yes,10,5,65875,13,2016-04-25 20:54:16.336157+00,approved,382,70,True,0.7,0.0,0.0,0.0,0.0,0.0,0.0,0.0,0.0,0.0,0.0,0.0,0.0,0.0,0.0,0.0,0.0,0.0,0.0,0.0,0.0,0.0,0.0,0.0
7078609,"Don the liar, collecting tribute for the honor of protecting his property.",0.6,yes,10,6,362744,102,2017-08-04 00:54:00.494296+00,approved,74,12,False,0.0,0.0,0.0,0.0,0.0,0.0,0.0,0.0,0.0,0.0,0.0,0.0,0.0,0.0,0.0,0.0,0.0,0.0,0.0,0.0,0.0,0.0,0.0,0.0
6146298,He was born into a strong Mennonite family. Maybe he converted to Islam while he was held captive.,0.0,no,4,0,388870,54,2017-10-14 15:36:16.956808+00,rejected,98,18,True,0.0,0.0,0.0,0.0,0.0,0.0,0.0,0.0,0.1,0.0,0.5,0.0,0.0,0.0,0.1,0.0,0.0,0.0,0.0,0.0,0.0,0.0,0.0,0.0
5684395,"We are not Russia, we are not a third world country.  All suspects are innocent until proven guilty.  We should treat all suspects not necessarily with respect, but with just a little dignity.  Maybe more than they deserve, but then we are supposedly a civilized nation.  But then with as much smoke that is surrounding the Trump organization with regards to Russia, should we just consider him guilty and not give him the benefit of the doubt until the investigation is done?
  If guilty, prison should not include visits or TVs in the cells.  Make it as miserable as possible, But that is prison, after the trial which many are saying should come before the trial.",0.0,no,4,0,360771,66,2017-07-30 02:31:09.219150+00,approved,666,116,False,0.0,0.0,0.0,0.0,0.0,0.0,0.0,0.0,0.0,0.0,0.0,0.0,0.0,0.0,0.0,0.0,0.0,0.0,0.0,0.0,0.0,0.0,0.0,0.0
7106400,"Does Trudeau think we are all stupid?

This man is beyond delusional.",0.84,yes,50,42,156130,54,2016-12-12 23:20:57.541947+00,approved,69,12,True,0.7,0.0,0.0,0.0,0.0,0.0,0.0,0.0,0.0,0.0,0.0,0.0,0.0,0.0,0.0,0.0,0.0,0.0,0.0,0.0,0.0,0.0,0.0,0.0
797312,"You are wrong, Paul22 -  Hillary Clinton got 4.6 million more votes than Trump in California. Trump didn't ""know"" anything - he thought he would lose. Trump is no strategic genius, he's a fat lazy bum who lives on bankruptcy rulings and changes his underwear every time he changes wives. Trump was elected with the lowest number of voters in modern times.

Seriously, you need to educate yourself. I do it, you can too.",0.5,yes,10,5,160245,13,2017-01-06 02:19:36.947966+00,approved,419,74,False,0.0,0.0,0.0,0.0,0.0,0.0,0.0,0.0,0.0,0.0,0.0,0.0,0.0,0.0,0.0,0.0,0.0,0.0,0.0,0.0,0.0,0.0,0.0,0.0
5954797,Fighting back against islamic terrorism is not a crime!,0.5,yes,10,5,377470,54,2017-09-14 20:25:45.842259+00,approved,55,9,True,0.0,0.0,0.0,0.0,0.0,0.0,0.0,0.0,0.0,0.0,0.7,0.0,0.0,0.0,0.0,0.0,0.0,0.0,0.0,0.0,0.0,0.0,0.0,0.0
7154524,"People need to really learn who Kevin O'Leary really is and what he hasn't accomplished. If those who are so enamored with his style and faux ability feel they would like to live under his rule (which is how he would view it), why not just move to the United States where that perfect storm has all just been created. 

Why do you feel the need to duplicate it here?

As a fourth generation Canadian whose father and grandfather both fought in the the world wars to keep me free, Kevin O'Leary would make them both literally puke. He is a self-serving, narcissistic egomaniac that cares nothing about you.",0.6,yes,10,6,160365,54,2017-01-28 23:46:49.764991+00,approved,605,109,False,0.4,0.0,0.0,0.0,0.0,0.0,0.0,0.0,0.0,0.0,0.0,0.0,0.0,0.0,0.0,0.0,0.0,0.0,0.0,0.0,0.0,0.0,0.0,0.0
5935663,"I don't have a wheel chair, but I'm a senior and disabled with poor balance due to disability. People are constantly bumping into me. In fact, a woman recently bumped into me as she was hurrying and then turned around and started yelling at me. Inconsiderate jerk. I walk slow and carefully, moving away from people coming my way.  I avoid crowds. I constantly need to protect myself.",0.4,no,10,4,376424,55,2017-09-11 22:08:02.342984+00,approved,384,68,True,0.0,1.0,0.0,0.0,0.0,0.0,0.0,0.0,0.0,0.0,0.0,0.0,0.0,0.0,0.0,0.0,0.0,0.0,0.0,0.0,0.0,0.0,0.0,0.0
742803,"Meanwhile, in Star Trek related news:

""It was revealed to viewers that the High Command's illogical and emotionally based statements were, in reality, the result of covert Romulan influence.""",0.0,no,4,0,157771,54,2016-12-22 16:16:07.580381+00,approved,192,29,False,0.0,0.0,0.0,0.0,0.0,0.0,0.0,0.0,0.0,0.0,0.0,0.0,0.0,0.0,0.0,0.0,0.0,0.0,0.0,0.0,0.0,0.0,0.0,0.0
583526,Good.,0.0,no,4,0,150932,21,2016-11-08 04:43:47.484997+00,approved,5,1,False,0.0,0.0,0.0,0.0,0.0,0.0,0.0,0.0,0.0,0.0,0.0,0.0,0.0,0.0,0.0,0.0,0.0,0.0,0.0,0.0,0.0,0.0,0.0,0.0
461154,"Bitch, you ain't from Juneano. Otherwise you would of said ""longhouse"".  Go back to the east coast.  Go fuck yourself.",0.912280701754386,yes,57,52,145254,21,2016-09-05 09:45:49.063426+00,rejected,118,20,False,0.0,0.0,0.0,0.0,0.0,0.0,0.0,0.0,0.0,0.0,0.0,0.0,0.0,0.0,0.0,0.0,0.0,0.0,0.0,0.0,0.0,0.0,0.0,0.0
5988829,"Johannesburg will not be a WORLD CLASS CITY as the radio repeat all day as long as the inhabitants do such act as : I was visiting a park. Help to keep it clean by picking up paper , plastic bags, bottles and tin cans .  etc. People were looking at us and laughing  at us while discarding new rubbish on the ground and not in the waste collecting bin. What a mentality South African have !!!",0.6,yes,10,6,379798,100,2017-09-20 20:48:06.322619+00,approved,391,77,False,0.0,0.0,0.0,0.0,0.0,0.0,0.0,0.0,0.0,0.0,0.0,0.0,0.0,0.0,0.0,0.1,0.0,0.0,0.0,0.3,0.0,0.0,0.0,0.0
5130497,""" starter's job is to win"". No, a starter's job is to put the team in position to win, which is exactly what Stroman did, masterfully.
And I hate to tell you but judging pitchers by ""wins"" is useless.",0.5,yes,10,5,326566,54,2017-04-13 20:01:35.860133+00,approved,200,39,False,0.0,0.0,0.0,0.0,0.0,0.0,0.0,0.0,0.0,0.0,0.0,0.0,0.0,0.0,0.0,0.0,0.0,0.0,0.0,0.0,0.0,0.0,0.0,0.0
587382,But a white rich old Bernie or Hillary would have?,0.0,no,6,0,151102,21,2016-11-09 20:32:49.440971+00,approved,50,10,True,0.0,0.0,0.0,0.0,0.0,0.0,0.0,0.0,0.0,0.0,0.0,0.0,0.0,0.0,0.0,0.0,0.8333333333333333,0.0,0.0,0.0,0.0,0.0,0.0,0.0
803352,"Why Is that Frank? Because one loony toon psychopath, who didn't legally posess a firearm to begin with, broke the laws already in place to commit a murder. Do you honestly think that further restrictions to firearms would have prevented this guy from doing this crime, as he was willing to violate atleast 3 firearms laws before he even pulled the trigger. 
1. Possession of firearm with mental history. 
2. Loading a weapon on airport property.
3. Likely conceal/open carry laws that Florida has for having a loaded fire arm in public without a carry license. 

You may not know this, but laws do not prevent one from breaking the law. Additionally, CBS just reported that this guy tried to turn himself in to the FBI last November for being forced to fight for Isis. Either he's crazy or he's a terrorist, in either case he wasn't legally allowed to posess a gun.",0.5,yes,10,5,160479,21,2017-01-07 01:56:06.986738+00,approved,866,153,True,0.2,0.0,0.0,0.0,0.0,0.0,0.0,0.0,0.0,0.0,0.1,0.0,0.0,0.0,0.0,0.0,0.0,0.0,0.0,0.0,0.0,0.0,0.6,0.0
5134930,"Wishful thinking...
Here I'm gonna try it...'I wish our elected officials weren't incompetent'...
Hmmmm, nope it doesn't work. Darn it.",0.6,yes,10,6,327019,13,2017-04-15 00:22:06.877302+00,approved,135,20,False,0.0,0.0,0.0,0.0,0.0,0.0,0.0,0.0,0.0,0.0,0.0,0.0,0.0,0.0,0.0,0.0,0.0,0.0,0.0,0.0,0.0,0.0,0.0,0.0
6169513,"The 50-60 dollar Oil Price is here to stay. We just have to get used to it. And there is enough better quality Oil in the World. Some studies even say the Oil consumption is going to reduce to 70 million barrels a day by 2030. Its nice to blame  it on politics because its convenient for the moment, but it would be better if Alberta faces the reality of economics of oil as it will help them move on.",0.0,no,4,0,390454,54,2017-10-18 10:45:28.328583+00,approved,401,80,False,0.0,0.0,0.0,0.0,0.0,0.0,0.0,0.0,0.0,0.0,0.0,0.0,0.0,0.0,0.0,0.0,0.0,0.0,0.0,0.0,0.0,0.0,0.0,0.0
5916786,"I was going to disagree but then I thought better of it. antifa is probably worse because they are growing while the fn nazis are so fringe that they hardly make an impact. Don't get me wrong, all nazi, white supremacists can go to hades but thankfully, they hardly make a peep anymore.",0.5466666666666666,yes,75,41,375157,102,2017-09-07 21:41:14.943897+00,approved,286,53,True,0.0,0.0,0.0,0.0,0.0,0.0,0.0,0.0,0.0,0.0,0.0,0.0,0.0,0.0,0.0,0.0,1.0,0.0,0.0,0.0,0.0,0.0,0.0,0.0
5336628,"Pocho, I always respect your comments, and this is no exception. I understand where you're coming from. No one wants to pay for someone else's non-mandatory education. But the goal of public universities is to open the door of opportunity to everyone, regardless of economic background. Before WWII, only the rich could afford a college education. If you were born to a poor family, college was out of the question. But the war and the GI BIll changed all that. For the first time in history, men and women from poor families who served our country had open access to the nation's best colleges. They took advantage, and the rest is history. Most of Hawaii's postwar leaders came up through this opportunity. That same opportunity is now extended to all our young people who wouldn't be able to attend college otherwise. And we all know that college will improve their life chances. This is a good investment, I think. They will be our future leaders.",0.0,no,4,0,339346,55,2017-06-01 00:16:50.398189+00,approved,951,165,True,0.8571428571428571,0.7142857142857143,0.0,0.0,0.0,0.0,0.0,0.0,0.0,0.0,0.0,0.0,0.0,0.0,0.0,0.0,0.0,0.0,0.0,0.0,0.0,0.0,0.0,0.0
5757562,"Let's see, widespread rioting, calling for violence against white communities (we need our weave shops, not that I use one), calling for violence against police, shooting at police, killing police...",0.7,yes,10,7,365823,102,2017-08-12 23:47:39.623302+00,approved,199,30,True,0.0,0.0,0.0,0.0,0.0,0.0,0.0,0.0,0.0,0.0,0.0,0.0,0.0,0.0,0.0,0.0,0.5,0.0,0.0,0.0,0.0,0.0,0.0,0.0
7172646,"And in the end, everyone of these city Council imbeciles will be reelected.  Hard to keep up, is that 90-year-old woman running again? If She is, I will bet the the farm she'll be reelected. ReMember who installed the city manager",0.6,yes,10,6,59575,13,2016-04-15 17:50:45.719410+00,approved,230,41,True,0.0,0.7,0.0,0.0,0.0,0.0,0.0,0.0,0.0,0.0,0.0,0.0,0.0,0.0,0.0,0.0,0.0,0.0,0.0,0.0,0.0,0.0,0.0,0.0
6105529,"1 your so-called sack-of-dirt president WAS NOT ELECTED by a majority
2 If you want to joke about a baby with heart disease, go ahead; I'm sure your mom wishes you'd died from stupidity
3 grow up",0.8421052631578947,yes,76,64,386582,105,2017-10-08 07:46:36.637703+00,rejected,195,37,False,0.0,0.2,0.0,0.0,0.0,0.0,0.0,0.0,0.0,0.0,0.0,0.0,0.0,0.0,0.0,0.0,0.0,0.0,0.0,0.0,0.1,0.0,0.0,0.0
5488579,"What kind of maniacs follow a religion with that kind of hate at its core?
http://www.biblestudytools.com/leviticus/20-13-compare.html",0.7,yes,10,7,349178,13,2017-06-28 00:08:43.851365+00,approved,134,16,False,0.0,0.0,0.0,0.0,0.0,0.0,0.0,0.0,0.0,0.0,0.0,0.0,0.0,0.0,0.0,0.0,0.0,0.0,0.0,0.0,0.0,0.0,0.0,0.0
5880499,Trudeau needs to talk about the millions murdered by Muslims. The fact their religion does not respect human rights.,0.7,yes,10,7,373167,54,2017-09-01 17:46:24.200593+00,rejected,116,19,True,0.0,0.0,0.0,0.0,0.0,0.0,0.0,0.0,0.0,0.0,1.0,0.0,0.0,0.0,0.0,0.0,0.0,0.0,0.0,0.0,0.0,0.0,0.0,0.0
614667,I saw white people onstage for the curtain call. Look again.,0.4,no,10,4,152289,21,2016-11-20 08:16:13.549571+00,approved,60,11,True,0.0,0.0,0.0,0.0,0.0,0.0,0.0,0.0,0.0,0.0,0.0,0.0,0.0,0.0,0.0,0.0,1.0,0.0,0.0,0.0,0.0,0.0,0.0,0.0
924664,"Just being born a Christian, Jew or Muslim does NOT make you spiritual. That is the big lie being told.

Just reading a book over and over again or going to some building once a week does NOT make you spiritual. Again the lies.

To gain inner knowledge requires work on your self, it is process. It requires hard , not just repeating some mantra. This is how we create so many narcissists in Canada with these religions.",0.5,yes,10,5,165125,54,2017-01-31 01:30:24.397602+00,approved,420,78,True,0.0,0.0,0.0,0.0,0.0,0.0,0.0,0.0,0.75,1.0,0.75,0.0,0.0,0.0,0.0,0.0,0.0,0.0,0.0,0.0,0.0,0.0,0.0,0.0
7101556,People need to feel the pain before they will actually start to do anything...like vote. When the social support network fails we will start to see more people in need.,0.0,no,4,0,356831,55,2017-07-19 17:19:51.818983+00,approved,168,30,False,0.0,0.0,0.0,0.0,0.0,0.0,0.0,0.0,0.0,0.0,0.0,0.0,0.0,0.0,0.0,0.0,0.0,0.0,0.0,0.0,0.0,0.0,0.0,0.0
5843810,"you seem to be confused beyond comprehension - so why do you feel you must reply? 995 people would just pass it by, but you can't. 
  so if it's all too confusing , just don't reply. BTW like yesterday's snide reference to me  - it is obvious who you you were referring to - you make a snide comment about me 3rd hand, i'm going to flag you as i would, and do, for others. 
  you act like a 5th grade boy who's got a crush on a girl.  you sure are preoccupied with me. it's a creepy feeling quite frankly.",0.0,no,4,0,370656,13,2017-08-26 06:31:49.422238+00,approved,505,101,False,0.2,0.4,0.0,0.0,0.0,0.0,0.0,0.0,0.0,0.0,0.0,0.0,0.0,0.0,0.0,0.0,0.0,0.0,0.0,0.0,0.0,0.0,0.0,0.0
890421,"The European Parliament is mainly decorative. Each country would be better off without the dead weight of the EU. In the hands of Merkel and helpers, the EU is a tool to culturally neuter and replace Europe with islam.",0.1666666666666666,no,6,1,163729,54,2017-01-24 16:48:28.166027+00,approved,218,39,False,0.0,0.0,0.0,0.0,0.0,0.0,0.0,0.0,0.0,0.0,0.0,0.0,0.0,0.0,0.0,0.0,0.0,0.0,0.0,0.0,0.0,0.0,0.0,0.0
1035280,"These women are forced to hide by backward muslim men who wilt at the threat of a woman showing some skin.  They are the ones who need to hide from society, not their women.",0.7,yes,10,7,314285,54,2017-02-23 18:17:04.109138+00,rejected,173,34,True,0.75,1.0,0.0,0.0,0.0,0.0,0.0,0.0,0.0,0.0,1.0,0.0,0.0,0.0,0.0,0.0,0.0,0.0,0.0,0.0,0.0,0.0,0.0,0.0
6004231,"There are two sides to this coin. Sexual assault and harassment charges heavily favor the accuser and feminine gender. All it takes is a false charge to ruin any innocent male's future as he is 'automatically judged guilty and arrested' upon a filing of complaint. Accusations being true or not is not in the 'supposed' perpetrators corner in all these cases. Has false complaints ever been made and the male sex ever been falsely imprisoned, causing loss of employment, student status, public shame and family disruptions?  Women of ill intent know that they can use this accusation to ruin the person of their ire so care must be taken to assess the truth before an innocent party is imprisoned, castigated by the media, public and future employments ruined.",0.2,no,5,1,380787,55,2017-09-23 02:08:46.603166+00,approved,760,128,True,0.8,0.8,0.0,0.0,0.0,0.0,0.0,0.0,0.0,0.0,0.0,0.0,0.0,0.0,0.0,0.0,0.0,0.0,0.0,0.0,0.0,0.0,0.0,0.0
7191688,"I hope LTD and Trimet are listening.  It seems they advertise false predictions (smoke and mirrors) that their transit projects will equate into traffic congestion solutions, as though there will be a mass exodus to bus and train stops.  Advertisements like that have been proven to be nothing more than a fanasy.",0.0,no,4,0,165980,13,2017-02-03 22:36:41.157265+00,approved,313,52,False,0.0,0.0,0.0,0.0,0.0,0.0,0.0,0.0,0.0,0.0,0.0,0.0,0.0,0.0,0.0,0.0,0.0,0.0,0.0,0.0,0.0,0.0,0.0,0.0
6092034,A lighter shade of Cosby. Just like the Cosby women. You all should have come out sooner.,0.0,no,6,0,385863,55,2017-10-05 22:50:28.196569+00,approved,89,17,True,0.0,0.8333333333333333,0.0,0.0,0.0,0.0,0.0,0.0,0.0,0.0,0.0,0.0,0.0,0.0,0.0,0.0,0.0,0.0,0.0,0.0,0.0,0.0,0.0,0.0
1063872,"Prostitution and pornography also would be job creators. How about creating new jobs in manufacturing, technology, forest products, etc.?",0.0,no,4,0,316143,13,2017-03-02 00:51:20.177976+00,approved,137,19,False,0.0,0.0,0.0,0.0,0.0,0.0,0.0,0.0,0.0,0.0,0.0,0.0,0.0,0.0,0.0,0.0,0.0,0.0,0.0,0.0,0.0,0.0,0.0,0.0
5121526,"Republicans are such liars.  While democrats are far from perfect at least they don't lie like Republicans do.  I know Obama made a few statements about health care that didn't come to pass but nothing compares to GW's statement that no one anticipated anyone flying planes into buildings or Voodoo will result in balanced budgets.  Now the Donald is continuing with lying such as Mexico will pay for a wall, or that jobs will flow back into the US with him as president.  

Why would anyone believe such rubbish?",0.8,yes,10,8,326197,55,2017-04-11 19:52:26.680347+00,approved,513,89,False,0.0,0.0,0.0,0.0,0.0,0.0,0.0,0.0,0.0,0.0,0.0,0.0,0.0,0.0,0.0,0.0,0.0,0.0,0.0,0.0,0.0,0.0,0.0,0.0
5453527,"hey loser,man you lunatics now think that an opinion is a fact? ,, REALITY never gets in the way of delusional left wingers like you",0.7777777777777779,yes,54,42,346931,54,2017-06-21 18:01:02.093647+00,rejected,132,25,True,0.7,0.0,0.0,0.0,0.0,0.0,0.0,0.0,0.0,0.0,0.0,0.0,0.0,0.0,0.0,0.0,0.0,0.0,0.0,0.0,0.0,0.0,0.1,0.0
5706375,"""And even with gerrymandering, very often there are many many state level elections that simply do not feature a Democratic challenger, and the Republican wins by ""acclimation""""

My nomination for the best typo/spoonerism/satire today. Eventually, even the most numb will figure out that the water is starting to boil, despite being acclimatized to the current reality over 30 years of Republican 'strategy'.",0.0,no,4,0,362244,54,2017-08-03 03:08:21.445577+00,approved,408,62,False,0.0,0.0,0.0,0.0,0.0,0.0,0.0,0.0,0.0,0.0,0.0,0.0,0.0,0.0,0.0,0.0,0.0,0.0,0.0,0.0,0.0,0.0,0.0,0.0
7003129,"Sure, because such medieval nonsense has absolutely no bearing on having faith in Christ and following his teachings. Why dabble in this extra-biblical nonsense which, as we have seen, so easily lends itself to abuse, corruption and distraction?",0.5,yes,10,5,385764,53,2017-10-07 12:03:14.893916+00,approved,245,38,True,0.0,0.0,0.0,0.0,0.0,0.0,0.0,0.0,0.7,0.0,0.0,0.0,0.0,0.0,0.0,0.0,0.0,0.0,0.0,0.0,0.0,0.0,0.0,0.0
526553,"And Hillary is pro-family and pro-life??
The huge majority of women and blacks employed by trump contest that he is not a sexist  or a racist.",0.5,yes,10,5,148397,53,2016-10-13 20:12:20.635135+00,approved,142,26,True,0.0,1.0,0.0,0.0,0.0,0.0,0.0,0.0,0.0,0.0,0.0,0.0,0.0,0.0,0.0,0.8,0.0,0.0,0.0,0.0,0.0,0.0,0.0,0.0
5846049,"I encountered this woman a few months ago in a business transaction. It was apparent to me then that she has phychological issues. She mentioned a couple of times that she loved bull dogs. I hope she receives the help she needs and the dogs find happy, healthy loving homes.",0.0,no,4,0,369996,102,2017-08-26 17:52:25.184917+00,approved,274,50,True,0.0,1.0,0.0,0.0,0.0,0.0,0.0,0.0,0.0,0.0,0.0,0.0,0.0,0.0,0.0,0.0,0.0,0.0,0.0,0.0,0.0,0.0,0.2,0.0
7014756,"This really has nothing to do with left-wing/right-wing extremists because both are nothing more than mouse facts. It's about freedom of speech. You may not like what she said (and I'm NOT defending her statements- so all you liberals can just save taxing your brains trying to come up with a suitable insult) but she has as much right to say it as a Muslim would have to spout nonsense about an anti-muslim conspiracy. Y'all need to back away from the keyboard and actually DO something productive. Start a recall petition if you want. But quit being crybabies. And make sure you give the same treatment to a Muslim (or anyone else) politician who uses their ""faith"" or ethnicity to bash others over the head.",0.1666666666666666,no,6,1,155015,21,2016-12-08 03:27:07.568131+00,approved,710,125,True,0.0,0.0,0.0,0.0,0.0,0.0,0.0,0.0,0.0,0.0,1.0,0.0,0.0,0.0,0.0,0.0,0.0,0.0,0.0,0.0,0.0,0.0,0.0,0.0
677440,"Yet another example of our pitiful justice system. 
We have no idea why the woman was driving carelessly. Was she on her phone? Texting?
We have no idea if the woman driving attempted to stop or slow down.

1000$ is a slap in the face. 
A one month driving ban is contemptible.
The act of killing someone ""carelessly"" and then facing a fine along with an inconvenience is what makes have zero faith in the Canadian justice system. 

Any other industrialized, developed nation would have had a more serious punishment.

What a joke.",0.0,no,4,0,154827,54,2016-12-08 01:40:09.377590+00,approved,531,93,True,0.0,0.9,0.0,0.0,0.0,0.0,0.0,0.0,0.0,0.0,0.0,0.0,0.0,0.0,0.0,0.0,0.0,0.0,0.0,0.2,0.0,0.0,0.0,0.0
5584156,omg!,0.0,no,4,0,354794,55,2017-07-13 07:08:31.898336+00,approved,4,1,False,0.0,0.0,0.0,0.0,0.0,0.0,0.0,0.0,0.0,0.0,0.0,0.0,0.0,0.0,0.0,0.0,0.0,0.0,0.0,0.0,0.0,0.0,0.0,0.0
6066808,"Point ,in fact , TRUMP is a racist,
with avowed racist views on ALL non-whites.
That cannot be argued (fact) .
His nationalism is phony and artificial, at best (fact).
He does not love his country (fact).
He sorta likes money...(though)(fact).",0.5,yes,10,5,384103,102,2017-10-02 13:49:51.630669+00,approved,243,41,True,0.1,0.0,0.0,0.0,0.0,0.0,0.0,0.0,0.0,0.0,0.0,0.0,0.0,0.0,0.0,0.2,0.6,0.2,0.2,0.2,0.0,0.0,0.0,0.0
5008585,"His Mother is so ugly when he was born they slapped his Mother, when she goes in the Sea for a swim the tide goes out, hahahaha",0.7636363636363634,yes,55,42,319365,55,2017-03-15 19:21:11.478780+00,rejected,127,27,False,0.0,0.1666666666666666,0.0,0.0,0.0,0.0,0.0,0.0,0.0,0.0,0.0,0.0,0.0,0.0,0.0,0.0,0.0,0.0,0.0,0.0,0.0,0.0,0.0,0.0
273667,"Your hypothetical situations change nothing. Either way, the child is waiting in the dark.  I sure did growing up.  The ramp and construction worker will still be working in the same amount of daylight.",0.0,no,4,0,57827,21,2016-04-08 07:52:57.665528+00,approved,202,34,False,0.0,0.0,0.0,0.0,0.0,0.0,0.0,0.0,0.0,0.0,0.0,0.0,0.0,0.0,0.0,0.0,0.0,0.0,0.0,0.0,0.0,0.0,0.0,0.0
7102026,BREAKING NEWS: NBC news is reporting that  Four black Chicago youths are being charged with the kidnapping and torture of a mentally disabled white teen in a Facebook Video in which they use anti Trump racial slurs during the beating/ torture process.,0.6,yes,10,6,160196,21,2017-01-05 18:32:09.960435+00,approved,251,42,True,0.0,0.0,0.0,0.0,0.0,0.0,0.0,0.0,0.0,0.0,0.0,0.0,0.0,0.0,0.0,1.0,1.0,0.0,0.0,0.0,0.0,0.2,0.6,0.0
6085671,"Ladies and gentleman of Canada.  While it SEEMS we have a Parliamentary democracy: we have a plutocracy.  Justin Trudeau can do whatever he wants.  Live with it.  THAT IS:  until you make your Next stupid decision maybe, choose a guy with sex appeal, wants to make everybody happy, and the whole world will just become a happy place ...
""I represent the Party that will just make Canada a better place ... ""
Does that sound like sound External and Defence policy?  Not sure ...",0.7,yes,10,7,385407,54,2017-10-05 01:37:14.154671+00,approved,477,85,True,0.7,0.2,0.0,0.0,0.0,0.1,0.0,0.1,0.0,0.0,0.0,0.0,0.0,0.0,0.0,0.0,0.0,0.0,0.0,0.0,0.0,0.0,0.0,0.0
6162970,Why in heavens name would I do that to all my good friends?  They are better people than most Americans.  Especially ugly  trump type Americans.,0.5,yes,10,5,390004,102,2017-10-17 14:08:33.978819+00,approved,144,25,False,0.0,0.0,0.0,0.0,0.0,0.0,0.0,0.0,0.0,0.0,0.0,0.0,0.0,0.0,0.0,0.0,0.0,0.0,0.0,0.0,0.0,0.0,0.0,0.0
5369981,"Trump is such an incompetent fool. I'm looking forward to Orange Twit's tweet about how Qatar started funding and aiding terrorists after Donnie said what friends we are.

Let's face it. Trump probably doesnt know what country Qatar is. Meanwhile, I understand Putin had four root canals done without the need for nitrous oxide. TheTrump circus was more than enough to keep the laughs going.",0.78125,yes,64,50,341285,102,2017-06-07 00:35:51.419053+00,rejected,391,65,False,0.2,0.0,0.0,0.0,0.0,0.0,0.0,0.0,0.0,0.0,0.0,0.0,0.0,0.0,0.0,0.0,0.0,0.0,0.0,0.0,0.0,0.0,0.0,0.0
5921955,Yes: and also because he believes it. He's the real deal: a white supremacist and anti-semite.,0.7,yes,10,7,375365,53,2017-09-08 19:49:58.517062+00,approved,94,16,True,0.0,0.0,0.0,0.0,0.0,0.0,0.0,0.0,0.0,0.1,0.0,0.0,0.0,0.0,0.1,0.0,1.0,0.0,0.0,0.0,0.0,0.0,0.0,0.0
855742,"What's really pathetic is how you jump to conclusions. I merely stated that the RCMP bombed well-sites and tried to blame that on Ludwig, a proven fact. And your 'likely' comment is ridiculous. Your hatred of Ludwig is obvious by your numerous replies to other people's posts, deeming yourself judge, jury and executioner.",0.7,yes,10,7,162270,54,2017-01-18 01:48:52.735883+00,approved,322,53,False,0.0,0.0,0.0,0.0,0.0,0.0,0.0,0.0,0.0,0.0,0.0,0.0,0.0,0.0,0.0,0.0,0.0,0.0,0.0,0.0,0.0,0.0,0.0,0.0
6092980,"So am I, a hispanic, to believe that if I take Jesus at his word, and believe that to re-marry after divorce is to commit adultery, then my belief is the result of ""infantilization"" by colononialists?  That's mighty condescending toward hispanics.  I think it's time most of the people at NCR grow up.  Look, no one forces you to be a Christian.  So live with your choice.  Have the courage of your convictions.  If your convictions tell you you just can't accept Christ, then fine; leave and be done with it.  But this half-in, half out is for adolescents.",0.2,no,10,2,385850,53,2017-10-06 02:13:42.255760+00,approved,557,99,True,0.0,0.0,0.0,0.0,0.0,0.0,0.0,0.0,0.9,0.0,0.0,0.0,0.0,0.0,0.0,0.0,0.0,0.0,0.5,0.1,0.0,0.0,0.0,0.0
5768882,"This is a very sad article, when we get a reporter to waste his time writing this crap  and making me  read  this awful  post and spend time replying  . canadiens are loved all over the world and not just in a few countries  like you say. i wear my canadian flag because i love my country and i'm proud to be a canadian, and i would never ever want to be mistaken for an american, or any other  nationality.  we are know to be kind, polite, friendly, and none violent.so when i travel that's what i want people to know when they see my canadian flag that what it stands for. i'm not going to wear another nations flag on my back pack because i represent canada not usa, not uk, not iraq, or iran, you want to wear those flags go ahead friend but dot tell canadiens to cut out there flag from there knapsack. your a sad representative of a canadian  by saying  what you do in this article. you must be very bored or not have much to write about to slump down to the point to write this. 
ORLANDO",0.5,yes,10,5,173196,54,2017-08-14 23:22:32.537150+00,rejected,994,194,False,0.0,0.0,0.0,0.0,0.0,0.0,0.0,0.0,0.0,0.0,0.0,0.0,0.0,0.0,0.0,0.0,0.0,0.0,0.0,0.1666666666666666,0.0,0.0,0.0,0.0
5862634,"https://ballotpedia.org/Brennan_Center_for_Justice

""Election scholars with the Heritage Foundation evaluated the report and concluded that '[b]y eschewing many of the traditional scientific methods of data collection and analysis, the authors of the Brennan Center study appear to have pursued results that advance a particular political agenda rather than the truth about voter identification.'[2]"". This was because the Brennan centers ""research group"" concluded 25% of black people could not get the paperwork required to vote.   This is a patently false statement.   

But then it's funny how only left wing organizations are promoting this.  It's funny how Democrats and the Brennan center are ok with 'non partisan' gerrymandering in their favor (aka CA and CO) but horrified when it turns out against them.    

Of course much of this is being driven by the fact that Democrats are and have always been sore losers",0.5,yes,10,5,371384,102,2017-08-29 17:26:45.624278+00,approved,922,139,True,0.0,0.0,0.0,0.0,0.0,0.0,0.0,0.0,0.0,0.0,0.0,0.0,0.0,0.0,0.0,0.5,0.0,0.0,0.0,0.0,0.0,0.0,0.0,0.0
5723189,"One big problem is that a lot of the ""respectable"" US foreign policy establishment are idiots. Look at a moron like Bill Kristol, an unmitigated disaster if there ever was one, who keeps getting the ears of mainstream politicians. Of course, the idiots that Trump has surrounded himself with give new meaning to the word ""incompetent"" but this should not blind us to the fact that US foreign policy - especially that coming out of the Republicans - is often deeply stupid. Consider: it was obvious from the outset that going into Iraq would be a disaster. Yet the people in the WH chose to ignore that reality and do it anyway. The US went in knowing nothing about Iraq yet it was surprised that things did not turn out as planned. When your brightest minds are creating that kind of policy, something is wrong.",0.55,yes,80,44,363507,54,2017-08-06 17:24:59.830336+00,approved,811,145,False,0.0,0.0,0.0,0.0,0.0,0.0,0.0,0.0,0.0,0.0,0.0,0.0,0.0,0.0,0.0,0.0,0.0,0.0,0.0,0.0,0.0,0.0,0.0,0.0
6114340,"In fact, the same people who blame Blacks' poor decisions for their poverty will often mention in the next breath some poor white people who are the victims of circumstance.",0.6,yes,10,6,386335,13,2017-10-09 21:43:43.405082+00,approved,173,30,True,0.0,0.0,0.0,0.0,0.0,0.0,0.0,0.0,0.0,0.0,0.0,0.0,0.0,0.0,0.0,0.6666666666666666,0.8333333333333333,0.0,0.0,0.0,0.0,0.0,0.0,0.0
955570,"So basically, a whiny complaining column to sulk about the fact that Lady Gaga didn't make a whiny complaining statement with her performance.

Sums up most of the columns on the G&M these days. As has been said several times already: give it a rest.",0.0,no,4,0,166387,54,2017-02-06 08:45:18.449591+00,approved,250,45,False,0.0,0.0,0.0,0.0,0.0,0.0,0.0,0.0,0.0,0.0,0.0,0.0,0.0,0.0,0.0,0.0,0.0,0.0,0.0,0.0,0.0,0.0,0.0,0.0
873069,"Tush, Mr. Smith. 

No Christian has been granted the license to read the Bible for himself or herself and interpret it as he/she sees fit. The Bible is rightly interpreted within the context of the Church's Tradition. Protestants, who believe that they are individually granted the imprimatur to interpret the Holy Scriptures according to their own lights, are in grave error. The whole counsel of God, found in the Bible and inthe rest of Sacred Tradition, does not & never can support the perversion of matrimony that is now called ""gay marriage"". There is no cherry-picking involved here.

Furthermore, you presume a lot when you accuse me of having been raised with homophobia. I have never been afraid of people who claim to be homosexual. Therefore, I am not now, nor have I ever been ""homophobic"", despite your accusation. God does not create gays; ""gays"" decide for themselves to indulge their own lusts. Any sexual sin that is committed by gay people is their own responsibility, not God's",0.7,yes,10,7,162998,22,2017-01-21 08:27:10.183827+00,approved,998,168,True,0.0,0.0,0.0,0.0,0.0,1.0,0.0,0.0,1.0,0.0,0.0,0.0,0.0,0.0,0.0,0.0,0.0,0.0,0.0,0.0,0.0,0.0,0.0,0.0
7180207,"You are truly deranged...
One will kill you for not being the correct type of Muslim; the other sells newspapers...and will publish your complaints...",0.7714285714285714,yes,70,54,337849,54,2017-05-27 21:54:28.098958+00,rejected,150,24,True,0.0,0.0,0.0,0.0,0.0,0.0,0.0,0.0,0.0,0.0,1.0,0.0,0.0,0.0,0.0,0.0,0.0,0.0,0.0,0.0,0.0,0.0,0.0,0.0
5107862,"Mixed reaction indeed.  MAGA foot soldiers are voting with their mouths.  Love the comment from the ""Marine veteran"":
.
“I voted for you, my whole family voted for you,” said Angelo John Gage, a Marine veteran who was once the chairman of the white nationalist National Youth Front. “We all busted our a–es to destroy the fake media news, and now you’re falling for it.” 
.
Mike Cernovich and Alex Jones’s Infowars have also gone ballistic about Trump going ballistic on Assad.    SAD
.
https://www.washingtonpost.com/news/the-intersect/wp/2017/04/07/im-officially-off-the-trump-train-trumps-online-base-is-furious-about-the-syria-strikes/?utm_term=.6d4e140c954e&wpisrc=nl_evening&wpmm=1",0.0,no,4,0,325352,22,2017-04-07 22:32:01.197198+00,approved,687,85,True,0.1,0.0,0.0,0.0,0.0,0.0,0.0,0.0,0.0,0.0,0.0,0.0,0.0,0.0,0.0,0.0,0.8,0.0,0.0,0.0,0.0,0.0,0.0,0.0
7005313,"The first thing The Mad King does when he wakes up every day is ask himself ""What spiteful thing can I do, preferably something harmful to the environment, or something that obstructs science or disadvantages ordinary people for the benefit of the rich? What beautiful thing can I make more ugly? How can I get back at those millions of Americans who dared to like a black president so much more than they like me?""",0.5,yes,10,5,370038,102,2017-08-24 07:52:14.279104+00,approved,415,75,True,0.0,0.0,0.0,0.0,0.0,0.0,0.0,0.0,0.0,0.0,0.0,0.0,0.0,0.0,0.0,0.5,0.0,0.0,0.0,0.0,0.0,0.0,0.0,0.0
347662,"No, that's like saying that according to the Lutheran church, ""all German Lutherans were not Nazis"".  And that would be an accurate statement.

Point is that Da'esh (""ISIS"") leader Abu Baqr al-Baghdadi has declared the goal of Da'esh is to eradicate Shi'a Muslims from the earth--as well as any Sunnis who disagree with this 'noble' goal.  Speaking AS a Shi'a Muslim I vehemently disagree with Da'esh's goals.

But I get it--in the immortal words of Hobbes the Tiger: ""Why go to all the effort of learning when ignorance is instantaneous?""",0.5,yes,10,5,138625,21,2016-06-12 19:30:02.624785+00,approved,539,90,True,0.0,0.0,0.0,0.0,0.0,0.0,0.0,0.0,0.25,0.0,1.0,0.0,0.0,0.0,0.5,0.0,0.0,0.0,0.0,0.0,0.0,0.0,0.0,0.0
6184636,"Kelly is not one to support Trump ""no matter what.""  He is a very honorable man and will walk out of the White House before supporting Trump for doing something stupid.",0.6857142857142857,yes,70,48,391156,55,2017-10-20 00:58:18.014478+00,approved,168,31,True,1.0,0.0,0.0,0.0,0.0,0.0,0.0,0.0,0.0,0.0,0.0,0.0,0.0,0.0,0.0,0.0,0.0,0.0,0.0,0.0,0.0,0.0,0.0,0.0
7146138,"So he was smart, then he was dumb, then he was smart? Sounds dumb to me!",0.7543859649122806,yes,57,43,362712,102,2017-08-04 02:26:01.868850+00,rejected,72,16,False,0.0,0.0,0.0,0.0,0.0,0.0,0.0,0.0,0.0,0.0,0.0,0.0,0.0,0.0,0.0,0.0,0.0,0.0,0.0,0.0,0.1,0.1,0.0,0.0
7145863,"Good!  After his vulgar rant last week, he should have been fired on the spot.",0.0,no,4,0,361380,21,2017-07-31 19:11:26.810230+00,approved,78,15,False,0.0,0.0,0.0,0.0,0.0,0.0,0.0,0.0,0.0,0.0,0.0,0.0,0.0,0.0,0.0,0.0,0.0,0.0,0.0,0.0,0.0,0.0,0.0,0.0
600427,"If Donald Trump wants to stop the protests, all he needs to do is take back everything he said and did in his campaign. The name-calling, the ignorant bloviation, the lies to desperate workers caught in a seismic shift in the world economy, the winks to racists and anti-semites, the intellectual laziness and moral hollowness that allows a white supremacist to whisper into the ear of the leader of the free world.

Donald Trump might admit that he sexually assaulted a dozen women who came forward—and how many more who didn't? We now have a ""leader"" whom no responsible mother would permit to be alone in a room with her daughter. 

The world knows that Donald Trump is uniquely unfit to be president of the most powerful nation, and the beacon that the United States has always wished to be is dimmed today. 

Tell everyone you were lying, Donald, about everything.

I would suggest a new slogan for those who are taking to the streets across America —""Take It Back, Trump!""

Take it all back.",0.5,yes,10,5,151645,21,2016-11-14 20:22:10.305762+00,approved,997,175,True,0.0,1.0,0.0,0.0,0.0,0.0,0.0,0.0,0.0,0.0,0.0,0.0,0.0,0.0,0.0,0.0,1.0,0.0,0.0,0.25,0.0,0.0,0.0,0.0
5776508,"Hapa, if you hate hate, then hate all hate.... Both sides are haters. I'm a conservative and I know none of my friends who are conservative that side with KKK, white supremacists, Neo-Nazis... 
There were many members of congress who were members of KKK and most of them were democrats. Sentator Byrd of West Virginia was a recruiter for the organization. My question to you is, were you okay with BLM, Black Panther, and Farrakhan, who by the way are all racist and hate groups, visit the WH....? Think about your answer...",0.2586206896551724,no,58,15,366903,55,2017-08-16 01:01:30.420444+00,approved,524,92,True,0.0,0.0,0.0,0.0,0.0,0.0,0.0,0.0,0.0,0.0,0.0,0.0,0.0,0.0,0.0,0.25,1.0,0.0,0.0,0.0,0.0,0.0,0.0,0.0
1060312,"It is simply too funny watching some of you people wrestle with basic arithmetic.

The Globe itself published an estimate that the Canadian Muslim population would increase from approximately 1.2 million today (3% of the population of 36 million) to 3.6 million (7% of the population of approximately 48 million) by 2035.

It is safe to assume that the Globe used a low side estimate to avoid any ""controversy"" but regardless, let us assume it is accurate. That represents about a 2.2 % annual increase, which is in line with overall explosive Canadian population growth in the first 1/2 of the 20th century.

Extrapolated to 2080, that comes to a Muslim population of about 15 million. With a Canadian population projected to be approximately 80 million: so just under 20%.

But immigration policy, coupled with the larger family sizes of Canadian Muslims (another fact) renders that growth rate estimate woefully small.
 Continued....",0.0,no,4,0,315478,54,2017-03-01 13:02:15.729863+00,approved,936,152,True,0.0,0.0,0.0,0.0,0.0,0.0,0.0,0.0,0.0,0.0,1.0,0.0,0.0,0.0,0.0,0.0,0.0,0.0,0.0,0.0,0.0,0.0,0.0,0.0
5492461,"A $30 Billion shortfall and an anticipated $1.55 Trillion in accumulated national debt within three decades if the economy remains oriented by liberal politics and policy
-
-
-
Trudeau lied when he promised a shortfall of no more than $10 Billion
-
Trudeau lied when he promised electoral reform
-
Trudeau lied when he promised a revenue neutral middle-class tax cut
-
Trudeau lied when he promised to reduce the national debt-to-GDP ratio
-
Trudeau lied when he promised open and transparent government
-
Trudeau lied when he promised to lower the small business tax rate from 11% to 9%
-
does anyone still pretend that this buffoon is a capable and competent leader?
-
-
Outright lies , clownish behavior ,  embarrassing gaffs uttered while speaking of his unscripted love of third world dictators and a refusal to answer questions posed in English whilst in Quebec 
-
""I dont read newspapers or watch the news. I figure if something important happens someone will tell me""
-
:(
-
I miss Mr Harper",0.5,yes,10,5,349380,54,2017-06-28 17:07:28.778536+00,approved,999,174,False,0.0,0.0,0.0,0.0,0.0,0.0,0.0,0.0,0.0,0.0,0.0,0.0,0.0,0.0,0.0,0.0,0.0,0.0,0.0,0.0,0.0,0.0,0.0,0.0
5524771,Throw the book at him.  The birds didn't deserve to die like they did.  What a waste of private school education.,0.1666666666666666,no,6,1,351525,55,2017-07-04 11:19:37.427536+00,approved,113,21,False,0.0,0.0,0.0,0.0,0.0,0.0,0.0,0.0,0.0,0.0,0.0,0.0,0.0,0.0,0.0,0.0,0.0,0.0,0.0,0.0,0.0,0.0,0.0,0.0
1035982,"Take the idiot pastor with you.

Heck, take all of the evangelical wackjobs as well.",0.8636363636363635,yes,66,57,314346,54,2017-02-23 20:13:50.387299+00,rejected,84,15,False,0.2,0.0,0.0,0.0,0.0,0.0,0.0,0.0,0.4,0.0,0.0,0.0,0.0,0.0,0.0,0.0,0.0,0.0,0.0,0.0,0.0,0.0,0.0,0.0
5175589,"Thanks for this.  For a lot of people, any lie fabricated to libel a Muslim is just fine and dandy, thank you.  

There's so much pathetic bigotry and ignorance on here.  It's just sad.",0.7,yes,10,7,329354,55,2017-04-25 07:06:29.866034+00,approved,185,34,True,0.0,0.0,0.0,0.0,0.0,0.0,0.0,0.0,0.0,0.0,1.0,0.0,0.0,0.0,0.0,0.0,0.0,0.0,0.0,0.0,0.0,0.0,0.0,0.0
5845892,Pig fucker Trump.,0.8421052631578947,yes,57,48,371013,105,2017-08-26 17:24:26.809004+00,rejected,17,3,False,0.2,0.0,0.0,0.0,0.0,0.0,0.0,0.0,0.0,0.0,0.0,0.0,0.0,0.0,0.0,0.0,0.0,0.0,0.0,0.0,0.0,0.0,0.0,0.0
5669795,Trump is un-American. He believes in tyranny over democracy. I've written to Lisa many times over Obamacare and our lack of options as small business owners. I'm pretty sure she gets it but is holding out for better options for us not worse ones. Trump will be a short timer. It's going to take a lot more than some pompous ass from New York to break this Alaskan family.,0.7,yes,10,7,359844,21,2017-07-27 17:00:23.594258+00,approved,371,69,False,0.0,0.0,0.0,0.0,0.0,0.0,0.0,0.0,0.0,0.0,0.0,0.0,0.0,0.0,0.0,0.0,0.1666666666666666,0.0,0.0,0.1666666666666666,0.0,0.0,0.0,0.0
558771,"I can't figure out how Hillary gets away with taking in so many millions of dollars through various channels from countries in the middle east who kill LGBTs?

And how so many people can somehow swallow voting for her, simply because she plays a ""LGBT sound bite"" in a speech now and again.

She and her adulterous/predatory husband are fueled (and even fed) by Saudi-dollars...and no liberal has the guts to hold her accountable.",0.7,yes,10,7,149807,53,2016-10-28 12:24:00.408212+00,approved,430,74,False,0.3,0.0,0.3,0.0,0.0,0.4,0.3,0.0,0.0,0.0,0.0,0.0,0.0,0.0,0.0,0.0,0.0,0.0,0.0,0.0,0.0,0.0,0.0,0.0
5274694,"To judge by some of the votes, I didn't communicate my meaning clearly enough. So just to be clear: fuel used on farms should not be exempt from a carbon tax.",0.0,no,4,0,335627,54,2017-05-18 21:40:25.505548+00,approved,158,31,False,0.0,0.0,0.25,0.0,0.0,0.0,0.0,0.0,0.0,0.0,0.0,0.0,0.0,0.0,0.0,0.0,0.0,0.0,0.0,0.0,0.0,0.0,0.0,0.0
6260627,"To trivialize the dreadful scourge and tragedy of crime in South Africa by using it for one's political ends is filthy and despicable. This march might have been about farmers, but it is also serving to focus attention on all crimes! It has often been said, that in a Western-style democracy such shocking crime statistics would result in the firing of the government. Let it happen here, that the people of South Africa force the resignation of this government which has served its own interests at every turn, and demand the appointment of a president and cabinet who are not only dedicated to the service of their populace, but who are honest and competent in their jobs! We have tolerated these less-than-mediocre leaders for far too long, enabled their corruption to our own detriment, and as a result innocent men, women and children have died. We have a police force riddled with criminals, led by a clown, and our NPA is a joke! Stop the race debate and stand in unity against all crime!",0.3,no,10,3,395359,100,2017-10-31 19:28:19.959128+00,approved,995,174,True,0.4,0.7,0.0,0.0,0.0,0.0,0.0,0.0,0.0,0.0,0.0,0.0,0.0,0.0,0.0,0.1,0.0,0.0,0.0,0.0,0.0,0.0,0.0,0.0
257279,I wont hold my breath a liberal bigot like you will ever take a hard look at just how mentally ill you are and get help,0.7580645161290323,yes,62,47,53031,13,2016-03-25 02:05:09.943542+00,rejected,119,26,True,0.0,0.0,0.0,0.0,0.0,0.0,0.0,0.0,0.0,0.0,0.0,0.0,0.0,0.0,0.0,0.0,0.0,0.0,0.0,0.0,0.0,0.0,0.5,0.0
6067954,"This is what happens when you allow Islam in your country,terrible!!!",0.5571428571428572,yes,70,39,384319,54,2017-10-02 16:11:20.089761+00,rejected,69,11,True,0.0,0.0,0.0,0.0,0.0,0.0,0.0,0.0,0.0,0.0,1.0,0.0,0.0,0.0,0.0,0.0,0.0,0.0,0.0,0.0,0.0,0.0,0.0,0.0
5547204,This is a man who in one breadth draws red lines and then in the next talks about not having red lines. It is essentially impossible to grasp his policy since he has none.,0.2,no,5,1,352795,54,2017-07-07 16:50:05.091371+00,approved,171,34,True,1.0,0.0,0.0,0.0,0.0,0.0,0.0,0.0,0.0,0.0,0.0,0.0,0.0,0.0,0.0,0.0,0.0,0.0,0.0,0.0,0.0,0.0,0.0,0.0
281933,"Excellent point Paul! MUPTE was a great program until it was led astray, under Kitty. Clark seems to look at things from all sides, and casts his votes based on fact based common sense. Common sense has been missing in Eugene for a very long time! We sincerely need Clark. Its time for common sense to come back to our community!",0.0,no,4,0,59059,13,2016-04-14 15:26:59.474730+00,approved,329,61,False,0.0,0.0,0.0,0.0,0.0,0.0,0.0,0.0,0.0,0.0,0.0,0.0,0.0,0.0,0.0,0.0,0.0,0.0,0.0,0.0,0.0,0.0,0.0,0.0
6206174,Shouldn't a high-powered running game be able to carry you if your QB play is poor?  Seems as if their are more problems than just Trevor Siemian.  And no....I do not miss Rick Dennison.,0.0,no,4,0,392234,102,2017-10-23 16:28:10.780603+00,approved,186,34,False,0.0,0.0,0.0,0.0,0.0,0.0,0.0,0.0,0.0,0.0,0.0,0.0,0.0,0.0,0.0,0.0,0.0,0.0,0.0,0.0,0.0,0.0,0.0,0.0
1032891,"Let me guess, Corbeil, you hypocrite you.  You wear hip boots every time you post on this site. Can't stand your own hypocrite smell?  Get outta here.",0.7857142857142857,yes,70,55,314087,21,2017-02-23 04:14:08.002968+00,approved,150,27,False,0.0,0.0,0.0,0.0,0.0,0.0,0.0,0.0,0.0,0.0,0.0,0.0,0.0,0.0,0.0,0.0,0.0,0.0,0.0,0.0,0.0,0.0,0.0,0.0
1031519,"Of course - everybody got it wrong but you.  And they're all bigoted.  And people like me are responsible for the tea party and Trump.

And you think it's a great idea to call me ""honey.""

Aren't you special.",0.5,yes,10,5,313969,54,2017-02-22 22:12:26.046392+00,approved,208,39,False,0.0,0.1666666666666666,0.0,0.0,0.0,0.0,0.0,0.0,0.0,0.0,0.0,0.0,0.0,0.0,0.0,0.0,0.0,0.0,0.0,0.0,0.0,0.0,0.0,0.0
5492108,now think!you have an anti Gay Muslim population to take into account.,0.5625,yes,80,45,349525,54,2017-06-28 16:18:58.803277+00,approved,70,12,True,0.0,0.0,0.0,0.0,0.0,1.0,0.0,0.0,0.0,0.0,1.0,0.0,0.0,0.0,0.0,0.0,0.0,0.0,0.0,0.0,0.0,0.0,0.0,0.0
578968,"Political correctness run totally off the rails. The woman's choice was in poor taste, or at best thoughtless. If she's bright enough to teach law, she should be bright enough to know the morons and dweebs around her were going to raise a ruckus. But, whatever. Freedom of thought depends on freedom of expression. We censor her Halloween costume (Like, man, seriously?) and what's next? George Orwell must be so very proud.",0.8333333333333333,yes,6,5,150564,13,2016-11-05 22:36:53.417933+00,approved,424,72,True,0.75,1.0,0.0,0.0,0.0,0.0,0.0,0.0,0.0,0.0,0.0,0.0,0.0,0.0,0.0,0.0,0.0,0.0,0.0,0.0,0.0,0.0,0.0,0.0
7119318,Trump doesn't need his,0.0,no,4,0,166875,13,2017-02-08 15:19:08.391194+00,approved,22,4,False,0.0,0.0,0.0,0.0,0.0,0.0,0.0,0.0,0.0,0.0,0.0,0.0,0.0,0.0,0.0,0.0,0.0,0.0,0.0,0.0,0.0,0.0,0.0,0.0
801857,"Just another visit with one of his Muslim backers - Do we really need any more Middle Eastern pressure on our Canadian government ?
No more Syrian Refugees until Saudi Arabia , Kuwait , Bahrain , Oman  and Qatar start to take Muslim Refugees !
If this isn't a Canadian Invasion of Muslims I shudder to think of what it really is !
Enough is Enough !",0.5,yes,10,5,160468,54,2017-01-06 21:19:54.088829+00,approved,349,67,True,0.0,0.0,0.0,0.0,0.0,0.0,0.0,0.0,0.0,0.0,1.0,0.0,0.0,0.0,0.0,0.0,0.0,0.0,0.0,0.0,0.0,0.0,0.0,0.0
6184087,"I can't believe how low Republicans will sink to defend this compulsive lying, racist, sexual predator.  He spits on the Military and they still haven't got the courage to stand up to him.  The Republican party is morally bankrupt.",0.515625,yes,64,33,391147,54,2017-10-19 23:19:05.322543+00,rejected,231,39,False,0.2,0.0,0.0,0.0,0.0,0.0,0.0,0.0,0.0,0.0,0.0,0.0,0.0,0.0,0.0,0.0,0.0,0.0,0.0,0.0,0.0,0.0,0.0,0.0
5750048,"The other reason your argument is silly has to do with your comments about ""experience.""  The mean old bishops and saints in their converted or virginal/celibate purity (or impurity), dont have the ""experience"" that you and other lay people do.  Well have you experienced sexual abuse as a minor? How do you know its bad if you haven't? What about nuclear war? What about TrumpCare? Have you experienced it? How can you say its bad?!?  Oh wait, there's more...your argument is further silly because if we put all dissenters in a room, you couldn't tell us what is enough expierence...Is the loyal, chaste husband or 50 yrs experienced enough, or does he have to be a adulterer first? with how many partners? How many partners does the sexually active gay man have to have before he's experienced? If he repents of his sins after 20 yrs, and disagrees with you, is it because he wasn't ""experienced"" enough?  People like you, think such souls dont exist, but reality will show you that we are Church.",0.1428571428571428,no,7,1,364544,53,2017-08-11 15:07:52.866407+00,approved,999,174,True,0.6,0.0,0.0,0.0,0.0,0.8,0.0,0.0,0.4,0.0,0.0,0.0,0.0,0.0,0.0,0.0,0.0,0.0,0.0,0.0,0.0,0.0,0.0,0.0
5394498,"One has to wonder why Jupitor police did not take him to the hospital first. He was found ""asleep"" in a running car. He was dazed and confused and uncoordinated. He stated he was having a reaction to proscribed medications. Don't think Jupitor police would like having a DUI suspect dying in the back of the police car or at the jail. Sounds like he should have been taken to the hospital first but, and I hate to say this, he's black in the South facing police officers who routinely have pre-conceived notions and perceptions. And I am a old white guy who votes conservative....just saying.",0.3,no,10,3,342876,102,2017-06-11 02:40:02.403945+00,approved,592,106,True,0.0,0.0,0.0,0.0,0.0,0.0,0.0,0.0,0.0,0.0,0.0,0.0,0.0,0.0,0.0,1.0,0.75,0.0,0.0,0.0,0.0,0.0,0.0,0.0
7102413,"Sean, you were the man!",0.0,no,4,0,357877,54,2017-07-21 19:55:53.243912+00,rejected,23,5,True,1.0,0.0,0.0,0.0,0.0,0.0,0.0,0.0,0.0,0.0,0.0,0.0,0.0,0.0,0.0,0.0,0.0,0.0,0.0,0.0,0.0,0.0,0.0,0.0
5822400,"You guys are hilarious in your flaccid attempts to turn reality on its head. Virtually everyone can see through the same old garbage you guys try to fling out there and hope it sticks...


Two questions: 

1. What happened during and since the 60s to the two parties?
2. Why does TODAY'S Democratic Party get most of the black vote?",0.5125,yes,80,41,369074,102,2017-08-23 03:18:25.455206+00,approved,332,60,True,0.0,0.0,0.0,0.0,0.0,0.0,0.0,0.0,0.0,0.0,0.0,0.0,0.0,0.0,0.0,1.0,0.0,0.0,0.0,0.0,0.0,0.0,0.0,0.0
5908359,"Before the hyper-sensitive folks took over the country, gay jokes were actually considered funny. And they still are, as long as you're not completely immune to off-color humor.",0.5,yes,10,5,374480,102,2017-09-06 17:33:16.667596+00,rejected,177,28,True,0.0,0.0,0.0,0.0,0.0,0.8,0.0,0.0,0.0,0.0,0.0,0.0,0.0,0.0,0.0,0.0,0.0,0.0,0.0,0.0,0.0,0.0,0.0,0.0
5186704,The more I listen to this Micciche character I like him less. He's gaining in the 'too big for his pants' style that the overconfident seem to achieve.,0.1666666666666666,no,6,1,330028,21,2017-04-27 17:13:35.140402+00,approved,151,28,False,0.0,0.0,0.0,0.0,0.0,0.0,0.0,0.0,0.0,0.0,0.0,0.0,0.0,0.0,0.0,0.0,0.0,0.0,0.0,0.0,0.0,0.0,0.0,0.0
5314695,"By locating these problems exclusively in the past, we can give ourselves a pass. But the reality is that these divisions and exclusions persist today. I don't know that anyone is suggesting that you assume guilt for something you didn't do. It's about assuming responsibility for how things are today. Inequalities persist not because, as one person below suggested, white people or culture is superior. It's that white people still hold all the levers of power (as do men, by the way) and so they self-interestedly (and blindly) buy into the notion that this is the world as it should be,  that meritocracy explains it all, and that it's sheer coincidence that discrimination on the basis of skin colour, religion, ethnicity, gender, etc was once legal and absolutely fundamental to our social ordering and national enterprise.",0.1666666666666666,no,6,1,338200,54,2017-05-27 20:23:06.441853+00,approved,829,136,True,0.8333333333333333,0.0,0.0,0.0,0.0,0.0,0.0,0.0,0.0,0.0,0.0,0.0,0.0,0.0,0.0,0.0,0.8333333333333333,0.0,0.0,0.0,0.0,0.0,0.0,0.0
438635,"I find that quietly living a life in Christ is much more effective than proselytizing. I think many Christians are missing that and come off as HUGE hypocrites with the affect that other people are turned off. I am also reminded of Jesus' admonition to not be a zealot. Zealotry is just as bad as any other sin and anyone of any faith, including atheists, need to be careful of their zealotry.",0.5,yes,10,5,144016,21,2016-08-19 18:49:18.173376+00,approved,393,72,True,0.1,0.0,0.0,0.0,0.0,0.0,0.1,0.0,0.8,0.1,0.0,0.1,0.0,0.2,0.0,0.0,0.0,0.0,0.1,0.0,0.0,0.1,0.0,0.0
5420654,"I'm looking at Robert Mueller's wikipedia page and I don't see it mentioned anywhere that the Republican appointed former director of the FBI is a ""leftist""?

Maybe you should't have nominated and supported a lying bigoted sociopath with a history of fraud.",0.6,yes,10,6,344676,102,2017-06-15 15:13:36.397963+00,approved,257,42,False,0.0,0.0,0.0,0.0,0.0,0.0,0.0,0.0,0.0,0.0,0.0,0.0,0.0,0.0,0.0,0.0,0.0,0.0,0.0,0.0,0.0,0.0,0.0,0.0
691327,Are we really going to spend more time on this nonesense? Muslims are great! She's an idiot.. Good Grief.,0.7916666666666666,yes,72,57,155855,21,2016-12-10 20:58:49.759165+00,approved,105,19,True,0.0,0.0,0.0,0.0,0.0,0.0,0.0,0.0,0.0,0.0,0.8333333333333333,0.0,0.0,0.0,0.0,0.0,0.0,0.0,0.0,0.0,0.0,0.0,0.0,0.0
636861,"Having some regrets are we? You should be hanging your head in shame! And stop it with the lame crap that equates Secretary Clintons faults with the crimes and obscenities committed by T rump! If you think his past behavior is bad, just wait until he's crowned President. Then the Adolph blood will really show up! I lump you and all T rump supports into a bag called Trump Trash. A vote for him was a vote for racism, intolerance, greed, ruthlessness, adultery, vulgarity, criminality, lies, bigotry, misogyny, hate, homophobia, White Supremacy, the KKK, war, inequality, inequity, narcissism, selfishness, a war on the poor, bullying, thievery, and every other repulsive human behavior listed in the dictionary! That's your hero, Donald ""Grab Her By The Pussy"" Trump! Don't you try to justify! We know what you are and what you support and who you believe in. A decent person wouldn't even have wanted to be caught attending a T rump rally!",0.7571428571428571,yes,70,53,153393,53,2016-11-29 23:33:47.042053+00,rejected,942,160,True,0.0,0.2,0.0,0.0,0.0,0.7,0.0,0.0,0.0,0.0,0.0,0.0,0.0,0.0,0.0,0.0,0.9,0.0,0.0,0.0,0.0,0.0,0.0,0.0
895062,"""Pessimism""???  Seems like a good update on the status to me.

Surely you realize there lots left to work out before anything gets built",0.1666666666666666,no,6,1,163920,54,2017-01-25 14:31:47.437227+00,approved,136,24,False,0.0,0.0,0.0,0.0,0.0,0.0,0.0,0.0,0.0,0.0,0.0,0.0,0.0,0.0,0.0,0.0,0.0,0.0,0.0,0.0,0.0,0.0,0.0,0.0
5978371,Good that dumb Bitch deserved it. She killed her baby and did nothing while she was getting raped and tortured.... she better be dead unless it's a fake death because she knows she is better dead than alive,0.8857142857142858,yes,70,62,351392,102,2017-09-19 06:55:52.544103+00,rejected,206,38,False,0.0,0.3,0.0,0.0,0.0,0.0,0.0,0.0,0.0,0.0,0.0,0.0,0.0,0.0,0.0,0.0,0.0,0.0,0.0,0.0,0.0,0.0,0.0,0.0
5242842,"Excellent comment. Criticizes Church Militant for not being authentic, yet promotes a women priesthood and bashes bishops, cardinals and popes... It's time to take the log out of your own eye guys!",0.5,yes,10,5,333754,53,2017-05-11 15:03:40.238956+00,approved,197,32,True,0.2,1.0,0.0,0.0,0.0,0.0,0.0,0.0,0.3,0.0,0.0,0.0,0.0,0.0,0.0,0.0,0.0,0.0,0.0,0.1,0.0,0.0,0.0,0.0
5970612,"Hardly a civil reply.

Much more like a troll who cannot compose a rebuttal.

Sad.

Move comments from clocker to ""trash.""

Do not feed the trolls.",1.0,yes,4,4,378794,102,2017-09-17 20:26:57.020140+00,approved,147,26,False,0.0,0.0,0.0,0.0,0.0,0.0,0.0,0.0,0.0,0.0,0.0,0.0,0.0,0.0,0.0,0.0,0.0,0.0,0.0,0.0,0.0,0.0,0.0,0.0
5650276,"Anyone paying attention for the past fifteen years, it's clear to see that right-wing extremism is by far the greatest threat to our planet.  It must be fought everywhere.  Good people need to start fighting back.",0.0,no,4,0,358824,54,2017-07-24 19:46:36.796643+00,approved,213,36,False,0.0,0.0,0.0,0.0,0.0,0.0,0.0,0.0,0.0,0.0,0.0,0.0,0.0,0.0,0.0,0.0,0.0,0.0,0.0,0.0,0.0,0.0,0.0,0.0
5571232,"As you see the Conservatives are the just neo-lefty-Liberal's. 
-
Like the Liberals they want decisions, policy and laws made based on 'how they feel' not logic. Harper passed many laws including ignoring the Charter of Rights based on how he feel. 
-
Logically Omar's rights were violated and so he deserves the money. How you feel is just as the left feels there is an injustice to women or racism everywhere or about the mythical male patriarchy. I am not sure who is more pathetic a Canadian Con or a Canadian Lib.",1.0,yes,4,4,353829,54,2017-07-11 14:35:18.878914+00,approved,518,93,True,0.75,1.0,0.0,0.0,0.0,0.0,0.0,0.0,0.0,0.0,0.0,0.0,0.0,0.0,0.0,0.0,0.0,0.0,0.0,0.0,0.0,0.0,0.0,0.0
7160163,And there it is. Our president is a white supremacist.,0.5070422535211268,yes,71,36,367562,102,2017-08-17 16:19:08.435159+00,approved,54,10,True,0.0,0.0,0.0,0.0,0.0,0.0,0.0,0.0,0.0,0.0,0.0,0.0,0.0,0.0,0.0,0.0,1.0,0.0,0.0,0.0,0.0,0.0,0.0,0.0
5221516,"""NEAL GABLER: Half of America will have to compromise on their dreams.

There’s one statistic that I cite in the piece from a USA Today survey which I think is fascinating. And that survey determined that a middle-class existence in America would cost $130,000.

JUDY WOODRUFF: A year.

NEAL GABLER: A year.

The median income in America is somewhere around $50,000. So a middle-class existence was more than two times as great as the median income. And what that tells you is that the face of financial fragility is the face of the college-educated, as well as those without a high school diploma.""

http://www.pbs.org/newshour/bb/why-so-many-americans-in-the-middle-class-have-no-savings/",0.0,no,4,0,331825,13,2017-05-05 23:16:31.273270+00,approved,690,104,False,0.0,0.0,0.0,0.0,0.0,0.0,0.0,0.0,0.0,0.0,0.0,0.0,0.0,0.0,0.0,0.0,0.0,0.0,0.0,0.0,0.0,0.0,0.0,0.0
674416,"You are missing the point. 

Trudeau's government is corrupt.",0.7,yes,10,7,155078,54,2016-12-07 16:03:20.713321+00,approved,61,9,False,0.0,0.0,0.0,0.0,0.0,0.0,0.0,0.0,0.0,0.0,0.0,0.0,0.0,0.0,0.0,0.0,0.0,0.0,0.0,0.0,0.0,0.0,0.0,0.0
573560,"""Liberalism is what smart looks like to stupid people. ""  That's pretty good Dogs Out.  I'm going to give that some thought. I liked the bubble wrap on the Willamette thing too.
Figured this story would generate a lot of comments. We live in a very unforgiving country. People seem inclined to think the worse about each other these days. What she did was pretty stupid, maybe she is a ""liberal"", and thought that ""I know these people and they know me"" so there is no way they are going to think I mean any disrespect to Blacks or that me wearing this costume will be perceived as racist.  Sadly mistaken on that.
I have no idea who this person is, what they think or otherwise, but to judge a person for one dumb act and to label them as a racist based solely on this one act is wrong.  This can be a teachable moment as they say. People could use this as a way to discuss race, why they feel the way they feel, what the future should look like, etc.  Condemn the act but forgive the person.",0.7,yes,10,7,150355,13,2016-11-03 17:45:16.064535+00,approved,992,190,True,0.0,0.1666666666666666,0.0,0.0,0.0,0.0,0.0,0.0,0.0,0.0,0.0,0.0,0.0,0.0,0.0,0.8333333333333333,0.0,0.0,0.0,0.0,0.0,0.0,0.0,0.0
858367,"Jane Fonda, you arrived in Canada aboard a fuel-guzzling jet, you live in a huge fuel-guzzling house and you would be among the first to whine if Canada cut off oil supplies to your country. You are a hypocrite.

This is not the first time you've been confused about reality. Your traitorious sojourns into Vietnam where you betrayed US POWs to the Viet Cong should have landed you in jail.",0.5263157894736842,yes,76,40,162434,54,2017-01-18 16:19:09.498775+00,approved,390,70,False,0.0,0.1666666666666666,0.0,0.0,0.0,0.0,0.0,0.0,0.0,0.0,0.0,0.0,0.0,0.0,0.0,0.0,0.0,0.0,0.0,0.0,0.0,0.0,0.0,0.0
5896613,"""Jefferson Beauregard Sessions, a son of the segregated South who was named after leaders of the Confederacy, faces a tough new test of his commitment to protecting civil rights as he oversees the Justice Department’s investigation of the deadly violence at a rally of white nationalists in Virginia.""

No bias there.

Whatever you do AP, make sure to never mention that Sessions has been fighting the Klan and racism for four decades. 

In Alabama Sessions desegregated schools and prosecuted Klan hate crimes, even winning a death penalty conviction for a Klan leader's son.

But those facts dont matter to the liberal media, it's all about unfairly smearing and demonizing Repubs, and advancing the Dem agenda.",0.0,no,4,0,374053,102,2017-09-04 19:08:32.380841+00,approved,713,115,True,0.0,0.0,0.0,0.0,0.0,0.0,0.0,0.0,0.0,0.0,0.0,0.0,0.0,0.0,0.0,0.0,0.8333333333333333,0.0,0.0,0.0,0.0,0.0,0.0,0.0
379228,"If she is a nigger, she isn't worth a flying fuck to Africa!",0.9829012686155546,yes,1813,1782,140915,13,2016-07-08 05:11:03.421752+00,rejected,60,13,True,0.0,0.0,0.0,0.0,0.0,0.0,0.0,0.0,0.0,0.0,0.0,0.0,0.0,0.0,0.0,1.0,0.0,0.0,0.0,0.0,0.0,0.0,0.0,0.0
257438,"your/he 'owns' that comment.  Maybe too much booze, boozer?

*please approve this comment peers, lol",0.2,no,5,1,53385,13,2016-03-25 04:29:59.194570+00,approved,100,15,False,0.0,0.0,0.0,0.0,0.0,0.0,0.0,0.0,0.0,0.0,0.0,0.0,0.0,0.0,0.0,0.0,0.0,0.0,0.0,0.0,0.0,0.0,0.0,0.0
5082097,"I fear the author is presenting a classic straw man fallacy. I doubt anyone credibly argues that prior to Vimy Canada didn't exist and that after it a wave of nationalism and common purpose swept across the geographical land named ""Canada"" and birthed a new country. But that appears to be what the author is arguing so he can then condemn it as a myth. What Vimy represents for many Canadians is the first commonly appreciated example of Canada making a significant contribution to the international order and being credited with a key (not THE key) military victory in WWI. How long the soldiers had been living in Canada or who built the tunnels or did logistical work isn't important.",0.1666666666666666,no,6,1,323611,54,2017-04-01 19:48:59.340685+00,approved,688,120,True,0.8333333333333333,0.0,0.0,0.0,0.0,0.0,0.0,0.0,0.0,0.0,0.0,0.0,0.0,0.0,0.0,0.0,0.0,0.0,0.0,0.0,0.0,0.0,0.0,0.0
439049,So Gabby is the worst because she didn't put her hand over her heart?  This is the most ignorant statement I've read today. You know what the worst was at the Olympics? The four American swimmers that lied about breaking down a door. One actually said the 'gunman' put the gun to his head.  Except there was no gunman. This is an embarrassment to the US. Not Gabby. I think you're white privilege is showing.,0.8,yes,10,8,143972,21,2016-08-19 22:38:37.154713+00,approved,408,75,True,0.1,0.0,0.0,0.0,0.0,0.0,0.0,0.0,0.0,0.0,0.0,0.0,0.0,0.0,0.0,0.0,0.5,0.0,0.0,0.0,0.0,0.0,0.0,0.0
267002,"You write like you're the one that wrote Lynn Gattis' talking point about doing away with the senior citizens, Gay.  How much did you get paid for that script?",0.7,yes,10,7,105360,21,2016-04-02 06:37:58.655581+00,approved,159,29,True,0.0,0.0,0.0,0.0,0.0,1.0,0.0,0.0,0.0,0.0,0.0,0.0,0.0,0.0,0.0,0.0,0.0,0.0,0.0,0.0,0.0,0.0,0.0,0.0
5071874,For enforcing laws. Get outta here moron,0.8813559322033898,yes,59,52,323160,21,2017-03-30 03:52:40.411455+00,approved,40,7,False,0.0,0.0,0.0,0.0,0.0,0.0,0.0,0.0,0.0,0.0,0.0,0.0,0.0,0.0,0.0,0.0,0.0,0.0,0.0,0.0,0.0,0.0,0.0,0.0
5765899,"the alt-left has greeted the notion that whites, and white males in particular, are the scum of the earth,
skyofblue
-
for this blame people who think like Justin Trudeau",0.7540983606557377,yes,61,46,366265,54,2017-08-14 16:35:49.194466+00,approved,170,30,True,0.7,0.0,0.0,0.0,0.0,0.0,0.0,0.0,0.0,0.0,0.0,0.0,0.0,0.0,0.0,0.0,0.8,0.0,0.0,0.0,0.0,0.0,0.0,0.0
902655,"Too funny! I had to look up ""cromulent.""  That was a new one for me.",0.0,no,4,0,164215,53,2017-01-26 20:26:01.685803+00,approved,68,15,False,0.0,0.0,0.0,0.0,0.0,0.0,0.0,0.0,0.0,0.0,0.0,0.0,0.0,0.0,0.0,0.0,0.0,0.0,0.0,0.0,0.0,0.0,0.0,0.0
6194735,"dick-centric view of the universe. ""I have a ---- and I am entitled to put it somewhere whenever I feel like it; ergo woman was made for me."" In point of fact, no matter what JPII said, nobody was ""made"" to mate with anyone and the Catholic Church has very little understanding of the actual richness and complexity of sexual desire.",0.8,yes,10,8,391388,53,2017-10-21 15:04:33.023091+00,approved,333,61,True,0.1666666666666666,0.8333333333333333,0.0,0.0,0.0,0.0,0.0,0.1666666666666666,0.8333333333333333,0.0,0.0,0.0,0.0,0.0,0.1666666666666666,0.0,0.0,0.0,0.0,0.0,0.0,0.0,0.0,0.1666666666666666
6066494,Stephen Paddock is a terrorist. The Globe should be ashamed of themselves for peddling the notion that white people cannot be terrorists. Labels matter!,0.6142857142857143,yes,70,43,384300,54,2017-10-02 12:58:38.576287+00,rejected,152,24,True,0.0,0.0,0.0,0.0,0.0,0.0,0.0,0.0,0.0,0.0,0.0,0.0,0.0,0.0,0.1666666666666666,0.0,0.8333333333333333,0.0,0.0,0.0,0.0,0.0,0.0,0.0
532423,"So to continue, Larry, you have bought into the program of trying to use Bill's questionable behavior to inflate the accusations (i.e., to ""dozens"") and to deflect the attention from Trump to Hillary as a surrogate for Bill.  The problem with that is that she hasn't tried to beat up on the accusers, but privately made a disparaging comment to a friend long ago about the complainant in one case, a communication that was only revealed when Hillary's friend died and someone went through her notes or journals and found mention of it. Trump clearly is a sexual assaulter, based on the very similar testimony of so many victims. My bigger problems with him are that he's such a impetuous screwball that he could quickly kill everyone on earth by precipitating a nuclear war, that the leaders of other countries would know they were dealing with a pathological liar, complicating foreign relationships, he wouldn't begin to deal with climate change, and would appoint nutcases to federal courts.",0.6,yes,10,6,148262,21,2016-10-17 03:09:00.925740+00,approved,994,167,False,0.0,0.0,0.0,0.0,0.0,0.0,0.0,0.0,0.0,0.0,0.0,0.0,0.0,0.0,0.0,0.0,0.0,0.0,0.0,0.0,0.0,0.0,0.0,0.0
519978,"Uh yeah, but he's been all that almost from the start, you just noticed last night? Somebody has been sleeping in class. LOL   Cruz is still dangerous, more so than Trump IMO, but fortunately that isn't the choice before us.",0.0,no,4,0,148091,13,2016-10-10 20:30:27.942887+00,approved,224,40,False,0.1666666666666666,0.0,0.0,0.0,0.0,0.0,0.0,0.0,0.0,0.0,0.0,0.0,0.0,0.0,0.0,0.0,0.0,0.0,0.0,0.0,0.0,0.0,0.0,0.0
5508691,Perhaps if POTUS would start acting like a president instead of a spoiled child the news could report on more relevant things such as.such as racial and biased immigration laws but when he continues to disrespect women it is news whether he likes it or not!,0.5,yes,10,5,350605,105,2017-07-01 03:26:13.594020+00,approved,257,46,True,0.25,1.0,0.0,0.0,0.0,0.0,0.0,0.0,0.0,0.0,0.0,0.0,0.0,0.0,0.0,0.0,0.0,0.0,0.0,0.0,0.0,0.0,0.0,0.0
5582560,"The officers were petty in stopping her. Once they realised the Black woman they profiled was the state attorney,  they began stuttering and stumbling over their words. What does he mean ""I've never seen a plate come back like that?"" A sucker ass answer for an unwarranted stop. Also OPD released this video because they felt guilty. Take your racist ass on somewhere else with your bullsh*t analysis.",0.8,yes,70,56,354635,105,2017-07-12 23:51:42.939364+00,rejected,401,68,True,0.0,0.9,0.0,0.0,0.0,0.0,0.0,0.0,0.0,0.0,0.0,0.0,0.0,0.0,0.0,0.8,0.0,0.0,0.0,0.0,0.0,0.0,0.0,0.0
5192078,"Wind up teenage boys to kill and slit  throats and bayonet people and stab them in back and club tem with shovels and strangle them to death, and rip off other mens heads and way more but then put them into trenches on lonely nights with girls  and expect them to not want a little touch...now that is political correctness.",0.6,yes,10,6,330400,54,2017-04-28 20:50:20.075783+00,rejected,324,60,True,0.7,0.3,0.0,0.0,0.0,0.0,0.0,0.0,0.0,0.0,0.0,0.0,0.0,0.0,0.0,0.0,0.0,0.0,0.0,0.0,0.0,0.0,0.0,0.0
876292,"Modern day feminism isn't about equality. It's about man-bashing & free birth control, and abortion.",0.5,yes,10,5,163277,21,2017-01-21 22:10:54.880905+00,approved,100,15,True,0.8888888888888888,0.8888888888888888,0.0,0.0,0.0,0.0,0.0,0.0,0.0,0.0,0.0,0.0,0.0,0.0,0.0,0.0,0.0,0.0,0.0,0.0,0.0,0.0,0.0,0.0
1084838,"Readers of NCR, non-Catholic hangers on, and dissenters.",0.5,yes,10,5,317161,53,2017-03-06 18:05:17.283350+00,approved,56,8,True,0.0,0.0,0.0,0.0,0.0,0.0,0.0,0.0,1.0,0.0,0.0,0.0,0.0,0.0,0.0,0.0,0.0,0.0,0.0,0.0,0.0,0.0,0.0,0.0
5433644,"He is a paranoid schizophrenic imbecile who makes his living defecating all over dead children and their families.

Megyn Kelly and the NBC brass really like that about him.",0.8787878787878787,yes,66,58,345171,102,2017-06-17 21:59:35.656119+00,approved,173,29,True,0.0,0.0,0.0,0.0,0.0,0.0,0.0,0.0,0.0,0.0,0.0,0.0,0.0,0.0,0.0,0.0,0.0,0.0,0.0,0.0,0.0,0.0,0.6,0.0
944148,I hope France gets the Olympics to send the message that they won't be intimidated by terrorists,0.0,no,4,0,165973,21,2017-02-03 15:33:31.921641+00,approved,96,17,False,0.0,0.0,0.0,0.0,0.0,0.0,0.0,0.0,0.0,0.0,0.0,0.0,0.0,0.0,0.0,0.0,0.0,0.0,0.0,0.0,0.0,0.0,0.0,0.0
531836,Damn those Mexicans anyway. Is this Slim guy a rapist with calves the size of melons like the rest of them Mr. pew? Disgusting what we decent white Americans have to put up with from all those scary and suspicious foreigners ain't it? I hope Trump takes away all Señor Slims money so he can't own the NYT as soon as he gets elected don't you?,0.8513513513513514,yes,74,63,148631,21,2016-10-16 18:13:37.688561+00,approved,342,66,True,0.0,0.0,0.0,0.0,0.0,0.0,0.0,0.0,0.0,0.0,0.0,0.0,0.0,0.0,0.0,0.0,0.8333333333333333,0.0,0.1666666666666666,0.0,0.0,0.0,0.0,0.0
603276,You dont me or my background. You have to project your narrative on others because thats all you got. I havent earned anything and you dont know if i am white. Youre the one coming off ignorant.,0.7719298245614034,yes,57,44,151685,13,2016-11-15 20:28:19.986670+00,approved,194,37,True,0.0,0.0,0.0,0.0,0.0,0.0,0.0,0.0,0.0,0.0,0.0,0.0,0.0,0.0,0.0,0.0,1.0,0.0,0.0,0.0,0.0,0.0,0.0,0.0
5161874,"I know many Chinese immigrants. They would not touch Quebec with a 10-foot pole. They may play the markets in Windsor or Ottawa, but not Montreal.",0.0,no,4,0,328652,54,2017-04-21 19:52:54.837578+00,approved,146,26,True,0.0,0.1,0.0,0.1,0.0,0.1,0.0,0.0,0.0,0.0,0.0,0.1,0.0,0.0,0.0,0.0,0.0,0.7,0.0,0.1,0.0,0.1,0.0,0.0
515701,"I taught my daughters better. Walk away when things aren't right. Don't keep going back for more. She is guilty of being a gold digger, and now she wants revenge because she didn't get the gold!",0.1666666666666666,no,6,1,148002,21,2016-10-08 18:59:49.106348+00,approved,194,36,False,0.0,0.2,0.0,0.0,0.0,0.0,0.0,0.0,0.0,0.0,0.0,0.0,0.0,0.0,0.0,0.0,0.0,0.0,0.0,0.0,0.0,0.0,0.0,0.0
941254,"What planet are you on? Trump in charge? Not in the slightest. His very behavior shows fear and insecurity. He's inexperienced in diplomacy, and as long as everyone else sticks together he's toast. He's a bull in the china store - big, strong, brutal and dumb. 

Geez ... he wasn't even bright enough to write his own book ....",0.5428571428571428,yes,70,38,165790,54,2017-02-02 22:48:22.449709+00,approved,327,59,False,0.0,0.0,0.0,0.0,0.0,0.0,0.0,0.0,0.0,0.0,0.0,0.0,0.0,0.0,0.0,0.0,0.0,0.2,0.0,0.0,0.0,0.0,0.0,0.0
6218931,"Just painful to read.  Far too many unsubstantiated and seemingly concocted narratives that for me. simply do not ring true in the real world.

What bothers me most is the huge tendency to attribute personal characteristics to a gender.  eg.  Donald Trump is a pig.  Harvey Weinstien is a pig.  Therefore being a pig is a male characteristic.  The implication is that, to varying degrees, it is in all of us.

I'm not buying in.  I am responsible for my own actions.  Harvey is responsible for his.  I am not sharing responsibility for his actions just because I have a penis.",0.7236842105263158,yes,76,55,392879,54,2017-10-25 13:07:05.087016+00,approved,576,101,True,0.8333333333333333,0.0,0.0,0.0,0.0,0.0,0.0,0.0,0.0,0.0,0.0,0.0,0.0,0.0,0.0,0.0,0.0,0.0,0.0,0.0,0.0,0.0,0.0,0.0
5521183,"The apocalyptic Muslim zombie terrorist invasion is coming! 

Soldiers of the Cross armor up! 

After all, the Trump can only do so much, especially after paying for his own bodyguards.

Stephen J. Remington",0.6081081081081081,yes,74,45,351290,13,2017-07-03 17:13:29.079723+00,approved,207,33,True,0.0,0.0,0.0,0.0,0.0,0.0,0.0,0.0,0.0,0.0,1.0,0.0,0.0,0.0,0.0,0.0,0.0,0.0,0.0,0.0,0.0,0.0,0.0,0.0
6238302,"No, I don't think that the CPC Leader......Andrew Scheer, right?.....is handling NAFTA right.

He's looking quite foolish on it.

He seems to find it all well beyond his capability to understand it.

And ""Stephen"" obviously sees it that way too.

And yes, if I were you, I wouldn't say anything more.

The Prime Minister is handling the NAFTA issue very, very well.

Thank goodness that ""Stephen"" isn't bungling the trade portfolio anymore.",0.6,yes,10,6,394278,54,2017-10-28 01:04:04.693888+00,approved,440,72,False,0.0,0.0,0.0,0.0,0.0,0.0,0.0,0.0,0.0,0.0,0.0,0.0,0.0,0.0,0.0,0.0,0.0,0.0,0.0,0.0,0.0,0.0,0.0,0.0
1026438,You mom's or your dad's car ma?,0.0,no,4,0,169321,54,2017-02-21 21:51:53.242253+00,approved,31,7,False,0.2,0.2,0.0,0.0,0.0,0.0,0.0,0.0,0.0,0.0,0.0,0.0,0.0,0.0,0.0,0.0,0.0,0.0,0.0,0.0,0.0,0.0,0.0,0.0
5924373,"From: Only I can fix it

To: It’s Ryan’s fault

What a loser!",0.7333333333333331,yes,75,55,375814,21,2017-09-09 10:44:58.314027+00,approved,61,13,False,0.0,0.0,0.0,0.0,0.0,0.0,0.0,0.0,0.0,0.0,0.0,0.0,0.0,0.0,0.0,0.0,0.0,0.0,0.0,0.0,0.0,0.0,0.0,0.0
831191,"Since I stopped shaking hands, I rarely get colds anymore.",0.0,no,4,0,161545,54,2017-01-12 21:02:10.391638+00,approved,58,10,False,0.0,0.0,0.0,0.0,0.0,0.0,0.0,0.0,0.0,0.0,0.0,0.0,0.0,0.0,0.0,0.0,0.0,0.0,0.0,0.0,0.0,0.0,0.0,0.0
6275414,"So... because you're ignorant and unaware of all the other ""very real"" false flag attacks around the world, committed by Israeli's, he's sullying his reputation? False flag attacks aren't announced as such on the news. It takes real research to find out what really happened. Even today, America still claims the USS Liberty was an accident. But we all know that's crap. No one believed President Johnson would allow it, but he was directly involved. He intentionally stopped F4 Phantoms en-route to answer the Liberties distress call. For 90 minutes, Israel tried to eliminate every possible witness so they could blame Egypt. And now you sit here assuming Israel wouldn't attack a supermarket? They killed their own in Jerusalem disguised as Muslims, you think they care about Parisians? What is it about that attack that leads you to believe it wasn't a false flag?",0.5,yes,10,5,318543,13,2017-11-02 18:10:53.312186+00,approved,868,144,True,0.0,0.0,0.0,0.0,0.0,0.0,0.0,0.0,0.0,0.0,0.8333333333333333,0.0,0.0,0.0,0.0,0.0,0.0,0.0,0.0,0.0,0.0,0.0,0.0,0.0
5092425,"Western countries (based upon Christian principles originally) have become democratic and rich.
Other countries with different cultures have become poor and/or repressive.
Culture matters.

Do we want to import cultures that have led to poverty and/or repressive governmental systems?",0.0,no,4,0,324248,54,2017-04-04 19:03:42.942410+00,rejected,284,39,True,0.0,0.0,0.0,0.0,0.0,0.0,0.0,0.0,0.8333333333333333,0.0,0.0,0.0,0.0,0.0,0.0,0.0,0.0,0.0,0.0,0.0,0.0,0.0,0.0,0.0
7124025,"How wrong art thou? Let me count the ways:

(1) Qur'an doesn't order Muslims to kill people on the basis of belief
(2) Qur'an says nothing about 72 virgins
(3) Dismissing a book you haven't read as 'evil' without reading it--you clearly haven't read it--is stupid.",0.6621621621621622,yes,74,49,151991,21,2016-11-18 15:38:06.525672+00,approved,264,46,True,0.0,0.0,0.0,0.0,0.0,0.0,0.0,0.0,0.0,0.0,1.0,0.0,0.0,0.0,0.0,0.0,0.0,0.0,0.0,0.0,0.0,0.0,0.0,0.0
5543442,"""An enemy"" in that context refers to a country. Al-Qaeda was not a country, it was just a criminal gang. Canada does not go to war with criminal gangs; fight them when required, yes, but war, no.",0.1666666666666666,no,6,1,351736,54,2017-07-07 02:41:22.329670+00,approved,195,37,False,0.0,0.0,0.0,0.0,0.0,0.0,0.0,0.0,0.0,0.0,0.0,0.0,0.0,0.0,0.0,0.0,0.0,0.0,0.0,0.0,0.0,0.0,0.0,0.0
5458090,I think that maybe you shouldn't comment on topics you don't really understand. Or that you should learn to use Google.,0.2,no,10,2,346559,54,2017-06-22 14:09:43.298534+00,approved,119,21,False,0.0,0.0,0.0,0.0,0.0,0.0,0.0,0.0,0.0,0.0,0.0,0.0,0.0,0.0,0.0,0.0,0.0,0.0,0.0,0.0,0.0,0.0,0.0,0.0
7045540,"garycrum - That's exactly what you have done... side-tracked the discussion.  Who is ""Don R""?",0.0,no,4,0,40037,13,2016-02-20 00:50:08.655598+00,approved,93,15,False,0.0,0.0,0.0,0.25,0.0,0.0,0.0,0.0,0.0,0.0,0.0,0.0,0.0,0.0,0.0,0.0,0.0,0.0,0.0,0.0,0.0,0.0,0.0,0.0
6054916,"It's not about the anthem, the flag, or the military.
It's about protesting white supremacy.
---------------------------------------
This was proven beyond a doubt when the Dallas Cowboys, after much discussion between players, coaches, and owners, decided to kneel BEFORE the anthem was played in solidarity for the protest against police brutality toward black people.
They stood for the anthem. Got that?
They still got booed for kneeling.
They got booed for exercising their right to protest white supremacy.
That's the same thing Jenkins is running his racist mouth about.",0.5,yes,10,5,383690,21,2017-09-30 04:53:38.609886+00,approved,577,88,True,0.0,0.0,0.0,0.0,0.0,0.0,0.0,0.0,0.0,0.0,0.0,0.0,0.0,0.0,0.0,0.75,1.0,0.0,0.0,0.0,0.0,0.0,0.0,0.0
5922335,"God is helping us, yes. Always.",0.0,no,4,0,375257,53,2017-09-08 20:59:56.324789+00,approved,31,6,False,0.0,0.0,0.0,0.0,0.0,0.0,0.0,0.0,0.1666666666666666,0.0,0.0,0.0,0.0,0.0,0.0,0.0,0.0,0.0,0.0,0.0,0.0,0.0,0.0,0.0
5847329,I'm sure the police do but why bother telling us any physical description without ALL of the pertinent details?  Have we gotten so PC that we're even afraid to mention the race of someone implicated in a probable criminal act? From the drawing provided we're likely on the lookout for a white man but the point is WHY CAN'T WE JUST SAY IT?!,0.1666666666666666,no,6,1,370897,102,2017-08-26 22:25:07.086804+00,approved,340,63,True,0.8333333333333333,0.0,0.0,0.0,0.0,0.0,0.0,0.0,0.0,0.0,0.0,0.0,0.0,0.0,0.0,0.0,1.0,0.0,0.0,0.0,0.1666666666666666,0.0,0.0,0.0
350512,A dozen Muslim countries publicly behead homosexuals...........and Hillary Clinton took 1oos of millions of $ from them all.,0.4,no,10,4,138774,21,2016-06-14 23:07:21.136960+00,approved,124,18,True,0.0,0.1,0.0,0.0,0.0,0.8,0.1,0.0,0.0,0.0,1.0,0.0,0.0,0.0,0.0,0.0,0.0,0.0,0.0,0.0,0.0,0.0,0.0,0.0
5039658,"There needs to be an investigation by either the Feds or the State Attorney General but I do not expect anything from the Attorney General
as those involved in this fiasco goes back to the Abercrombie days and spans into Ige's administration which means no one is going to
be held responsible.  The Feds are the only ones who could do a legitimate investigation and prosecution if criminal acts were committed
but not sure if they would have a  means to become involved.",0.2,no,5,1,321297,55,2017-03-22 18:54:13.827723+00,approved,470,83,False,0.0,0.0,0.0,0.0,0.0,0.0,0.0,0.0,0.0,0.0,0.0,0.0,0.0,0.0,0.0,0.0,0.0,0.0,0.0,0.0,0.0,0.0,0.0,0.0
5194628,"Gosh, I really wish people would stop taking that Handmaid's Tale seriously, it's a really BAD dystopian novel, with a ridiculous premise that only hardline feminists could imagine, and has absolutely nothing whatsoever to do with Trump's America.  This is some weird media hysteria.  

The book is certainly nowhere near the quality of 1984 and Brave New World, or even something like Canticle for Leibowitz, if anyone remembers that one.

And if you ask me, Brave New World is a far scarier outcome for the future, and in fact in the first world, we're far closer to that than any of these authoritarian nightmares.   Bread and circuses always wins out over terror and domination; although those that rule seek the same end: control of the people.",0.0,no,4,0,330630,54,2017-04-29 15:48:35.884313+00,approved,749,126,False,0.0,0.2,0.0,0.0,0.0,0.0,0.0,0.0,0.0,0.0,0.0,0.0,0.0,0.0,0.0,0.0,0.0,0.0,0.0,0.1,0.0,0.0,0.0,0.0
918814,"That's something that makes no sense, feminists making common cause with Islamists, until you view it through the sphere that both groups have an abiding hatred of the West.",0.2,no,10,2,164850,54,2017-01-29 22:54:56.357574+00,approved,173,29,True,0.0,0.4,0.0,0.0,0.0,0.0,0.0,0.0,0.0,0.0,0.6,0.0,0.0,0.0,0.0,0.0,0.0,0.0,0.0,0.0,0.0,0.0,0.0,0.0
5260524,"It is a ridiculous arguement to bundle all 'visible' minorities in a bunch and credit them to vote for the Liberals as a sheep. We have had 'visible' minorities now since 1968 onwards, and that is 2 generations home grown. By and large, these think different than their parents and have their own opinion. I, am a South Asian 'visible' minority and have never been enamoured by the Liberals, though ever grateful to Trudeau Elder for opening up Canada to folks like us. All along, while I have always felt that NDP has been Canada's conscience and harbringer of the best of our values, including our Healthcare, I have found it as without a stiff back, when standing up to our heritage of secularism, love of logic, arguement and above all a sense of decency, which as an immigrant of over 40+ years, I find increasingly corroding in the name of multiculturism. It is high time that Canada assert to what values it stands for, and immigrants accept it or go elsewhere. This is what I think. Thank You",0.6,yes,10,6,334589,54,2017-05-16 00:44:19.769365+00,approved,1000,179,True,0.0,0.0,0.0,0.0,0.0,0.0,0.0,0.0,0.0,0.0,0.0,0.0,0.0,0.0,0.0,0.0,0.1,0.7,0.0,0.0,0.0,0.0,0.0,0.0
5310876,What are we to expect when civility is demeaned as being politically correct?,0.0,no,4,0,338072,102,2017-05-26 22:35:59.845278+00,approved,77,13,False,0.0,0.0,0.0,0.0,0.0,0.0,0.0,0.0,0.0,0.0,0.0,0.0,0.0,0.0,0.0,0.0,0.0,0.0,0.0,0.0,0.0,0.0,0.0,0.0
5207489,"Try posting under the name ""Imaginary Baby Mohammed"".",0.0,no,4,0,331405,54,2017-05-03 00:53:02.034485+00,rejected,53,8,False,0.0,0.0,0.0,0.0,0.0,0.0,0.0,0.0,0.0,0.0,0.0,0.0,0.0,0.0,0.0,0.0,0.0,0.0,0.0,0.0,0.0,0.0,0.0,0.0
813735,"You are missing the point. It is precisely the fact that parents don't even bother to articulate it, but act on it, that makes it rock-bottom basic to our society, unlike others.

Parents send their kids out into the world, and encourage them to do so. If a shy girl is reluctant to socialize with others of both genders, that  is considered a problem and parents and teachers will try to encourage her to do so. Our organisations are mixed gender, those that were closed to women were the object of feminist pressures to become so. 

Mennonites are a red herring, I am not talkineven those Mennonites mingle socially with unrelated others in their community, young people have social activities in order to meet their potential mate, etc. ., and I'll bet the girls are encouraged to do so. And I have never heard of Mennonites demanding their wife or daughter not be examined by a male doctor, etc. You seem to know little about them, actually.",0.0,no,4,0,160514,54,2017-01-09 18:38:52.898501+00,approved,945,167,True,0.25,1.0,0.0,0.0,0.0,0.0,0.0,0.0,0.0,0.0,0.0,0.0,0.0,0.0,0.0,0.0,0.0,0.0,0.0,0.0,0.0,0.0,0.0,0.0
5173088,"also a PS - the the cop giving her his weapon is just negligent...does her really know if she can handle it..regardless of what she may have just said? that was a stupid, poor decision and giving her his badge may have broken some security regs within the department. ...  it was a serious thing..but sounds like the whole gun thing was drunken drama thing. just a really stupid one.",0.7419354838709677,yes,62,46,328996,13,2017-04-24 18:51:05.135540+00,approved,383,70,False,0.0,0.0,0.0,0.0,0.0,0.0,0.0,0.0,0.0,0.0,0.0,0.0,0.0,0.0,0.0,0.0,0.0,0.0,0.0,0.0,0.0,0.0,0.0,0.0
4990425,"Is the culture of Canada based on rational Western European Ideas and Laws regressing to pre-renaissance times glorifying irrational superstitions and misogynist cultures?? The progressives decades ago have been ridiculing and insulting fundamentalists Christian sects like Mormons.
Can the Globe now publish positive articles glorifying Mormon and American Evangelical Christian sects?",0.3,no,10,3,318541,54,2017-03-11 15:12:53.371015+00,rejected,386,51,True,0.0,0.0,0.0,0.0,0.0,0.0,0.0,0.0,0.8,0.0,0.0,0.0,0.0,0.0,0.2,0.0,0.0,0.0,0.0,0.0,0.0,0.0,0.0,0.0
5133341,You can divide humanity up using another criterion: Idiots and Not Idiots…,0.9423076923076924,yes,52,49,326764,54,2017-04-14 16:27:49.974617+00,rejected,74,12,False,0.0,0.0,0.0,0.0,0.0,0.0,0.0,0.0,0.0,0.0,0.0,0.0,0.0,0.0,0.0,0.0,0.0,0.0,0.0,0.0,0.0,0.0,0.0,0.0
5767826,"There are other news reports that police were slow to respond.
Hindsight is always 20-20, but I hope police departments in other cities where white nationalists hold demonstrations are more quick to respond to any fights that break out.
Police also need to create better buffers between demonstrators and counter-demonstrators.
Finally, regardless of what people think of white nationalists, they have a right to demonstrate peacefully. Period.
I think counter-demonstrators literally turning their backs on them (legal, non-violent, symbolic) as they pass would be more effective than punching them in the nose (not legal, violent).",0.0,no,4,0,366197,102,2017-08-14 20:49:01.882575+00,approved,633,95,True,0.0,0.0,0.0,0.0,0.0,0.0,0.0,0.0,0.0,0.0,0.0,0.0,0.0,0.0,0.0,0.0,1.0,0.0,0.0,0.0,0.0,0.0,0.0,0.0
7000222,"Or drive the speed limit, or serve black people at your lunch counter, or not sell meth to school children, or wait for permission to immigrate.  

The America you believe in is a ridiculous and juvenile fantasy.  You should read up a little on the idea of the social contract.",0.6,yes,10,6,375328,102,2017-09-08 03:37:55.779811+00,approved,277,50,True,0.0,0.0,0.0,0.0,0.0,0.0,0.0,0.0,0.0,0.0,0.0,0.0,0.0,0.0,0.0,1.0,0.0,0.0,0.0,0.0,0.0,0.0,0.0,0.0
754333,"The response below was censored. Why??

I can say ""Orthodox Jews""

I can also say Sharia law, burka, honor killings, Assad soldiers raping women, Isis raping women.",0.6,yes,10,6,158429,54,2016-12-25 18:06:07.478312+00,rejected,164,27,True,0.0,0.8333333333333333,0.0,0.0,0.0,0.0,0.0,0.0,0.0,1.0,0.0,0.0,0.0,0.0,0.0,0.0,0.0,0.0,0.0,0.0,0.0,0.0,0.0,0.0
6303142,The ones pertaining to murder.,0.0,no,4,0,397698,102,2017-11-06 20:44:44.302152+00,approved,30,5,False,0.0,0.0,0.0,0.0,0.0,0.0,0.0,0.0,0.0,0.0,0.0,0.0,0.0,0.0,0.0,0.0,0.0,0.0,0.0,0.0,0.0,0.0,0.0,0.0
5535884,"It's no longer alleged.  And it was more than drugs.  There was gay sex going on in groups.

Horrendous.

Pray for these souls, who lead so many astray.",0.5,yes,10,5,351978,53,2017-07-06 00:11:20.901308+00,approved,152,28,True,0.0,0.0,0.0,0.0,0.0,0.8333333333333333,0.0,0.0,0.0,0.0,0.0,0.0,0.0,0.0,0.0,0.0,0.0,0.0,0.0,0.0,0.0,0.0,0.0,0.0
7055867,"Does the author of this piece not know that Star Wars Episode IV was released in 1977, not 1983, or was that just bait for flamers?  One of my main reasons for agreeing with the premise (SW>ST) is the John Williams soundtrack, which was a high moment in orginal movie scores, on par with those of epic films like Ben Hur.",0.0,no,4,0,32830,111,2015-10-13 17:26:00.420804+00,approved,321,61,False,0.0,0.0,0.0,0.0,0.0,0.0,0.0,0.0,0.0,0.0,0.0,0.0,0.0,0.0,0.0,0.0,0.0,0.0,0.0,0.0,0.0,0.0,0.0,0.0
917113,"Muslim countries have many problems brought about by religious extremism and overpopulation/resource shortages that result in war-Syria for example.  There is the mentality that the West is land mass available to absorb all displaced refugees.  The reality is that the world at large urgently needs to reduce it's population and this is directly opposite to the culture of many third world countries whose main focus is on having as many children as possible trusting ""god to provide"".  Trudeau's plan to foolishly increase Canada's population to 100 million via immigration is an environmental nightmare in the making.  I don't like Troompa loompa's attitude but must concur these mass immigration policies are not a good idea.",0.6,yes,10,6,164850,54,2017-01-29 15:57:20.586807+00,approved,728,114,True,0.0,0.0,0.0,0.0,0.0,0.0,0.0,0.0,0.0,0.0,1.0,0.0,0.0,0.0,0.0,0.0,0.0,0.0,0.0,0.0,0.0,0.0,0.0,0.0
5171694,"Umm, it's Hyman. Hymen is something else altogether ....",0.1666666666666666,no,6,1,329221,54,2017-04-24 14:32:18.432504+00,approved,56,9,False,0.0,0.0,0.0,0.0,0.0,0.0,0.0,0.0,0.0,0.0,0.0,0.0,0.0,0.0,0.0,0.0,0.0,0.0,0.0,0.0,0.0,0.0,0.0,0.0
7139912,"Muslims and liberals excoriate us about Islamophobia, but we should bear in mind Islam's entrenched racism, xenophobia, homophobia, misogyny, anti-Semitism, hatred of Christianity, Europe and America, destructive iconoclasm, and even Islamophobia against each other. Ancient tribal wars between Kurds, Shiite, Sunni, Wahhabi, Druze and other Islamic sects, ISIS , Taliban and Al Quada are the root causes of most of the wars and social chaos happening around the world today. It is worse than anything expressed in the west, even by Trump.",0.6,yes,10,6,329940,54,2017-04-27 12:24:17.661688+00,rejected,539,82,True,0.0,0.1,0.0,0.0,0.0,0.4,0.0,0.0,0.8,0.1,1.0,0.0,0.0,0.0,0.1,0.0,0.0,0.0,0.0,0.0,0.0,0.0,0.0,0.0
5376511,"......and the US military burning innocent men, women and children to death with gellified gasoline bombs were not terrorists.....how were they to know that people were living in the villages they dropped these bombs on ? besides ""better read than dead.""   ....world's policeman ? Don't make me vomit.  ..... and to think that our government now wants to increase our military to help the US in this murderous game.",0.0,no,4,0,341490,54,2017-06-08 01:42:56.659379+00,rejected,415,69,True,0.75,1.0,0.0,0.0,0.0,0.0,0.0,0.0,0.0,0.0,0.0,0.0,0.0,0.0,0.0,0.0,0.0,0.0,0.0,0.0,0.0,0.0,0.0,0.0
6139625,"I would think churches would be a good place to start. Seems odd if they did not ask the silent (shh, we're praying) majority.",0.0,no,4,0,388173,13,2017-10-13 13:34:39.986976+00,approved,126,24,False,0.0,0.0,0.0,0.0,0.0,0.0,0.0,0.0,0.3,0.0,0.0,0.0,0.0,0.0,0.0,0.0,0.0,0.0,0.0,0.0,0.0,0.0,0.0,0.0
5834939,The lady has read all the posts about her boss and says bye-bye,0.0,no,4,0,370130,54,2017-08-24 22:31:34.004947+00,approved,63,13,False,0.0,0.1111111111111111,0.0,0.0,0.0,0.0,0.0,0.0,0.0,0.0,0.0,0.0,0.0,0.0,0.0,0.0,0.0,0.0,0.0,0.0,0.0,0.0,0.0,0.0
5350945,I hope they put him away for good. He's a true menace to society.,0.5,yes,10,5,340122,102,2017-06-03 14:48:29.502958+00,approved,65,14,False,0.0,0.0,0.0,0.0,0.0,0.0,0.0,0.0,0.0,0.0,0.0,0.0,0.0,0.0,0.0,0.0,0.0,0.0,0.0,0.0,0.0,0.0,0.0,0.0
5450159,What does Comey being fired have to do with Hillary being charged?,0.0,no,4,0,346596,102,2017-06-21 03:35:12.990485+00,approved,66,12,False,0.0,0.0,0.0,0.0,0.0,0.0,0.0,0.0,0.0,0.0,0.0,0.0,0.0,0.0,0.0,0.0,0.0,0.0,0.0,0.0,0.0,0.0,0.0,0.0
7099758,"Your ""family of faith (whatever that means}"" prevented a pathological liar, thief, and proponent of infanticide and homosexual marriage from ascending to the highest secular office on the planet. The Donald is far from ideal, but he is exponentially better than the woman who slandered the victims of her adulterous husband's deviancy.",0.5,yes,10,5,153390,53,2016-11-29 17:49:31.305656+00,approved,335,52,True,0.0,0.7,0.0,0.0,0.0,0.9,0.0,0.0,0.1,0.0,0.0,0.0,0.0,0.0,0.0,0.0,0.0,0.0,0.0,0.0,0.0,0.0,0.0,0.0
6169066,"Of course he would say ""he knew what he signed up for""...to the black family's dead solider...but not to the white families.",0.6,yes,10,6,390374,105,2017-10-18 06:11:22.537924+00,rejected,124,22,True,0.0,0.0,0.0,0.0,0.0,0.0,0.0,0.0,0.0,0.0,0.0,0.0,0.0,0.0,0.0,1.0,0.75,0.0,0.0,0.0,0.0,0.0,0.0,0.0
6185521,"Yeah, poor oppressed bigots, can't get a hateful word edgewise because those black people have had all the power for so long. The NAACP has always been such an unfair shortcut to wealth and power.  It's just so unfair that people should drown out Nazis, racism, and white supremacy. 

The first amendment says congress can't make laws to stop them from speaking. It doesn't say anybody has to listen.  Complain about violence if you want, and I'll agree with you. But peaceful protest? I hope no Nazi bigot ever gets a quiet respectful crowd again.",0.9,yes,10,9,391268,13,2017-10-20 03:58:00.115868+00,rejected,548,95,True,0.0,0.0,0.0,0.0,0.0,0.0,0.0,0.0,0.0,0.0,0.0,0.0,0.0,0.0,0.0,0.5,1.0,0.0,0.0,0.0,0.0,0.0,0.0,0.0
5047261,aside of his drug use stephen happens to be ab really nice guy!!! so unless u know him personally don't talk shit! and really ur going to bring marissa into this? u should be ashamed of urself! her sisters don't need to be hearing that!!,0.6818181818181818,yes,66,45,321443,13,2017-03-24 02:49:40.256546+00,rejected,237,45,False,0.3,0.2,0.0,0.0,0.0,0.0,0.0,0.0,0.0,0.0,0.0,0.0,0.0,0.0,0.0,0.0,0.0,0.0,0.0,0.0,0.0,0.0,0.0,0.0
933594,Well said. Poloz is a fool.,0.851063829787234,yes,47,40,165366,54,2017-02-01 17:54:08.062109+00,rejected,27,6,False,0.0,0.0,0.0,0.0,0.0,0.0,0.0,0.0,0.0,0.0,0.0,0.0,0.0,0.0,0.0,0.0,0.0,0.0,0.0,0.0,0.0,0.0,0.0,0.0
1001318,"So if someone criticizes islamist or even muslim ideology that would be against the law now?  As a liberal person, I do not recognize what the left wing has become.  A group of identity politickers who have no idea of the history of the movements that shaped the left or attachment to the principles of free speech and equality.",0.1666666666666666,no,6,1,168503,54,2017-02-16 04:10:40.649034+00,approved,328,59,True,0.0,0.0,0.0,0.0,0.0,0.0,0.0,0.0,0.0,0.0,0.8333333333333333,0.0,0.0,0.0,0.0,0.0,0.0,0.0,0.0,0.0,0.0,0.0,0.0,0.0
7119840,"Trump sabotaging rightful and lawful healthcare opportunities for American citizens.
More treasonous behavior from the fascist Trump.
Impeach Trump now",0.6,yes,10,6,386584,21,2017-10-07 21:58:08.379442+00,approved,151,20,False,0.0,0.0,0.0,0.0,0.0,0.0,0.0,0.0,0.0,0.0,0.0,0.0,0.0,0.0,0.0,0.0,0.0,0.0,0.0,0.1666666666666666,0.0,0.0,0.0,0.0
6132790,Sounds like they will have to upgrade their academic quality and get their business program professionally accredited in order to keep raising tuition.,0.0,no,4,0,388215,55,2017-10-12 15:14:32.461107+00,approved,151,23,False,0.0,0.0,0.0,0.0,0.0,0.0,0.0,0.0,0.0,0.0,0.0,0.0,0.0,0.0,0.0,0.0,0.0,0.0,0.0,0.0,0.0,0.0,0.0,0.0
779331,How ignorant. What you're probably referring to is the crusades by subjects of the Western Roman Empire...by no means eastern Christians who were present in the middle east WAY before islam invaded and/or took hold.,0.6,yes,10,6,159549,54,2017-01-02 13:23:34.593709+00,approved,215,35,True,0.0,0.0,0.0,0.0,0.0,0.0,0.0,0.0,0.8,0.0,0.8,0.0,0.0,0.0,0.0,0.0,0.0,0.0,0.0,0.0,0.0,0.0,0.0,0.0
5858578,Hogwash.,0.6,yes,10,6,371484,21,2017-08-29 00:16:10.817483+00,approved,8,1,False,0.0,0.0,0.0,0.0,0.0,0.0,0.0,0.0,0.0,0.0,0.0,0.0,0.0,0.0,0.0,0.0,0.0,0.0,0.0,0.0,0.0,0.0,0.0,0.0
260064,"As usual Shannyn Moore puts out her annual Easter/Thanksgiving /Christmas rant about the Bible/White""Christian"" Republican politicians... What a hateful, self-righteous, unimportant column.",0.6,yes,10,6,105333,21,2016-03-27 10:31:09.353842+00,approved,189,22,True,0.0,0.0,0.0,0.0,0.0,0.0,0.0,0.0,1.0,0.0,0.0,0.0,0.0,0.0,0.0,0.0,1.0,0.0,0.0,0.0,0.0,0.0,0.0,0.0
1044380,"You got it backwards. He was born female and that is why he has to compete against girls, according to texas law. What gives him the unfair advantage is that he is allowed to take a drug to increase strength, and that is what can/should be used to disqualify him",0.1666666666666666,no,6,1,314919,55,2017-02-25 15:36:03.335544+00,approved,262,50,True,0.25,1.0,0.0,0.0,0.0,0.0,0.0,0.0,0.0,0.0,0.0,0.0,0.0,0.0,0.0,0.0,0.0,0.0,0.0,0.0,0.0,0.0,0.0,0.0
5978778,Fr. Martin is a disgrace and a Homosexualist priest who needs to start attending his local Courage group.  And maybe seek out a NARTH therapist to heal his disordered same-sex attraction.,0.6571428571428571,yes,70,46,378572,53,2017-09-19 11:48:12.006908+00,rejected,187,31,True,0.0,0.0,0.0,0.0,0.0,1.0,0.0,0.0,0.0,0.0,0.0,0.0,0.0,0.0,0.0,0.0,0.0,0.0,0.0,0.0,0.0,0.0,0.0,0.0
649627,"Christianity, Christmas, and Christ...turned into a mockery spoof.

Will these same people who think this is smart and cool and funny now do the same about Mohammed and Islam?",0.5,yes,10,5,153992,54,2016-12-02 12:36:37.507376+00,approved,175,29,True,0.0,0.0,0.0,0.0,0.0,0.0,0.0,0.0,1.0,0.0,0.5,0.0,0.0,0.0,0.25,0.0,0.0,0.0,0.0,0.0,0.0,0.0,0.0,0.0
348397,I bet these people will all vote for Clinton....who will let in more Muslims....some of whom I guarantee will join ISIS and murder people.,0.625,yes,72,45,138651,21,2016-06-13 08:46:31.670405+00,rejected,138,24,True,0.0,0.0,0.0,0.0,0.0,0.0,0.0,0.0,0.0,0.0,1.0,0.0,0.0,0.0,0.0,0.0,0.0,0.0,0.0,0.0,0.0,0.0,0.0,0.0
848192,"Christians celebration of the Eucharist 9'the Lord's Supper' [1 Cor. 11:20]) is their joyful celebrating  of their fellowship and togetherness made possible by the sacrifice of Jesus.  A shared table represents the celebration of a covenant relationship with God.  After his resurrection, Jesus eats with his inner circle of disciples, the ones who abandoned him during his passion.  His gesture of sharing meals with them says that he has forgiven them for their cowardice, failures, and infidelity.",0.1666666666666666,no,6,1,161676,53,2017-01-16 17:43:47.463738+00,approved,500,77,True,0.0,0.0,0.0,0.0,0.0,0.0,0.0,0.0,0.8,0.0,0.0,0.0,0.0,0.0,0.1,0.0,0.0,0.0,0.0,0.0,0.0,0.0,0.0,0.0
5830079,"You said it, they just want to be white.  Same like some of responses to my comments.",0.5,yes,10,5,369540,55,2017-08-24 07:55:30.041450+00,approved,85,17,True,0.0,0.0,0.0,0.0,0.0,0.0,0.0,0.0,0.0,0.0,0.0,0.0,0.0,0.0,0.0,0.1666666666666666,0.8333333333333333,0.0,0.0,0.0,0.0,0.0,0.0,0.0
7179361,Keep voting for the corrupt union owned (D) Hawaii. Shopo runs HPD.,0.3,no,10,3,383164,55,2017-09-28 20:45:44.776567+00,approved,67,12,False,0.0,0.0,0.0,0.0,0.0,0.0,0.0,0.0,0.0,0.0,0.0,0.0,0.0,0.0,0.0,0.0,0.0,0.0,0.0,0.0,0.0,0.0,0.0,0.0
6279116,Obviously I know what terrifies you the most.  You live in a bubble. A fools psradise protected with a large neon Do Not Disturb sign.,0.5714285714285714,yes,77,44,395156,102,2017-11-03 03:35:29.629927+00,rejected,134,25,False,0.0,0.0,0.0,0.0,0.0,0.0,0.0,0.0,0.0,0.0,0.0,0.0,0.0,0.0,0.0,0.0,0.0,0.0,0.0,0.0,0.0,0.0,0.0,0.0
5512631,"Obama was using the taxpayers as a cash cow to finance Islamic terrorism through the UN, and redistribute US wealth to his third world friends. We were unwilling chumps because of the constant rhetoric of ""Climate change"", and the  revision of regulations to assist Obama in his quest to be relevant in the world of con artists. By electing President Trump instead of Monica Lewinski's boyfriend's wife, we solved Climate change. We acknowledged that it does not exist.",0.0,no,4,0,350802,105,2017-07-01 21:17:03.522956+00,approved,469,78,False,0.1,0.1,0.0,0.0,0.0,0.0,0.0,0.0,0.0,0.0,0.4,0.0,0.0,0.0,0.1,0.0,0.0,0.0,0.0,0.0,0.0,0.0,0.0,0.0
7063143,"Thieving little bastards went to far. Should have spanked them when they were young so they learn their lesson. Oh wait, we haven't been able do that anymore thanks to that quack doctor who said it will leave scars in their mind forever. Some of us remember her, most won't because it was before your time. oddly enough her son committed suicide....hmmm go figure.",0.71875,yes,64,46,147163,21,2016-10-01 10:04:36.918592+00,rejected,364,64,False,0.0,0.0,0.0,0.0,0.0,0.0,0.0,0.0,0.0,0.0,0.0,0.0,0.0,0.0,0.0,0.0,0.0,0.0,0.0,0.0,0.0,0.0,0.0,0.0
1058911,"There would be no ""zero tolerance"" if the 200 or so true pedophile priest in the US Church had been properly dealt with in the 2nd half of the  20th Century.",0.1111111111111111,no,9,1,315621,53,2017-03-01 00:54:25.498624+00,approved,157,31,False,0.0,0.0,0.0,0.0,0.0,0.0,0.0,0.0,0.4,0.0,0.0,0.0,0.0,0.0,0.1,0.0,0.0,0.0,0.0,0.0,0.0,0.0,0.0,0.0
6090420,"Part 2
On the other hand, your attempt to attribute the clerical sex abuse scandal to the phenomenon of gay priests is spurious, IMHO. The fact that most of the victims are male, which appears to be your essential evidence, is just not relevant. Frequently sex abusers, straight or gay, are essentially sexually underdeveloped, sexually immature, even to the point if some cases of not having yet figured out with clarity their own sexual orientation. Sadly, pubescent boys are simply the most readily available objects for their immaturity to express itself. Also, given that at least 50% of our clergy are gay, as I have suggested, we would expect 50% of sex abusers to be gay IF THERE IS NO CORRELATION BETWEEN SEXUAL ORIENTATION AND SEX ABUSE. Since the population at large assumes far fewer priests are gay, its not hard to see how the delusion associating gays and sex abuse can arise--anecdotal impressions regularly mislead us.",0.6,yes,10,6,385195,53,2017-10-05 19:10:59.989782+00,approved,935,157,True,0.8333333333333333,0.0,0.0,0.0,0.6666666666666666,0.8333333333333333,0.0,0.0,0.0,0.0,0.0,0.0,0.0,0.0,0.0,0.0,0.0,0.0,0.0,0.0,0.0,0.0,0.0,0.0
5928776,"Lots of kids are hated and bullied, some who are accused of being gay but are not, among many other reasons.  The worst I've seen is the bullying of fat kids and the kids with lisps.  That is, the sex acts - of which the word ""gay""implies - have no place in the classroom.  If the schools want to teach anti-bullying, especially to kids of sexually inactive ages, then they should teach about bullying against, e.g., effeminate boys, boys who don't like sports, boys who like dolls, etc....NOT boys who seem to have the characteristics that will lead them to desire to engage in sex acts with other boys when they reach puberty.",0.5,yes,10,5,375257,53,2017-09-10 13:40:12.678080+00,approved,628,113,True,0.0,0.1666666666666666,0.0,0.0,0.0,1.0,0.0,0.0,0.0,0.0,0.0,0.0,0.0,0.0,0.0,0.0,0.0,0.0,0.0,0.0,0.0,0.0,0.0,0.0
5127584,James Tripp This has not been studied the way prescriptions are and all the crap about medicinal use  should follow procedures for any medicinal substance. You are not qualified to make any pronouncement you don't have MD after your name.,0.5,yes,10,5,326545,54,2017-04-13 03:31:46.477732+00,approved,238,40,False,0.0,0.0,0.0,0.0,0.0,0.0,0.0,0.0,0.0,0.0,0.0,0.0,0.0,0.0,0.0,0.0,0.0,0.0,0.0,0.0,0.0,0.0,0.0,0.0
1075399,Where do you live? Have you ever done the Iditarod? Let's just start there.,0.0,no,4,0,316299,21,2017-03-04 04:08:50.208341+00,approved,75,14,False,0.0,0.0,0.0,0.0,0.0,0.0,0.0,0.0,0.0,0.0,0.0,0.0,0.0,0.0,0.0,0.0,0.0,0.0,0.0,0.0,0.0,0.0,0.0,0.0
766630,The nones are a diverse group that can hardly be stereotyped as shallow consumers. They include many who appear more thoughtful and humane than many Christians.,0.2,no,5,1,159051,53,2016-12-29 17:58:02.319251+00,approved,160,26,True,0.0,0.0,0.0,0.0,0.0,0.0,0.0,0.0,1.0,0.0,0.0,0.0,0.0,0.0,0.0,0.0,0.0,0.0,0.0,0.0,0.0,0.0,0.0,0.0
7040999,"And how many thousands of dollars have been spent in Springfield on that very street for flashing yellow crosswalks that hundreds of pedestrians ignore every day that I drive it?  And how many tickets for bad driving are continually being given out by the two motorcycle cops I see there on a frequent basis?  And what is your personal solution that you want to spend money and angst on?   Not whine, solution.  Tell us all how you will 'rectify it'.",0.0,no,4,0,44240,13,2016-03-08 18:10:49.070009+00,approved,450,80,False,0.0,0.0,0.0,0.0,0.0,0.0,0.0,0.0,0.0,0.0,0.0,0.0,0.0,0.0,0.0,0.0,0.0,0.0,0.0,0.0,0.0,0.0,0.0,0.0
5338376,"3500 have already claimed ""refugee"" status from January until the end of April from the US. The fact is none are what they are claiming to be - they are simply illegal immigrants.  The woman in question, had according to reports, been in the US illegally for over 5 years, was last living in Delaware and had a job. She wasn't a muslim nor LGT. She wasn't a refugee in the US but an illegal immigrant. 

Had Trudeau not grandstanded at the UN she probably would still be living in Delaware.",0.0,no,4,0,339569,54,2017-06-01 11:49:27.900023+00,approved,490,91,True,0.0,0.8,0.0,0.0,0.0,0.1,0.1,0.0,0.0,0.0,0.9,0.0,0.0,0.0,0.0,0.0,0.0,0.0,0.0,0.0,0.0,0.0,0.0,0.0
4986765,"Sexual relations with minors, homosexual murders and 'services' to government by Magnotta, lying about your Nazi affiliations and proclivities, breaking campaign promises - all the new normal in the waning days of Canada.",0.0,no,4,0,318274,54,2017-03-10 17:42:01.012474+00,rejected,221,33,True,0.0,0.0,0.0,0.0,0.0,1.0,0.0,0.0,0.0,0.0,0.0,0.0,0.0,0.0,0.0,0.0,0.0,0.0,0.0,0.0,0.0,0.0,0.0,0.0
486229,"Trudy Rubin's drivel is as biased as any I have read. To list a few choices: Should one prefer welcoming malevolent muslims into your home, over keeping them out?  Should one choose adopting the entire world at the expense of one's own family?  Should looters be handled with kid gloves or, as Mayor Red Boucher (a Democrat -which should be immaterial) said during the Fairbanks flood -""looters will be shot on sight"".  Should personal responsibility be imposed on everyone or should we acquiesce to attempts to guarantee material equality to every person, American citizen or not?
Should we be proud to be Americans, or apologize for the success of our country, culture & systems?",0.6,yes,10,6,146571,21,2016-09-22 16:47:09.181453+00,approved,681,114,True,0.0,0.0,0.0,0.0,0.0,0.0,0.0,0.0,0.0,0.0,1.0,0.0,0.0,0.0,0.0,0.0,0.0,0.0,0.0,0.0,0.0,0.0,0.0,0.0
5162629,"Only 2 billion?  Wow, you're optimistic!",0.0,no,4,0,328634,55,2017-04-21 22:42:50.773698+00,approved,40,6,False,0.0,0.0,0.0,0.0,0.0,0.0,0.0,0.0,0.0,0.0,0.0,0.0,0.0,0.0,0.0,0.0,0.0,0.0,0.0,0.0,0.0,0.0,0.0,0.0
5204188,minister of the crown didnt make a mistake he made a decision and lied through his teeth - FULL STOP - but didnt Glamour Boy get caught in a few lies bout a vacation? lying is in Libranos DNA and it seems they cant really help themselves - wonder if the low-info red crowd that elected this govt even knows about his scandal - they probably think it is fake news as they have been brainwashed by the​ alt-left media with fake facts,0.5,yes,10,5,331167,54,2017-05-02 11:49:10.407143+00,approved,431,83,False,0.3,0.0,0.0,0.0,0.0,0.0,0.0,0.0,0.0,0.0,0.0,0.0,0.0,0.0,0.0,0.0,0.0,0.0,0.0,0.0,0.0,0.0,0.0,0.0
247042,"thank goodness.....someone has finally presented a rational explanation for the ""Trump Phenomenon"".....If you find that ""way back home"", don't leave without me.",0.0,no,4,0,42293,13,2016-02-28 01:31:38.051200+00,approved,160,22,False,0.0,0.0,0.0,0.0,0.0,0.0,0.0,0.0,0.0,0.0,0.0,0.0,0.0,0.0,0.0,0.0,0.0,0.0,0.0,0.0,0.0,0.0,0.0,0.0
5462330,"Government already funds news papers.
Look at the crap this place runs and also  WAPO and NYT
My god
These people should be in jail for treason.
You ran a article on a political outfit trying to shape cdn opinion on China
for gawds sake
we see you!
Don;t you get it?",0.8,yes,10,8,347373,54,2017-06-23 00:01:53.069370+00,approved,266,52,False,0.0,0.0,0.0,0.0,0.0,0.0,0.0,0.0,0.0,0.0,0.0,0.0,0.0,0.0,0.0,0.0,0.0,0.0,0.0,0.0,0.0,0.0,0.0,0.0
5135369,"Glad you won, In my view a silver lining of a low turnout election is at least most of the voters are invested and aren't just picking which name sounds the most familiar. Also, it was interesting that most of the argument against you was trying to play off of irrational antipathy towards unions. Good luck I know you'll do a great job",0.0,no,4,0,327046,21,2017-04-15 03:52:17.248144+00,approved,336,63,False,0.1666666666666666,0.0,0.0,0.0,0.0,0.0,0.0,0.0,0.0,0.0,0.0,0.0,0.0,0.0,0.0,0.0,0.0,0.0,0.0,0.0,0.0,0.0,0.0,0.0
1056374,"Really chum??

Fascist regime
Civil War
Ethnic cleansing.
White supremacists

See a doctor pal.",0.4210526315789473,no,76,32,315474,54,2017-02-28 17:08:59.021424+00,approved,95,14,True,0.0,0.0,0.0,0.0,0.0,0.0,0.0,0.0,0.0,0.0,0.0,0.0,0.0,0.0,0.0,0.0,1.0,0.0,0.0,0.0,0.0,0.0,0.0,0.0
5586552,As expected. Ms Speerswill also lose in October in my opinion as there is no ptecedent for suing a fighter on the other side in a war.,0.2,no,5,1,354928,54,2017-07-13 17:02:49.354341+00,approved,134,27,False,0.0,0.0,0.0,0.0,0.0,0.0,0.0,0.0,0.0,0.0,0.0,0.0,0.0,0.0,0.0,0.0,0.0,0.0,0.0,0.0,0.0,0.0,0.0,0.0
5482526,"Sure, dogs being skinned alive is exactly like being a Palestinian.. not.


Do you have any idea how silly you sound?",0.75,yes,80,60,348741,54,2017-06-27 02:02:32.240235+00,rejected,117,21,False,0.0,0.0,0.0,0.0,0.0,0.0,0.0,0.0,0.0,0.0,0.0,0.0,0.0,0.0,0.2,0.0,0.0,0.1,0.0,0.2,0.0,0.0,0.0,0.0
5874150,Never mind. Go back to sleep.,0.0,no,4,0,372370,102,2017-08-31 16:26:11.834699+00,approved,29,6,False,0.0,0.0,0.0,0.0,0.0,0.0,0.0,0.0,0.0,0.0,0.0,0.0,0.0,0.0,0.0,0.0,0.0,0.0,0.0,0.0,0.0,0.0,0.0,0.0
5076322,"I agree, tepid resistance when they have the votes anyway is not resistance.",0.0,no,4,0,323448,21,2017-03-31 04:34:41.840623+00,approved,76,13,False,0.0,0.0,0.0,0.0,0.0,0.0,0.0,0.0,0.0,0.0,0.0,0.0,0.0,0.0,0.0,0.0,0.0,0.0,0.0,0.0,0.0,0.0,0.0,0.0
917080,"There are no such peopel as ""moderate"" Muslims. They all believe one thing and that is the submission of all humankind to Islam.   The end goal for  Aziz is the same as a car bomber in Paris.  She will never ever  actually be critical of Islam or  jihadists  who kill for Islam.    She will be endlessly  critical of people who are critical of Islam. This is her jihad because she helps deflect blame for global jihad bloodshed from  Islam to us  who don't want to convert or die.",0.8,yes,10,8,164850,54,2017-01-29 15:52:17.210552+00,rejected,480,88,True,0.0,0.0,0.0,0.0,0.0,0.0,0.0,0.0,0.0,0.0,1.0,0.0,0.0,0.0,0.0,0.0,0.0,0.0,0.0,0.0,0.0,0.0,0.0,0.0
359106,"Seems to me that anyone who cannot see that radical islam motivated the shooter, anyone who gropes at mental illness or gun availability as the cause, is demonstrating a form of mental illness themselves. It's clear to me that those on the terrorist watch list should be denied the ability to purchase guns, but its equally clear that muslim terrorism is the major threat to life as we know it in non-muslim countries.  Read the koran passages that call for elimination of infidels.",0.1666666666666666,no,6,1,139239,21,2016-06-21 16:40:26.094779+00,approved,482,83,True,0.0,0.0,0.0,0.0,0.0,0.0,0.0,0.0,0.0,0.0,1.0,0.0,0.0,0.0,0.0,0.0,0.0,0.0,0.0,0.0,0.0,0.0,0.8,0.0
5795412,"No.  It means you want it to.  Nice way to sugar-coat it.  Wanting it to rain is the same thing as wanting someone to be killed, eh?  Let's try your logic using a different scenario:

""...If I say, ""I hope (your daughter gets raped),"" does that mean I intend to (rape your daughter)?

Offending?  Absolutely.  Classless?  No doubt.  Borderline inciting violence?  Yep.  

There's no excuse for what that idiot said.  I can't stand Trump.  I wish he'd go away.  But, I'd never, ever seek unethical means to get rid of him.  That makes me no better than him, and possibly even worse.",0.575,yes,80,46,367992,102,2017-08-18 16:52:33.428623+00,approved,581,102,False,0.0,0.3,0.0,0.0,0.0,0.0,0.0,0.0,0.0,0.0,0.0,0.0,0.0,0.0,0.0,0.0,0.0,0.0,0.0,0.0,0.0,0.0,0.0,0.0
5253816,"What's this?  It was the Muslims' own  fault that some deranged jerk attacked their sanctuary in Eugene and threatened to kill them?  
The truth is all religions have their good and bad folks, and we need to condemn the actions of the troublemakers and not the whole religion.  
No religion is perfectly good nor perfectly bad.  Even the Buddhists, renowned for their tranquility and non-violence, are facing criticism for their mistreatment of the Rohinga  Muslims in  Myanmar (Burma) and the Tamil Hindu in Sri Lanka. 
While  too many Muslims do appear to be involved in violence these days lets' remember that the majority of Muslims, as those in our community, are not part of the problem.",0.7,yes,10,7,334395,13,2017-05-14 02:31:47.867555+00,approved,693,116,True,0.0,0.0,0.0,0.0,0.0,0.0,0.0,0.0,0.25,0.0,1.0,0.0,0.25,0.0,0.0,0.0,0.0,0.0,0.0,0.0,0.0,0.0,0.0,0.0
394365,"More than likely it will be some dude with a manbun or pony tail with a "" day off"" and nothing to do but flip his cig butt in the grass.",0.3,no,10,3,141768,21,2016-07-20 11:27:27.518692+00,approved,136,31,False,0.0,0.0,0.0,0.0,0.0,0.0,0.0,0.0,0.0,0.0,0.0,0.0,0.0,0.0,0.0,0.0,0.0,0.0,0.0,0.0,0.0,0.0,0.0,0.0
5246061,"MSW is too generous in his ""not authentically Catholic"" proposition... one could argue that Voris and his rabid followers are not authentically human.  Make no mistake about it, what these folks represent is nothing short of Taliban Catholicism.",0.5,yes,10,5,333754,53,2017-05-12 01:21:31.420421+00,rejected,245,38,True,0.0,0.0,0.0,0.0,0.0,0.0,0.0,0.0,1.0,0.0,0.0,0.0,0.0,0.0,0.0,0.0,0.0,0.0,0.0,0.0,0.0,0.0,0.0,0.0
963858,"Sexual assault, as listed in the Criminal Code (I say listed because the term is never actually defined!!) is a catchall for anything not including a weapon, threats to a third party or causing bodily harm, wounding, maiming, disfigurement or endangering a life. So everything from stealing a kiss to rape without force is all lumped into that one category!
If one wants to treat this seriously the first thing to do would be to revise the Criminal Code to break out these different types of ""sexual assault"". That will never happen because the game played by feminist activists is this: cry rape, rape, rape until everybody is emotionally worked up and then talk about the actual number of all sexual assaults in Canada and hope everybody goes away thinking they were all rapes. When it comes to sexual assault fear is the weapon of the activist feminist, just as it is in domestic violence activism. Fear makes it so much easier to get people to believe, or leave unchallenged, inflated statistics.",0.1666666666666666,no,6,1,166787,54,2017-02-08 00:15:03.768398+00,approved,1000,172,True,0.0,0.5,0.0,0.0,0.0,0.0,0.0,0.0,0.0,0.0,0.0,0.0,0.0,0.0,0.0,0.0,0.0,0.0,0.0,0.0,0.0,0.0,0.0,0.0
5581857,"West Springfield has been sorely missing an accessible bike shop close to the river path. This will be great, thank you!",0.0,no,4,0,353308,13,2017-07-12 21:47:00.257163+00,approved,120,21,False,0.0,0.0,0.0,0.0,0.0,0.0,0.0,0.0,0.0,0.0,0.0,0.0,0.0,0.0,0.0,0.0,0.0,0.0,0.0,0.0,0.0,0.0,0.0,0.0
371599,could you put some drama into that?,0.0,no,4,0,140455,21,2016-07-01 13:14:38.127548+00,approved,35,7,False,0.0,0.0,0.0,0.0,0.0,0.0,0.0,0.0,0.0,0.0,0.0,0.0,0.0,0.0,0.0,0.0,0.0,0.0,0.0,0.0,0.0,0.0,0.0,0.0
403143,"The Bible has some good stuff in it, and some really bad stuff too. And lots of nonsense. But in the end it is just words on paper, written by men, and derives all of its power from men. I think almost everybody knows this on some level, but prefer to believe the ""stories"" because they are comforting, and believing allows them to feel like they belong to a special group.",0.1,no,10,1,142275,21,2016-07-27 02:47:01.272697+00,approved,373,71,True,1.0,0.0,0.0,0.0,0.0,0.0,0.0,0.0,0.0,0.0,0.0,0.0,0.0,0.0,0.0,0.0,0.0,0.0,0.0,0.0,0.0,0.0,0.0,0.0
7001882,"Nancy Pelosi, Joe Biden, John Kerry all claim to be Catholic, yet support abortion.

The silence from Pope Francis is deafening. 

Given that, how can Pope Francis actually expect us to take him seriously on this issue?

I would also like to know one thing: would liberal Catholics be so supportive of immigration ""rights"" if the majority of illegal immigrants were white and leaned Republican?",0.2,no,10,2,376413,53,2017-09-12 17:32:57.782636+00,approved,394,65,True,0.0,0.0,0.0,0.0,0.0,0.0,0.0,0.0,1.0,0.0,0.0,0.0,0.0,0.0,0.0,0.0,1.0,0.0,0.0,0.0,0.0,0.0,0.0,0.0
714636,"D.D.,

I totally agree.

Did you notice that the pastor who challenged the group to pray was a woman? I take that as confirmation that your gender doesn't matter to God, just your willingness to follow Him and be used by Him. 

What amazes me in gift-based ministry is the many ways we can improve the lives of others and draw them closer to God without having to say a word about Him. No Bible study. No doctrinal discussion. Just loving them and feeling God's power warming each person's heart. I've long since lost count of the times I've done a repair at someone's home, or led a team doing a bigger job, and at the end heard the owner praising God for the blessing we had given them. Those are the days I go home feeling like I may have received a greater blessing than I delivered and utterly humbled knowing God used me to bless someone else. It is a blessing I wish more people would allow God to give them.",0.0,no,4,0,155487,52,2016-12-15 19:17:51.975678+00,approved,915,173,True,0.0,0.7,0.0,0.0,0.0,0.0,0.0,0.0,0.6,0.0,0.0,0.0,0.0,0.0,0.1,0.0,0.0,0.0,0.0,0.0,0.0,0.0,0.0,0.0
5479428,More people voted against Hillary than for her......     only  48.2 percent clearly not a majority,0.0,no,4,0,348680,21,2017-06-26 17:14:44.325321+00,approved,98,15,False,0.0,0.0,0.0,0.0,0.0,0.0,0.0,0.0,0.0,0.0,0.0,0.0,0.0,0.0,0.0,0.0,0.0,0.0,0.0,0.0,0.0,0.0,0.0,0.0
251207,"When you want complete diversity in hatred, bigotry, xenophobia, misogyny, and
racism - vote for the little king, Donald Trump. You can be assured no one escapes his version of ""diversity"".",0.6,yes,10,6,48505,13,2016-03-13 18:15:16.256685+00,rejected,189,31,False,0.0,0.0,0.0,0.0,0.0,0.0,0.0,0.0,0.0,0.0,0.0,0.0,0.0,0.0,0.0,0.0,0.0,0.0,0.0,0.0,0.0,0.0,0.0,0.0
6297189,"Tanuki,

So let me get this straight and to use your logic:  the hundreds of thousands of helpless men, women, and children who were hacked to death by machete during the Rwandan Genocide were complicit in their own murders because they did not actively work to regulate or ban the possession of machetes?   This is consistent with your beliefs isn't it?  Whatever happened to the concept of individual responsibility for one's own acts?  Or do you deny the existence of free will?",0.1666666666666666,no,6,1,397390,55,2017-11-06 02:10:12.992282+00,approved,481,82,True,0.8,0.8,0.0,0.0,0.0,0.0,0.0,0.0,0.0,0.0,0.0,0.0,0.0,0.0,0.0,0.0,0.0,0.0,0.0,0.0,0.0,0.0,0.0,0.0
6176050,"Exactly, the issue.
It is a major attack on the small business owner.
Worse than I was expecting",0.0,no,4,0,390717,54,2017-10-19 01:23:20.333426+00,approved,96,18,False,0.0,0.0,0.0,0.0,0.0,0.0,0.0,0.0,0.0,0.0,0.0,0.0,0.0,0.0,0.0,0.0,0.0,0.0,0.0,0.0,0.0,0.0,0.0,0.0
5623156,"Still, Carlos likely doesn't use either/or and isn't in position to favor pads. We have different preferences in my own household and I expect the big world of women also has preferences.",0.0,no,4,0,357091,102,2017-07-19 21:35:51.581970+00,approved,187,32,True,0.0,1.0,0.0,0.0,0.0,0.0,0.0,0.0,0.0,0.0,0.0,0.0,0.0,0.0,0.0,0.0,0.0,0.0,0.0,0.0,0.0,0.0,0.0,0.0
4977976,"Over 10 years there is a 600 BILLION give away to wealthy people and executive's meanwhile millions of people will lose any sembelence of affordable healthcare. $2,000 a year is less than many yearly prescription bills, much less for any illness or injury.
This is Sarah Palins Death Panel Health care, soon will come the ""roads to nowhere"" construction and infrastructure bills, more giveaways to the wealthy on a ""Tax reform"" bill.
 We have met the enemy and he is us.......Pogo",0.0,no,4,0,317652,21,2017-03-08 21:42:09.576187+00,approved,480,81,False,0.0,0.0,0.0,0.0,0.0,0.0,0.0,0.0,0.0,0.0,0.0,0.0,0.0,0.0,0.0,0.0,0.0,0.0,0.0,0.0,0.0,0.0,0.0,0.0
6007390,Like OFFSHORE MONEY.,0.0,no,4,0,380853,54,2017-09-23 17:48:00.956423+00,approved,20,3,False,0.0,0.0,0.0,0.0,0.0,0.0,0.0,0.0,0.0,0.0,0.0,0.0,0.0,0.0,0.0,0.0,0.0,0.0,0.0,0.0,0.0,0.0,0.0,0.0
5764576,"Those racists that the left talks about includes Trump voters comprising of 42% women, and 1/3 Latinos. I have 2 friends in Arizona who voted for Trump simply because they just got disgusted by the seemingly musical/poetic repetitive democrat narrative- racist, misogynist, homophobic, xenophobic, deplorable, irredeemable. People are getting tired of identity political and of MSM doing the thinking for them.",0.5,yes,10,5,366265,54,2017-08-14 13:09:10.610267+00,approved,410,61,True,0.0,0.9,0.0,0.0,0.0,0.4,0.0,0.0,0.0,0.0,0.0,0.0,0.0,0.0,0.0,0.0,0.0,0.0,0.9,0.0,0.0,0.0,0.0,0.0
6306085,"Good idea.  More viewpoints are better.  It is not so much a place to prove a point as to raise an alternative viewpoint.  

The ""proof"" can always take place in the Civil Comments online, with friendly peer review.",0.0,no,4,0,397471,13,2017-11-07 05:57:09.307345+00,approved,215,38,False,0.0,0.0,0.0,0.0,0.0,0.0,0.0,0.0,0.0,0.0,0.0,0.0,0.0,0.0,0.0,0.0,0.0,0.0,0.0,0.0,0.0,0.0,0.0,0.0
6265768,"So why should woman focus on tech industry jobs? It seems to me that there are a lot of very well paying, purposeful roles in law, medicine, finance and education that woman have been very successful in and are in fact dominating in leadership. 

The reality is that many tech jobs have extremely long hours, don't actually pay that well, are very transient, and are routine. Perhaps the 'problem' is that women are smarter than men and feel that jobs under those conditions aren't really worth the aggravation compared to the opportunities that are available to them.",0.0,no,4,0,395734,54,2017-11-01 15:11:07.136081+00,approved,568,97,True,1.0,1.0,0.0,0.0,0.0,0.0,0.0,0.0,0.0,0.0,0.0,0.0,0.0,0.0,0.0,0.0,0.0,0.0,0.0,0.0,0.0,0.0,0.0,0.0
5807592,"Under a bad monopoly party, we have seen the death of any pretense of progressivism.  We have the bad shell of liberalism but a legislature that seems oblivious to caring for children or families.  They are a silly, stupid, savage lot.
Mandans do far more for the homeless whites in our state than do Hawaiians out here. Many Hawaiians won't even support other Hawaiians. (Check out OHA).  What happened to Aloha?  Start with the host population and then go outward in the concentric circle of non-caring.",0.631578947368421,yes,76,48,368570,55,2017-08-20 19:53:14.419053+00,approved,505,86,True,0.1,0.0,0.0,0.0,0.0,0.0,0.0,0.0,0.0,0.0,0.0,0.0,0.0,0.0,0.0,0.0,0.6,0.0,0.0,0.2,0.0,0.0,0.0,0.0
356032,"We elected a drunk monkey in 2000.

It didn't work out so good...",0.5,yes,10,5,138995,21,2016-06-19 00:45:28.292293+00,approved,65,13,False,0.0,0.0,0.0,0.0,0.0,0.0,0.0,0.0,0.0,0.0,0.0,0.0,0.0,0.0,0.0,0.0,0.0,0.0,0.0,0.0,0.0,0.0,0.0,0.0
7153908,its a carry by right state...I suspect most of us could articulate being in fear of our lives....,0.0,no,4,0,149663,21,2016-10-26 23:39:07.675215+00,approved,97,18,False,0.0,0.0,0.0,0.0,0.0,0.0,0.0,0.0,0.0,0.0,0.0,0.0,0.0,0.0,0.0,0.0,0.0,0.0,0.0,0.0,0.0,0.0,0.0,0.0
5512382,"Oh, you dare not ask that. 
Shooting at a C rap ""concert?""  Whodathought.
With all the violations by the club, it begs the question why is it still operating?
If it were closed, they would take their culture elsewhere I'm sure.",0.4,no,10,4,350764,55,2017-07-01 20:43:08.424230+00,approved,227,41,False,0.0,0.0,0.0,0.0,0.0,0.0,0.0,0.0,0.0,0.0,0.0,0.0,0.0,0.0,0.0,0.0,0.0,0.0,0.0,0.0,0.0,0.0,0.0,0.0
5315113,"According to the BBC, he ranted that Muslims must die because they've been killing Christians for years. Will this get called a terrorist attack?",0.6351351351351351,yes,74,47,338288,54,2017-05-27 22:16:20.123408+00,approved,145,24,True,0.0,0.0,0.0,0.0,0.0,0.0,0.0,0.0,0.75,0.0,1.0,0.0,0.0,0.0,0.0,0.0,0.0,0.0,0.0,0.0,0.0,0.0,0.0,0.0
7001142,She just needs to slap herself,0.8665912945166759,yes,1769,1533,352662,105,2017-07-07 10:04:36.729177+00,approved,30,6,False,0.0,0.0,0.0,0.0,0.0,0.0,0.0,0.0,0.0,0.0,0.0,0.0,0.0,0.0,0.0,0.0,0.0,0.0,0.0,0.0,0.0,0.0,0.0,0.0
5257013,"For starters we need to decriminalize drug addiction and treat as a medical condition and offer free, unstigmatized treatment. It's a lot cheaper than prison, and at least offers the hope of getting them back on track as productive human beings. We need to address the problems that make people vulnerable to trying addictive drugs. E pluribus unum. United we stand. Jesus said the most important commandment is to love our neighbor as ourself, to pray that it be done on Earth as it is in heaven, and that in heaven we're not man & woman but one in the spirit. Then He said to act as if our prayers have been answered. So we should be acting as if we are one.",0.0,no,4,0,333807,43,2017-05-15 03:36:14.052978+00,approved,660,123,True,0.7,1.0,0.0,0.0,0.0,0.0,0.0,0.0,0.5,0.0,0.0,0.0,0.0,0.0,0.0,0.0,0.0,0.0,0.0,0.0,0.0,0.0,0.0,0.0
6061612,"White Supremacy is the Catholic value for Catholics like the Kid.  They would never consider themselves overtly racist, just better and entitled to the benefits they enjoy in a predominately white culture and white ethnic Church.",0.7,yes,10,7,383920,53,2017-10-01 14:47:55.174067+00,approved,229,36,True,0.0,0.0,0.0,0.0,0.0,0.0,0.0,0.0,1.0,0.0,0.0,0.0,0.0,0.0,0.0,0.0,1.0,0.0,0.0,0.0,0.0,0.0,0.0,0.0
6295039,Now is not the time to discuss sensible gun control... / S,0.0,no,4,0,397385,102,2017-11-05 20:56:14.661657+00,approved,58,12,False,0.0,0.0,0.0,0.0,0.0,0.0,0.0,0.0,0.0,0.0,0.0,0.0,0.0,0.0,0.0,0.0,0.0,0.0,0.0,0.0,0.0,0.0,0.0,0.0
5141108,"Any rational analysis of LNG shows the Asian market saturated into the foreseeable future, with far cleaner nuclear at 30% the cost, taking up growth and coal phaseouts. 

You'd have to be a pretty stupid investor to take a flyer on LNG.",0.6190476190476191,yes,63,39,326842,54,2017-04-17 02:34:18.023493+00,approved,237,42,True,0.0,0.0,0.0,0.0,0.0,0.0,0.0,0.0,0.0,0.0,0.0,0.0,0.0,0.0,0.0,0.0,0.0,0.6,0.0,0.0,0.0,0.1,0.0,0.0
6141907,So was Jules Verne.,0.0,no,4,0,388764,54,2017-10-13 18:39:05.415945+00,approved,19,4,False,0.0,0.0,0.0,0.0,0.0,0.0,0.0,0.0,0.0,0.0,0.0,0.0,0.0,0.0,0.0,0.0,0.0,0.0,0.0,0.0,0.0,0.0,0.0,0.0
1044133,"utilitas wishes to know why white people are privileged.

Boggle.",0.5,yes,10,5,314698,53,2017-02-25 14:31:40.237532+00,approved,65,10,True,0.0,0.0,0.0,0.0,0.0,0.0,0.0,0.0,0.0,0.0,0.0,0.0,0.0,0.0,0.0,0.0,1.0,0.0,0.0,0.0,0.0,0.0,0.0,0.0
5844339,"Harper's only purpose in any of the ""apologies"" that he made was to a) make the Liberals look bad, b) make it seem like he meant the apology for real. In fact, Harper issued an ""apology"" to First Nations but did nothing for them but to cancel Kelowna which had been negotiated between the feds and First Nations and to lay financial disclosure requierements on them - no new schols, no improvements to water supplies, nothing. Harper's involvement with the Northern Foundation is a better indication of his attitude towards anybody who is not white and Christian.",0.4,no,10,4,370708,54,2017-08-26 12:12:41.833303+00,approved,563,97,True,0.0,0.0,0.0,0.0,0.0,0.0,0.0,0.0,1.0,0.0,0.0,0.0,0.0,0.0,0.0,0.1666666666666666,0.8333333333333333,0.0,0.0,0.0,0.0,0.0,0.0,0.0
5244710,"...""Can you find a masculinity requirement for apostolic succession?""...

Unfortunately, Pope JP 2 thought HE could, as do many others. Probably Council of Trent did, also. Mainly on the basis of 'that's how it has always been"". The argument of ""Jesus chose males to be Apostles' argument.
 
Mainly because our custom, as enshrined in Canon Law, restricts 'priestly ordination' only to 'Clergy'  - those in the 'clerical state'; and to get into that you have to be male, and celibate.

If you ever expect to get to your goal of ordaining women, I think it will be through the route of first ordaining 'laity' - men and women.",0.0,no,4,0,333501,53,2017-05-11 20:13:34.029147+00,approved,625,108,True,1.0,0.9,0.0,0.0,0.0,0.0,0.0,0.0,0.7,0.0,0.0,0.0,0.0,0.0,0.1,0.0,0.0,0.0,0.0,0.0,0.0,0.0,0.0,0.0
5521713,Why is he trying to help the alt-left propaganda department?,0.0,no,4,0,351262,105,2017-07-03 18:45:22.751619+00,approved,60,10,False,0.1666666666666666,0.0,0.0,0.0,0.0,0.0,0.0,0.0,0.0,0.0,0.0,0.0,0.0,0.0,0.0,0.0,0.0,0.0,0.0,0.0,0.0,0.0,0.0,0.0
604363,"You. Are. An. Idiot. But you may be right, there could have been a Chinese submarine involved. This is something he did REGULARLY, read the article fer gawd's sake. And if you knew the man or his family, you would be ashamed of your imbecilic comment. Jonesy was as fit as a 45 year old, loved life and was good at it. I swear, some of the lunacy you cretins come up with is astounding.",0.7,yes,10,7,151674,21,2016-11-16 03:02:26.498297+00,approved,386,75,True,0.7,0.0,0.0,0.0,0.0,0.0,0.0,0.0,0.0,0.0,0.0,0.0,0.0,0.0,0.0,0.0,0.0,0.2,0.0,0.0,0.0,0.0,0.0,0.0
5214888,""".. it comes to this: the necessity for extending the legislative session.""

That's it?  That's all it takes to have Rail die?  Great!  I hope all the legislators have hotel reservations and non-refundable plane tickets for flights tomorrow morning for the Mainland, Asia and Bora Bora.  

Let The Beast die.",0.6,yes,10,6,331858,55,2017-05-04 17:02:51.726368+00,approved,308,50,False,0.0,0.0,0.0,0.0,0.0,0.0,0.0,0.0,0.0,0.0,0.0,0.0,0.0,0.0,0.0,0.0,0.0,0.0,0.0,0.0,0.0,0.0,0.0,0.0
5253903,"bs,, there is no need to change it, there are only 2 things, men and woman, anything else is a belief! it is alt left nutters that make up things that are not real, like more genders, there are only 2",0.5,yes,10,5,334425,54,2017-05-14 03:07:58.241263+00,rejected,200,41,True,0.75,1.0,0.0,0.0,0.0,0.0,0.0,0.0,0.0,0.0,0.0,0.0,0.0,0.0,0.0,0.0,0.0,0.0,0.0,0.0,0.0,0.0,0.0,0.0
5511400,"The news media, is just as rough & callous, as POTUS Trump.",0.6,yes,10,6,350735,55,2017-07-01 18:32:56.572189+00,approved,59,12,False,0.0,0.0,0.0,0.0,0.0,0.0,0.0,0.0,0.0,0.0,0.0,0.0,0.0,0.0,0.0,0.0,0.0,0.0,0.0,0.0,0.0,0.0,0.0,0.0
554082,"""...anything we can potentially charge...""?

I assume that is just casually worded. If not, how about using the proper ""anything that -requires- charging without some kind of legal gymnastics"" standard, instead?",0.0,no,4,0,149533,21,2016-10-26 15:34:39.133589+00,approved,211,31,False,0.0,0.0,0.0,0.0,0.0,0.0,0.0,0.0,0.0,0.0,0.0,0.0,0.0,0.0,0.0,0.0,0.0,0.0,0.0,0.0,0.0,0.0,0.0,0.0
5003013,"""Part of the explanation is that Francis has welcomed open debate in the church – certainly one of the biggest changes he has made in his four years.""

And, Francis' openness ""has allowed deep-seated tensions within the church to surface,” the Rev. Russell Pollitt, a South African Jesuit, recently wrote. ""Tensions have always existed – even though some would never dare to admit this. The difference is that under Francis’s leadership these tensions have not been pushed under the proverbial carpet.”

This is the Church as it should be - full of discussion, openness, disagreement.  This is real life.  What makes it seem so outlandish is the contrast of the openness of Francis to the closed, silenced, shut Church of JPII and BXVI and others before him.  Truth is - Catholics disagree on issues big and small.  I suspect they always have but what we get to do now is admit it when we disagree.",0.0,no,4,0,319056,53,2017-03-14 16:31:13.632008+00,approved,898,155,False,0.0,0.0,0.0,0.0,0.0,0.0,0.0,0.0,0.4,0.0,0.0,0.0,0.0,0.0,0.1,0.0,0.0,0.0,0.0,0.0,0.0,0.0,0.0,0.0
905213,The girl's grift is now over. The dummies finally wised up and It's only a matter of time until they do too regarding the grifter in chief. It must be agonizing for her that Trumples has snubbed her and with a little luck she will begin to turn those chalkboard fingernails on him.,0.1666666666666666,no,6,1,164388,21,2017-01-27 04:28:35.725142+00,approved,281,53,False,0.0,0.2,0.0,0.0,0.0,0.0,0.0,0.0,0.0,0.0,0.0,0.0,0.0,0.0,0.0,0.0,0.0,0.0,0.0,0.0,0.0,0.0,0.0,0.0
5875155,"There already is a time-tested method of wealth distribution.  We call it, ""working"" or ""a job.""  

You work for me, you get some of my money in exchange.  Simple eh?",0.0,no,4,0,372355,54,2017-08-31 18:59:29.005184+00,approved,166,30,False,0.0,0.0,0.0,0.0,0.0,0.0,0.0,0.0,0.0,0.0,0.0,0.0,0.0,0.0,0.0,0.0,0.0,0.0,0.0,0.0,0.0,0.0,0.0,0.0
5301274,"Just wondering, do you equate the respect for the equality of women, in all aspects of life, as feminism? Were that true Sir, you evoke the style of misogynist thought, word and deed, that are the standard bearers of inequality and a lack of justice.",0.2,no,10,2,337272,54,2017-05-25 12:08:23.113253+00,approved,250,45,True,0.2,0.8,0.0,0.0,0.0,0.0,0.0,0.0,0.0,0.0,0.0,0.0,0.0,0.0,0.0,0.0,0.0,0.0,0.0,0.0,0.0,0.0,0.0,0.0
5158674,"When the race of the perp is delayed or not mentioned is when the shooter is black.  You don't know that yet?
You can call me a racist, go ahead.  BTW, I'll bet you dinner at Roys the perp is black.",0.5,yes,10,5,328452,55,2017-04-21 01:38:06.325828+00,approved,198,41,True,0.0,0.0,0.0,0.0,0.0,0.0,0.0,0.0,0.0,0.0,0.0,0.0,0.0,0.0,0.0,1.0,0.0,0.0,0.0,0.0,0.0,0.0,0.0,0.0
5633141,"So it's not confused with the different (and often conflicting) common term ""democratic"" meaning ""democracy"".  That's why I usually just shorten it to Dem or (D) or D.

Also, because it's inconsistent with how we refer to other parties.  The Republican Party is the party of Republicans.  The Libertarian Party is the party of libertarians.  But the Democratric Party is not the party of Democratics, it's the party of Democrats.  

I know officially it's ""Democratic Party"" and that's not going to change, but it's just a goofy inconsistency in the naming that always sticks out.  And shouldn't be confused with small ""d"" democratic which has a different meaning.",0.0,no,4,0,357606,102,2017-07-21 14:08:09.334163+00,approved,664,108,False,0.0,0.0,0.0,0.0,0.0,0.0,0.0,0.0,0.0,0.0,0.0,0.0,0.0,0.0,0.0,0.0,0.0,0.0,0.0,0.0,0.0,0.0,0.0,0.0
997824,"i love our current pope.  long may he reign (so to speak!)   and i agree with Marx that '''' as catholics … loyalty is substantial for the catholic faith.''      my response is that first and foremost we are christians, followers of Jesus Christ….. not whomever might be currently filling in the sante sede !… we are nothing if we do not recognize the presence of Christ in our daily life… in our daily personal prayers….in our daily decisions (large and small) hopefully made in the presence of the Lord.   the rest is just politics.",0.0,no,4,0,168354,53,2017-02-15 14:13:37.735065+00,approved,534,94,True,0.2,0.0,0.0,0.0,0.0,0.0,0.0,0.0,1.0,0.0,0.0,0.0,0.0,0.0,0.0,0.0,0.0,0.0,0.0,0.0,0.0,0.0,0.0,0.0
525086,"Cruz rolled a week or so back, so he's a Class IV now.  Not surprising, to be honest.",0.0,no,4,0,148364,21,2016-10-13 03:42:27.491127+00,approved,85,18,False,0.0,0.0,0.0,0.0,0.0,0.0,0.0,0.0,0.0,0.0,0.0,0.0,0.0,0.0,0.0,0.0,0.0,0.0,0.0,0.0,0.0,0.0,0.0,0.0
622426,"NCR as  publication can and does question. But, and the big but is, that the  NCR has no authority or power beyond the act of questioning.   The 4 cardinals, because of their high church rank, have power and [posssible] authority to challenge, and according them,  forcibly require the pope to answer their questions.   NCR and its contributors  in questioning  teachings or documents seldom get much space in secular news reports, but news of the 4 cardinals trying to bully the pope by application of canon law has made front page news in many major newspapers.  What the cardinals have done is beyond just expressing their views.  They have threatened to use their rank, its power  and  canon law that they think gives them the power to do so, to force the pope to answer their questions or else.  The cardinals have gone beyond just expressing their views.",0.0,no,4,0,152691,53,2016-11-23 16:33:39.526792+00,approved,860,147,False,0.0,0.0,0.0,0.0,0.0,0.0,0.0,0.0,0.2,0.0,0.0,0.0,0.0,0.0,0.0,0.0,0.0,0.0,0.0,0.0,0.0,0.0,0.0,0.0
7161808,Internet porn and the feminization of men are the problems in my humble opinion.,0.6,yes,10,6,365240,54,2017-08-23 19:16:08.657928+00,approved,80,14,True,0.8,0.0,0.0,0.0,0.0,0.0,0.0,0.0,0.0,0.0,0.0,0.0,0.0,0.0,0.0,0.0,0.0,0.0,0.0,0.0,0.0,0.0,0.0,0.0
6304181,"Adams County didn't charge him - this is a 1st degree felony matter, the People of the State of Colorado charged him, and they charged him accordingly. What he is purported to have done, while however sickening and depraved it is, is the exact opposite of committing a hate crime. A hate crime requires that the bad actor, while operating out of a real or perceived hatred for an individual or for a class of people, and where the hatred is based on the victim's ""race, color, religion, or natural origin,"" causes or attempts to cause extreme fear, great bodily harm, or death upon another. This guy went in to a store and just started shooting at everybody - he injured men, women and children from very different races, colors, etc... Because of his wanton and willful disregard for whom he killed, he's now qualified himself for the death penalty - which is a tad bit more serious than the few extra years he'd get for the hate-crimes.",0.0,no,4,0,397742,102,2017-11-06 23:15:29.794960+00,approved,938,168,True,1.0,1.0,0.0,0.0,0.0,0.0,0.0,0.0,0.0,0.0,0.0,0.0,0.0,0.0,0.0,0.0,0.0,0.0,0.0,0.0,0.0,0.0,0.0,0.0
7109227,Has the G&M really lost it this time? Complete nonsense. You are trying to normalize the disaster called Trump.,0.5,yes,10,5,156866,54,2016-12-16 04:51:59.816457+00,approved,111,19,False,0.0,0.0,0.0,0.0,0.0,0.0,0.0,0.0,0.0,0.0,0.0,0.0,0.0,0.0,0.0,0.0,0.0,0.0,0.0,0.0,0.0,0.0,0.0,0.0
685874,"Another fundamentalist christian agent yearning for theocracy over democracy, wedded to the Military Industrial Complex maximum looting of the treasury, drill and mine every inch of the earth, Republican/Nazi Dictatorship under Il Duce Trump.  Good luck, America.",0.0,no,4,0,155601,21,2016-12-09 19:00:13.321112+00,approved,263,37,True,0.0,0.0,0.0,0.1666666666666666,0.0,0.0,0.0,0.0,0.8333333333333333,0.0,0.0,0.0,0.0,0.0,0.0,0.0,0.0,0.0,0.0,0.0,0.0,0.0,0.0,0.0
6279783,"These are the guys protecting violent criminals and rapists like MS-13  from being deported just because they are latinos too, get fuck out of here",0.85,yes,80,68,396349,105,2017-11-03 08:18:37.709306+00,approved,147,25,True,0.1877076411960133,0.0110741971207087,0.0005537098560354,0.0005537098560354,0.0011074197120708,0.0016611295681063,0.0,0.0055370985603543,0.0,0.0005537098560354,0.0,0.0,0.0,0.0005537098560354,0.0044296788482834,0.0,0.0005537098560354,0.0011074197120708,0.8698781838316721,0.0022148394241417,0.0005537098560354,0.0,0.0,0.0
469242,"Lets not forget you are a sicko, sick in mind and spirit. Typical drivel from a liberal democrat, De facto useful idiot communist.
Cheers!",0.8035714285714286,yes,56,45,145709,21,2016-09-11 00:46:34.906695+00,rejected,138,24,True,0.0,0.0,0.0,0.0,0.0,0.0,0.0,0.0,0.0,0.0,0.0,0.0,0.0,0.0,0.0,0.0,0.0,0.0,0.0,0.0,0.0,0.0,0.5,0.0
5024881,"Jesus tells us in the gospels that if we follow what he has taught & done then we are good disciples.  Too many Christians claim they don't know what Jesus would do, as though he did not leave the Gospels, prayer & the Holy Spirit to show us exactly what to do.  

The Gospels do teach us to treat no one any differently than we wish to be treated ourselves.  The man took a vow before God and if he was too weak to keep it, I feel he is wrong to complain since he knew what he vowed to.

Also there is no indication this man did anything to stand up for women who were equally called to be both priests & deacons, yet wrongly discriminated against.  His treatment was not an act of discrimination against him so no injustice was done to him.  Meanwhile, many lay people in this country & in others are pushed out of ministries to make room for a new deacon if they did not have one.  This actually is a real injustice & a harmful reality in many parishes. 

Truth is we don't need any perm. deacons.",0.1666666666666666,no,6,1,319868,53,2017-03-19 07:31:44.973332+00,approved,1000,194,True,0.5,0.6,0.0,0.0,0.0,0.0,0.0,0.0,0.9,0.0,0.0,0.0,0.0,0.0,0.0,0.0,0.0,0.0,0.0,0.0,0.0,0.0,0.0,0.0
5746986,Any suggestions or are you blowing smoke. You and all your liberal retards are all the same.,0.7049180327868853,yes,61,43,365067,55,2017-08-10 21:40:22.919042+00,rejected,92,17,False,0.0,0.0,0.0,0.0,0.0,0.0,0.0,0.0,0.0,0.0,0.0,0.0,0.0,0.0,0.0,0.0,0.0,0.0,0.0,0.0,0.0,0.0,0.0,0.0
5638061,"Pledging to “give consumers more choice, more options and more freedom” when it comes to health care.
.
Pledging to “give Big Insurance Conglomerates more choice, more options and more freedom” when it comes to wealth care.
TIFIFY. You're welcome Cory ""One and Done"" Gardner",0.0,no,4,0,358104,102,2017-07-22 06:42:33.416024+00,approved,274,45,False,0.0,0.0,0.0,0.0,0.0,0.0,0.0,0.0,0.0,0.0,0.0,0.0,0.0,0.0,0.0,0.0,0.0,0.0,0.0,0.0,0.0,0.0,0.0,0.0
5866250,If you think Osteen is Christian then you probably think Trump is a good President. He is a scam artist who has made multi millions selling a false god to morons who follow like slow sheep.,0.828125,yes,64,53,371821,54,2017-08-30 04:50:14.859339+00,approved,189,36,True,0.0,0.0,0.0,0.0,0.0,0.0,0.0,0.0,1.0,0.0,0.0,0.0,0.0,0.0,0.0,0.0,0.0,0.0,0.0,0.0,0.0,0.0,0.0,0.0
5349356,As opposed to the Catholic faith according to Fr. Zed?,0.0,no,4,0,340030,53,2017-06-03 02:33:49.733407+00,approved,54,10,True,0.0,0.0,0.0,0.0,0.0,0.0,0.0,0.0,1.0,0.0,0.0,0.0,0.0,0.0,0.0,0.0,0.0,0.0,0.0,0.0,0.0,0.0,0.0,0.0
5064147,"You'll need to program this plea for consideration into a computer. Most applications never even see human eyes.
Computers, don't you love 'em?
Good thing Seattle considers itself ""sanctuary"".",0.0,no,4,0,322698,66,2017-03-28 14:23:19.060051+00,approved,192,29,False,0.0,0.0,0.0,0.0,0.0,0.0,0.0,0.0,0.0,0.0,0.0,0.0,0.0,0.0,0.0,0.0,0.0,0.0,0.0,0.0,0.0,0.0,0.0,0.0
5589239,"Agree with the article.

Former federal Immigration Minister Jason Kenney banned British MP George Galloway from entering Canada on his North American speaking tour because Mr Kenney and PM Harper didn't like Mr Galloway's opinions about Israel and the Middle East in general.

In the UK regressive-leftist students tried to force their university union to ban ex-Muslim Maryam Namazie from addressing the students' secular society because they deemed her a 'hate speaker'.

I'm very sceptical about groups who want to ban others.

Perhaps most outrageous of all is that most of the media in the West gave in to Islamist death-threats and eschewed publishing 'offensive' cartoons of Muhamed and of Muslims (Danish cartoons and Charlie Hebdo cartoons).

Recently a Muslim group got to hold a prayer meeting at Toronto Zoo. Maybe that should have been banned.",0.0,no,4,0,354982,54,2017-07-13 23:20:06.670573+00,rejected,857,136,True,0.0,0.0,0.0,0.0,0.0,0.0,0.0,0.0,0.0,0.0,0.8333333333333333,0.0,0.0,0.0,0.0,0.0,0.0,0.0,0.0,0.0,0.0,0.0,0.0,0.0
6326348,"Come on Gomer, get in there & show us some elbows. While you're there, identify that 87% of Quebecers who support Bill 62 as racists. Go for it big man.",0.2,no,5,1,399143,54,2017-11-10 01:29:22.250632+00,approved,152,30,True,0.8,0.0,0.0,0.0,0.0,0.0,0.0,0.0,0.0,0.0,0.0,0.0,0.0,0.0,0.0,0.0,0.0,0.0,0.0,0.0,0.0,0.0,0.0,0.0
6225841,"See: http://www.pennlive.com/life/2016/10/philadelphia_mob_boss_crime.html

Scroll down and you will find a picture with this caption:
""A dozen men struggle with a heavy casket bearing the body of Angelo Bruno following a Catholic funeral service at a south Philadelphia church, Pa., March 27, 1980. The copper-lined casket weighs 800 pounds.""",0.0,no,4,0,392508,53,2017-10-26 10:54:44.359124+00,approved,343,47,True,0.8,0.0,0.0,0.0,0.0,0.0,0.0,0.0,1.0,0.0,0.0,0.0,0.0,0.0,0.0,0.0,0.0,0.0,0.0,0.0,0.0,0.0,0.0,0.0
7028904,I'd pay to see that. Does it work?,0.0,no,4,0,387619,54,2017-10-11 02:03:43.170744+00,approved,34,8,False,0.0,0.0,0.0,0.0,0.0,0.0,0.0,0.0,0.0,0.0,0.0,0.0,0.0,0.0,0.0,0.0,0.0,0.0,0.0,0.0,0.0,0.0,0.0,0.0
6287775,"While agreeing with a lot of what you have written, I think it is only fair to acknowledge that the spirituality of 'the old order' does appeal to and inspire and help a lot of people, young and old. I sense that Francis is concerned also for those for whom Christianity is utterly irrelevant in any meaningful way, and for whom the finger wagging approach is not regarded as loving but rejecting. There is really no 'one size fits all' - we all come from very different histories, none of which are perfect and God meets us where we are and draws us to 'Him'self in ways in which we can relate.  The idea that Faith is the keeping of a set of rules rather than a deepening relationship with the Living God does not sit well with me, but I recognise that it sits well with many others.",0.0,no,4,0,396173,53,2017-11-04 14:40:32.895450+00,approved,785,149,True,0.0,0.0,0.0,0.0,0.0,0.0,0.0,0.0,1.0,0.0,0.0,0.0,0.0,0.0,0.0,0.0,0.0,0.0,0.0,0.0,0.0,0.0,0.0,0.0
5098909,You have to dig deep into Christian lore to come up with an example like that. Most Christians have transcended the silly stage of their religion; many Muslims appear not to.,0.8,yes,10,8,324773,54,2017-04-06 01:41:12.758915+00,rejected,174,31,True,0.0,0.0,0.0,0.0,0.0,0.0,0.0,0.0,1.0,0.0,0.75,0.0,0.0,0.0,0.0,0.0,0.0,0.0,0.0,0.0,0.0,0.0,0.0,0.0
4999573,Prepare to be trickled down upon.,0.5,yes,10,5,319080,21,2017-03-13 21:24:48.940192+00,approved,33,6,False,0.0,0.0,0.0,0.0,0.0,0.0,0.0,0.0,0.0,0.0,0.0,0.0,0.0,0.0,0.0,0.0,0.0,0.0,0.0,0.0,0.0,0.0,0.0,0.0
7075252,"Oh dear Wavemaker.  I am feeling a little bit uncertain right now.  Do you believe in the Bible?  Uh-oh.  This whole time I thought we were mutually scoffing at those silly evangelicals, and worshiping the Goddess with our commentary and here you are quoting the Bible!?  I feel so betrayed & triggered right now.",0.7,yes,10,7,144188,21,2016-08-22 06:23:11.317615+00,approved,313,54,True,0.1,0.0,0.0,0.0,0.0,0.0,0.0,0.0,0.5,0.0,0.0,0.0,0.0,0.0,0.2,0.0,0.0,0.0,0.0,0.0,0.0,0.0,0.0,0.0
739786,"I have a real problem with anything trumping the First Amendment. Universities are the traditional site of our best and most open ""marketplace of ideas"". Racist crap should be permitted so that everyone can see how little value it has.

As far as Prof. Shurtz goes, let's just say that while her costume shouldn't cause her to be disciplined, her lame expressions of ignorance perhaps should. How can a person, supposedly educated in our culture, which is what law is, be ignorant of what black-face is and means and claim with a straight face to not know the term? I have to wonder about her qualifications for her position.",0.6,yes,10,6,157865,13,2016-12-21 21:35:18.283498+00,approved,625,109,True,0.0,0.0,0.0,0.0,0.0,0.0,0.0,0.0,0.0,0.0,0.0,0.0,0.0,0.0,0.0,1.0,0.0,0.0,0.0,0.0,0.0,0.0,0.0,0.0
605020,""" If the Bishops, priests and the orders of nuns and other religious would get back to basics and stop trying to save the world, we would all be a lot better off, including the world.""
   
IOW, keep the 'racial discrimination' and pretend world is better off keeping 'white supremacy'?

You would prefer keeping slaves too, I suppose?  
What would be more basic then the skin color one born with?
Because of the color of one's skin, one will be discriminated all one's life and that is your idea of better off?

It is amazing what some immature self boasting 'majority' people speak utter nonsense!!!!!!!!!!",0.5,yes,10,5,151790,53,2016-11-16 12:30:26.842745+00,approved,607,105,True,0.1,0.0,0.0,0.0,0.0,0.0,0.0,0.0,0.3,0.0,0.0,0.0,0.0,0.0,0.0,0.0,1.0,0.0,0.0,0.0,0.0,0.0,0.0,0.0
5472940,"Radical islamic terrorists are not the same as fringe white supremacists.
You know and I know it.
We should all condemn all violence, but all violence is not caused by the same thing.  As someone pointed out earlier, ISIS and radical islamic terrorism is a cancer on society.",0.5,yes,10,5,348111,54,2017-06-25 03:29:01.882568+00,approved,275,48,True,0.0,0.0,0.0,0.0,0.0,0.0,0.0,0.0,0.0,0.0,0.3,0.0,0.0,0.0,0.1,0.0,0.7,0.0,0.0,0.0,0.0,0.0,0.0,0.0
5951101,"Thank God every day that this Commander in alternative nostril breather
Is not the President. Seriously? What a mess she is! She is an embarrassment 
To women everywhere.",0.5333333333333333,yes,75,40,377553,105,2017-09-14 06:43:28.505290+00,approved,170,28,True,0.0,1.0,0.0,0.0,0.0,0.0,0.0,0.0,0.0,0.0,0.0,0.0,0.0,0.0,0.0,0.0,0.0,0.0,0.0,0.0,0.0,0.0,0.0,0.0
5005288,"In other news, several cows were killed at the Meat packing plant. Micky Ds was decried as a murderer, and John Tepton said all white people are bad.",0.5,yes,10,5,319302,21,2017-03-15 00:11:04.776529+00,approved,149,28,True,0.0,0.0,0.0,0.0,0.0,0.0,0.0,0.0,0.0,0.0,0.0,0.0,0.0,0.0,0.0,0.0,0.8,0.0,0.0,0.0,0.0,0.0,0.0,0.0
580463,"It is made up BS
http://www.snopes.com/john-podesta-spirit-cooking/",0.0,no,4,0,150756,21,2016-11-06 21:40:51.165286+00,approved,67,6,False,0.0,0.0,0.0,0.0,0.0,0.0,0.0,0.0,0.0,0.0,0.0,0.0,0.0,0.0,0.0,0.0,0.0,0.0,0.0,0.0,0.0,0.0,0.0,0.0
5987079,"Outsider:  It's tough to rewrite history, but I'll give you credit for trying.  The Southern economy was premised on slavery and the leaders perceived, probably correctly, that the end of slavery would cause a tremendous upheavel in Southern life...both culturally and economically.  Those leaders also perceived (again, likely very correctly) that, with the election fo Abraham Lincoln and the ever-growing power of the Abolitionist movement, slavery in the U.S. was coming to an end....and likely in the near future.  Rather than seek to negotiate as favorable a transition as possible, likely including compensation for emancipated slaves, the South chose to secede.  It's no surprise that most the young men in the South chose to support secession. They were raised in the South and slavery was part of the values system of their lives.  ....and, yes, those damn Yankees were going to end slavery.  Gary Crum",0.5,yes,10,5,379642,13,2017-09-20 16:43:40.778496+00,approved,912,145,False,0.1666666666666666,0.0,0.0,0.0,0.0,0.0,0.0,0.0,0.0,0.0,0.0,0.0,0.0,0.0,0.0,0.0,0.0,0.0,0.0,0.0,0.0,0.0,0.0,0.0
7166414,"Ah yes,  another delicious moment. 

Trump takes a phone call from a female leader of a free nation and a bunch of snowflake losers get their panties in a wad. Its these little head fake moves that President Trump will continue to keep the idiots busy crying while we get to the serious business of righting the ship. They had their chance and fudged the bucket. Keep giving them something on a weekly basis to make them wet the bed so they don't get in the way to much. It has worked for over a year with no sign of them catching on so no need to change it up.",0.5571428571428572,yes,70,39,154318,21,2016-12-03 08:52:36.368740+00,rejected,561,110,True,0.0,0.8333333333333333,0.0,0.0,0.0,0.0,0.0,0.0,0.0,0.0,0.0,0.0,0.0,0.0,0.0,0.0,0.0,0.0,0.0,0.0,0.0,0.0,0.0,0.0
6240806,"Funny. I bet you'll believe accusations involving women, but not men. You know, because only women lie.",0.5,yes,10,5,393295,54,2017-10-28 14:33:04.310904+00,approved,103,17,True,0.75,1.0,0.0,0.0,0.0,0.0,0.0,0.0,0.0,0.0,0.0,0.0,0.0,0.0,0.0,0.0,0.0,0.0,0.0,0.0,0.0,0.0,0.0,0.0
5491195,"This might be understandable if there would have been any of these checks and balances during the last administration, people might take these LSM folks seriously.  As it is, they are just whining weasels.",0.3,no,10,3,349447,105,2017-06-28 14:17:09.509364+00,approved,205,34,False,0.0,0.0,0.0,0.0,0.0,0.0,0.0,0.0,0.0,0.0,0.0,0.0,0.0,0.0,0.0,0.0,0.0,0.0,0.0,0.0,0.0,0.0,0.0,0.0
5756381,"No one nominated these goons to represent the mythical white race. These goobers, with their raging inferiority complex, hate educated ""white"" people just as much as people of color.",0.65,yes,80,52,365823,102,2017-08-12 19:27:40.727222+00,approved,182,29,True,0.0,0.0,0.0,0.0,0.0,0.0,0.0,0.0,0.0,0.0,0.0,0.0,0.0,0.0,0.0,0.0,1.0,0.0,0.0,0.0,0.0,0.0,0.0,0.0
793633,I wish I could match with them. I also am hoping there won't be harassment by Trump followers and other woman haters.,0.5,yes,10,5,160207,53,2017-01-05 16:37:23.463021+00,approved,117,22,True,0.0,1.0,0.0,0.0,0.0,0.0,0.0,0.0,0.0,0.0,0.0,0.0,0.0,0.0,0.0,0.0,0.0,0.0,0.0,0.0,0.0,0.0,0.0,0.0
659278,"most people i know voted AGAINST Hillary because of all the ""scandal news"".  When there is a choice between a
somewhat successful guy, a woman with scandals emailed daily?  a church attender with good kids, a woman that has been fairly unsuccessful in everything she has tried.  a guy with scandals printed about him and the finger pointers drop their charges, a woman wanting to be president that can't follow security rules that are necessary for the safety of our nation.  hmm, bring us a woman with honesty, integrity, whatever valves most people admire -- then i'll vote FOR HER.",0.0,no,4,0,154500,21,2016-12-04 15:30:27.306786+00,approved,584,100,True,0.5,1.0,0.0,0.0,0.0,0.0,0.0,0.0,0.0,0.0,0.0,0.0,0.0,0.0,0.0,0.0,0.0,0.0,0.0,0.0,0.0,0.0,0.0,0.0
7124491,"I agree with Steve Simmons assessment of this series - now this is boring hockey.  I bet the viewing audience is really low.

Crosby is nothing more that a crying sob (although I like him when he's on Team Canada).

Pen fans are the worst whiners.",0.1,no,10,1,342638,54,2017-06-10 11:37:17.045070+00,approved,247,46,False,0.0,0.0,0.0,0.0,0.0,0.0,0.0,0.0,0.0,0.0,0.0,0.0,0.0,0.0,0.0,0.0,0.0,0.0,0.0,0.0,0.0,0.0,0.0,0.0
5064179,"""The lawsuit also said the city has incentives in place that “encourage drivers to complete their routes in the quickest manner possible, often at the expense of public safety.”  i dare say that it is common knowledge, although perpetrated with a wink of an eye, the crews have contracts which allows them to have another full-time job on top of the already highly lucrative opala jobs they hold.  along with and because of the incentives mentioned in the suit, i have personally witnessed crews act as if they OWNED THE ROADS, ""i'm doing you a favor"", cavalier attitude, criss-crossing broad thoroughfares, and backing out of alleys and driveways on to main roads.  it is a wonder why the penalty in the suit was so SMALL!  had this incident been inflicted by a joe-average citizen, the verdict would be such that ""joe"" might have to sell all his possible worldly goods.  one can only hope that our city leaders learn from this situation!!!!  HAH!",0.0,no,4,0,322701,55,2017-03-28 14:31:49.701726+00,approved,948,163,False,0.0,0.0,0.0,0.0,0.0,0.0,0.0,0.0,0.0,0.0,0.0,0.0,0.0,0.0,0.0,0.0,0.0,0.0,0.0,0.0,0.0,0.0,0.0,0.0
538478,"I could respect (grudgingly) the likes of Jerry Falwell, Jr. and Pat Robertson if they'd just admit that Trump is a low-life but that they agree with him on policy. But this nonsense that they buy that he really is a devout Christian is ridiculous. Not only does it insult the intelligence of their ""flock,"" it also exposes them as hypocrites and political opportunists. Nauseating.

By the way, I love that photo above. It's as if Falwell knows he's shaking hands with a repugnant person and can't quite watch himself do it.",0.9,yes,10,9,148838,53,2016-10-19 20:54:22.132360+00,approved,525,92,True,0.0,0.0,0.0,0.0,0.0,0.0,0.0,0.0,1.0,0.0,0.0,0.0,0.0,0.0,0.0,0.0,0.0,0.0,0.0,0.0,0.0,0.0,0.0,0.0
5080565,"The people need to rid ourselves of the billionaire class, plain and simple.  We are all just so incredibly stupid to think we should let this happen....and not because he is Chinese...I mean ALL billionaires.",0.7894736842105262,yes,76,60,323556,54,2017-04-01 11:29:31.580793+00,approved,209,35,True,0.0,0.0,0.0,0.0,0.0,0.0,0.0,0.0,0.0,0.0,0.0,0.0,0.0,0.0,0.0,0.0,0.0,0.5,0.0,0.0,0.0,0.0,0.0,0.0
639574,"Clinging on to identity politics is a coping mechanism, but trying to brand Trumpism with white supremacists is a continuation of the safe space bubble that led to the dichotomy on the night of Nov8.

Here's an example, about 280 idiots showed up in washington for their white power powwow.  50 Reporters showed up to cover this momentous event.  In this silly meeting of unhinged extremists --- again covered by 50 reporters, lots of digital and real ink was spilled. 

Google ""Heil Trump"", get 461,000 articles, spanning Atlantic, NYT, WAPO,  bit guys all talking about this single event.

The democrats are about to get Keith Ellison as their new DNC chair, if you google Ellison Farrakhan, you get 53,000 hits.   Covered by unknown sources.   

Ellison's support of Farrakhan was apparently in an 18 month period, and he has left that movement.    The dichotomy is that if you get 461,000 google hits over some 2 hour event by fringe idiots, and a fraction of that for 18months of extremism?",0.7,yes,10,7,153433,54,2016-11-30 15:41:31.278166+00,approved,995,168,True,0.1,0.0,0.0,0.0,0.0,0.0,0.0,0.0,0.0,0.0,0.0,0.0,0.0,0.0,0.0,0.0,0.8,0.0,0.0,0.0,0.0,0.0,0.0,0.0
5241760,"Yeah right, they know who the illegals are over there just like we know who the tourists are over here. Texans mistaking illegal immigrants from Mexico for some local yokel from Waipahu is very unlikely.",0.1666666666666666,no,6,1,333354,55,2017-05-11 06:36:46.481964+00,approved,203,35,False,0.0,0.0,0.0,0.0,0.0,0.0,0.0,0.0,0.0,0.0,0.0,0.0,0.0,0.0,0.0,0.0,0.0,0.0,0.2,0.0,0.0,0.0,0.0,0.0
5607542,You're not keeping up with your advocates' intentions.,0.0,no,4,0,355347,53,2017-07-17 16:11:55.371075+00,rejected,54,8,False,0.0,0.0,0.0,0.0,0.0,0.0,0.0,0.0,0.0,0.0,0.0,0.0,0.0,0.0,0.0,0.0,0.0,0.0,0.0,0.0,0.0,0.0,0.0,0.0
5578102,"Another scenario that might be a bit more realistic.  Sanctions imposed by the Obama administration have been -
a) squeezing the Trump Russian credit sources who have Trump Sr., Jr., son in law, etc. by the loins, oops, I meant ""loans"".
b) the real estate investments of the Trump org in Russia are tanking because of the effect of the sanctions. 
c) a & b together make things worse ""compounded"" for Russians and Trump org.
Putin and oligarchs put ""or else"" squeeze.
Nothing to do with ""tapes"" but they might be ""back-up"".
""We have mutual advantage to get you elected Donald. Now that you ""won"", we win also...or you lose - everything.",0.1666666666666666,no,6,1,354134,53,2017-07-12 13:37:48.665618+00,approved,636,112,False,0.0,0.0,0.0,0.0,0.0,0.0,0.0,0.0,0.0,0.0,0.0,0.0,0.0,0.0,0.0,0.0,0.0,0.0,0.0,0.2,0.0,0.0,0.0,0.0
1002989,"Scarpitti is corrupt and all in with the chinese - that's how he stays on top.  It is not in the public's best interest to let more foreign chinese buyers in.  Look at the schools - all funding for chinese and the rest of us get left holding the bag.  Look at the medical system and hospitals - half these folks buying homes pay little to NO taxes and are geting a free ride.  I can go on forever but the point is, limit the chinese and kick justin's ass to the curb.  Another corrupt and unethical politician - trudeau's days are numbered!",0.6,yes,10,6,168603,54,2017-02-16 16:46:21.574748+00,approved,540,103,True,0.0,0.0,0.0,0.0,0.0,0.0,0.0,0.0,0.0,0.0,0.0,0.0,0.0,0.0,0.0,0.0,0.0,0.7,0.0,0.0,0.0,0.0,0.0,0.0
5805259,"I have no idea what that means, but I can tell you I'm opposed to white supremacists and political leaders who encourage them.",0.5,yes,10,5,368380,54,2017-08-20 12:45:09.203927+00,approved,126,23,True,0.0,0.0,0.0,0.0,0.0,0.0,0.0,0.0,0.0,0.0,0.0,0.0,0.0,0.0,0.0,0.0,0.5,0.0,0.0,0.0,0.0,0.0,0.0,0.0
5491081,"I'm convinced that too many people, especially who comment here, are weighed down with anger, hurt, or have other axes to grind against the Catholic Church. The result is a loss of objectivity and balance.

What does this report tell us:

- Lots of allegations from the past, including fairly far back (1940s), were brought foward -- mostly by lawyers, in the wake of a law inviting new submissions. Common sense tells you to be leery of these.

- The number of new accusations is very small: 25. Of these, almost half are ""unsubstantiated."" Two have been substantiated, the rest are still being looked into. All these were reported to civil authorities.

- An interesting detail if you read further on page 19: much of what the report lumps together as ""child sexual abuse"" turns out, upon closer examination, to be  ""more of a boundary issue and not sexual abuse."" 

Only for someone truly embittered is this a bad report.",0.1666666666666666,no,6,1,344380,53,2017-06-28 14:05:57.357980+00,approved,924,160,True,0.0,0.0,0.0,0.0,0.0,0.0,0.0,0.0,0.8333333333333333,0.0,0.0,0.0,0.0,0.0,0.0,0.0,0.0,0.0,0.0,0.0,0.0,0.0,0.0,0.0
5722516,What the hell are you talking about?,0.578125,yes,64,37,363436,102,2017-08-06 14:20:18.717789+00,rejected,36,7,False,0.0,0.0,0.0,0.0,0.0,0.0,0.0,0.0,0.0,0.0,0.0,0.0,0.0,0.0,0.0,0.0,0.0,0.0,0.0,0.0,0.0,0.0,0.0,0.0
772613,"Yes, and none of the instances you mention are due to prehistoric, tribal people.   Let me be very clear.  Sociopathy, psychopathy, narcissism, and other antisocial behaviors transcend time and most cultures, I believe.  I don't know every single culture in all history, not even close, so I'm going to have to trust modern psychology on this one. 

But that is not the same as saying that all cultures were equally genocidal, and equal in continually warring and destroying, as our culture does and has done since Rome.  I am NOT saying tribal people lived a perfect, fantasy, harmonious life.    But I know a few things, and one of them is that indigenous tribal cultures were NOT destroying the earth and other people all the time in order to build a new, ""better world,"" according to human values. The world we had was good enough, and apparently, too good for us.

"". . . murder, greed, corruption, genocide and environmental degradation are wrong.""  Absolutely.  Evil and stupid, too.",0.5,yes,10,5,159168,21,2016-12-31 01:28:16.295011+00,approved,990,167,False,0.0,0.0,0.0,0.0,0.0,0.0,0.0,0.0,0.0,0.0,0.0,0.0,0.0,0.0,0.0,0.0,0.0,0.0,0.0,0.1666666666666666,0.0,0.0,0.0,0.0
5107312,"My Mom, Dad, both-side Grandpas, and Uncle worked on that road. At one time we were the only trucking company to service it as far as Greater Slave Lake. We are White. When is Taggart Day?",0.0,no,4,0,325145,21,2017-04-07 20:16:08.130313+00,approved,188,36,True,0.3,0.3,0.0,0.0,0.0,0.0,0.0,0.0,0.0,0.0,0.0,0.0,0.0,0.0,0.0,0.0,0.7,0.0,0.0,0.0,0.0,0.0,0.0,0.0
5911575,"there's a reason we non-believers dont believe in god or the bible. crap like this. if jesus were in anyone of you haters hearts, like you profess, you would be physically unable to post the vitriol against your fellow men and women like you do here. if some of these posts were written by non-believers, you must not believe in anything that requires any emotion other than hate. shame!",0.775,yes,80,62,374580,22,2017-09-07 01:17:54.346734+00,approved,387,69,True,1.0,0.5,0.0,0.0,0.0,0.0,0.0,0.0,0.8333333333333333,0.0,0.0,0.0,0.0,0.0,0.0,0.0,0.0,0.0,0.0,0.0,0.0,0.0,0.0,0.0
803483,liar,0.7,yes,10,7,160413,54,2017-01-07 02:24:39.422310+00,rejected,4,1,False,0.0,0.0,0.0,0.0,0.0,0.0,0.0,0.0,0.0,0.0,0.0,0.0,0.0,0.0,0.0,0.0,0.0,0.0,0.0,0.0,0.0,0.0,0.0,0.0
6014984,"Apparently Udell(?) is a black guy, and there's this senile old white fart Carol Portugal who thinks her grasp of the black experience is more authentic than his. You can't make this stuff up.",0.5714285714285714,yes,70,40,381490,105,2017-09-24 21:52:59.128679+00,rejected,192,34,True,0.3,0.0,0.0,0.0,0.0,0.0,0.0,0.0,0.0,0.0,0.0,0.0,0.0,0.0,0.0,1.0,1.0,0.0,0.0,0.0,0.0,0.0,0.0,0.0
596803,This poll can be taken with a grain of salt for two reasons: 1. it reflects the G&M's attitude and therefore serves its interests and 2. polls are not necessarily reliable as demonstrated by polls prior to the Brexit vote and the U.S election.,0.0,no,4,0,151356,54,2016-11-12 23:28:07.381742+00,approved,243,44,False,0.0,0.0,0.0,0.0,0.0,0.0,0.0,0.0,0.0,0.0,0.0,0.0,0.0,0.0,0.0,0.0,0.0,0.0,0.0,0.0,0.0,0.0,0.0,0.0
933240,"This is what the Islamists are up to and it's why people are concerned. It's a minority of Muslims but it's still a problem. Combined with the fact hundreds of people in Europe have been murdered in Islamist terrorist attacks in the past two years are you surprised there's anxiety and a sense that the Islamists have nothing whatsoever good to contribute to society.

Then you have the burqa and the niqab - the Islamist's dress code for females. 

Making things worse, extreme or regressive-left voices in western countries seemingly welcoming the craziness and viciously attacking anyone who raises issues/concerns and calling people racist Islamophobic bigots if they question anything.",0.6,yes,10,6,165449,54,2017-02-01 16:55:25.625106+00,approved,690,110,True,0.0,0.6,0.0,0.0,0.0,0.1,0.0,0.0,0.0,0.0,1.0,0.0,0.0,0.0,0.0,0.0,0.0,0.0,0.0,0.0,0.0,0.0,0.0,0.0
577285,"James, lets not be sexist about this, It's a problem with women drivers too as they too love to drive their zippy little cars while texting and gabbing on the phone too and at 75 mph things go by pretty fast. Now that's not telling anybody how to drive is it?",0.3,no,10,3,150603,21,2016-11-05 00:52:08.371267+00,approved,259,51,True,0.0,0.8,0.0,0.0,0.0,0.0,0.0,0.0,0.0,0.0,0.0,0.0,0.0,0.0,0.0,0.0,0.0,0.0,0.0,0.0,0.0,0.0,0.0,0.0
7048376,Agree - more WaPo garbage.,0.5405405405405406,yes,74,40,159092,21,2016-12-29 20:15:58.354268+00,approved,26,5,False,0.0,0.0,0.0,0.0,0.0,0.0,0.0,0.0,0.0,0.0,0.0,0.0,0.0,0.0,0.0,0.0,0.0,0.0,0.0,0.0,0.0,0.0,0.0,0.0
5777512,"“The element of truth behind all this, which people are so ready to disavow, is that men are not gentle creatures who want to be loved, and who at the most can defend themselves if they are attacked; they are, on the contrary, creatures among whose instinctual endowments is to be reckoned a powerful share of aggressiveness.” 
― Sigmund Freud, Civilization and Its Discontents",0.1666666666666666,no,6,1,366893,54,2017-08-16 04:15:50.965883+00,approved,377,64,True,1.0,0.0,0.0,0.0,0.0,0.0,0.0,0.0,0.0,0.0,0.0,0.0,0.0,0.0,0.0,0.0,0.0,0.0,0.0,0.0,0.0,0.0,0.0,0.0
6285576,This has nothing to do with what's between your legs. Unless you think you'd accidentally shoot yourself in your twig and berries... then I guess you would technically become less of a man... physiologically anyway...,0.7,yes,10,7,396348,102,2017-11-04 01:10:13.882328+00,approved,217,35,True,1.0,0.0,0.0,0.0,0.0,0.0,0.0,0.0,0.0,0.0,0.0,0.0,0.0,0.0,0.0,0.0,0.0,0.0,0.0,0.0,0.0,0.0,0.0,0.0
5987210,"I had no doubt you would see it that way...A Lesbian who has an affair, allegedly on school property doing school hours is not enough smoke to assume there is a fire ? Would you be interested in buying the Fairy Street Bridge ?",0.5,yes,10,5,379717,13,2017-09-20 16:58:06.244308+00,approved,227,44,True,0.0,0.0,0.0,0.0,0.0,0.8333333333333333,0.0,0.0,0.0,0.0,0.0,0.0,0.0,0.0,0.0,0.0,0.0,0.0,0.0,0.0,0.0,0.0,0.0,0.0
7134283,"""Mr. Lighthizer's list says Washington wants more opportunities for American firms to bid on public procurement in Canada and Mexico, but to keep the right to bar Canadian and Mexican companies from receiving contracts in the United States."" 

Heads I win, tails you lose. Only a creature who thinks that the peaceful protesters in Charlottesville are as responsible for the violence there as the neo-Nazis and KKK white supremacists who drove a car into them can see this absurd position as fair.",0.3,no,10,3,366946,54,2017-08-17 01:38:28.938876+00,approved,497,82,True,0.1,0.0,0.0,0.0,0.0,0.0,0.0,0.0,0.0,0.0,0.0,0.0,0.0,0.0,0.0,0.0,0.7,0.0,0.1,0.0,0.0,0.0,0.0,0.0
887259,"I wondered what the protest was for, the point of the whole thing. Yes, he's said a bunch of stupid things and no, I'd rather not share a couch with him after dinner as he is far too over the top for me and my friends. But to waste an entire day wandering about in a silly hat saying silly things and chanting? Isn't there actually something solid you could put your efforts (and your free speech) behind? I get that you Hillarians would rather have a sweet-talking female crook in the White House than an extraordinary orange windbag, but face up to the fact, you lost and Hillary is done.",0.5131578947368421,yes,76,39,163604,54,2017-01-24 00:30:10.109907+00,approved,590,111,True,0.1,0.6,0.0,0.0,0.0,0.0,0.0,0.0,0.0,0.0,0.0,0.0,0.0,0.0,0.0,0.0,0.3,0.0,0.0,0.0,0.0,0.0,0.0,0.0
5550977,"Maybe, the translators didn't have it right. The letters of Paul predate the Gospels. 
The authors Mark and Mathew were relying on sources that did not know exactly the words of Jesus as handed down decades later (40-60 years).
Based on Jesus' teaching everyone was included except the Pharisees who separated themselves from others. Jesus considered that sinful. Maybe the ""many"" excluded the Pharisees?
The Pharisees were the ones who were doctrinaire and plotted against Jesus. Jesus was compassionate as God was compassionate. We are forgiven as we forgive others.",0.0,no,4,0,352672,53,2017-07-08 01:24:56.990795+00,approved,568,90,True,0.0,0.0,0.0,0.0,0.0,0.0,0.0,0.0,0.5,0.0,0.0,0.0,0.0,0.0,0.0,0.0,0.0,0.0,0.0,0.0,0.0,0.0,0.0,0.0
6195019,"I think we all know that any tribe, be it Christians or Muslims or whoever, is not uniform.  Some are moderates, some are hard-core.  So Mr Saunders needs to acknowledge we all know that, no-one is saying all Muslims are the same.  But in Iran, for example, the few hardliners impose their way on the many moderate Muslims.  For decades now.  The same could happen in Canada some day, i.e. the majority subjugated by the virulent extremists.",0.2,no,5,1,391795,54,2017-10-21 15:49:45.814710+00,approved,441,77,True,0.1666666666666666,0.0,0.0,0.0,0.0,0.0,0.0,0.0,1.0,0.0,1.0,0.0,0.0,0.0,0.0,0.0,0.0,0.0,0.0,0.0,0.0,0.0,0.0,0.0
936564,"What would O'Leary have to do with this? We'll see if Canada is ready for our own version of trump, with every small, disrespectful, and self aggrandizing that entails.  I suspect not.",0.2,no,5,1,165599,54,2017-02-02 02:35:21.045489+00,approved,184,32,False,0.0,0.0,0.0,0.0,0.0,0.0,0.0,0.0,0.0,0.0,0.0,0.0,0.0,0.0,0.0,0.0,0.0,0.0,0.0,0.0,0.0,0.0,0.0,0.0
954686,"Stupid article; until you know and understand sharia law, you should not bother to write about it. Christian organizations should not bow to the leftist drivel. A Christian church or organization cannot hire or employ an immoral person to fill any position. They should not be forced to cater to that which they find abominable. There are immoral laws, and we cannot follow them.",0.6527777777777778,yes,72,47,166294,21,2017-02-06 00:24:31.449239+00,approved,379,64,True,0.0,0.0,0.0,0.0,0.0,0.0,0.0,0.0,1.0,0.0,0.0,0.0,0.0,0.0,0.0,0.0,0.0,0.0,0.0,0.0,0.0,0.0,0.0,0.0
5806420,What does this idiot think of Antifa?,0.8461538461538461,yes,52,44,367609,66,2017-08-20 16:24:30.980272+00,rejected,37,7,False,0.0,0.0,0.0,0.0,0.0,0.0,0.0,0.0,0.0,0.0,0.0,0.0,0.0,0.0,0.0,0.0,0.0,0.0,0.0,0.0,0.0,0.0,0.0,0.0
5546812,"Skepti:  As a Heterosexual Male WHY should I be expected to live with a NEW card deck because of other twisted peoples sexual behaviors and  beliefs.  I can make adjustments however I like Mr. Levings do NOT want to be at the urinal and next to in the other urinal is a he/she, she/he, lesbian, homosexual, Trans Mutilated, Agender, X, whatever. looking at my 10.   Designate and Build restrooms for THOSE TYPES, then they can all be TOGETHER.................Problem Solved.........",0.5,yes,10,5,352576,13,2017-07-07 16:09:56.986462+00,approved,482,79,True,0.8333333333333333,0.0,0.6666666666666666,0.3333333333333333,1.0,1.0,0.0,0.0,0.0,0.0,0.0,0.0,0.0,0.0,0.0,0.0,0.0,0.0,0.0,0.0,0.0,0.0,0.0,0.0
5954140,"Police officers should get out of their cars and walk more too.  They used to, you know, back in the 60s.",0.0,no,6,0,377402,21,2017-09-14 18:35:31.626224+00,approved,105,21,False,0.0,0.0,0.0,0.0,0.0,0.0,0.0,0.0,0.0,0.0,0.0,0.0,0.0,0.0,0.0,0.0,0.0,0.0,0.0,0.0,0.0,0.0,0.0,0.0
5665760,"Raise the corporate tax rate - eliminate tax breaks (including municipal property taxes) for out-of-state businesses.  Leave the Permanent Fund alone!  Of course Popp would be in favor of raiding the fund - he's ""pro business"" as opposed to ""pro citizen.""",0.0,no,4,0,359779,21,2017-07-27 00:41:52.925124+00,approved,255,41,False,0.0,0.0,0.0,0.0,0.0,0.0,0.0,0.0,0.0,0.0,0.0,0.0,0.0,0.0,0.0,0.0,0.0,0.0,0.0,0.0,0.0,0.0,0.0,0.0
6152634,"Solution for who? Disrespect is disrespect, whether on the field or absent from the field.",0.0,no,4,0,389393,105,2017-10-15 20:46:26.096033+00,approved,90,15,False,0.0,0.0,0.0,0.0,0.0,0.0,0.0,0.0,0.0,0.0,0.0,0.0,0.0,0.0,0.0,0.0,0.0,0.0,0.0,0.0,0.0,0.0,0.0,0.0
530511,"The main stream media, following orders from the DNC, and at the head of media the NYT, has successfully taken the real issues out of the limelight. HRC is the choice of media, the DNC, and of course the blind loyal party voters. HRC will lead us into war, she has failed miserably with her foreign policy's but the media says lets only look at any dirt we can find on DT. The NYT has gone as far as contacting every woman they can find just to dig  up dirt that the loyalist in the dem. party lap up. Our political leaders from both sides do not want the voters to think on their own, they want, and have succeeded in getting, a voting bloc who like thirsty dogs lap up what they are told is important. DT is hated by both parties leaders, that in and of itself should open folks eyes but no, you voters have been told what to focus on and you like puppets on a string have danced to the party leaders. By the way dems., you all said character did not matter when you had BC as president. 
cont.",0.0,no,4,0,148607,13,2016-10-15 17:40:49.624749+00,approved,996,195,True,0.0,0.8,0.0,0.0,0.0,0.0,0.0,0.0,0.0,0.0,0.0,0.0,0.0,0.0,0.0,0.0,0.0,0.0,0.0,0.0,0.0,0.0,0.0,0.0
6180940,what's with the damn kiddy cowboy hats?? She is one sick bitch.,0.9,yes,60,54,390806,105,2017-10-19 17:10:49.947167+00,approved,63,12,False,0.0,0.0,0.0,0.0,0.0,0.0,0.0,0.0,0.0,0.0,0.0,0.0,0.0,0.0,0.0,0.0,0.0,0.0,0.0,0.0,0.0,0.0,0.0,0.0
750587,"I can't think of a more ridiculous way for anyone to spend their time and energy than making holiday greetings a political issue of ""right"" vs ""left.""

I have my opinion, which is that the ""War on Christmas"" is really the war on everything that is NOT Christmas---And that this time of year has been a holiday season long before christianity came along---But I'm not about to hassle anyone saying ""merry christmas"" to me.

Of course, if the phrase ""merry christmas"" is enforced on a national level, in public meetings, at school, etc., it will earn my scorn for the ignorant policy that it is:  A war on mulit-culturalism is a war on what really made this country great---Ironic in the extreme for the season of peace and goodwill...",0.6,yes,10,6,158360,21,2016-12-24 10:25:15.502573+00,approved,733,129,True,0.0,0.0,0.0,0.0,0.0,0.0,0.0,0.0,1.0,0.0,0.0,0.0,0.0,0.0,0.0,0.0,0.0,0.0,0.0,0.0,0.0,0.0,0.0,0.0
5633147,"Obama gave billions and uranium to ""Death to America Iran"" and jets and Tanks to the Muslim Brotherhood. The list goes on, but you only hear from the fake news so you don't know any better.  Old Soul my ass, old fool is more like it.",0.6625,yes,80,53,357624,13,2017-07-21 14:08:55.367975+00,approved,233,46,True,0.0,0.0,0.0,0.0,0.0,0.0,0.0,0.0,0.0,0.0,1.0,0.0,0.0,0.0,0.0,0.0,0.0,0.0,0.0,0.0,0.0,0.0,0.0,0.0
542913,"Hilary's Parkinson's disease is advancing.  This is why she refuses news conferences. This means either anti-Semite Kaine, or (more likely) Slick Willy will take over. It also means we will see more muslim influence in the USA aka Huma Abedin, et al., more New World Order -meaning worse world disorder for Americans, weaker military, open borders, bad trade deals, worsening of obammacare, & stepped up corruption.
  If Trump goes down, so do America's standard of living, moral standards, transparency in govt, a further slide away from our Constitutional Republic.",0.0,no,4,0,149140,21,2016-10-21 17:53:09.935653+00,approved,567,89,True,0.0,0.0,0.0,0.0,0.0,0.0,0.0,0.0,0.0,0.0,1.0,0.0,0.0,0.0,0.0,0.0,0.0,0.0,0.0,0.0,0.3,0.0,0.2,0.1
6259424,"Sure, run tranny Mike, see how badly she gets beat. Republicans would love it.",0.5921052631578946,yes,76,45,395376,105,2017-10-31 17:10:17.283903+00,approved,78,14,True,0.0,0.0,0.5,0.0,0.0,0.0,0.0,0.1,0.0,0.0,0.0,0.0,0.0,0.0,0.0,0.0,0.0,0.0,0.0,0.0,0.0,0.0,0.0,0.0
892881,"The entire Act, by its very nature, is discriminatory.",0.0,no,7,0,163775,54,2017-01-24 23:56:18.825167+00,approved,54,9,False,0.0,0.0,0.0,0.0,0.0,0.0,0.0,0.0,0.0,0.0,0.0,0.0,0.0,0.0,0.0,0.0,0.0,0.0,0.0,0.0,0.0,0.0,0.0,0.0
5089672,"I hate snakes, period, but that moronic owner needs to be found and charged a big fine. Finding a snake that big anywhere outside in Alaska would cause me to kill myself trying to get away quickly. GOD, please dont let Alaska get warm enough for snakes to live outside here, please. I cant go any further North.",0.6933333333333334,yes,75,52,324264,21,2017-04-04 02:55:14.975875+00,approved,311,58,False,0.0,0.0,0.0,0.0,0.0,0.0,0.0,0.0,0.0,0.0,0.0,0.0,0.0,0.0,0.0,0.0,0.0,0.0,0.0,0.0,0.0,0.0,0.0,0.0
694595,"Studying the history of the Christian religion requires considerable study of theology. Your statement is like saying that a physicist does not know mathematics.  I wrote my master's thesis largely on Augustine and I have read his works repeatedly, both in English and Latin. And, of course, Augustine is far from the only theologian I have studied. My ""howlers"" exist in your ""mind"" and show YOUR ignorance of theology.

Your saying things such as ""the magisterium does not change its teachings"" demonstrates your ignorance of history.

I know both history and theology. I have yet to see any expertise in either from you.

I used to know a man who was an expert on the history of the US Supreme Court.  He was not a lawyer, but he knew more constitutional law than most attorneys. 

Your statement about psychology says that you know it on a high school level. I am not surprised.",0.2,no,5,1,155136,53,2016-12-11 19:35:18.628267+00,approved,882,153,True,0.7,0.0,0.0,0.0,0.0,0.0,0.0,0.0,0.8,0.0,0.0,0.0,0.0,0.0,0.0,0.0,0.0,0.0,0.2,0.0,0.0,0.0,0.0,0.0
940006,"Speech and action are not the same although it's true that speech can cause violence as in ""fighting words.""

That's where speech directly leads to violence such as someone inciting a crowd to burn a synagogue.",0.5,yes,10,5,165749,54,2017-02-02 19:15:59.594087+00,approved,210,36,False,0.0,0.0,0.0,0.0,0.0,0.0,0.0,0.0,0.0,0.0,0.0,0.0,0.0,0.0,0.0,0.0,0.0,0.0,0.0,0.0,0.0,0.0,0.0,0.0
374248,"Appears Anchorage is engaged in TWO simultaneous contests:

1.  Financially taking on Detroit.

2.  Criminally taking on Chicago.",0.0,no,4,0,140593,21,2016-07-03 22:53:23.089017+00,approved,129,18,False,0.0,0.0,0.0,0.0,0.0,0.0,0.0,0.0,0.0,0.0,0.0,0.0,0.0,0.0,0.0,0.0,0.0,0.0,0.0,0.0,0.0,0.0,0.0,0.0
1043526,The whole ridiculousness of Transgender Sex is obviously here!,0.8777292576419214,yes,229,201,314919,55,2017-02-25 06:12:53.456111+00,approved,62,9,True,0.0,0.0,1.0,0.0,0.0,0.0,0.0,0.0,0.0,0.0,0.0,0.0,0.0,0.0,0.0,0.0,0.0,0.0,0.0,0.0,0.0,0.0,0.0,0.0
5812139,"IMO.  This man, with deep criminal ties in the Oregon cannabis community, falsely represented the will of OMMP Growers to line his pockets with a piece of the Recreational marijuana market this past session.  He made sure he was thee only one representing OMMP Patients in the hearing rooms, discrediting other Grower and Patient activists/advocates with the legislature.  Little did Anthony Taylor's dedicated OMMP Patient followers know, was that he was assisting the Recreational marijuana market transition medical marijuana Patients into consumers for capitalism knowing full well that the majority of OMMP Patients can not afford their medicine at Consumer prices.  What a con and crook.  

It is concerning to me as a citizen of Oregon to have this man, a shining example of the adjusted marijuana criminal element in the OSP Report, continuing to haunt the halls of our Capitol.  Or, to have him or his org's recommendations considered by the Governor for the Oregon Cannabis Commission.",0.5,yes,10,5,368557,13,2017-08-21 16:16:34.664532+00,approved,995,158,True,1.0,0.0,0.0,0.0,0.0,0.0,0.0,0.0,0.0,0.0,0.0,0.0,0.0,0.0,0.0,0.0,0.0,0.0,0.0,0.0,0.0,0.0,0.0,0.0
1001209,"You know, that's exactly what Americans used to say about all of those awful Irish and Italian immigrants.  so terribly loud, and such drunks.  And then those Italians, yelling in that foreign language.  Heaven knew that none of them would ever become real Americans.  
And, then there were the Easter Europeans ... And after WWII, the DPs came -- all of them, ungrateful people, talking in even more foreign languages.  And then those Eastern =rite Catholics.  Some of them had married priests!  The scandal of it all.  Luckily, the RC bishops put them in their place ......
And I could go on.....
It's amazing, the people coming are from different countries, speaking different languages, with different customs, yet the response of some Americans remains constant.",0.0,no,4,0,168386,53,2017-02-16 03:31:18.179705+00,approved,767,125,True,0.0,0.0,0.0,0.0,0.0,0.0,0.0,0.0,0.6,0.0,0.0,0.0,0.0,0.0,0.3,0.0,0.0,0.0,0.0,0.4,0.0,0.0,0.0,0.0
659479,"Bublis, here is the wrong track - conservatives who talk smaller government and then, invade a woman's vagina, conservatives who claim they are not lawyers and therefor do not know what sexual assault or rape is, conservatives who do not represent all of the people in their state, conservatives that do not compromise and think this is a badge of honor, conservatives that think their God deserves a seat at the table even though their God does not pay any of the bills, conservatives who love war but do not send their own kids and do not give an answers as to what a win would actually look like. The list goes on and on but the current conservative movement is not just on the wrong track, its on the wrong side of the planet.",0.5,yes,10,5,154390,21,2016-12-04 16:25:08.604444+00,approved,730,135,True,0.2,0.8,0.0,0.0,0.0,0.0,0.0,0.2,0.0,0.0,0.0,0.0,0.0,0.0,0.0,0.0,0.0,0.0,0.0,0.0,0.0,0.0,0.0,0.0
695759,"Ignorance is bliss if you are white. You don't even know that white people invented the race card when they decided to be white rather than human. That allowed them to build the nation on race based slavery and ethnic cleansing. Heck, being considered innocent until proven guilty is a white privilege. If it applied to all of us there would not be racial profiling. BTW, Trump and his minions love racial profiling as long as it is not used on white men. No matter that most cops are killed by white men.",0.6,yes,10,6,155699,13,2016-12-12 01:33:21.613072+00,approved,505,93,True,1.0,0.0,0.0,0.0,0.0,0.0,0.0,0.0,0.0,0.0,0.0,0.0,0.0,0.0,0.0,0.0,1.0,0.0,0.0,0.0,0.0,0.0,0.0,0.0
5850464,"A multi-racial coalition of faith, student and community activists announced Saturday that they plan to march from Charlottesville, Virginia, to the nation’s capital in response what they called President Donald Trump’s failure to confront the white supremacy on display at a violent rally in the Virginia city earlier this month.
The 10-day march will begin Monday and is expected to stop at Confederate monuments along the route.
Organizers say white supremacist violence, rhetoric and policies have intensified since Trump’s 2016 presidential campaign and must be confronted.",0.1666666666666666,no,6,1,370737,21,2017-08-27 17:54:03.181438+00,rejected,578,86,True,0.1,0.0,0.0,0.0,0.0,0.0,0.0,0.0,0.0,0.0,0.0,0.0,0.0,0.0,0.1,0.0,0.7,0.0,0.0,0.0,0.0,0.0,0.0,0.0
5396890,"As an agnostic, your Christianity cant does nothing for me.  Try that hook on someone else.

Wizards in expensive robes paid for by the gullible who turn crackers into flesh and wine into blood are for other people.  It is total nonsense as far as I'm concerned.

Your people, on the other hand, were selling each other to Arabs long before those Europeans even managed to find West Africa!",0.7,yes,10,7,342984,13,2017-06-11 18:33:37.519144+00,approved,390,69,True,0.0,0.0,0.0,0.0,0.0,0.0,0.0,0.0,1.0,0.0,0.0,0.0,0.0,0.0,0.1,0.1,0.0,0.0,0.0,0.2,0.0,0.0,0.0,0.0
7095704,"How is it an ""attack on women""?

Do MEN not have faces?

Do MEN not ALSO get ""face-lifts"" as well?

Call it ""Plastic-surgery Shaming"" or whatever but PLEASE stop with these ridiculously transparent attempts to pit women against Trump.

It's hypocritical but even worse... It's just pathetic.",0.7,yes,10,7,350002,105,2017-07-02 19:01:48.442698+00,approved,291,47,True,1.0,0.75,0.0,0.0,0.0,0.0,0.0,0.0,0.0,0.0,0.0,0.0,0.0,0.0,0.0,0.0,0.0,0.0,0.0,0.0,0.0,0.0,0.0,0.0
711502,Hopefully you're being sarcastic...,0.0,no,4,0,156477,53,2016-12-15 01:12:15.338394+00,approved,35,4,False,0.0,0.0,0.0,0.0,0.0,0.0,0.0,0.0,0.0,0.0,0.0,0.0,0.0,0.0,0.0,0.0,0.0,0.0,0.0,0.0,0.0,0.0,0.0,0.0
5723657,"Yet another matter where Saudi Arabia and Israel see eye-to-eye.

In my opinion, to be a worthy news outlet you must be willing to make enemies on all sides.",0.0,no,4,0,363544,54,2017-08-06 19:27:52.935917+00,approved,157,29,False,0.0,0.0,0.0,0.0,0.0,0.0,0.0,0.0,0.0,0.0,0.0,0.0,0.0,0.0,0.0,0.0,0.0,0.2,0.0,0.1,0.0,0.0,0.0,0.0
5637239,It's got to be a tough job speaking for someone who changes their tune more frequently than their underwear and tweets like they have tourette' like impulse control issues.,0.2,no,10,2,357884,21,2017-07-22 01:22:14.274382+00,approved,172,29,False,0.0,0.0,0.0,0.0,0.0,0.0,0.0,0.0,0.0,0.0,0.0,0.0,0.0,0.0,0.0,0.0,0.0,0.0,0.0,0.0,0.0,0.0,0.0,0.0
5715325,"That greedy b***ch is after that 332 million dollar budget people. She TOOK office, she never EARNED it. Now she wants your gun rights.",0.5769230769230769,yes,52,30,323158,13,2017-08-04 18:20:35.379586+00,rejected,135,24,False,0.0,0.0,0.0,0.0,0.0,0.0,0.0,0.0,0.0,0.0,0.0,0.0,0.0,0.0,0.0,0.0,0.0,0.0,0.0,0.0,0.0,0.0,0.0,0.0
5053756,"""MANDATORY celibacy is not working.""

I quite agree. The priests in question were just too celibate. If they had only had the good sense to reject celibacy, none of this would have happened.",0.0,no,4,0,318243,53,2017-03-25 14:23:32.943107+00,approved,190,33,False,0.0,0.0,0.0,0.0,0.0,0.0,0.0,0.0,0.1666666666666666,0.0,0.0,0.0,0.0,0.0,0.0,0.0,0.0,0.0,0.0,0.0,0.0,0.0,0.0,0.0
6258940,"Thank you, Mike, for this beautiful, inspiring, and tender slice of your life.  If we look, we will find the kindness overwhelming the brutality.  Just the other day we watched nature changing clothes while we marveled at leaves turning brilliant red, burnt orange, and soft yellow along the bluffs of the Mississippi River.  We stopped for lunch and when I asked for the check, the smiling waitress said it was taken care of.  I looked around the crowded riverfront restaurant and saw no one I recognized.  The kindness was passed to us.  So... pass it on!",0.0,no,4,0,395330,53,2017-10-31 16:12:27.291707+00,approved,557,96,False,0.0,0.2,0.0,0.0,0.0,0.0,0.0,0.0,0.0,0.0,0.0,0.0,0.0,0.0,0.0,0.0,0.0,0.0,0.0,0.0,0.0,0.0,0.0,0.0
7120987,"Re: ""The USA has the right to prevent the spread of Islam in it's territory.""

NO, actually, it doesn't. Their Constitution promises EVERYONE the right to believe as they choose. And, it also forbids Congress from passing ANY laws ""respecting of religion.

Please stop spreading mis-/dis-information.

Re: ""As for Graham visiting Vancouver, who cares?""

People who care about spreading hate in the name of religion seem to ""care"" - a LOT!",0.2,no,10,2,316502,54,2017-03-03 16:21:32.718623+00,approved,438,71,True,0.0,0.0,0.0,0.0,0.0,0.0,0.0,0.0,0.0,0.0,0.8333333333333333,0.0,0.0,0.0,0.0,0.0,0.0,0.0,0.0,0.0,0.0,0.0,0.0,0.0
5862598,"You can believe whatever you want.  Most people do believe what makes them comfortable.  And some women choose not to carry Downs babies to term.  There are 2 points to the article referenced, neither of which has anything to do with parasites or the right to an abortion.

1. There is inaccurate information being given to parents whose fetus is identified as Downs as to prognosis.  Telling people to make a decision based on false information is unconscionable.

2. Killing off fetuses with Downs syndrome is not eliminating Downs syndrome, it's eliminating fetuses with Downs syndrome. There is a difference. This is not some great medical breakthrough that ""eliminates Downs"". It is not remotely analogous to vaccines eliminating communicable diseases.",0.1666666666666666,no,6,1,371687,102,2017-08-29 17:21:24.739740+00,approved,757,120,True,0.0,0.7,0.0,0.0,0.0,0.0,0.0,0.0,0.0,0.0,0.0,0.0,0.0,0.0,0.0,0.0,0.0,0.0,0.0,0.0,0.1,0.2,0.2,0.1
519678,"Now we're saying that Trump used his fame to force himself on women? How did we extrapolate that out of what he said. Seems to me his fame is what made women WILLING. So the women's morals are just as questionable as his. But wait, what is immoral about consensual sex or groping? And if you're going to say adultery is immoral, well, last statistics I read 66% of married men are unfaithful. So let's all just calm down a bit, why don't we. Ridiculous.",0.5,yes,10,5,148115,21,2016-10-10 18:36:36.852576+00,approved,453,85,True,0.25,1.0,0.0,0.0,0.0,0.0,0.0,0.0,0.0,0.0,0.0,0.0,0.0,0.0,0.0,0.0,0.0,0.0,0.0,0.0,0.0,0.0,0.0,0.0
351797,"Ummmm, in light of recent events, the struggle is still very real for the Queer community ESPECIALLY Queer folks of color and trans women of color. Keeping our spaces safe from assholes like you who don't think safety is a priority for queer people must definitely be written about.  Please sit down and shut the fuck up.",0.8125,yes,80,65,138848,6,2016-06-15 20:40:30.160708+00,approved,321,57,True,0.0,0.8333333333333333,0.1666666666666666,0.0,0.0,0.1666666666666666,0.0,0.0,0.0,0.0,0.0,0.0,0.0,0.0,0.0,0.0,0.0,0.0,0.0,0.0,0.0,0.0,0.0,0.1666666666666666
5213582,"Correction: he holds the post of Associate Professor, not Senior Lecturer.  Check the Wits University website.",0.0,no,4,0,331873,100,2017-05-04 12:13:07.881130+00,approved,110,16,False,0.0,0.0,0.0,0.0,0.0,0.0,0.0,0.0,0.0,0.0,0.0,0.0,0.0,0.0,0.0,0.0,0.0,0.0,0.0,0.0,0.0,0.0,0.0,0.0
5478697,"I agree there's a serious problem with trolls and spammers, but I don't think Civil Comments is the anwer. It's distracting and annoying to have to read and judge material I'm not interested in just so I can comment on the subject at hand. What does the New York Times do? Their comments are civil and don't require pausing to read unrelated material.",0.0,no,4,0,336808,102,2017-06-26 15:47:44.578125+00,approved,351,63,False,0.0,0.0,0.0,0.0,0.0,0.0,0.0,0.0,0.0,0.0,0.0,0.0,0.0,0.0,0.0,0.0,0.0,0.0,0.0,0.0,0.0,0.0,0.0,0.0
5742669,"Try getting a drafting job today without a college degree. I think you can teach just about anything on the job, but employers have so many people vying for the same job they can be very picky. Too bad this legislation didn't work on some laws that actually help their constituents. So much fluff, no substance.",0.0,no,4,0,363995,102,2017-08-10 03:34:09.637704+00,approved,311,56,False,0.0,0.0,0.0,0.0,0.0,0.0,0.0,0.0,0.0,0.0,0.0,0.0,0.0,0.0,0.0,0.0,0.0,0.0,0.0,0.0,0.0,0.0,0.0,0.0
325484,"You go Girl! Sen Giessel is my Sen by way of gerrymandering I recieved her ususal update on for the days happenings. For the first day of the special session her explanation was that it was the GOVERNORS fault for adding things! I am not making this up, never mind all the time wasted on Guns on campus and daylight savings and what not. It was eerly similar to the piece by Sen Meyer, nothing is my fault. Is there an adult in the lot?Can they take repsponsibility for any thing?It is very clear by her news letter that Sen Giessel thinks we should spend our revenue on BP and not schools or healthcare, as her boss I disagree.",0.0,no,4,0,125125,21,2016-05-24 16:57:13.009290+00,approved,628,119,False,0.0,0.0,0.0,0.0,0.0,0.0,0.0,0.0,0.0,0.0,0.0,0.0,0.0,0.0,0.0,0.0,0.0,0.0,0.0,0.0,0.0,0.0,0.0,0.0
5721362,This is obviously a misunderstanding. Don't the Troopers know these musk ox willingly offered themselves to these guys?,0.1428571428571428,no,7,1,363205,21,2017-08-06 02:02:25.764972+00,approved,119,18,False,0.1666666666666666,0.0,0.0,0.0,0.0,0.0,0.0,0.0,0.0,0.0,0.0,0.0,0.0,0.0,0.0,0.0,0.0,0.0,0.0,0.0,0.0,0.0,0.0,0.0
5191660,and he really needs to stop supporting IPP's.,0.0,no,4,0,330058,54,2017-04-28 19:15:48.564877+00,approved,45,8,False,0.0,0.0,0.0,0.0,0.0,0.0,0.0,0.0,0.0,0.0,0.0,0.0,0.0,0.0,0.0,0.0,0.0,0.0,0.0,0.0,0.0,0.0,0.0,0.0
6197809,"Unreliable!.  Overrated!!.  Premium scrapola!!!

Hurry up and get rid of it b4 the warranty expires. You will be very sorry if you don't.

--",0.3,no,10,3,390259,54,2017-10-22 00:58:21.394872+00,approved,141,24,False,0.0,0.0,0.0,0.0,0.0,0.0,0.0,0.0,0.0,0.0,0.0,0.0,0.0,0.0,0.0,0.0,0.0,0.0,0.0,0.0,0.0,0.0,0.0,0.0
5870639,Anyone that touch any underage girl is scum in my book. Yes i have been in prison. Even but not for sick sexual crimes.mine was drugs but anyways these guys have it bad in prison. They are the bottom of the totem pole in a place filled with evil and physically strong people. Unless they get sent to Fremont because Fremont is 99 percent sex offenders and 1 percent out of state holds.,0.618421052631579,yes,76,47,372434,102,2017-08-30 22:12:57.462413+00,approved,385,73,True,0.0,0.7,0.0,0.0,0.0,0.0,0.0,0.0,0.0,0.0,0.0,0.0,0.0,0.0,0.0,0.0,0.0,0.0,0.0,0.0,0.0,0.0,0.0,0.0
1082724,Then those 2/3 can pay leave me the hell out....I'm not paying for idiot stupidity.,0.828125,yes,64,53,316674,54,2017-03-06 02:51:50.093069+00,approved,83,15,False,0.0,0.0,0.0,0.0,0.0,0.0,0.0,0.0,0.0,0.0,0.0,0.0,0.0,0.0,0.0,0.0,0.0,0.0,0.0,0.0,0.0,0.0,0.0,0.0
5167078,I will not invite Ike into the ladies room where he would be chased out and probably a cop called in.  I'll suggest he use the men's where no one will know the difference.,0.0,no,4,0,328935,21,2017-04-23 04:13:40.612193+00,approved,171,34,True,0.8,0.2,0.0,0.0,0.0,0.0,0.0,0.0,0.0,0.0,0.0,0.0,0.0,0.0,0.0,0.0,0.0,0.0,0.0,0.0,0.0,0.0,0.0,0.0
5761232,"""Anyone blaming this on whites...""

Um, what?

As I look at photos in the Virginia town of the violent terrorists and their Nazi-like military gear, I do not see any Japanese or Chinese or Indian or black folks amongst them.

So I guess I think it is okay to blame the problem there on certain white folks...",0.8333333333333333,yes,6,5,366111,54,2017-08-13 19:15:06.426481+00,approved,308,57,True,0.0,0.0,0.0,0.0,0.0,0.0,0.0,0.0,0.0,0.0,0.0,0.0,0.0,0.0,0.0,1.0,1.0,0.75,0.0,0.0,0.0,0.0,0.0,0.0
304533,"I think what he actually said Bob is, ""I don't want you in my daughters bathroom"". The fact that you are attempting to force yourself on my daughter's privacy will not help the LGBT communities effort to gain acceptance. It will in fact polarize the two sides. If you don't agree, look at your reply to Jay's comment.",0.0,no,4,0,97311,21,2016-05-05 15:49:37.230832+00,approved,317,58,False,0.0,0.2,0.2,0.0,0.0,0.4,0.2,0.0,0.0,0.0,0.0,0.0,0.0,0.0,0.0,0.0,0.0,0.0,0.0,0.0,0.0,0.0,0.0,0.0
5597269,"Its time to kick them out of investing in Canada. We are being over run by Asians and they are like cancer, over taking communities pushing people out. We are adapting to their culture -they are not attempting to adapt to Canadas. People will call me a racist but is it racism to want the culture you grew up in to remain as it was.",0.5,yes,10,5,355569,54,2017-07-15 11:23:29.212777+00,rejected,332,65,True,0.0,0.0,0.0,0.0,0.0,0.0,0.0,0.0,0.0,0.0,0.0,0.0,0.0,0.0,0.0,0.0,0.0,1.0,0.0,0.25,0.0,0.0,0.0,0.0
839412,"You post is so ignorant, yet funny to analyze:

Reform Haters - it is obvious that you are the Reform Hater, despite of the ignorant effort to convey the opposite (you and your partisan ilk being hated by Reform haters).

If the Reform Conservatives were voted in power, obviously there will be people 'wanting' that Canada.

Infantile logic combined with blinding partisanship.",0.6461538461538462,yes,65,42,161903,54,2017-01-14 16:20:13.347486+00,approved,378,62,False,0.0,0.0,0.0,0.0,0.0,0.0,0.0,0.0,0.0,0.0,0.0,0.0,0.0,0.0,0.0,0.0,0.0,0.0,0.0,0.0,0.0,0.0,0.0,0.0
1038310,They mentioned what kind of a police officer would do something like that but what about what kind of kid would attack a police officer.  All I can say is good thing the kids weren't black all hell would have broke loose.,0.0,no,4,0,314551,55,2017-02-24 07:36:48.769336+00,approved,221,42,True,0.0,0.0,0.0,0.0,0.0,0.0,0.0,0.0,0.0,0.0,0.0,0.0,0.0,0.0,0.0,1.0,0.0,0.0,0.0,0.0,0.0,0.0,0.0,0.0
5630734,"How about a ""dumb idea"" tax?
This post should taxable then.",0.5,yes,10,5,357606,102,2017-07-20 23:21:55.824310+00,approved,59,11,False,0.0,0.0,0.0,0.0,0.0,0.0,0.0,0.0,0.0,0.0,0.0,0.0,0.0,0.0,0.0,0.0,0.0,0.0,0.0,0.0,0.0,0.0,0.0,0.0
460714,"This Muslim says ""WTG El-Papa.""  Wholeheartedly agree.  Heard her speak one time in which she said, ""You girls, please don't kill your babies--give them to me.""  Wept until my beard was met because it was clear to me and everyone present that she meant every word she said.  I won't pray to her, as I only pray to God, but I certainly have no problem revering her as a saint.  A MUCH better choice than some of the Church's earlier picks.",0.5,yes,10,5,145256,21,2016-09-04 21:35:15.500847+00,approved,438,81,True,0.0,0.7,0.0,0.0,0.0,0.0,0.0,0.0,0.4,0.0,0.9,0.0,0.0,0.0,0.0,0.0,0.0,0.0,0.0,0.0,0.0,0.0,0.0,0.0
7075468,"This is about mass murder.

It's not about what a lawyer said on T.V.

You could care less how many people died or were injured. This is your time to shine. It's the liberals fault, right?

I wonder if instead of a old white male mass murderer, have it be a black dude or any color really. I bet you'll stay on subject then because that's your M.O. On display everyday, all day. So much so that you have to be getting paid. That or one extremely motivated useful idiot for the Russians.

When nobody responds to you. You spam the thread. Especially Sid's column. You spam that shamelessly. Well over 40% of 160 comments, probably closer to 50%.

Troll",0.5925925925925926,yes,81,48,384837,66,2017-10-03 20:18:03.393912+00,approved,651,120,True,1.0,0.0,0.0,0.0,0.0,0.0,0.0,0.0,0.0,0.0,0.0,0.0,0.0,0.0,0.0,0.75,1.0,0.0,0.0,0.0,0.0,0.0,0.0,0.0
5455169,"You threatened to kill people when  you made this statement. ""Except maybe criminals who have to consider whether their next victim is packing heat. Which by the way, I don't. Probably."" Too many of you white folks refuse to take responsibility for your choices. I consider the GOP, in the 21st century, to be little more than a white identity death cult. You love being white and armed more than being human beings or Americans. You have made it clear that you have no problem taking a human life. Do you support the state sponsored killing of unarmed black people? BTW, you didn't respond to my comments about the Vietnam war. Are you not brave?",0.5,yes,10,5,346337,13,2017-06-21 22:48:35.748303+00,approved,647,115,True,0.0,0.0,0.0,0.0,0.0,0.0,0.0,0.0,0.0,0.0,0.0,0.0,0.0,0.0,0.0,0.75,1.0,0.0,0.0,0.25,0.0,0.0,0.0,0.0
5108353,Loser!,0.8421052631578947,yes,38,32,325192,54,2017-04-08 01:00:11.418879+00,rejected,6,1,False,0.0,0.0,0.0,0.0,0.0,0.0,0.0,0.0,0.0,0.0,0.0,0.0,0.0,0.0,0.0,0.0,0.0,0.0,0.0,0.0,0.0,0.0,0.0,0.0
5507308,"Virtually every rail system in the country is failing due to high costs of operation, falling ridership, and unfunded maintenance costs. The costs of expansion of rail is huge. How can you expect to support this system knowing the poor track record thus far of its management? No this will not improve anyone's quality of life now or in the future. I am a supporter of public transit, but it has to be smart transit. Fixed guideway systems are never the answer, especially with the limited customer base we have here.",0.0,no,4,0,350277,22,2017-06-30 21:25:29.651913+00,approved,517,91,False,0.0,0.0,0.0,0.0,0.0,0.0,0.0,0.0,0.0,0.0,0.0,0.0,0.0,0.0,0.0,0.0,0.0,0.0,0.0,0.0,0.0,0.0,0.0,0.0
5419212,"Of course you do have plenty of goodness/Godliness within you Amy. We all arrive in this universe with the divine spark of love ignited within the stillness of our tiny hearts and as human beings we are called to focus on it, nurture it and see the spark become a brilliant light where your very presence exudes all that is good and pure. Have you ever noticed how truly actualised individuals glow? This comes as a result of spiritual enlightenment which allows them to become fluent in a higher universal language, that of Divine Love. No one can argue that all babies are born with the goodness of the universe in their hearts. After only four weeks in the womb a foetus has a tiny heartbeat, isn’t it astounding that precisely how this happens; none of the world’s greatest men or women can begin to explain? Peace be with you Amy, you are wonderful!",0.0,no,4,0,343582,100,2017-06-15 09:42:26.772186+00,approved,854,154,True,0.3,0.6,0.0,0.0,0.0,0.0,0.0,0.0,0.1,0.0,0.0,0.0,0.0,0.0,0.0,0.0,0.0,0.0,0.0,0.0,0.0,0.0,0.0,0.0
6294784,"I beg to differ. As they say, the guy who holds the church door open for you is just as likely to give you the finger after church in traffic.  Plenty of hypocrites go to church.",1.0,yes,10,10,397385,102,2017-11-05 20:18:07.426025+00,approved,178,36,False,0.3,0.0,0.0,0.0,0.0,0.0,0.0,0.0,0.3,0.0,0.0,0.0,0.0,0.0,0.0,0.0,0.0,0.0,0.0,0.0,0.0,0.0,0.0,0.0
5522484,"Anytime I see the title ""Christian"" attached to some political group,I am reminded of the Kristian Knights of the Ku Klux Klan.Attaching Christian to anything is a warning and Bible believers should take heed.Just because I sit in a garage for two months doesn't make me a car.",0.1666666666666666,no,6,1,351373,105,2017-07-03 21:22:03.324356+00,approved,277,48,True,0.1666666666666666,0.0,0.0,0.0,0.0,0.0,0.0,0.0,1.0,0.0,0.0,0.0,0.0,0.0,0.0,0.0,0.0,0.0,0.0,0.0,0.0,0.0,0.0,0.0
7001598,"We are, all of us, more than thrilled you stayed home.",0.0,no,6,0,328969,21,2017-04-23 02:25:43.370866+00,approved,54,11,False,0.0,0.0,0.0,0.0,0.0,0.0,0.0,0.0,0.0,0.0,0.0,0.0,0.0,0.0,0.0,0.0,0.0,0.0,0.0,0.0,0.0,0.0,0.0,0.0
5203056,"Aloha, Natalie, The ideal is to treat the correction with the same prominence as the error. With newspapers, those corrections usually run inside the front section (even if the error occurred on the front page), but at least they are in a consistent spot. And some publications, such as The New York Times, will correct errors even decades later. With ephemeral media, such as broadcast TV or radio, the challenge is to find the equivalent space. Some stations work in a progressive mode, where the latest information is the most correct (even if older information was not so, and they don't make note of those errors); those with higher ethical standards actually will announce the error and correct it, at least once (but usually not as many times as they made the original mistake). ...",0.0,no,4,0,331035,22,2017-05-02 00:46:38.373038+00,approved,789,135,False,0.0,0.0,0.0,0.0,0.0,0.0,0.0,0.0,0.0,0.0,0.0,0.0,0.0,0.0,0.0,0.0,0.0,0.0,0.0,0.0,0.0,0.0,0.0,0.0
5090166,Was it those Asians again? Damn toxic masculinity.,0.8701298701298702,yes,77,67,324352,13,2017-04-04 08:15:45.231429+00,approved,50,8,True,0.7,0.1,0.0,0.0,0.0,0.0,0.0,0.0,0.0,0.0,0.0,0.0,0.0,0.0,0.0,0.0,0.0,1.0,0.0,0.0,0.0,0.0,0.0,0.0
5727576,"People have a right to self-definition, as do gender groups. There is no Bro Code (and the actor whose role invented it is gay).",0.5,yes,10,5,362275,53,2017-08-07 18:34:15.938296+00,approved,128,24,True,0.0,0.0,0.0,0.0,0.0,1.0,0.0,0.0,0.0,0.0,0.0,0.0,0.0,0.0,0.0,0.0,0.0,0.0,0.0,0.0,0.0,0.0,0.0,0.0
553347,"I think this did the best job of explaining the history of evangelicals and politics that I've ever seen. And funny, really funny to boot. Trust me, you want to watch this. 
https://youtu.be/Yz4AmUaLbUQ",0.0,no,4,0,149607,21,2016-10-26 04:34:28.475537+00,approved,202,33,False,0.0,0.0,0.0,0.0,0.0,0.0,0.0,0.0,0.0,0.0,0.0,0.0,0.0,0.0,0.0,0.0,0.0,0.0,0.0,0.0,0.0,0.0,0.0,0.0
5580978,"There has been nothing that has ever been in place that prevented aboriginals from setting up its own inquiry or commission.If our structure is seen as too colonial and not fulfilling their needs, then by all means they should strike out on there own and hold their own inquiry. Certainly the many communities or reserves where the violence has occurred or where women have disappeared from, have a responsibility to its residents to get involved. If this was to happen, the first thing would be to inform everyone involved what the goals are, and what they can and can not do. It would seem at this juncture that there is confusion about the current commission mandate. The government could then play a supporting role and only get involved when asked. It should also be made clear from the out set, that there are not unlimited funds for this, and there needs to be oversight on any funds that the government delivers.",0.0,no,4,0,354594,54,2017-07-12 21:29:28.328437+00,approved,920,161,True,0.0,0.8,0.0,0.0,0.0,0.0,0.0,0.0,0.0,0.0,0.0,0.0,0.0,0.0,0.0,0.0,0.0,0.0,0.0,0.0,0.0,0.0,0.0,0.0
5504255,"It's not necessary and that wood look is ridiculous - not in keeping with the modern swooping tent and metal design at all.  Sure make some adjustments and upgrades here and there but a total redo is a waste of money.  Moving TSA to the 5th floor is stupid - I thought they would move one TSA in the basement near the train terminus and let people go directly into the train tunnel waiting area instead of having to go upstairs (assuming no checked bags).  NO ONE is going to go ""shopping"" after passing thru security - people are naturally programmed to head straight to their gates.  I do, everyone does.  Get a grip.  ps:  people love the bridge TSA on ""A"" but of course these fools want to close that.  Geez",0.5,yes,10,5,349457,102,2017-06-30 13:55:37.241229+00,approved,711,132,False,0.0,0.0,0.0,0.0,0.0,0.0,0.0,0.0,0.0,0.0,0.0,0.0,0.0,0.0,0.25,0.0,0.0,0.0,0.0,0.0,0.0,0.0,0.0,0.0
5952478,"As I've noted here before, in the Eastern Syrian Rite of Addai and Mari, still used today by some churches in communion with Rome, the anaphora (Eucharistic Prayer) does not include the so-called words of institution. This seems to be clear evidence that there was substantial diversity in the liturgy as it developed, and that diversity in liturgy was not conisdered fatal to its authenticity.",0.0,no,4,0,377657,53,2017-09-14 14:33:35.702095+00,approved,394,65,False,0.0,0.0,0.0,0.0,0.0,0.0,0.0,0.0,0.3,0.0,0.0,0.0,0.0,0.0,0.0,0.0,0.0,0.0,0.0,0.0,0.0,0.0,0.0,0.0
622897,"Yes, she is ""very tenured"" and has been a full Professor for some 35 years at the University of Oregon. She's right at the apex of the law school.
 As far as blackface and other racial stereotyping I hope now, with this incident, most people will understand it's not ""funny"" and is likely to upset other people even if not intended.  With the racial tensions at the university this year common sense would suggest you avoid it except in very special circumstances..

However, dressed as a ""commando"" I don't think anyone would accuse you of wearing  racist ""blackface"" as you were impersonating a standard military technique rather than an actual African-American.
This is in contrast to our Professor who, in her lawyerish apology admitted only to wearing ""black makeup"", not the socially explosive ""blackface"" others saw.",0.3,no,10,3,152639,13,2016-11-23 19:16:40.207612+00,approved,823,136,True,0.0,0.0,0.0,0.0,0.0,0.0,0.0,0.0,0.0,0.0,0.0,0.0,0.0,0.0,0.0,0.8333333333333333,0.0,0.0,0.0,0.0,0.0,0.0,0.0,0.0
5923432,"What bunch of self-serving nonsensical elitist drivel.

Crooked Hillary and her ""squad"" were women, and represented the absolute worst in ethics, competence and ability.  In that election, the best person won: Donald J. Trump. 

Trudeau and his feminist gang are eager and happy to sell weapons to Saudi Arabia which treats women as tenth-class citizens.  Check out Trudeau & co.'s ghastly record on Indigenous women.

As for Macron, he is well on his way to being the most unpopular leader in French history.

The world doesn't need more women in politics. That's just empty identity politics.  The world needs more competent people like Donald J. Trump. 

And how about a round of applause for the great Kellyanne Conway?  The first woman to ever run a successful presidential campaign.",0.5,yes,10,5,375645,54,2017-09-09 01:35:19.807427+00,approved,788,128,True,0.0,1.0,0.0,0.0,0.0,0.0,0.0,0.0,0.0,0.0,0.0,0.0,0.0,0.0,0.0,0.0,0.0,0.0,0.0,0.0,0.0,0.0,0.0,0.0
5267071,"I agree, but the question is whether the love of God is the source or the goal of each and every action. The creation and incarnation happened. The love of God has been displayed and given irrevocably. This is our faith.  The question is whether we believe strong enough to act accordingly in our relationships with one another (and with the whole world), or not.  If we can, we will discover God in the face of the other that makes me I, in everything we do. This is what Ignatius of Loyola describes as ""contemplation in action"". 

In other words, when I am changing a baby, or looking after a sick, or building a bridge, I am not thinking about the mysteries of God. I am intently focused on what I am doing. But, if I do what I do by being motivated by the love of God, I will discover God in everything I do. This is the greatest glorification of God (I do not 'give"" or 'provide' glory to God, I recognise God's glory.",0.0,no,4,0,335219,53,2017-05-17 13:42:55.677481+00,approved,924,176,True,0.0,0.0,0.0,0.0,0.0,0.0,0.0,0.0,0.6,0.0,0.0,0.0,0.0,0.0,0.0,0.0,0.0,0.0,0.0,0.0,0.0,0.0,0.0,0.0
467107,"hodad
 and hodaddy (ˈhodæd(i))

1.  n. someone, usually a male, who poses (badly) as a surfer. (California. Possibly a blend of ho = whore and dad(dy) = male.) Who’s that hodaddy with the crumby looking board?  

2.  n. an obnoxious person; a repellent person. (California.) Ted is a total hodad.",0.5375,yes,80,43,145580,21,2016-09-09 16:25:20.911146+00,approved,296,50,True,1.0,0.0,0.0,0.0,0.0,0.0,0.0,0.0,0.0,0.0,0.0,0.0,0.0,0.0,0.0,0.0,0.0,0.0,0.0,0.0,0.0,0.0,0.0,0.0
525908,Changing diapers does not qualify as groping.,0.0,no,4,0,148385,21,2016-10-13 16:03:09.130549+00,approved,45,7,False,0.0,0.0,0.0,0.0,0.0,0.0,0.0,0.0,0.0,0.0,0.0,0.0,0.0,0.0,0.0,0.0,0.0,0.0,0.0,0.0,0.0,0.0,0.0,0.0
577574,"All this fuss is about hearsay, which is not the truth. This is truth: I would guess some people make a big fuss about white men in America taking top honors (crime statistics and law enforcement reports) for being primary child sex perpetrators and child killers of their prey. So get off your high horses and look at reality, not hearsay.",0.6,yes,10,6,150537,21,2016-11-05 03:40:14.510985+00,approved,340,61,True,1.0,0.0,0.0,0.0,0.0,0.0,0.0,0.0,0.0,0.0,0.0,0.0,0.0,0.0,0.0,0.0,1.0,0.0,0.0,0.0,0.0,0.0,0.0,0.0
528696,"A Christian cannot vote for Clinton for no other reason than she is actively promoting abortion and wants to withdraw the rights of religious groups to opt out of funding these. Abortion is evil, so then there is no rational way for a Christian voter, true to his faith, to vote for her. 

Planned Parenthood has called Clinton its “champion” and implied that she could replace President Barack Obama as the most pro-abortion president in U.S. history. Clinton has promised Planned Parenthood that she would repeal the Hyde Amendment and force taxpayers to fund abortions. She also promised to nominate U.S. Supreme Court justices who will ensure that Roe v. Wade and abortion on demand up until birth (and now ""partial birth"") remain the law of the land for years to come.",0.3,no,10,3,148495,53,2016-10-14 18:29:26.585936+00,approved,773,132,True,0.0,0.0,0.0,0.0,0.0,0.0,0.0,0.0,1.0,0.0,0.0,0.0,0.0,0.0,0.0,0.0,0.0,0.0,0.0,0.0,0.0,0.0,0.0,0.0
5719466,"Keith, I get it! Your letter has been one of the best responses I have read in a while, a gentle reminder of our history.  I just noticed one of the flyers posted on the telephone pole at the end of my residential street....ignorance of our history is prolific.  I shall print up your letter and post it just below!",0.0,no,4,0,363268,73,2017-08-05 16:37:32.192568+00,approved,315,60,False,0.0,0.0,0.0,0.0,0.0,0.0,0.0,0.0,0.0,0.0,0.0,0.0,0.0,0.0,0.0,0.0,0.0,0.0,0.0,0.0,0.0,0.0,0.0,0.0
6305069,Endless excuses for failure and not catching fish to boot.,0.0,no,4,0,397741,102,2017-11-07 01:45:03.226278+00,approved,58,10,False,0.0,0.0,0.0,0.0,0.0,0.0,0.0,0.0,0.0,0.0,0.0,0.0,0.0,0.0,0.0,0.0,0.0,0.0,0.0,0.0,0.0,0.0,0.0,0.0
6235739,Segregation jokes and racial slurs. Hilarious. And you think it's welfare that drives black Americans from your party. LOL.,0.5,yes,10,5,393245,102,2017-10-27 17:53:47.744645+00,approved,123,19,True,0.0,0.0,0.0,0.0,0.0,0.0,0.0,0.0,0.0,0.0,0.0,0.0,0.0,0.0,0.0,0.8333333333333333,0.0,0.0,0.0,0.0,0.0,0.0,0.0,0.0
5266892,"The censors  are quick to delete
any post they feel is replete
with views they don’t like.
Them, they’ll savagely spike
and the mundane they’ll gleefully greet.",0.1666666666666666,no,6,1,335043,54,2017-05-17 12:58:43.933454+00,approved,160,27,False,0.0,0.0,0.0,0.0,0.0,0.0,0.0,0.0,0.0,0.0,0.0,0.0,0.0,0.0,0.0,0.0,0.0,0.0,0.0,0.0,0.0,0.0,0.0,0.0
7012318,"""Why is that, may I ask?""
Most likely for the same reason GM didn't mention the ""better deal"" proposed by Dems two days ago. Even they couldn't report such a fiasco.",0.0,no,4,0,359609,54,2017-07-26 21:27:58.395490+00,approved,165,31,False,0.0,0.0,0.0,0.0,0.0,0.0,0.0,0.0,0.0,0.0,0.0,0.0,0.0,0.0,0.0,0.0,0.0,0.0,0.0,0.0,0.0,0.0,0.0,0.0
527964,"Why not? Doesn't it show religion did not affect on his true character and behavior? I mean, it's almost as if this whole religion thing is just a bunch of pageantry built around a myth.",0.1666666666666666,no,6,1,148466,13,2016-10-14 13:47:32.256009+00,approved,186,35,False,0.0,0.0,0.0,0.0,0.0,0.0,0.0,0.0,0.0,0.0,0.0,0.0,0.0,0.0,0.0,0.0,0.0,0.0,0.0,0.0,0.0,0.0,0.0,0.0
6101197,He hated white people and the las  vegas lifestyle obviously that was the motive. He planned to make his way back to the philipines to join Islamic state.,0.4,no,10,4,386349,54,2017-10-07 14:13:20.651367+00,rejected,154,28,True,0.1,0.0,0.0,0.0,0.0,0.0,0.0,0.0,0.0,0.0,0.8,0.0,0.0,0.0,0.0,0.0,1.0,0.0,0.0,0.1,0.0,0.0,0.0,0.0
909943,"The Ford handily beat both the McLaren 675LT and the Ferrari 458 Speciale  at Calabogie, weighs about the same as the McLaren 675LT  and is lighter than the Ferrari. It is the fastest production car ever produced by Ford.

What exactly is your problem?",0.0,no,4,0,164399,54,2017-01-27 23:52:17.478392+00,approved,252,44,False,0.0,0.0,0.0,0.0,0.0,0.0,0.0,0.0,0.0,0.0,0.0,0.0,0.0,0.0,0.0,0.0,0.0,0.0,0.0,0.0,0.0,0.0,0.0,0.0
7096055,"It's always a flukwing Jew, isn't it?",0.6,yes,10,6,350775,105,2017-07-01 23:42:09.759495+00,rejected,37,7,True,0.0,0.0,0.0,0.0,0.0,0.0,0.0,0.0,0.0,1.0,0.0,0.0,0.0,0.0,0.0,0.0,0.0,0.0,0.0,0.0,0.0,0.0,0.0,0.0
916002,"Keeping your white heritage pure, right, Grand Dragon? Take the bait, c'mon, you're another ignorant pile of crap",0.918032786885246,yes,61,56,164773,21,2017-01-29 06:21:38.413892+00,rejected,113,18,True,0.0,0.0,0.0,0.0,0.0,0.0,0.0,0.0,0.0,0.0,0.0,0.0,0.0,0.0,0.0,0.0,1.0,0.0,0.0,0.0,0.0,0.0,0.0,0.0
7079454,Hillary with the glass ceiling and Collins with the broken mirrors. That is one sorry looking witch.,0.6,yes,10,6,359634,55,2017-07-26 22:07:15.567552+00,approved,100,17,False,0.0,0.0,0.0,0.0,0.0,0.0,0.0,0.0,0.0,0.0,0.0,0.0,0.0,0.0,0.0,0.0,0.0,0.0,0.0,0.0,0.0,0.0,0.0,0.0
5448638,"your a fKING ahole, take a hike and die you commy chinese fk,,, god you losers are another evil in the world,",0.7142857142857143,yes,70,50,346179,54,2017-06-20 21:51:59.938915+00,rejected,109,22,False,0.0,0.0,0.0,0.0,0.0,0.0,0.0,0.0,0.0,0.0,0.0,0.0,0.0,0.0,0.0,0.0,0.0,0.2,0.0,0.0,0.0,0.0,0.0,0.0
6149729,"Excellent question !
 I extend the same to all the women (and men) who hero wordhip Bill Clinton and who ""made it ok"" for him to be revered worldwide. The ""feminists"" and pink hats who marched against Trump, but honor Bill as a ""senior statesman"" and would put him back in the WH?
Hillary and her people who blamed the women (victims) who tried to speak out but who were called ""trailer park trash"" and ""looney tunes"", how about them ?  
Some of you older folks may remember back in the 50's and 60's how females were talked about and treated during high school. If you happened to be from the wrong side of the tracks or wrong color you were a ""bad girl, a slut"", fair game for jocks in locker rooms. Sluts/tramps  had it ""coming to them"". Get them drunk and they ""pull a train"" for the team. 
While Trump said or bragged about doing some really nasty things, he was able to be elected because Bill got away with it. We gave Bill Clinton a pass, just as Hollywood has given Roman Polanski awards.",0.5,yes,10,5,389232,21,2017-10-15 06:41:42.875009+00,approved,997,187,True,0.8,0.8,0.0,0.0,0.0,0.0,0.0,0.0,0.0,0.0,0.0,0.0,0.0,0.0,0.0,0.0,0.0,0.0,0.0,0.0,0.0,0.0,0.0,0.0
5865873,"I don't particularly care if Margaret Sanger was a racist, spoke a KKK rallies, and ate black babies. I do think abortion should be an option to women in almost every circumstance. I also think women AND men should be responsible for preventing unwanted pregnancies. In this day and age, unwanted pregnancies can pretty much be avoided.
Fund Planned Parenthood!",0.5,yes,10,5,372137,13,2017-08-30 02:47:18.616297+00,approved,361,60,True,0.6,0.7,0.0,0.0,0.0,0.0,0.0,0.0,0.0,0.0,0.0,0.0,0.0,0.0,0.0,0.6,0.0,0.0,0.0,0.0,0.0,0.0,0.0,0.0
789726,"What are you, a doctor?  How would you know if he is bipolar or if he even drinks?  Maybe he's a friend of yours?",0.0,no,4,0,159849,13,2017-01-04 19:13:52.629152+00,approved,113,24,False,0.0,0.0,0.0,0.0,0.0,0.0,0.0,0.0,0.0,0.0,0.0,0.0,0.0,0.0,0.0,0.0,0.0,0.0,0.0,0.0,0.0,0.0,0.0,0.0
5106704,"Agreed.  I think the real question here is not hatred, which really only exists in very, very few people, but the length to which we should go when accommodating groups and individuals.  Surely any religious practice that marginalizes any sex should not be encouraged, or even tolerated.  For me, it isn't, say, the wearing of a hijab that is the problem, I think they look stylish actually, but the reasons why: to protect her from being molested by men, limit extra marital affairs, so they be known as Muslim women and be considered off-limits to Muslim men. (Islam.org, BTW).   This attitude absolves men from responsibility in their actions, and  makes non-Muslim women targets for unacceptable behaviour.  Why every women who believes in equal rights isn't fighting against this is beyond me. 

Worrying about this, among other things, and how it effects the rest of Canadians is not hate.  It is a valid concern.  We have to stop calling it hate, bigotry, or xenophobia.",0.5,yes,10,5,324248,54,2017-04-07 18:04:36.175427+00,approved,977,163,True,1.0,0.75,0.0,0.0,0.0,0.0,0.0,0.0,0.0,0.0,1.0,0.0,0.0,0.0,0.0,0.0,0.0,0.0,0.0,0.0,0.0,0.0,0.0,0.0
6253317,Except that the time period in the charges extends right into 2017. They are NOT limited to actions before Trump became a Candidate. As usual Trump and his spokespeople lied.,0.6,yes,10,6,394926,54,2017-10-30 19:28:59.917206+00,approved,174,30,False,0.0,0.0,0.0,0.0,0.0,0.0,0.0,0.0,0.0,0.0,0.0,0.0,0.0,0.0,0.0,0.0,0.0,0.0,0.0,0.0,0.0,0.0,0.0,0.0
7098476,"Samoan is a 30 year old felon with a long history of violence holding up in city limits.

Old white guy has been a positive member of society who lives in a stand alone single dwelling away from others.

Different people, different locations with collateral damage.

Grow up.",0.0,no,4,0,146632,21,2016-09-23 08:44:11.385492+00,approved,275,48,True,0.0,0.0,0.0,0.0,0.0,0.0,0.0,0.0,0.0,0.0,0.0,0.0,0.0,0.0,0.0,0.0,1.0,0.0,0.0,0.0,0.0,0.0,0.0,0.0
920989,"I support the temporary ban from the 7 countries, & I support the wall.
I am also mixed race. 
No "" White Nationalism"" here.
Just sanity.",0.0,no,4,0,164970,21,2017-01-30 14:37:40.837216+00,approved,137,26,True,0.0,0.0,0.0,0.0,0.0,0.0,0.0,0.0,0.0,0.0,0.0,0.0,0.0,0.0,0.0,0.0,0.8,0.0,0.0,0.1,0.0,0.0,0.0,0.0
5615625,Hey! Happy Emergency Room days will be here again! Ya gotta love AmuriKKKa .,0.0,no,4,0,356573,53,2017-07-18 19:59:45.674147+00,approved,76,14,False,0.0,0.0,0.0,0.0,0.0,0.0,0.0,0.0,0.0,0.0,0.0,0.0,0.0,0.0,0.0,0.0,0.0,0.0,0.0,0.0,0.0,0.0,0.0,0.0
871214,What these idiots fail to realize is that Trump has employed and cut pay checks to more black latino gay lesbian muslim and transgendered people than all previous presidents combined.,0.8289473684210527,yes,76,63,163036,21,2017-01-20 22:55:06.070383+00,approved,183,30,True,0.0,0.0,0.4,0.0,0.0,0.9,0.1,0.0,0.0,0.0,0.5,0.0,0.0,0.0,0.0,0.5,0.0,0.0,0.7,0.0,0.0,0.0,0.0,0.0
511609,"Not being a white guy, the KKK would lynch me….LOL..white privilege is real. I've been here for more than 60-years. I know. Used to be I couldn't get into the Moose Lodge and the downtown Elks Club, and lived with No Eskimos and Dogs Allowed in Nome. Anything else?",0.0,no,4,0,147620,21,2016-10-06 21:29:27.491150+00,approved,265,49,True,0.1666666666666666,0.0,0.0,0.0,0.0,0.0,0.0,0.0,0.0,0.0,0.0,0.0,0.0,0.0,0.0,0.0,0.8333333333333333,0.0,0.0,0.0,0.0,0.0,0.0,0.0
568961,"That equally suggests that the pre-Pentacostal selection of male apostles (if in fact there were only males, not some symbolic or other-purpose editing) should no longer be a relevant argument for the post-Pentacostal priesthood.",0.0,no,4,0,150206,53,2016-11-02 01:05:39.625404+00,approved,229,34,True,0.8333333333333333,0.0,0.0,0.0,0.0,0.0,0.0,0.0,0.1666666666666666,0.0,0.0,0.0,0.0,0.0,0.0,0.0,0.0,0.0,0.0,0.0,0.0,0.0,0.0,0.0
5157175,"I just hope that DJT keeps his hands to himself - when you're a celebrity, Popes will let you do anything.",0.0,no,4,0,328257,53,2017-04-20 19:11:13.813783+00,approved,106,21,False,0.1666666666666666,0.0,0.0,0.0,0.0,0.0,0.0,0.0,0.1666666666666666,0.0,0.0,0.0,0.0,0.0,0.0,0.0,0.0,0.0,0.0,0.0,0.0,0.0,0.0,0.0
5874362,Your ignorance of US history is astounding.,0.5,yes,10,5,372472,102,2017-08-31 16:57:15.180546+00,approved,43,7,False,0.0,0.0,0.0,0.0,0.0,0.0,0.0,0.0,0.0,0.0,0.0,0.0,0.0,0.0,0.0,0.0,0.0,0.0,0.0,0.0,0.0,0.0,0.0,0.0
6228171,"Well that's certainly the dissident claim about the indefectibility of the Ordinary Magisterium on all doctrinal matters they disagree with. Saint Pope John Paul II confirmed the constant teaching of the Church and, given this, he confirmed, once and for all, it is closed and, by that standard, infallible.",0.0,no,4,0,393542,53,2017-10-26 17:09:17.958025+00,approved,307,49,False,0.0,0.0,0.0,0.0,0.0,0.0,0.0,0.0,0.1666666666666666,0.0,0.0,0.0,0.0,0.0,0.0,0.0,0.0,0.0,0.0,0.0,0.0,0.0,0.0,0.0
5369219,"We have been freeloading on defence spending for decades especially under Liberal governments.  So the Liberals recognize the US Government won't tolerate our mooching and plans new funds for Defence.  By the time the procurement process starts we will have been invaded by Somali pirates, if we haven't already?",0.0,no,4,0,341218,54,2017-06-06 22:06:14.879424+00,approved,312,49,False,0.0,0.0,0.0,0.0,0.0,0.0,0.0,0.0,0.0,0.0,0.0,0.0,0.0,0.0,0.0,0.0,0.0,0.0,0.0,0.0,0.0,0.0,0.0,0.0
5013084,"He learned from the best, you in the media.
In environment of lies what else to expect, why don't you report the lie that is abrahamic religion, for example? Could it be why you keep pushing the lie  of Islam down our throats?
Your continuing promotion of Catholic and Anglican, Islamic BS is far more dangerous than Trump. You are liars, how can you complain about another one?",0.5142857142857142,yes,70,36,319691,54,2017-03-16 17:44:33.220352+00,rejected,378,68,True,0.0,0.0,0.0,0.0,0.0,0.0,0.0,0.0,1.0,0.0,1.0,0.0,0.0,0.0,0.0,0.0,0.0,0.0,0.0,0.0,0.0,0.0,0.0,0.0
5307606,"Trump wants the Saudi's as an ally we can arm against Iran. If he wants that, then he cannot scold them for sponsoring terrorism or teaching radical Islam-- look what happened when Obama did that even after he offered them the same arms deals Trump did. Realistically, you need to give the Saudi's something they want if you want them to help you no matter what you think of them.",0.1666666666666666,no,6,1,337808,55,2017-05-26 13:53:46.948851+00,approved,380,70,False,0.0,0.0,0.0,0.0,0.0,0.0,0.0,0.0,0.0,0.0,0.4,0.0,0.0,0.0,0.0,0.0,0.0,0.0,0.0,0.2,0.0,0.0,0.0,0.0
7031075,"Better plan on replacing the shut-in oil lines as well. By the time the leak can be accessed and fixed the residual water left in those lines, even after an N2 purge, will rapidly start to pit.  Just like a boat left at port, pipelines die when not in use. Best wishes to those involved while trying to keep the industry safe and viable.  The underwater welders ESPECIALLY those that work in the ripping current and zero visibility of the Cook Inlet, have guts second to none.",0.0,no,4,0,322189,21,2017-03-26 18:22:57.675960+00,approved,476,87,False,0.0,0.0,0.0,0.0,0.0,0.0,0.0,0.0,0.0,0.0,0.0,0.0,0.0,0.0,0.0,0.0,0.0,0.0,0.0,0.0,0.0,0.0,0.0,0.0
6215853,"As an erstwhile teacher of Latin myself, one who do indeed love that language, I must say I never approved of its being a required subject anywhere. It should always be an elective course. That said, I think a study of Latin, with its carefully analysed and described grammar, and curious but for the most part reasonable methods of developing vocabulary, has over the centuries aided missionaries in making their own disciplined study of newly encountered non-European languages, and then in passing along a formal description of those languages to others.

There are different ways of learning a foreign language, and different ways of measuring mastery. Fr. Rother's achievement was remarkable; my guess is he had a talent for picking up the conversational habits of the native-speakers, but perhaps was less interested in elaborating a formal grammar.

BTW, conversational Latin is not taught among most classicists. And I wonder at the quality of the Latin spoken in seminaries.",0.0,no,4,0,392479,53,2017-10-24 22:24:00.772375+00,approved,983,158,True,0.0,0.0,0.0,0.0,0.0,0.0,0.0,0.0,0.0,0.0,0.0,0.0,0.0,0.0,0.0,0.0,0.0,0.0,0.6,0.2,0.0,0.0,0.0,0.0
5437568,"I think your viewpoint is based on a deeply flawed public school version of history. History in public schools has always been a kind of modernist liberal propaganda. The reality is that it has never been in the best interest of anyone to have ""nastiness between the sexes"" and even many societies where we would deem women to be mistreated actually have a much more complex and nuanced set of attitudes than we realize. Our viewpoint is frequently more based upon shock from a few extreme aspects of their culture than reality.

For instance, when you go to Cafe Turko, a halal Turkish restaurant, in Fremont, Seattle, Washington, run by a very traditional muslim family that obviously comes from a very Wahhabi muslim background (e.g. the people famous for putting women in hijabs, punishing rape victims, et cetera), their great breakfast platter is called ""the Mother-In-Law breakfast"". Their men are TERRIFIED of their mother-in-laws and go to ridiculous extremes to make them happy.",0.6,yes,10,6,345440,54,2017-06-19 00:22:58.029983+00,approved,988,163,True,0.25,1.0,0.0,0.0,0.0,0.0,0.0,0.0,0.0,0.0,1.0,0.0,0.0,0.0,0.0,0.0,0.0,0.0,0.0,0.0,0.0,0.0,0.0,0.0
7194001,"Larry, you should be taking the same drugs that Trump should be taking.",0.5,yes,10,5,144571,21,2016-08-27 01:09:16.960550+00,approved,71,13,False,0.0,0.0,0.0,0.0,0.0,0.0,0.0,0.0,0.0,0.0,0.0,0.0,0.0,0.0,0.0,0.0,0.0,0.0,0.0,0.0,0.0,0.0,0.0,0.0
451003,"Many women do. Admitting it is your first step to recovery.

Ah the liberal lie. If you're against the importation if illegal cheap labor, or opening yourself up to terrorism your xenophobic.

I wonder if the gay community in Miami was xenophobic.

The left wing lies just don't carry the same weight they used to.",0.5,yes,10,5,144659,21,2016-08-28 05:07:40.693537+00,approved,314,55,True,0.0,0.8,0.0,0.0,0.0,1.0,0.0,0.0,0.0,0.0,0.0,0.0,0.0,0.0,0.0,0.0,0.0,0.0,0.0,0.0,0.0,0.0,0.0,0.0
6022014,I have a hard time putting genocide or queso in the social media experiment category.,0.0,no,4,0,380664,102,2017-09-25 21:51:58.159738+00,approved,85,15,False,0.0,0.0,0.0,0.0,0.0,0.0,0.0,0.0,0.0,0.0,0.0,0.0,0.0,0.0,0.0,0.0,0.0,0.0,0.0,0.0,0.0,0.0,0.0,0.0
5513085,"""Cory Gardner needs to join the Obamacare repeal protest""
Several times, the Denver Post tells Senator Gardner what Gardner ""needs"" to do.
I'm no fan of Gardner, but Senator Gardner doesn't ""need"" to do anything.
The Denver Post editorial board endorsed Gardner, and now the Post is displeased with Gardner, but Gardner isn't the Post's puppet.
I think both the House Republican bill and Senate Republican bill are gawdawful, but a protest by a group of disabled people is hardly a sign that the people of Colorado are arm-in-arm against McConnell's & Ryan's bill or that the entire country is ""over-wrought"".
This editorial is downright full of, um ..., sanctimony and condescension. The editorial board staff is just that -- staff on a newspaper's editorial board. Their voice carries as much weight as mine, or the rest of the people commenting here.",0.0,no,6,0,350519,102,2017-07-01 22:47:37.380794+00,approved,853,142,False,0.0,0.0,0.0,0.0,0.0,0.0,0.0,0.0,0.0,0.0,0.0,0.0,0.0,0.0,0.0,0.0,0.0,0.0,0.0,0.0,0.2,0.0,0.0,0.1
931804,"People say this trip brought attention to Syria's plight, but the war there and the refugees from it have been in the headlines regularly for at least the past 18 months. The links between US proxy forces and al Qaeda affiliates in Syria have received considerable coverage from major outlets almost since the ""covert"" aid began more than five years ago, so that's not news.  The idea that Assad conveyed anything useful to a very junior member of Congress is ... questionable.

Tulsi's emphasis on the ethics committee approval is ridiculous. The committee didn't and would never approve her tea with Bashar.  Now we see that the foundation she cited, dormant for 10 years, didn't pay for the trip; instead, it was some mystery donors. We don't know who facilitated the Assad meeting. We don't know why a misogynistic president who hates being upstaged hasn't issued so much as a nasty tweet about a woman encroaching on his turf.

It stinks.  

Oh, and way to throw Kucinich under the bus.",0.5,yes,10,5,165396,22,2017-02-01 10:43:58.654449+00,approved,991,170,True,0.1,0.8,0.0,0.0,0.0,0.0,0.0,0.0,0.0,0.0,0.0,0.0,0.0,0.0,0.0,0.0,0.0,0.0,0.0,0.2,0.0,0.0,0.0,0.0
594995,"Have a good, stiff drink and calm down.  You really do progs no good by this kind of hyperventilation, saying ""progs are going to be in your face."" Way too emotional.",0.0,no,4,0,151345,53,2016-11-12 04:22:17.432373+00,rejected,166,31,False,0.0,0.0,0.0,0.0,0.0,0.0,0.0,0.0,0.0,0.0,0.0,0.0,0.0,0.0,0.0,0.0,0.0,0.0,0.0,0.0,0.0,0.0,0.0,0.0
5083370,That is the finest 6th grade valedictorian speech I ever heard. Can somebody suss out a point for me?,0.0,no,4,0,323925,61,2017-04-02 05:57:43.865853+00,approved,101,19,False,0.0,0.0,0.0,0.0,0.0,0.0,0.0,0.0,0.0,0.0,0.0,0.0,0.0,0.0,0.0,0.0,0.0,0.0,0.0,0.0,0.0,0.0,0.0,0.0
722190,"Youtube is a gift from the Gods. I can watch Robin Williams take on George W. Bush, or Carlin, or Jon Stewart, or...
Ukraine finally got rid of their Putin stooge, but it took years and many lives. I fear for my America. Black Lives Do Matter, and so do the lives of the poor and the powerless, and Palestinians now condemned to Netanyahu's Apartheid and murderous ways...

Hugh",0.5,yes,10,5,157024,13,2016-12-17 13:08:03.290198+00,approved,378,69,True,0.0,0.0,0.0,0.0,0.0,0.0,0.0,0.0,0.0,0.0,0.0,0.0,0.0,0.0,0.0,1.0,0.0,0.0,0.0,0.0,0.0,0.0,0.0,0.0
6324298,"Who knew the Globe was a staunch defender of the KKK's rights. After all, the KKK cloak represents religious purity, prejudice against homosexuals, anti-semitism - and so does the niqab, all over the world, without exception.  But the niqab means feminism and modesty in Canada (just Canada). I'm still waiting for the Globe's piece in the Life section with three Klansmen pushing their kids on swings in the park - they just wear the cloak for modesty and to represent their faith, nothing to do with support of violence towards homosexuals and Jews... does this sound ridiculous, because it is  - let's defend a symbol that is synonymous with violence against homosexuals - as the niqab is most common in countries that punish homosexuality with jail or worse (often the death penalty). But in Canada it means modesty and independence - the niqab's supporters are pathetic. Let's encourage a symbol that is only common in countries where women are treated like second class citizens...",0.6,yes,10,6,398663,54,2017-11-09 20:11:21.387067+00,rejected,987,164,True,0.0,0.8333333333333333,0.0,0.0,0.0,0.8333333333333333,0.0,0.0,0.0,0.8333333333333333,0.0,0.0,0.0,0.0,0.0,0.1666666666666666,0.0,0.0,0.0,0.0,0.0,0.0,0.0,0.0
5407164,"My friends, let's not forget that Naomi is putting out her next book because she ""felt the urgency"", which explains why we all felt the sudden urgency to heave our insides out.  I'm more inclined to think her 'urgency' arises from her very socialist inclinations to fleece her followers when they are at their most adoring. She is a woman of uncommon instinct.",0.1666666666666666,no,6,1,343333,54,2017-06-13 16:20:16.336060+00,approved,360,63,True,0.0,0.8,0.0,0.0,0.0,0.0,0.0,0.0,0.0,0.0,0.0,0.0,0.0,0.0,0.0,0.0,0.0,0.0,0.0,0.0,0.0,0.0,0.0,0.0
5089774,Any faith that can't stand up to logic and reason deserves to die.,0.8,yes,5,4,324248,54,2017-04-04 03:42:24.325877+00,approved,66,13,False,0.0,0.0,0.0,0.0,0.0,0.0,0.0,0.0,0.0,0.0,0.0,0.0,0.0,0.0,0.0,0.0,0.0,0.0,0.0,0.0,0.0,0.0,0.0,0.0
518445,"god woman, take a break. you sound like a retard with your never ending stupid trump comments. get help...fast",0.7741935483870966,yes,62,48,148093,21,2016-10-10 03:02:00.501368+00,rejected,110,19,True,0.1,0.8,0.0,0.0,0.0,0.0,0.0,0.0,0.1,0.0,0.0,0.0,0.0,0.0,0.0,0.0,0.0,0.0,0.0,0.0,0.0,0.0,0.2,0.0
5940246,Facts are not cheap shots,0.0,no,4,0,376785,54,2017-09-12 17:46:10.951677+00,approved,25,5,False,0.0,0.0,0.0,0.0,0.0,0.0,0.0,0.0,0.0,0.0,0.0,0.0,0.0,0.0,0.0,0.0,0.0,0.0,0.0,0.0,0.0,0.0,0.0,0.0
845042,"Except that Protestant churches, and even some Catholic parishes, do welcome creativity in the liturgy, including the Eucharistic Prayer.    Well, at least that's not ""dabbling""!",0.0,no,4,0,161676,53,2017-01-15 22:56:11.133096+00,approved,178,25,True,0.0,0.0,0.0,0.0,0.0,0.0,0.0,0.0,1.0,0.0,0.0,0.0,0.0,0.0,0.0,0.0,0.0,0.0,0.0,0.0,0.0,0.0,0.0,0.0
877799,"Hugh did you write the headline to your 'relax' piece? Are you aware how close that is to the old style rape advice handed out to women by male advisers? ""If all else fails, lie back and enjoy it!""?
Hugh Hewitt inhabits the netherworld of Republican thinking that has a problem with America in the real world, real international issues, real trade issues, and the effect of science and technology on the modern economy. Unlike George Will, Hugh Hewitt has put his soul in hock to the smoke-blower who was able to fool just enough people to get himself elected.
Very well, Hugh, at least you're out front with your words for now. Will you eat them when the time comes?
Trump gets his chance. I can't help that. But I can't relax either.
Lie back, Hugh, we'll see how YOU enjoy it!",0.2,no,5,1,163266,21,2017-01-22 02:43:31.072016+00,approved,779,143,True,1.0,0.75,0.0,0.0,0.0,0.0,0.0,0.0,0.0,0.0,0.0,0.0,0.0,0.0,0.0,0.0,0.0,0.0,0.0,0.0,0.0,0.0,0.0,0.0
5882677,"are you brain dead? there's no A in my handle...
cons = fake Conservatives / con men
just sit out this out til you get better educated",0.6029411764705882,yes,68,41,373051,22,2017-09-01 23:50:09.839571+00,approved,134,27,False,0.3,0.0,0.0,0.0,0.0,0.0,0.0,0.0,0.0,0.0,0.0,0.0,0.0,0.0,0.0,0.0,0.0,0.0,0.0,0.0,0.0,0.0,0.0,0.0
478638,"Good morning Paul. This article is a year old but worth reading. I'm going to turn your question around if that's okay. How have the dem. policies improved the situation for inner city minoritys? From what I see, the dems. have kept them dependent, the dems. (and reoubs) only seem to court the vote and give lip service but then just ignore these folks until the next cycle. 
http://www.ebony.com/news-views/should-more-blacks-consider-voting-republican-in-the-2016-election-333#axzz4KWSNMRYz
""Sen. Tim Scott, the only Black Republican senator, reminds America everyday that our party stands on the side of providing a hand-up to all, especially people of color. Scott’s “Opportunity Agenda” is proof of his commitment as a Republican to providing for those often overlooked. ""
You know the definition of insanity, so why would anyone vote for more of the same failed policies?",0.0,no,4,0,146147,13,2016-09-17 14:35:28.430377+00,approved,878,133,True,0.1,0.0,0.0,0.0,0.0,0.0,0.0,0.0,0.0,0.0,0.0,0.0,0.0,0.0,0.0,0.6,0.0,0.0,0.0,0.0,0.0,0.0,0.1,0.0
6059519,"Serious question: Many people voted for Trump because he was allegedly for the ""little guy"". Do any of you who did think he might help the middle class worker feel duped? If not, why not?",0.0,no,4,0,383750,102,2017-09-30 23:46:01.714822+00,approved,187,35,False,0.2,0.0,0.0,0.0,0.0,0.0,0.0,0.0,0.0,0.0,0.0,0.0,0.0,0.0,0.0,0.0,0.0,0.0,0.0,0.0,0.0,0.0,0.0,0.0
7079623,The KPMG execs believe resigning means washing their hands off the problem. On the contrary they have just confessed their guilt inadvertently. The report and all their dealings must be made public.,0.0,no,4,0,378140,100,2017-09-16 15:40:51.349923+00,approved,198,32,False,0.0,0.0,0.0,0.0,0.0,0.0,0.0,0.0,0.0,0.0,0.0,0.0,0.0,0.0,0.0,0.0,0.0,0.0,0.0,0.0,0.0,0.0,0.0,0.0
6310741,"if the incidence of mental illness is similar in Canada to the US, why do we have fewer mass murders with bullets?  Hint:  gun control",0.0,no,4,0,397972,54,2017-11-07 21:56:16.636036+00,approved,134,25,True,0.0,0.0,0.0,0.0,0.0,0.0,0.0,0.0,0.0,0.0,0.0,0.0,0.0,0.0,0.0,0.0,0.0,0.0,0.0,0.0,0.0,0.0,1.0,0.0
284381,"............and baby makes three!!!!!!!!!!  Congratulations and Best Wishes to Jeff and Kikkan. 
I know the absolute joy you are feeling right now.  Happy parents, Happy relatives, and friends.  Have a wonderful life with Breck....  I love the name, very masculine for such a handsome baby boy.....",0.0,no,4,0,59804,21,2016-04-15 21:37:46.055636+00,approved,298,46,True,0.6,0.0,0.0,0.0,0.0,0.0,0.0,0.0,0.0,0.0,0.0,0.0,0.0,0.0,0.0,0.0,0.0,0.0,0.0,0.0,0.0,0.0,0.0,0.0
824798,"Did the mental health evaluation take place at the Anchorage VA or API. This is significant information. We should be able to know where APD took him, who said he was ""good to go"" after the evaluation, and who decided this was the end of the matter.",0.0,no,4,0,161198,21,2017-01-11 17:53:50.745435+00,approved,249,47,False,0.0,0.0,0.0,0.0,0.0,0.0,0.0,0.0,0.0,0.0,0.0,0.0,0.0,0.0,0.0,0.0,0.0,0.0,0.0,0.0,0.0,0.0,0.0,0.0
698862,"If Obama get credits for all the good things....he get credits for all the bad things. It is not the right of anyone to suppress free speech. And I am not talking about KKK or holocaust deniers but people whose views simply may not be in line with college cowardly neo-fascism that you support by your comments. And really, few blacks get shot, most of them are legal and clear. Then there are few bad apples (out of tens of thousands of good ones)  and all the sudden they are tried of being shot by police while thousands of blacks are being shot by thousands of blacks?? What sort of political creature are you??? All of your statements reflects that you are some sort of misanthrope or at worst, hypocrite. Being a minority myself, I don't blame white people for being people. I am not sure where you get off on your racist rant about white privileges and all that fantasy. Another invention of Obama.",0.6,yes,10,6,155907,21,2016-12-12 19:05:22.277360+00,approved,905,165,True,0.0,0.0,0.0,0.0,0.0,0.0,0.0,0.0,0.0,0.0,0.0,0.0,0.0,0.0,0.0,0.75,1.0,0.0,0.0,0.0,0.0,0.0,0.0,0.0
5688922,"Todd Davis is a weak link in the defense, stop trying to sell him on us.  Brandon Marshall needs to move back to his natural strong side linebacker.",0.0,no,4,0,361115,102,2017-07-31 08:02:43.257322+00,approved,148,28,False,0.0,0.0,0.0,0.0,0.0,0.0,0.0,0.0,0.0,0.0,0.0,0.0,0.0,0.0,0.0,0.0,0.0,0.0,0.0,0.0,0.0,0.0,0.0,0.0
6157834,And the award for stupid comment of the day goes to.... Joe!,0.9069767441860463,yes,43,39,389627,102,2017-10-16 18:53:04.814337+00,rejected,60,12,False,0.0,0.0,0.0,0.0,0.0,0.0,0.0,0.0,0.0,0.0,0.0,0.0,0.0,0.0,0.0,0.0,0.0,0.0,0.0,0.0,0.0,0.0,0.0,0.0
5764663,"Hate on both sides? Of White Supremacy? 

Well, there's White Supremacists, and everyone of all political, moral, racial and ideological stripes of all types who know that it's evil. 

Are you suggesting that if I hate Nazism that I need to get over it and move toward a conciliatory note? History has shown that Nazis need that time that misplaced appeasement grants to plan and  gather strength. 

Hammer them into dust.",0.7,yes,10,7,366111,54,2017-08-14 13:27:21.246189+00,approved,422,71,True,0.0,0.0,0.0,0.0,0.0,0.0,0.0,0.0,0.0,0.0,0.0,0.0,0.0,0.0,0.0,0.0,0.8333333333333333,0.0,0.0,0.0,0.0,0.0,0.0,0.0
5344655,"aa the usual lunatic back with this bs,, trump standing up for reality while you as usual live in the lunatic left ,, trump in reality vs you being a brain washed idiot",0.8666666666666667,yes,60,52,339902,54,2017-06-02 11:36:43.137745+00,rejected,168,33,False,0.0,0.0,0.0,0.0,0.0,0.0,0.0,0.0,0.0,0.0,0.0,0.0,0.0,0.0,0.0,0.0,0.0,0.0,0.0,0.0,0.0,0.2,0.0,0.0
7096940,Congratulations to the women of Saudi Arabia.  This ruling was long overdue.,0.0,no,4,0,382509,54,2017-09-27 12:26:24.411822+00,approved,76,12,True,0.0,1.0,0.0,0.0,0.0,0.0,0.0,0.0,0.0,0.0,0.0,0.0,0.0,0.0,0.0,0.0,0.0,0.0,0.0,0.0,0.0,0.0,0.0,0.0
5254324,"What could happen.. more fake news. 
Tell us exactly what would happen!!!!
This is a story that's an obummer care supporter. Therefore loaded with half truths and lies. Yes I said it!!! 
All you lying liberals (socialist) I'm calling you out.",0.5666666666666667,yes,60,34,334458,21,2017-05-14 08:38:42.934789+00,rejected,242,41,False,0.0,0.0,0.0,0.0,0.0,0.0,0.0,0.0,0.0,0.0,0.0,0.0,0.0,0.0,0.0,0.0,0.0,0.0,0.0,0.0,0.0,0.0,0.0,0.0
918048,"Not! 
A grossly exaggerated 'political correct' accusation. 
When something is not in your advantage, you call it a negative name such as 'hate crime"". 
Real hate crimes are committed every hours by Muslims themselves in the Muslim world. 
Getting your own world straight and condemn your Muslim hate crimes if you want a target to blame!",0.8,yes,5,4,164850,54,2017-01-29 19:26:28.265564+00,rejected,338,56,True,0.0,0.0,0.0,0.0,0.0,0.0,0.0,0.0,0.0,0.0,1.0,0.0,0.0,0.0,0.0,0.0,0.0,0.0,0.0,0.0,0.0,0.0,0.0,0.0
6065459,"* lose money, as well.",0.0,no,4,0,384016,55,2017-10-02 05:17:56.783359+00,approved,22,5,False,0.0,0.0,0.0,0.0,0.0,0.0,0.0,0.0,0.0,0.0,0.0,0.0,0.0,0.0,0.0,0.0,0.0,0.0,0.0,0.0,0.0,0.0,0.0,0.0
423648,"If you want credibility you have to be honest and leave your personal bias out of it.

I don't support Trump, for many of the same reasons why I don't support Clinton. But Trump isn't a racist, and anyone who has a shred of intellectual honesty can see that. Does he say some incredibly stupid crap? You bet. But I will give Trump credit, he doesn't let the people who twist religion to suit their own beliefs pin him down on the social issue stupidity that is nothing but ignorance.

The fake outrage over Trump's comments about stopping immigration of Muslims is telling. The media and the most vocal critics of Trump on that issue are absolutely silent about the bombings of millions of innocent people, and total destruction of their lives. But people are going to freak out over what a presidential candidate says? I would stop letting your TV tell you what to be outraged about.",0.5,yes,10,5,143383,21,2016-08-10 00:59:27.702262+00,approved,884,158,True,0.2,0.0,0.0,0.0,0.0,0.0,0.0,0.0,0.0,0.0,0.7,0.0,0.0,0.0,0.0,0.0,0.0,0.0,0.0,0.0,0.0,0.0,0.0,0.0
5771677,"And by no means let us forget 3500 known lynchings by the KKK, and unknown more that just went ""missing"" in the bayous, untold numbers of acts of violence, intimidation, and domestic terror.  The acts of those you list are criminal and should be punished (if they survived), but pales (excuse the pun) in comparison to the century and half of White Nationalist Terrorism, the single more prolific terrorist group in US History, exceeding all others domestic or otherwise, combined.",0.0,no,4,0,366603,102,2017-08-15 14:16:40.781258+00,approved,481,80,True,0.0,0.0,0.0,0.0,0.0,0.0,0.0,0.0,0.0,0.0,0.0,0.0,0.0,0.0,0.0,0.0,1.0,0.0,0.0,0.0,0.0,0.0,0.0,0.0
5480070,"A lot of heartless people here, some of whom probably profess to be Christians. For shame. We are all human beings. I feel for these kids.",0.3,no,10,3,348444,102,2017-06-26 18:39:08.745492+00,approved,138,26,True,0.0,0.0,0.0,0.0,0.0,0.0,0.0,0.0,1.0,0.0,0.0,0.0,0.0,0.0,0.0,0.0,0.0,0.0,0.0,0.0,0.0,0.0,0.0,0.0
5050980,"How many people died in the U.S. from gun violence, say, in the last year?  The author's question requires more than just 'simple' answers to prima facie observations.",0.0,no,4,0,321943,54,2017-03-24 19:55:46.061485+00,approved,167,28,False,0.0,0.0,0.0,0.0,0.0,0.0,0.0,0.0,0.0,0.0,0.0,0.0,0.0,0.0,0.0,0.0,0.0,0.0,0.0,0.0,0.0,0.0,0.0,0.0
894398,"How long can we play the ""blame whitey"" game?  This is getting ridiculous.  Will any of them ever take blame for being horrible parents?",0.7,yes,10,7,163839,54,2017-01-25 07:49:54.885159+00,approved,136,24,True,0.0,0.0,0.0,0.0,0.0,0.0,0.0,0.0,0.0,0.0,0.0,0.0,0.0,0.0,0.0,0.0,0.5,0.0,0.0,0.0,0.0,0.0,0.0,0.0
726269,Wow...you're even bigger thieves than I thought    :-),0.6,yes,10,6,157274,54,2016-12-18 18:13:12.551584+00,rejected,54,8,False,0.0,0.0,0.0,0.0,0.0,0.0,0.0,0.0,0.0,0.0,0.0,0.0,0.0,0.0,0.0,0.0,0.0,0.0,0.0,0.0,0.0,0.0,0.0,0.0
7054518,"""Just before World War II, there was a similar fascination with medieval materials, and extremists today are drawn to the Middle Ages, ""especially via ardent fantasies of racial purity and white origins,"" Cohen said.""

The growing White supremacy movement has been emboldened by the Trump campaign's message of racial hatred.  It is the duty of every Christian to stand up to such nonsense.",0.5,yes,10,5,328923,53,2017-04-23 15:47:25.772823+00,approved,390,63,True,0.0,0.0,0.0,0.0,0.0,0.0,0.0,0.0,0.5,0.0,0.0,0.0,0.0,0.0,0.0,0.0,0.9,0.0,0.0,0.0,0.0,0.0,0.0,0.0
5917661,You supported North Korea since it became a nation?,0.0,no,4,0,375016,54,2017-09-08 00:51:21.895867+00,approved,51,9,False,0.0,0.0,0.0,0.0,0.0,0.0,0.0,0.0,0.0,0.0,0.0,0.0,0.0,0.0,0.0,0.0,0.0,0.1666666666666666,0.0,0.0,0.0,0.0,0.0,0.0
5760401,"The very definition of ""Nazi"" is ""National Socialist  German Workers Party""    They were ""socialists"" by definition.. You can look it up in Wikipedia.  They were basically the 'right wing' of socialism, Communism being the left.   Two sides of the same totalitarian coin. 

But you proved my point that, ""there probably is some hatred among those on the far left""  Thank you! You just affirmed that which I didn't ""show""  The socialist, Jeremy Christian,  supported    Bernie Sanders. Sanders was man enough to apologize for it.  Jeremy hated Muslims, Jews and Christians and  is  typical of the  'confused'  religion hating,  left wing zealots of today. They are volatile, usually un-employed, like most of Hitler's supporters were in the 20's and 30's.   They feed on racial, ethnic and religious  hatred/tensions, exploiting it wherever they can.

  Laws  must be upheld.      Those who break our laws,   need to be punished, regardless of race, ethnicity, religion or political affiliation.",0.3,no,10,3,365800,66,2017-08-13 16:31:43.740669+00,approved,994,153,True,1.0,0.0,0.0,0.0,0.0,0.0,0.0,0.0,1.0,0.75,1.0,0.0,0.0,0.0,0.0,0.0,0.0,0.0,0.0,0.0,0.0,0.0,0.0,0.0
306475,I don't wear women's clothes . How insensitive of you to suggest such a thing. My feelings are hurt .,0.0,no,4,0,97685,21,2016-05-06 22:42:53.062798+00,approved,101,20,True,0.0,0.8333333333333333,0.0,0.0,0.0,0.0,0.0,0.0,0.0,0.0,0.0,0.0,0.0,0.0,0.0,0.0,0.0,0.0,0.0,0.0,0.0,0.0,0.0,0.0
7066453,"Rather than nationality, let's start profiling these guys by the weird pube beards.",0.3,no,10,3,395901,13,2017-11-01 19:01:46.142556+00,approved,83,13,False,0.0,0.0,0.0,0.0,0.0,0.0,0.0,0.0,0.0,0.0,0.0,0.0,0.0,0.0,0.0,0.0,0.0,0.0,0.0,0.0,0.0,0.0,0.0,0.0
7157055,"I join Sister's prayer and I pray  for you all. This Thanksgiving will, I think, need to address what you obviously do not share as well as what you do share. The test of this weekend will, I suggest, be ""the how"".  That is the test of the essential ingredient to the healing , and holding account for the, stressful moment of the where and what you are.
My ""addendum"" to the prayer:
May we all be grateful for what we have, 
Reflect on what we hold, the who we are.
May we see that it is not what Jesus gave
But you Creator parent in us; the why Jesus came
To render it divine; make us more, to begin the journey home.
Jesus, you will go home, but will we be with you then,
For the then is now and tomorrow and it is in shadow
That chills the soul, darkens, threatens of storm
And loss, for you, for me, for the poor, the hungry,
oppressed, the different ...
The we of here and there
It is not up to you Lord but to me, us
Our blessed humanity...
To find you. 
Be our beacon, please.",0.0,no,4,0,152690,53,2016-11-23 17:38:27.341834+00,approved,984,197,False,0.0,0.0,0.0,0.0,0.0,0.0,0.0,0.0,0.4,0.0,0.0,0.0,0.0,0.0,0.0,0.0,0.0,0.0,0.0,0.0,0.0,0.0,0.0,0.0
5808881,"Those who marched in Boston marched against ""FREE SPEECH"". The rally was to promote free speech, and no racists, white supremacists, KKK, nazis, or any armed people were invited. In fact, they were specifically told to stay away and were denounced by the organizers of that event. The people who turned out to march forced the people who were attending this rally to flee under police protection. The people who turned out to march actually fit the definition of fascists. So stop with the false claims. Approximately 40,000 people marched against free speech, the very thing they were practicing while doing it. Talk about hypocritical.",0.5,yes,10,5,367468,105,2017-08-21 00:26:12.987180+00,approved,637,105,True,0.0,0.0,0.0,0.0,0.0,0.0,0.0,0.0,0.0,0.0,0.0,0.0,0.0,0.0,0.1111111111111111,0.0,0.8888888888888888,0.0,0.0,0.0,0.0,0.0,0.0,0.0
7044877,"Story does not specify what ""ill""
Too ill to take care of the mother while her husband and daughter go to work?
-
Why did Trudeau choose a family with an Alzheimer's mother and an too ill to work wife
who will be dependent of the state for how long",0.2,no,10,2,360485,54,2017-07-29 20:47:09.492672+00,approved,248,50,True,0.1,0.2,0.0,0.0,0.0,0.0,0.0,0.0,0.0,0.0,0.0,0.0,0.0,0.0,0.0,0.0,0.0,0.0,0.0,0.0,0.0,0.1,0.5,0.0
743525,"This article and its writer represents the exact line of thinking that is leading to the populist movements currently propagating across the Western world. 

I am relieved however that more and more people are waking up to the truth of he matter: the relationship between Islam and the West is the most compelling question of our time and multiculturalism isn't necessarily a practical model for a pluralistic society to thrive.",0.0,no,4,0,157982,54,2016-12-22 18:26:57.713665+00,approved,428,70,True,0.0,0.0,0.0,0.0,0.0,0.0,0.0,0.0,0.0,0.0,0.6,0.0,0.0,0.0,0.1,0.0,0.0,0.0,0.0,0.0,0.0,0.0,0.0,0.0
478582,"I'm in, so long as it applies to ALL Big Money contributors to all candidates. For example, we have one candidate who claims to be a ""champion of women"" who has taken over $25 million from foreign regimes that torture and kill homosexuals and brutalize women. Will I-735 put a stop to things like that?",0.2,no,5,1,146199,43,2016-09-17 13:14:05.991360+00,approved,302,55,True,0.0,1.0,0.25,0.0,0.0,1.0,0.0,0.0,0.0,0.0,0.0,0.0,0.0,0.0,0.0,0.0,0.0,0.0,0.0,0.0,0.0,0.0,0.0,0.0
6117795,"Trudeau is wasting his time.  What can be accomplished by talking to a fool who throws paper towels at people who just had their homes destroyed by a Hurricane in Porto Rico?  The man is an idiot and can't be trusted.  He has zero understanding of economics or trade.  All that matters to him is to win and satisfy his massive ego. NAFTA means nothing to him. I believe he couldn't care less if he dumps NAFTA.  Even if the economy dives and thousands of Americans lose their jobs afterwards, he will simply blame Canada and Mexico for the job losses and the mess that follows.  One cannot trust or negotiate with a manipulative sociopath.",0.7142857142857143,yes,63,45,387080,54,2017-10-10 14:44:54.157835+00,approved,639,115,True,1.0,0.0,0.0,0.0,0.0,0.0,0.0,0.0,0.0,0.0,0.0,0.0,0.0,0.0,0.0,0.0,0.0,0.0,0.1666666666666666,0.0,0.0,0.0,0.0,0.0
7175816,"Howard Zinn on American culture, wealth, democracy, hate crimes and education: https://www.youtube.com/watch?v=HC1cQCtbEBo",0.0,no,4,0,148670,21,2016-10-17 04:41:27.726836+00,approved,122,12,False,0.0,0.0,0.0,0.0,0.0,0.0,0.0,0.0,0.0,0.0,0.0,0.0,0.0,0.0,0.0,0.0,0.0,0.0,0.0,0.0,0.0,0.0,0.0,0.0
5114710,"Roger Kalman has always been arrogant and ill suited for a career in mental health.  He is of fairly low general intelligence, unprofessional, and as you can see, sorely neglectful and of poor character.  He wanted to be more than what he is, and this was the only job where he could feign competence by comparison to those he served.  He couldn't even do that well.  And he is morose looking and unattractive.",0.6,yes,10,6,325798,13,2017-04-10 03:36:17.114822+00,rejected,410,73,False,0.2,0.0,0.0,0.0,0.0,0.0,0.0,0.0,0.0,0.1,0.0,0.0,0.0,0.0,0.0,0.0,0.0,0.0,0.0,0.1,0.0,0.0,0.2,0.0
754092,"Good. It's about time Russia and Russians got their comeuppance for supporting anti-Semitic and anti-Israel motions at the UN, thereby putting Jews and Israelis in the line of fire from inveterate international anti-Semites who wish nothing more than the demise of Jews and Israelis.",0.5,yes,10,5,158474,54,2016-12-25 16:37:52.930482+00,rejected,283,44,True,0.0,0.0,0.0,0.0,0.0,0.0,0.0,0.0,0.0,1.0,0.0,0.0,0.0,0.0,0.0,0.0,0.0,0.0,0.0,0.0,0.0,0.0,0.0,0.0
7097771,"At this point I am not convinced anything could stick on him.

The man could get caught having sex with a goat and blow it off and no one would care.

Except the goat....",0.6375,yes,80,51,161146,54,2017-01-11 01:06:54.562374+00,approved,170,34,True,0.6,0.0,0.0,0.0,0.0,0.0,0.0,0.0,0.0,0.0,0.0,0.0,0.0,0.0,0.0,0.0,0.0,0.0,0.0,0.0,0.0,0.0,0.0,0.0
5913459,Today they MIGHT be 'alter' boys!,0.0,no,4,0,374480,102,2017-09-07 13:15:51.391646+00,rejected,33,6,False,0.3,0.0,0.0,0.0,0.0,0.0,0.0,0.0,0.0,0.0,0.0,0.0,0.0,0.0,0.0,0.0,0.0,0.0,0.0,0.0,0.0,0.0,0.0,0.0
732701,"Are they going to cater to real natives who have a blood quantum of at least over 50 percent? Sounds like discrimination also. So what would happen if another subsidized non profit wanted to have a college and wanted to try and fill it as much as they could with White People do you think that would go over well? If one penny of State or Federal money assists or is used for it , it should be open to all Alaskans or Americans and race should not matter. This is exactly what makes people racist in the first place. We are all the same and should be treated as such.",0.1666666666666666,no,6,1,157569,21,2016-12-20 06:45:41.457223+00,approved,567,111,True,0.0,0.0,0.0,0.0,0.0,0.0,0.0,0.0,0.0,0.0,0.0,0.0,0.0,0.0,0.0,0.0,0.8,0.0,0.0,0.0,0.0,0.0,0.0,0.0
5223184,"I want to share from my experience that is bit embarrassing.  As an adult male survivor of childhood sexual abuse who happens to be heterosexual and whose abusers were all males, for a very long time, I did not like gay people especially gay men.  After years of working on the trauma and discovering that rape is about power not sex, I was finally able to see how wrong I was. I was a kid (abused from age 12 to 16) it was my default reaction. It was a displacement of my anger, and just didn't know. That belief was deeply infused by my abusers.  That's why, given males abuse in the same rate whether they are gay or not gay, I feel that events like this one require a strategic response from the LGBT community as these events unjustly become gay issues. It's hard not to react, i'm' sure, bcuz some of the stuff said to gay commentators is hurtful, ignorant, way off, and not true. So I just want to apologize let u know that I understand now.I am sorry that you have to still encountr ignorance",0.7,yes,10,7,332186,84,2017-05-06 14:49:28.111199+00,approved,1000,189,True,0.8,0.0,0.0,0.0,0.8,0.9,0.0,0.0,0.0,0.0,0.0,0.0,0.0,0.0,0.0,0.0,0.0,0.0,0.0,0.0,0.0,0.0,0.0,0.0
6315989,"It must be tough to live in fear in your old age. Good thing you are white and live in Oregon. You could never hide here if you were black. Fortunately for me, the feds broke up the white nationalist group called the Order. They were the last folks to threaten my life directly. Of course, I never know how a frightened white cop may react near me. There is nothing I can do about that anyway, but stay calm and carry on. BTW, the racists I hate are the ones supported by government. Those are the white ones. The police have no problem killing the rest. The cops are generally less professional than the feds.",0.6,yes,10,6,398068,13,2017-11-08 17:29:46.076123+00,approved,610,116,True,0.0,0.0,0.0,0.0,0.0,0.0,0.0,0.0,0.0,0.0,0.0,0.0,0.0,0.0,0.0,1.0,0.75,0.0,0.0,0.0,0.0,0.0,0.0,0.0
7147643,"Hope Franklin Graham, Sheriff, FBI, Pa Bundy and others can peacefully end this tomorrow morning. Monte resting it happened on the biblical # night of 40.",0.0,no,4,0,37828,6,2016-02-11 07:24:36.649919+00,approved,154,26,False,0.0,0.0,0.0,0.0,0.0,0.0,0.0,0.0,0.1666666666666666,0.0,0.0,0.0,0.0,0.0,0.0,0.0,0.0,0.0,0.0,0.0,0.0,0.0,0.0,0.0
915769,"These ""worthless imports"" typically do more work in one day than you could probably do in a month!",0.0,no,4,0,164773,21,2017-01-29 04:45:30.628540+00,approved,98,18,False,0.0,0.0,0.0,0.0,0.0,0.0,0.0,0.0,0.0,0.0,0.0,0.0,0.0,0.0,0.0,0.0,0.0,0.0,0.0,0.0,0.0,0.0,0.0,0.0
1017293,"Have you ever asked yourself what Islamophobia means? It's a totally BS word. It says nothing about Muslims - it is talking about their religion.  An unnatural, irrational fear of Islam. I myself have a natural, rational fear of Islam. Read the book - Islam hates all outsiders and considers us fit subjects for severed heads. I have no problems with Muslims any more than I have with ignorant Christians like Harper and his minions - evangelical, fanatical christian taliban who should never govern this country.",0.7,yes,10,7,169000,54,2017-02-19 21:22:54.304839+00,rejected,513,86,True,0.0,0.0,0.0,0.0,0.0,0.0,0.0,0.0,1.0,0.0,1.0,0.0,0.0,0.0,0.0,0.0,0.0,0.0,0.0,0.0,0.0,0.0,0.0,0.0
5895798,"Boys will be boys.  Have to show they are the toughest  people.  Tired of it already. Stop wasting the world's resources and polluting the ocean.  Poor fish are getting a lot of headaches from crap shot into the ocean.  

Of course this is probably a diversion so that the Donald doesn't have to worry about the many investigations going on.  Come on NK, stop it already so that we can pressure the Donald to live up to his promises.  Who knows, he might just decide to live up to a promise.  lol

What a lying bum the Donald has turned out to be.  Wonder what new lies he will tell today.  The Donald is more exciting than watching professional wrestling.",0.6,yes,10,6,374028,55,2017-09-04 16:49:10.789515+00,approved,656,120,False,0.1666666666666666,0.0,0.0,0.0,0.0,0.0,0.0,0.0,0.0,0.0,0.0,0.0,0.0,0.0,0.0,0.0,0.0,0.0,0.0,0.0,0.0,0.0,0.0,0.0
557730,"What is mean about calling Hilary a mean woman? You literally said Trump is mean for calling Hilary a mean woman, so by that logic you are mean. Your argument is liberal BS, but I'm sure you think you're a brilliant forward thinking person. To be clear I do not like Trump, but by judging all the crap Hilary HAS been caught stealing, cheating, and lying about, I would rather see her deported to Syria as a sacrifice to ISIS.",0.6,yes,10,6,149676,21,2016-10-27 22:51:25.175340+00,approved,426,80,True,0.0,1.0,0.0,0.0,0.0,0.0,0.0,0.0,0.0,0.0,0.1666666666666666,0.0,0.0,0.0,0.0,0.0,0.0,0.0,0.0,0.0,0.0,0.0,0.0,0.0
303670,"Like this?:
https://goo.gl/maps/6eLQYuNPjin",0.0,no,4,0,73649,21,2016-05-04 18:59:12.571810+00,rejected,43,3,False,0.0,0.0,0.0,0.0,0.0,0.0,0.0,0.0,0.0,0.0,0.0,0.0,0.0,0.0,0.0,0.0,0.0,0.0,0.0,0.0,0.0,0.0,0.0,0.0
7071020,"All the evidence shows, as @NathanRobinson points out, boys have fallen behind in the education system. Over 60% of high school dropouts are boys. Only about 40% of university graduates now are male. Females account for 58% of medical students now (medicine requires a science based, you know, STEM based, undergraduate degree, btw), and over 55% of all law students and almost 60% of new admissions. Is this the ""patriarchy"" at work here?",0.0,no,4,0,153916,54,2016-12-04 14:41:42.700179+00,approved,439,73,True,1.0,0.6,0.0,0.0,0.0,0.0,0.0,0.0,0.0,0.0,0.0,0.0,0.0,0.0,0.0,0.0,0.0,0.0,0.0,0.0,0.0,0.0,0.0,0.2
6047764,"Respect is not a God given right, as far back as I can remember it had to be earned. Black men will never gain the respect of anyone until they learn to respect each other. 73% of all our black children are born out of wedlock in single parent homes. The black neighborhoods chicago and beyond are riddled with crime, drugs, gangs, prostitution, murder, blighted neighborhoods, domestic violence, no work and poor education. The number one cause of death of black men between the ages of 18 and 34 years is black on black HOMOCIDE!!!!!  How can they expect anyone to respect them when they in turn do not even respect each other. These millionaire football players are completely out of touch. If a police officer never killed another black person, there would not even be a little dent in their plight. The football players need to give back more than 60 seconds on their knees to their brothers. It will take generations of hard work, they need to be active in addressing the black problem",0.7,yes,10,7,383274,105,2017-09-29 03:28:02.535405+00,approved,991,176,True,1.0,0.0,0.0,0.0,0.0,0.0,0.0,0.0,0.1666666666666666,0.0,0.0,0.0,0.0,0.0,0.0,1.0,0.0,0.0,0.0,0.0,0.0,0.0,0.0,0.0
7183687,"yes, real bonding occurs among the locals and for some reason, not much with non Hawaii residents.  we may be old fashioned but we love it, so it does not matter what you or anyone else thinks.  however, there is bonding when a mainlander becomes a resident in Hawaii and adopts the aloha style.  it does not matter the race of the local person, could be caucasian, Hawaiian, Filipino, Japanese Chinese, etc.  the bond is still there.   we don't fear mainlanders and their ideas, we know we know and have better, simple as that.  Aloha is so much better than anything else  that the mainland has to offer.",0.0,no,10,0,324176,22,2017-04-04 03:10:09.440545+00,approved,605,108,True,0.0,0.0,0.0,0.0,0.0,0.0,0.0,0.0,0.0,0.0,0.0,0.0,0.0,0.0,0.0,0.0,0.2,0.6,0.0,0.4,0.0,0.0,0.0,0.0
347754,It is this post which demonstrates your slanderous ignorance bordering on mental illness. You are probably on some of the same medications (SSRI) that are FDA approved and that are the actual cause of the many suicides and mass killings we have been experiencing world wide.,0.5,yes,10,5,138625,21,2016-06-12 20:32:30.977501+00,approved,274,46,True,0.0,0.0,0.0,0.0,0.0,0.0,0.0,0.0,0.0,0.0,0.0,0.0,0.0,0.0,0.0,0.0,0.0,0.0,0.0,0.0,0.0,0.0,0.8333333333333333,0.0
403651,"Just one more thing to heap on schools. Off school grounds, outside school hours? File a complaint with the local law enforcement if you like. Agree with the parents, this doesn't amount to something that should follow a kid( 7th grader) around forever.  Really, just talking about a sex act?? How puritan.",0.1,no,10,1,142364,13,2016-07-27 14:05:25.894530+00,approved,306,52,False,0.1666666666666666,0.0,0.0,0.0,0.0,0.0,0.0,0.0,0.0,0.0,0.0,0.0,0.0,0.0,0.0,0.0,0.0,0.0,0.0,0.0,0.0,0.0,0.0,0.0
5729734,"There are some studies cited here for performance of diverse teams:
https://hbr.org/2016/11/why-diverse-teams-are-smarter",0.1666666666666666,no,6,1,363901,13,2017-08-08 03:46:33.973365+00,approved,121,12,False,0.0,0.0,0.0,0.0,0.0,0.0,0.0,0.0,0.0,0.0,0.0,0.0,0.0,0.0,0.0,0.0,0.0,0.0,0.0,0.0,0.0,0.0,0.0,0.0
659241,Wow.  So people are supposed to be forced to shop at a store run by people they disagree with because conservative Christians want to hector people about their private lives?  Isn't that fascism?  Sorry but there are social consequences for holding beliefs that others find abhorrent.,0.0,no,4,0,154167,53,2016-12-04 15:20:02.590542+00,approved,284,46,True,0.0,0.0,0.0,0.0,0.0,0.0,0.0,0.0,1.0,0.0,0.0,0.0,0.0,0.0,0.0,0.0,0.0,0.0,0.0,0.0,0.0,0.0,0.0,0.0
5439041,"Simple growth is a fools errand in a finite world.  Progress comes from per capita income increases and high levels of equality.  Mass immigration has delivered sharply declining equality in Canada over the past 50 years.  We don't need any more people nor does the the land rather we need to invest in our people and build a sustainable and progressive society.

Cheers,
John Meyer",0.6,yes,10,6,345869,54,2017-06-19 13:13:01.558231+00,approved,382,65,False,0.0,0.0,0.0,0.0,0.0,0.0,0.0,0.0,0.0,0.0,0.0,0.0,0.0,0.0,0.0,0.0,0.0,0.0,0.0,0.0,0.0,0.0,0.0,0.0
705700,"The recount was initiated by democrats under the guise that trump did better in precincts where the machines were electronic than he did where votes were counted by hand.

As for the e-mails leaked - the guy that leaked them, Assange, said it wasn't the russians.  But even if it WAS!  Two things
1) do you really think that dramatically affected the outcome, or do you think dems should have stood behind a candidate the people actually liked, aka Bernie sanders instead of voting for someone they ""thought could win""?
2) what does it matter?  The emails weren't faked, they really happened.  The votes weren't faked, they also really happened.  What exactly is the result you're looking for?  Even if there was a video of trump asking Putin to help him out, (which there won't be) it wouldn't change the election....so....",0.0,no,4,0,156199,21,2016-12-13 23:39:53.738291+00,approved,824,141,False,0.3,0.1,0.0,0.0,0.1,0.0,0.0,0.0,0.0,0.0,0.0,0.0,0.0,0.0,0.1,0.1,0.0,0.0,0.0,0.0,0.0,0.0,0.0,0.1
458778,That's why his wives refer to him as Mr. Viagra popper.,0.5,yes,10,5,145060,21,2016-09-03 02:18:46.017230+00,rejected,55,11,False,0.0,0.4,0.0,0.0,0.0,0.0,0.0,0.0,0.0,0.0,0.0,0.0,0.0,0.0,0.0,0.0,0.0,0.0,0.0,0.0,0.0,0.0,0.0,0.0
5642466,SHS is an excellent spokesperson at the podium and handles the press well.  I agreed with you right up to the point of calling her laughable.,0.2,no,5,1,358239,54,2017-07-23 03:53:06.393072+00,approved,141,26,False,0.0,0.0,0.0,0.0,0.0,0.0,0.0,0.0,0.0,0.0,0.0,0.0,0.0,0.0,0.0,0.0,0.0,0.0,0.0,0.0,0.0,0.0,0.0,0.0
922387,"The Koran teaches that unbelievers are to be killed unless they convert or subjugate themselves and pay a protection tax, and anyone following that instruction would be guilty of a hate crime under US law.  

Let us therefore call Islam what it really is:  a teaching that incites hatred toward US citizens -  a hate crime in itself. 

Let us therefore also call Trump's Muslim ban what it really is:  a perfectly reasonable response by US leadership to stop the influx of hate criminals at it's borders. .",0.5,yes,10,5,164850,54,2017-01-30 18:45:22.509996+00,approved,506,88,True,0.0,0.0,0.0,0.0,0.0,0.0,0.0,0.0,0.0,0.0,1.0,0.0,0.0,0.0,0.1666666666666666,0.0,0.0,0.0,0.1666666666666666,0.0,0.0,0.0,0.0,0.0
5284422,"""... its too bad we cant move them all to an island.""
Ah, yes, move ""them all to an island,"" or a camp, or a gulag, or some such.
Wow! Isn't that exactly what a dictator in the last century did with those he didn't like  -- Social Democrats, Democrats, homosexuals, Jehova's Witnesses Gypsies, artists?
 Five million perished.
Scary, scary comment.",0.3,no,10,3,336296,54,2017-05-21 15:49:36.503369+00,approved,348,61,True,0.0,0.0,0.0,0.0,0.0,1.0,0.0,0.0,0.4,0.0,0.0,0.0,0.0,0.0,0.0,0.0,0.0,0.0,0.0,0.0,0.0,0.0,0.0,0.0
1001638,"Is Turner a transplant to our country,  he  is a darker Blackman than most American Blacks",0.7,yes,70,49,168468,21,2017-02-16 06:30:54.468333+00,rejected,90,16,True,0.1666666666666666,0.0,0.0,0.0,0.0,0.0,0.0,0.0,0.0,0.0,0.0,0.0,0.0,0.0,0.0,1.0,0.0,0.0,0.0,0.0,0.0,0.0,0.0,0.0
5249326,"Sorry Michelle.  Not all Americans can send their kids to private school where their $30,000 tuition also pays for a decent lunch.  The rest of America has to get by with public schools and crappy lunches that don't satisfy a waif let alone a growing child.  No wonder lots of districts were ditching the program well before Trump was elected.",0.5,yes,10,5,334168,54,2017-05-12 19:37:11.516210+00,approved,343,60,False,0.0,0.0,0.0,0.0,0.0,0.0,0.0,0.0,0.0,0.0,0.0,0.0,0.0,0.0,0.0,0.0,0.0,0.0,0.0,0.0,0.0,0.0,0.0,0.0
6304485,Moral judgements cannot be made on a woman’s uterus no more than they can be made on an arm or a leg. The unborn child is not up for judgement either as it is innocent of any crime. What is up for judgement is the morality of the very act of deliberate abortion.,0.1666666666666666,no,6,1,397542,53,2017-11-07 00:09:06.142789+00,approved,262,53,True,0.0,0.8333333333333333,0.0,0.0,0.0,0.0,0.0,0.0,0.0,0.0,0.0,0.0,0.0,0.0,0.0,0.0,0.0,0.0,0.0,0.0,0.0,0.0,0.0,0.0
5334298,"So, in citing any number of statistics, the author fails to present statistical evidence of even a modest correlation between a single (female led) family and male radicalization. 

Instead, the article spins off wildly to a broader diatribe about single families and males. While males are less likely to attend post-secondary (particularly university), the percentage of males attending university has increased. Yes, even while young woman are attending in greater numbers, the percentage of young men has gone up as well - just at a lesser rate. The reasons are multi-faceted including the fact that women gain more economically from university than men.

Nor is any evidence provided demonstrating a link between single female led families and young men not attending university. And any such link would have to adjust for income since we know single parent families are more likely to be low income families - leaving the question, is it the absence of a father or absence of decent income.",0.0,no,4,0,339399,54,2017-05-31 17:40:36.759+00,approved,996,162,True,1.0,1.0,0.0,0.0,0.0,0.0,0.0,0.0,0.0,0.0,0.0,0.0,0.0,0.0,0.0,0.0,0.0,0.0,0.0,0.0,0.0,0.0,0.0,0.0
6271289,"If Muslims want to run away from Muslim countries, does that make them Islamophobics?",0.1666666666666666,no,6,1,395954,55,2017-11-02 04:30:18.420322+00,rejected,85,14,True,0.0,0.0,0.0,0.0,0.0,0.0,0.0,0.0,0.0,0.0,1.0,0.0,0.0,0.0,0.0,0.0,0.0,0.0,0.0,0.0,0.0,0.0,0.0,0.0
6154946,"A mysterious comment......but to be fair, you are judged by the company you keep. That's just life. But, I'm intrigued as to the nature of the actual conspiracies.......and please, let's steer clear of the old hackneyed WMC conspiracy. That's as valid as the old rooi and swart gevaar rubbish we used to get fed in the bad old days.

If NKZ wants to run a ""clean campaign"" she should shed (preferably slaughter), her albatross.",0.5,yes,10,5,389529,100,2017-10-16 09:55:07.123420+00,approved,427,74,False,0.0,0.0,0.0,0.0,0.0,0.0,0.0,0.0,0.0,0.0,0.0,0.0,0.0,0.0,0.0,0.0,0.0,0.0,0.0,0.2,0.0,0.0,0.0,0.0
5782820,YES!!!!!!!!!!!!!!!!!!,0.0,no,4,0,367095,102,2017-08-16 20:05:08.127154+00,approved,21,1,False,0.0,0.0,0.0,0.0,0.0,0.0,0.0,0.0,0.0,0.0,0.0,0.0,0.0,0.0,0.0,0.0,0.0,0.0,0.0,0.0,0.0,0.0,0.0,0.0
5324859,"I didn't mention Scheer. If you perceive slagging, maybe your defensiveness is getting the better of you. The article argues that Liberals are anti-Christian, when in fact they are officially pro-Charter and pro-Supreme Court. Whether someone's beliefs about gay marriage, abortion and LGBTQ people stem from a religion of any kind or from nostalgia for a more rigid past social order, they do not trump the law of the land. This is the Liberal position.",0.7,yes,10,7,338721,54,2017-05-30 02:51:53.653414+00,approved,454,75,True,0.0,0.0,0.1,0.0,0.1,0.5,0.1,0.0,0.5,0.0,0.0,0.0,0.0,0.0,0.0,0.0,0.0,0.0,0.0,0.0,0.0,0.0,0.0,0.0
7165420,"FIRE THEM! . . . before the all quit.

No worries.  He still has ""great"", ""excellent"" business people advising him. . . .  Omarosa. . . Jared. . . Ivanka. . . . Bannon. . .",0.0,no,4,0,367260,55,2017-08-16 18:06:44.479192+00,approved,172,36,False,0.0,0.0,0.0,0.0,0.0,0.0,0.0,0.0,0.0,0.0,0.0,0.0,0.0,0.0,0.0,0.0,0.0,0.0,0.0,0.0,0.0,0.0,0.0,0.0
7066830,"And we are not going to entertain you Randy, because you are, or already have drank the koolaide. It is not possible for a bitter, blind fool to save the world from blind fools. 

I have read your webpage and know what you are about. You present all your great knowledge there for all to see. So what motivates you to spend all your time traveling into other's communities to ""evangelize"" your goods? The truth is, some whores get their pay in money, and others go a-whoring for their own reasons. Your website exposes your reasons.

You have no concern for our community, for our teeth, for our health, or even for the integrity of our science or knowledge. A person who is interested in building people up does not castigate every person they speak to. The truth is, you are only interested in exalting yourself and in proclaiming yourself to be a scientific savior of the world in your make-believe doctrines about fluoridi-cide.  Find another community to pleasure yourself in. It's disgusting.",0.9,yes,10,9,142971,43,2016-08-08 19:38:41.065612+00,rejected,998,173,False,0.0,0.0,0.0,0.0,0.0,0.0,0.0,0.0,0.2,0.0,0.0,0.0,0.0,0.0,0.0,0.0,0.0,0.0,0.0,0.0,0.2,0.0,0.0,0.0
5546736,"Absolute rubbish.  High immigration levels and restrictive land use guarantee seven figure home prices indefinitely.  Those who don't qualify will move down market and push the bottom end higher and if they still don't qualify they will push rents higher.  If any other outcome results, the economy will roll over and interest rates will quickly backoff.  The party rolls on!",0.4,no,10,4,352563,54,2017-07-07 16:02:43.586412+00,approved,375,60,False,0.0,0.0,0.0,0.0,0.0,0.0,0.0,0.0,0.0,0.0,0.0,0.0,0.0,0.0,0.0,0.0,0.0,0.0,0.0,0.0,0.0,0.0,0.0,0.0
5389347,"Medical practitioners are by and large paid by the provincial Health insurance schemes.
So what do the payments and other benefits from pharma companies represent? Must be bribes to push their drugs on their patients.  I had at one time a doctor give me a free sample of a branded drug after I had been started for several months on a generic version. On the next visit I was asked of I had noticed a difference and the doctor was visibly disappointed when I told him that I hadn't and was happy with the generic one.

At the very least benefits to doctors from vendors ought to be available publicly by individual. Better still pass a law to prohibit them entirely. Bribing is an offence in just about any other area where taxpayers' money is involved. So it should be with the tax funded medical industry.",0.0,no,4,0,342692,54,2017-06-10 00:08:28.056341+00,approved,807,146,False,0.0,0.0,0.0,0.0,0.0,0.0,0.0,0.0,0.0,0.0,0.0,0.0,0.0,0.0,0.0,0.0,0.0,0.0,0.0,0.0,0.0,0.0,0.0,0.0
999492,"It is not treason.  It is whistle blowing.  Your ilk said the same thing about Watergate, about the Pentagon Papers (against Johnson by the way).  And Nixon ran a campaign to discredit Ellsberg and the charges against him were dropped.  So knock it off.  If you prefer a police state, go to Russia.",0.1666666666666666,no,6,1,168369,54,2017-02-15 19:55:00.439443+00,approved,298,53,False,0.0,0.0,0.0,0.0,0.0,0.0,0.0,0.0,0.0,0.0,0.0,0.0,0.0,0.0,0.0,0.0,0.0,0.0,0.0,0.0,0.0,0.0,0.0,0.0
5869357,"Unless we are talking rape or incest or some other illegal act against her, all a woman has to do is hold that birth control pill between both knees.",0.6,yes,10,6,372137,13,2017-08-30 18:37:21.785200+00,approved,149,29,True,0.0,0.7,0.0,0.0,0.0,0.0,0.0,0.1,0.0,0.0,0.0,0.0,0.0,0.0,0.0,0.0,0.1,0.0,0.0,0.0,0.0,0.0,0.0,0.0
5755968,"First of all, it is obvious that Stephen Miller, a senior policy advisor in the White House, is seriously steeped in the culture of white nationalism.
He parrots their viewpoints and has adopted their language.
That isn’t breaking news to most of us, but this level of immersion is deeply disturbing.
Secondly, when it came time to defend the president’s proposed immigration reforms, the White House decided to give that job to Stephen Miller, who not only did so by fanning the culture war flames, he also sent out clear dog whistles to his white nationalist friends that this administration stands with them.
Trump, the admitted white supremacist and his white power henchmen.
Family values, Trumpism style",0.6,yes,10,6,365818,21,2017-08-12 18:00:37.115350+00,approved,709,117,True,0.0,0.0,0.0,0.0,0.0,0.0,0.0,0.0,0.0,0.0,0.0,0.0,0.0,0.0,0.0,0.0,0.8333333333333333,0.0,0.0,0.0,0.0,0.0,0.0,0.0
675635,"The government needs to get off immigration and start doing something for those of us  that have paid taxes in Canada !
How stupid to give away millions of our money to everyone but us !
Will we ever see these immigrants that are here now pay their own way ?",0.6375,yes,80,51,155153,54,2016-12-07 19:27:42.886461+00,approved,258,51,False,0.0,0.0,0.0,0.0,0.0,0.0,0.0,0.0,0.0,0.0,0.0,0.0,0.0,0.0,0.0,0.0,0.0,0.0,0.0,0.0,0.0,0.0,0.0,0.0
1013076,"501(c)(3)'s cover a wide range of non profits, but as they relate to church, it is easy to see that the prohibition on candidate issues are part of the same cloth as our tax exemptions.  Remove one and you open the door to the other.  It has been 65 years since California dealt with anti-Catholic challenges to our tax exemptions, it is not a history to be relived.  Remember, the devotees of Christocracy see us as the other team, be cautious what you wish for...",0.1666666666666666,no,6,1,169063,53,2017-02-18 17:23:51.473986+00,approved,465,85,True,0.0,0.0,0.0,0.0,0.0,0.0,0.0,0.0,1.0,0.0,0.0,0.0,0.0,0.0,0.0,0.0,0.0,0.0,0.0,0.0,0.0,0.0,0.0,0.0
6027330,"What a pinhead Trump is. Instead of being concerned about the anthem or the flag why isn't he concerned that African American people are still going through horrendous treatment 60 years after Little Rock and other segregation era policies. 50 years after the Black power salute at the 1968 Olympics and these people still have to go through this.

That's what the concern should be, not about the stupid anthem or flag. How ignorant does your president have to get before you clueless folks who back him  tell him he's a fool and a complete embarrassment to the USA.",0.7076923076923077,yes,65,46,382087,54,2017-09-26 16:46:56.577831+00,approved,567,99,True,0.2,0.0,0.0,0.0,0.0,0.0,0.0,0.0,0.0,0.0,0.0,0.0,0.0,0.0,0.0,1.0,0.0,0.0,0.0,0.0,0.0,0.0,0.0,0.0
5129048,Voting NDP all the way....woo hoo ...ding dong the witch to be gone,0.5,yes,10,5,326589,54,2017-04-13 15:58:37.747073+00,approved,67,13,False,0.0,0.1666666666666666,0.0,0.0,0.0,0.0,0.0,0.0,0.0,0.0,0.0,0.0,0.0,0.0,0.0,0.0,0.0,0.0,0.0,0.0,0.0,0.0,0.0,0.0
5402233,"By the way ... the administration has done absolutely nothing to develop the ""extreme vetting"" program he campaigned on.  If Trump had actually done something about that, the issue would already be resolved.

The judges are being asked to act on an emergency request at the same time the administration is doing nothing at all to fix the alleged problem the temporary Muslim ban was developed to solve.  The problem for Mr. Trump is that he is a pathological liar (which all judges know at this point) and an imbecile.",0.8,yes,10,8,343438,55,2017-06-12 19:19:30.245725+00,approved,518,90,True,0.0,0.0,0.0,0.0,0.0,0.0,0.0,0.0,0.0,0.0,0.8,0.0,0.0,0.0,0.0,0.0,0.0,0.0,0.0,0.0,0.0,0.0,0.0,0.0
5355443,"""There is nowhere to deport them"". During the Soviet era, the USSR had a place to which it deported millions of its own native-born citizens -Siberia. Perhaps the U.K. could exile its native-born terrorists to one of several uninhabited islands that it still owns in the South Atlantic.",0.0,no,5,0,340599,54,2017-06-04 16:41:34.575800+00,rejected,286,48,False,0.0,0.0,0.0,0.0,0.0,0.0,0.0,0.0,0.0,0.0,0.0,0.0,0.0,0.0,0.0,0.0,0.0,0.0,0.0,0.1666666666666666,0.0,0.0,0.0,0.0
5336556,"What you say has some gut-level validity.  But what do you suggest be done with rapists who later murder their victims, or nearly as egregious, those who murder and THEN rape?",0.7,yes,10,7,339417,55,2017-05-31 23:58:09.366091+00,approved,175,31,False,0.0,0.0,0.0,0.0,0.0,0.0,0.0,0.0,0.0,0.0,0.0,0.0,0.0,0.0,0.0,0.0,0.0,0.0,0.0,0.0,0.0,0.0,0.0,0.0
7145544,"""Using a methodology that is fully consonant with Catholic teaching, employing Scripture, the rich pastoral heritage of the church and an unadulterated realism that makes clear both the difficulty and the imperative for establishing deeper dialogue, Father Martin opens a door for proclaiming that Jesus Christ and his church seek to embrace fully and immediately men and women in the L.G.B.T. community.""

It doesnt seem like Martin has strayed. Of course, the Bishop is concerned with the sin involved in vilifying, not the sin involved in homosexuality. Perhaps that is why you dont like his article, since he is pointing out a different sin than the one you want to discuss?
Your other point is similar. The Bishop does not read anyone's mind, or identify anyone with cancer. The ""cancer of vilification"" is behavior of people within the Church and outside, but always people in dialogue. There is no effort to exclude them, just an attempt to call them away from sin.",0.0,no,4,0,380427,53,2017-09-22 20:56:33.007363+00,approved,972,162,True,1.0,1.0,0.0,0.0,0.0,0.6,0.2,0.2,1.0,0.0,0.0,0.0,0.0,0.0,0.0,0.0,0.0,0.0,0.0,0.0,0.0,0.0,0.0,0.0
5226679,"Ten billion dollars and counting. The original price tag was five billion, so it has doubled in cost. Think about it, five billion dollars more that's a lot of money people. For those who wish they had a million dollars ($1,000,000), well a billion dollars ($1,000,000,000) is a thousand million so five billion amounts to five thousand million ($5,000,000,000). That's a lot of money to spread around and just think the final cost might be as high a fifteen billion dollars ($15,000,000,000) that's ten thousand million more. Just think if you hired a contractor to build your home and were quoted a million dollars ($1,000,000) then half way through the construction he tell you he needs another million dollars ($1,000,000) to finish and maybe more, what would you do? What would happen to you?
Well it's not Caldwell's money so he could give a rip, I wonder if a lot of people are getting rich, sure is a lot of money to spread around, any of you one of them?",0.0,no,4,0,332623,55,2017-05-07 18:07:55.658141+00,approved,963,170,False,0.0,0.0,0.0,0.0,0.0,0.0,0.0,0.0,0.0,0.0,0.0,0.0,0.0,0.0,0.0,0.0,0.0,0.0,0.0,0.0,0.0,0.0,0.0,0.0
5964089,It's these white bosses themselves who have heavily influenced (god knows with what kind of threats) this action. Not only should KPMG stop operating but also be forced to reveal their influencers.,0.5,yes,10,5,378252,100,2017-09-16 13:55:05.200927+00,approved,197,32,True,0.0,0.0,0.0,0.0,0.0,0.0,0.0,0.0,0.0,0.0,0.0,0.0,0.0,0.0,0.0,0.0,1.0,0.0,0.0,0.0,0.0,0.0,0.0,0.0
417667,"Mentally ill is hating your own color and race, something in the world only liberal progressives do.  Wanting to water down your own majority population with immigrants is another sure sigh of mental disorder only practiced in the West and no where else on the planet.  Another sure sign is being so completely full of fetid psychotic narcissism that you think that you are intelligent enough to tell the majority that they must accept your extreme minority views on race, sex and crime.",0.5714285714285714,yes,77,44,143071,21,2016-08-05 04:50:33.783496+00,approved,487,83,True,0.0,0.0,0.0,0.0,0.0,0.0,0.0,0.0,0.0,0.0,0.0,0.0,0.0,0.0,0.0,0.0,0.0,0.0,0.0,0.0,0.0,0.0,1.0,0.0
5599299,"""An article in a Vatican-reviewed journal released this week blasted evangelical and Catholic allies of President Trump for attempting to impose a ""theocratic"" worldview and practicing ""apocalyptic geopolitics.""

CNN reported Saturday that an article in La Civilt Cattolica blasted ""value voters"" who support the Trump administration for becoming a ""community of combatants"" in America.
 
 The article's two authors, who are close confidants of Pope Francis, accused Catholic and evangelical voters of coming together over a ""xenophobic and Islamophobic vision that wants walls and purifying deportations.""

Let's have yet another religious war!  The Pope versus the evangelicals!  ""God"" will sort them out after they are dead!",0.4,no,10,4,355571,13,2017-07-15 18:35:53.075817+00,approved,727,105,True,0.0,0.0,0.0,0.0,0.0,0.0,0.0,0.0,0.8333333333333333,0.0,0.0,0.0,0.0,0.0,0.1666666666666666,0.0,0.0,0.0,0.0,0.0,0.0,0.0,0.0,0.0
5781009,"Let's see, there were Muslim Conservative candidates in the last election, one of the top cabinet ministers from the Harper government is gay, and Harper increased immigration throughout his term as Prime Minister, in addition to a generous refugee program - you are embarrassing yourself and only highlight the shameless ignorance of the token anti-Conservative blowhard. When you wake up in the middle of the night in cold sweats shouting ""Harper!"" - it's called HDS and you should seek professional help.",0.6,yes,10,6,366992,54,2017-08-16 17:00:27.481927+00,rejected,507,81,True,0.0,0.0,0.0,0.0,0.0,1.0,0.0,0.0,0.0,0.0,1.0,0.0,0.0,0.0,0.0,0.0,0.0,0.0,0.0,0.0,0.0,0.0,0.0,0.0
766968,"If the hispanics and african Americans, who are the main reason for all the deaths, want to continue to kill each other over tennis shoes.....have at er. Let the criminals shoot it out which will lessen the amount we have to pay for in prison. Where are the black lives protestors now?",0.8,yes,10,8,159098,21,2016-12-29 19:25:16.428998+00,approved,285,52,True,0.0,0.0,0.0,0.0,0.0,0.0,0.0,0.0,0.0,0.0,0.0,0.0,0.0,0.0,0.0,0.7,0.0,0.0,0.4,0.4,0.0,0.0,0.0,0.0
5245840,"I am a fan of Michael Voris though he would not return the compliment. I am a former Catholic, now a Bible believing Christian. And I respect Voris even though he is very deceived by Rome. But unlike the writer of this diatribe, he is faithful in his defense of the Catholic Catechism. He interprets church doctrine down to the letter of the law and abhors all you hypocrites who play fast and loose with RCC dogma. He is more admiral for his heroic efforts in confronting you fake Catholics. Both sides in this dispute are wrong, but Voris is at least being honest and no respecter of persons, while his Catholic critics are a bunch of cowards that don't believe your own teachings. I laugh at your pain. You have it coming.
Chat Conversation End",0.2,no,5,1,333754,53,2017-05-12 00:17:07.506982+00,rejected,747,136,True,0.0,0.0,0.0,0.0,0.0,0.0,0.0,0.0,1.0,0.0,0.0,0.0,0.0,0.0,0.0,0.0,0.0,0.0,0.0,0.0,0.0,0.0,0.0,0.0
614450,Kind of like the electoral college right? When a few thousand votes in Michigan count more than 2 million in California?,0.0,no,4,0,152335,21,2016-11-20 04:37:50.439888+00,approved,120,21,False,0.0,0.0,0.0,0.0,0.0,0.0,0.0,0.0,0.0,0.0,0.0,0.0,0.0,0.0,0.0,0.0,0.0,0.0,0.0,0.0,0.0,0.0,0.0,0.0
5704318,"RE ""the church is not a business. Neither is a university.""

Try operating either for a few years without basic business principles, i.e. cash in > cash out, and see how long that works out.",0.0,no,4,0,362061,53,2017-08-02 19:38:09.227572+00,approved,190,35,False,0.0,0.0,0.0,0.0,0.0,0.0,0.0,0.0,0.3,0.0,0.0,0.0,0.0,0.0,0.0,0.0,0.0,0.0,0.0,0.0,0.0,0.0,0.0,0.0
5947400,"With all your hysteric comments about ""white supremacy"" and us being the most violent nation.  Remember this: Black men are  primarily responsible for that.  They are only 3.5% of the entire population and yet they commit 52% of the Homicides!!!  They are 40 times, not twice, not triple, not 10 times, but FORTY times more likely to commit a violent crime than white men.  Look it up on the DOJ data.  Further Muslims have killed way more Christians than the other way around, do some research Charles.",0.5,yes,10,5,376940,13,2017-09-13 19:06:27.974145+00,approved,503,87,True,0.7,0.0,0.0,0.0,0.0,0.0,0.0,0.1,0.8,0.0,0.6,0.0,0.0,0.0,0.0,0.9,0.9,0.0,0.0,0.0,0.0,0.0,0.0,0.0
994818,"I certainly believe that, and I think Pandemonium does too.",0.0,no,4,0,168148,53,2017-02-14 19:46:11.154941+00,approved,59,10,False,0.0,0.0,0.0,0.0,0.0,0.0,0.0,0.0,0.0,0.0,0.0,0.0,0.0,0.0,0.0,0.0,0.0,0.0,0.0,0.0,0.0,0.0,0.0,0.0
826441,"His ""immenseness""  Spews this "" We’re all in it for Jesus, His Church,  our good  people, not for ourselves!""

Thank you Dolan for changing my life!  

The fraudulent bankruptcy that you orchestrated has left Milwaukee AD with over 200 million dollars in cash tucked away in scam trusts, and hundreds of millions of dollars in real estate.  

( bankrupt with 200+ million in cash, 3times that in real estate?)

I planned on taking the secret of my abuse to the grave with me.  Your scheme had your Lackey Listecki bait victims like me to come forward with the false promises of healing resolution and fair compensation.  He then spent 5 years and most of the estate on a dirty legal campaign designed to toss out every single victims claim.

The horrid side effects of clergy abuse that I spent years trying to contain have relentlessly been released during the torturous 5 year betrayal that promised me healing.  This final betrayal has severely damaged me and left me without hope.",0.2,no,5,1,161267,53,2017-01-11 22:32:39.517099+00,rejected,984,169,True,0.0,0.0,0.0,0.0,0.0,0.0,0.0,0.0,0.6,0.0,0.0,0.0,0.0,0.0,0.0,0.0,0.0,0.0,0.0,0.0,0.0,0.0,0.0,0.0
5132894,Cue the usual jihadist apologists....,0.0,no,4,0,326926,54,2017-04-14 14:24:04.651450+00,rejected,37,5,False,0.0,0.0,0.0,0.0,0.0,0.0,0.0,0.0,0.0,0.0,0.1666666666666666,0.0,0.0,0.0,0.0,0.0,0.0,0.0,0.0,0.1666666666666666,0.0,0.0,0.0,0.0
5847511,I'm back on my meds now and can't find any racism to screech about.,0.2,no,5,1,371070,21,2017-08-26 23:17:02.635122+00,rejected,67,14,False,0.0,0.0,0.0,0.0,0.0,0.0,0.0,0.0,0.0,0.0,0.0,0.0,0.0,0.0,0.0,0.0,0.0,0.0,0.0,0.0,0.0,0.0,0.0,0.0
5552148,"RIDICULOUS.
LOL!!!",0.6451612903225806,yes,62,40,352672,53,2017-07-08 09:24:57.354410+00,rejected,18,2,False,0.0,0.0,0.0,0.0,0.0,0.0,0.0,0.0,0.0,0.0,0.0,0.0,0.0,0.0,0.0,0.0,0.0,0.0,0.0,0.0,0.0,0.0,0.0,0.0
985759,"Gary needs to watch the interview of Dr.Alveda King and her comments concerning her discussions with Coretta King about Sessions and also her views concerning Warren. I will give the angry black women more credibility than the white women that lied about being a Native American.  Coretta King had a much different view of Sessions in her later life then when the letter was written.  Warren used an OUTDATED LETTER that no longer honestly portrayed Coretta Kings view of Sessions.  Of course that would not fit the talking points of the left.  It is also why the RG did not report on the interview.  Possibly the knowledge she obtained from getting to know Sessions was the reason for the change of her opinion. Free speech is great.  Not reporting relevant speech is also free speech, just filtered a little to limit relevant knowledge.",0.0,no,4,0,167576,13,2017-02-12 17:08:07.600201+00,approved,838,143,True,0.0,1.0,0.0,0.0,0.0,0.0,0.0,0.0,0.0,0.0,0.0,0.0,0.0,0.0,0.0,1.0,1.0,0.0,0.0,0.0,0.0,0.0,0.0,0.0
1007388,"Could you please provide a list of Muslim extremists who have been welcomed to Canada and then plot to blow up parts of this country?

Seems to me the most recent terrorist act in Canada was committed by a born and bred Canadian white boy.  Maybe your issue isn't with people being murdered as much as it is with WHITE people being murdered.  Something to think about.",0.5,yes,10,5,168729,54,2017-02-17 15:13:43.467068+00,approved,368,67,True,0.3,0.0,0.0,0.0,0.0,0.0,0.0,0.0,0.0,0.0,0.9,0.0,0.0,0.0,0.0,0.0,0.9,0.0,0.0,0.0,0.0,0.0,0.0,0.0
1082194,"Hey Dude! Guess who just dumped you on fb?  Or guess who just took a dump on your f-b.

Yute Air has shown the true class of its owners.  No respect for customers.  No respect for employees.

I am sure that are ""sad"" to tell them employees to go **** themselves.

In the long run the YK will be better off without them.

And ADN, quit screwing with the Header Bar.",0.5,yes,10,5,317090,21,2017-03-05 23:50:02.428977+00,rejected,364,71,False,0.0,0.0,0.0,0.0,0.0,0.0,0.0,0.0,0.0,0.0,0.0,0.0,0.0,0.0,0.0,0.0,0.0,0.0,0.0,0.0,0.0,0.0,0.0,0.0
399488,"Oh well please tell all the gentle readers about your military cowardice er,uh I mean prowess. We can't wait to hear your war stories.  I don't care if you're Chris Kyle your still never getting near my property.  I choose not to acknowledge the genetically disenfranchised.",0.5,yes,10,5,142143,21,2016-07-24 06:14:50.952340+00,rejected,274,46,False,0.0,0.0,0.0,0.0,0.0,0.0,0.0,0.0,0.0,0.0,0.0,0.0,0.0,0.0,0.0,0.0,0.0,0.0,0.0,0.0,0.0,0.0,0.0,0.0
1008426,"Just like Hitler's SS rounding up the jews, gypsies, homosexuals, clergy etc.  Agent Orange is laying the base for a police state.  Impeach this unfit and deluded idiot, please!",0.7692307692307693,yes,65,50,168840,54,2017-02-17 17:50:17.475370+00,rejected,177,29,True,0.0,0.0,0.0,0.0,0.0,1.0,0.0,0.0,0.25,1.0,0.0,0.25,0.0,0.0,0.0,0.0,0.0,0.0,0.0,0.0,0.0,0.0,0.0,0.0
585122,Federal lands are not managed anymore.  I spend a lot of time in them and have seen the decline over the years.  Now they just burn.,0.1666666666666666,no,6,1,151004,13,2016-11-08 22:15:10.720862+00,approved,132,26,False,0.0,0.0,0.0,0.0,0.0,0.0,0.0,0.0,0.0,0.0,0.0,0.0,0.0,0.0,0.0,0.0,0.0,0.0,0.0,0.0,0.0,0.0,0.0,0.0
891803,Interesting to know that Planned Parenthood sponsored the so-called woman's march.  Goes to show how many suckers there are in this country.,0.6216216216216216,yes,74,46,163826,13,2017-01-24 20:18:55.500302+00,approved,140,22,True,0.0,1.0,0.0,0.0,0.0,0.0,0.0,0.0,0.0,0.0,0.0,0.0,0.0,0.0,0.0,0.0,0.0,0.0,0.0,0.0,0.0,0.0,0.0,0.0
951418,"Melania trump made lesbian porn ms/mr cat. Bet that's something they're not making a big deal out of at Fox or limpbaugh are they? Truth is the few people who showed up for the sexual predator trump's inauguration were just a slice of America as well though a much smaller slice than the massive crowds that showed up in DC and around the world in support of human rights the day after the tiny inaugural thingamajig. You wanna talk demeaning how about the POTUS being caught on tape saying he had the right to sexually assault women by ""grabbing them by the pu#$y""? Doesn't that turn your stomach? We're not talking about some singer or actor here but the POTUS saying this totally disgusting ugliness. If I ever caught my son saying something that sexist there would be hell to pay.",0.7,yes,10,7,166159,21,2017-02-05 02:41:46.005515+00,approved,784,141,True,0.1,0.9,0.0,0.0,0.1,0.5,0.0,0.0,0.0,0.0,0.0,0.0,0.0,0.0,0.0,0.0,0.0,0.0,0.0,0.0,0.0,0.0,0.0,0.0
878692,"No, they're protesting for their daughters, decency, and the many more millions of women who voted against Trump.",0.0,no,4,0,163252,54,2017-01-22 09:01:16.838695+00,approved,113,18,True,0.0,1.0,0.0,0.0,0.0,0.0,0.0,0.0,0.0,0.0,0.0,0.0,0.0,0.0,0.0,0.0,0.0,0.0,0.0,0.0,0.0,0.0,0.0,0.0
851078,"Note to Liberals:
Bringing up the existence of Trump to in an attempt to shut up dissent about your insane immigration policies and your frantic rush to bring in Muslim refugees is pretty pathetic and insulting to anyone of intelligence.",0.5875,yes,80,47,162092,54,2017-01-17 04:37:07.157657+00,approved,237,40,True,0.0,0.0,0.0,0.0,0.0,0.0,0.0,0.0,0.0,0.0,0.8333333333333333,0.0,0.0,0.0,0.0,0.0,0.0,0.0,0.0,0.0,0.0,0.0,0.0,0.0
6164617,I notice the teacher is white.  Is this an example of white privilege?,0.1,no,10,1,389874,54,2017-10-17 17:01:45.482701+00,approved,70,13,True,0.0,0.0,0.0,0.0,0.0,0.0,0.0,0.0,0.0,0.0,0.0,0.0,0.0,0.0,0.0,0.0,1.0,0.0,0.0,0.0,0.0,0.0,0.0,0.0
964595,Democrats don't kill babies. It is up to the mother if she want the abortion or not. I am sure their are plenty of independent women who have abortion also. Not only that white women also have abortions.,0.2,no,10,2,166673,53,2017-02-08 03:38:11.809862+00,approved,203,38,True,0.0,1.0,0.0,0.0,0.0,0.0,0.0,0.0,0.0,0.0,0.0,0.0,0.0,0.0,0.0,0.1666666666666666,0.8333333333333333,0.0,0.0,0.0,0.0,0.0,0.0,0.0
5545087,"Perhaps if Bell Potty were to make a substantial (VERY substantial) donation to organisations such as Section 27 or Right to Know (or even to this esteemed online publication?) to help correct the damage done, I would begin to see them more favourably. Words are cheap, and apologies, particularly those that have every appearance of being reluctant and forced, are meaningless without significant and real compensation.

Simply calling for them to ""pay back the money"" is pointless. Pay back to who? To the client (Oakbay/Guptas)? Hell, no! That is not an option. The money, assuming they'll put their money where their potty mouth is, has to go to organisations working for real and tangible change.",0.1666666666666666,no,6,1,352526,100,2017-07-07 12:19:13.938388+00,approved,701,115,False,0.0,0.0,0.0,0.0,0.0,0.0,0.0,0.0,0.0,0.0,0.0,0.0,0.0,0.0,0.0,0.0,0.0,0.0,0.0,0.0,0.0,0.0,0.0,0.0
7142572,"-A primary reason that the US experiment with the Lay Trustee system failed is because the clergy couldn't dictate what was to happen to the temporal aspects of the parish.

     https://www.britannica.com/topic/trusteeism--",0.0,no,4,0,353615,53,2017-07-11 20:06:38.884047+00,approved,224,31,False,0.0,0.0,0.0,0.0,0.0,0.0,0.0,0.0,0.0,0.0,0.0,0.0,0.0,0.0,0.0,0.0,0.0,0.0,0.0,0.0,0.0,0.0,0.0,0.0
370926,That's the answer to everything these days cut education and cuts to fixing roads and rebuilding our infrastructure our bridges are falling apart all over the United States. Let's cut the politicians paychecks lord knows they have been getting paid for doing nothing ever since Obama took office,0.1666666666666666,no,6,1,140371,21,2016-06-30 21:07:00.393840+00,approved,295,48,False,0.0,0.0,0.0,0.0,0.0,0.0,0.0,0.0,0.0,0.0,0.0,0.0,0.0,0.0,0.0,0.0,0.0,0.0,0.0,0.0,0.0,0.0,0.0,0.0
7018729,"One tenth of a percent, taken ten times, makes one percent. If you take one percent ten times that makes ten percent. I'm sorry but those little things count because they add up. If our legislators can't even deal with those little things, it's a cinch they can't deal with the larger problems. One aw shit takes away ten atta boys, so our legislature in in deficit more ways than one.",0.5,yes,10,5,138994,21,2016-06-17 18:13:32.658796+00,approved,385,71,False,0.0,0.0,0.0,0.0,0.0,0.0,0.0,0.0,0.0,0.0,0.0,0.0,0.0,0.0,0.0,0.0,0.0,0.0,0.0,0.0,0.0,0.0,0.0,0.0
6279151,"The only significant tax deduction my wife and I have left is medical expense (unfortunately).  And, now, these fascists, these far, hard right-wing extremists want to take that away from me.  Thanks a heap you monsters.",0.8333333333333333,yes,6,5,396331,102,2017-11-03 03:42:10.483017+00,approved,220,36,False,0.1,0.4,0.0,0.0,0.0,0.0,0.0,0.0,0.0,0.0,0.0,0.0,0.0,0.0,0.0,0.0,0.0,0.0,0.0,0.0,0.0,0.0,0.0,0.0
875905,"Obama did try to unify all Americans but there are still many Americans out there who couldn't accept that we had a black president and would do whatever they could to make him fail.  That is pretty much Mitch McConnell's strategy.  
Don't let them blind you AKskiman, the oligarchy wants us to fight so they can take advantage of us.  Trump has always been a conman.  we have to make sure he does what is good for all of us and we don't get scam.  be skeptical, push hard, and don't let them divide and conquer us.  Poor whites and inner city blacks are getting screwed in this country the same and corporations are making bank.",0.6,yes,10,6,163168,21,2017-01-21 20:57:54.307416+00,approved,629,116,True,0.0,0.0,0.1,0.0,0.0,0.1,0.0,0.0,0.0,0.0,0.0,0.1,0.0,0.0,0.1,0.8,0.6,0.0,0.0,0.0,0.1,0.0,0.1,0.0
5689122,"It's not a blockbuster, but we have a couple of video stores near me in small towns. I was surprised.",0.0,no,4,0,361167,21,2017-07-31 11:16:41.068989+00,approved,101,20,False,0.0,0.0,0.0,0.0,0.0,0.0,0.0,0.0,0.0,0.0,0.0,0.0,0.0,0.0,0.0,0.0,0.0,0.0,0.0,0.0,0.0,0.0,0.0,0.0
5513273,Nova Scotians knew joining Canada was a bad idea that would  destroy our economy . But we were betrayed by the political elite . Just as we are being betrayed now by the the political elite  with mass immigration and free trade talks with China .,0.3,no,10,3,350728,54,2017-07-01 23:34:42.022666+00,approved,246,46,False,0.0,0.0,0.0,0.0,0.0,0.0,0.0,0.0,0.0,0.0,0.0,0.0,0.0,0.0,0.0,0.0,0.0,0.1666666666666666,0.0,0.0,0.0,0.0,0.0,0.0
961435,"Are you kidding me??  How this can be seen as anything other than pure self-promotion, I have no idea.

Look at all the facts; it's not about being good at your job, it's just about getting ahead - period.  Mentorship is about guidance and you should be grateful to get it, but clearly that's not good enough for these women...they  want you to *hand* them opportunities on a silver platter.

It's like these people are thinking, ""...if only all those women making $230,000 could finally be making $280,000 then finally the gender inequality problem will solved.""",0.0,no,6,0,166403,54,2017-02-07 16:36:09.725677+00,approved,563,96,True,0.0,1.0,0.0,0.0,0.0,0.0,0.0,0.0,0.0,0.0,0.0,0.0,0.0,0.0,0.0,0.0,0.0,0.0,0.0,0.0,0.0,0.0,0.0,0.0
5777537,"The real instigators are Democrats and Liberals! That's the Un-Americans for you!
Democrats teaches Racism and Hate against the White Man every chance they get!
Liberals, Milinnials will riot to stop short an orators point of view.
SAD! Un-Americans! Home Grown Terrorists spewin racism, hate and controlled speech!",0.5211267605633803,yes,71,37,366903,55,2017-08-16 04:18:38.283226+00,approved,315,48,True,0.6,0.0,0.0,0.0,0.0,0.0,0.0,0.0,0.0,0.0,0.0,0.0,0.0,0.0,0.0,0.0,1.0,0.0,0.0,0.0,0.0,0.0,0.0,0.0
724116,"Syria is a internationally recognized country just like say Israel is. Both are UN members. Bashar Al Assad is the president of Syria. He is in power because he has  sufficient fallowing of Syrians who prefer the Assad regime to any other alternative. 
The gas attack you speak of is a fabrication therefore fake news. The hundreds of thousands of dead in this war
were produced by both sides not only by the ""Syrian Arab Army"". The refugees can return provided they wish to live in peace with their shiite cousins.
This is a civil war with religious undertones. Not unlike the 30 year's War of Successions was in Europe in 17th Century.
I would hope that for the sake of balance and intellectual integrity there sill be an article on the liberation of the city of Mosul.",0.0,no,4,0,157043,54,2016-12-17 22:24:03.427812+00,approved,771,138,False,0.0,0.0,0.0,0.0,0.0,0.0,0.0,0.0,0.0,0.0,0.1666666666666666,0.0,0.0,0.0,0.0,0.0,0.0,0.0,0.0,0.0,0.0,0.1666666666666666,0.0,0.0
6203965,... it really is only about 20% support this monster.  What is SAD is that 80% of THAT 20% consider themselves Christian.  Disturbing!!,0.7,yes,10,7,392129,102,2017-10-23 07:45:07.790247+00,approved,135,23,True,0.0,0.0,0.0,0.0,0.0,0.0,0.0,0.0,0.8333333333333333,0.0,0.1666666666666666,0.0,0.0,0.0,0.0,0.0,0.0,0.0,0.0,0.0,0.0,0.0,0.0,0.1666666666666666
5537685,He didn't.  And Mulroney had nothing to do it it either. What a dumb comment.,0.7083333333333334,yes,48,34,352079,54,2017-07-06 08:53:50.766080+00,rejected,77,15,False,0.0,0.0,0.0,0.0,0.0,0.0,0.0,0.0,0.0,0.0,0.0,0.0,0.0,0.0,0.0,0.0,0.0,0.0,0.0,0.0,0.0,0.0,0.0,0.0
465464,"Which religion or system of morals is it that supports killing someone over cheap material goods?  

Tell me again about how barbaric Islam is.",0.6,yes,10,6,145452,21,2016-09-08 15:50:50.347070+00,approved,143,24,True,0.0,0.0,0.0,0.0,0.0,0.0,0.0,0.0,0.0,0.0,0.6,0.0,0.0,0.0,0.1,0.0,0.0,0.0,0.0,0.0,0.0,0.0,0.0,0.0
619097,"So where is there anywhere in this article that actually talks about the Tsunami????  I guess its the only way to make people read about Alaska and the Governor and the LNG project..  Governor Walker is just a man like everyone else, nothing special to write a article about and then to say they cant disclose his location for security reasons!!  What a joke!!!  such Garbage!!",0.7241379310344827,yes,58,42,152532,21,2016-11-22 14:59:04.099502+00,approved,377,66,True,1.0,0.0,0.0,0.0,0.0,0.0,0.0,0.0,0.0,0.0,0.0,0.0,0.0,0.0,0.0,0.0,0.0,0.0,0.0,0.0,0.0,0.0,0.0,0.0
6157814,"Trump has never cared what the polls said. He is self-absorbed and self-righteous and has surrounded himself with sycophants. His mission is to destroy everything President Obama worked toward so the trailer trash that backs Trump can feel ""safe"" again that a black man or a woman can't be the leader of our country.",0.5,yes,10,5,388859,53,2017-10-16 18:50:34.267337+00,approved,316,54,True,0.0,1.0,0.0,0.0,0.0,0.0,0.0,0.0,0.0,0.0,0.0,0.0,0.0,0.0,0.0,1.0,0.0,0.0,0.0,0.0,0.0,0.0,0.0,0.0
5423285,"The whole idea that this ""currency"" can fall 19% in lees than a week tells you something about its reliability. It requires a leap of faith to participate that I do not share.

While it is true that currencies printed by governments also require some faith, that country's power of taxation is real and means something.

As far as the article goes, referencing it being worth $3,000 without naming which country's dollar is amateur reporting. Is it C$ USD, Aussie????

Come on G&M, we deserve better.",0.0,no,4,0,344836,54,2017-06-15 20:47:54.614666+00,approved,500,86,False,0.0,0.0,0.0,0.0,0.0,0.0,0.0,0.0,0.0,0.0,0.0,0.0,0.0,0.0,0.0,0.0,0.0,0.0,0.0,0.0,0.0,0.0,0.0,0.0
6036898,"A part of America might disagree with me.....

But, if you want to use your rationale, we can.  That must mean that AMERICA disagrees with you on ACA and as to how good of a job Trump is doing as president.

You mad AMERICA disagrees with you?

Boo hoo.",0.0,no,4,0,382476,102,2017-09-27 19:28:09.599604+00,approved,253,49,False,0.0,0.0,0.0,0.0,0.0,0.0,0.0,0.0,0.0,0.0,0.0,0.0,0.0,0.0,0.0,0.0,0.0,0.0,0.0,0.0,0.0,0.0,0.0,0.0
5589028,"Wow, what a load of horse manure.",0.6,yes,10,6,354982,54,2017-07-13 22:46:18.693789+00,rejected,33,7,False,0.0,0.0,0.0,0.0,0.0,0.0,0.0,0.0,0.0,0.0,0.0,0.0,0.0,0.0,0.0,0.0,0.0,0.0,0.0,0.0,0.0,0.0,0.0,0.0
686690,"keith_moon: ""how about 45 times His list of names""
.
Your list did not count to 45. You should re-do the count over the weekend.",0.0,no,4,0,153439,54,2016-12-09 21:23:30.331972+00,approved,128,25,False,0.0,0.0,0.0,0.0,0.0,0.0,0.0,0.0,0.0,0.0,0.0,0.0,0.0,0.0,0.0,0.0,0.0,0.0,0.0,0.0,0.0,0.0,0.0,0.0
6224183,"Some conservatives believe being gay is a ""choice"" despite the scientific evidence to the contrary. I guess ""choice"" makes it easier for them to hate gays. I have yet to meet a gay friend who did not tell me that their earliest recollections of sexual desire was for that of someone of the same sex. Sexual orientation extends into the animal world as well with some species like penguins and dolphins having exclusive same sex pairings. So with all these things in mind, sexual orientation - straight or gay is everywhere. The Church's attempt to stamp it out is counter productive. It should be in the business of strengthening straight marriages and helping people where they are instead of continually targeting a marginal group.",0.5,yes,10,5,392508,53,2017-10-26 00:48:23.935377+00,approved,733,124,True,0.2,0.0,0.0,0.0,0.7,0.9,0.0,0.1,0.4,0.0,0.0,0.0,0.0,0.0,0.0,0.0,0.0,0.0,0.0,0.0,0.0,0.0,0.0,0.0
641646,"Because recounts get ugly and ballots tend to ""go missing"" between the real vote and the recount once partisans get their mitts on them.

Why no recount in states Hillary won if all they want to do is verify the results?  After all she won New Hampshire with a much smaller margin than Trump won these states they are recounting.  Why no recount there?

Lets stop pretending that this is an attempt to verify that the election was clean.",0.3,no,10,3,153758,54,2016-11-30 21:45:22.051689+00,approved,437,79,False,0.0,0.0,0.0,0.0,0.0,0.0,0.0,0.0,0.0,0.0,0.0,0.0,0.0,0.0,0.0,0.0,0.0,0.0,0.0,0.0,0.0,0.0,0.0,0.0
7127257,"Mahalo for expressing my and many others feelings about the special session. While we may not have liked every aspect of the bill, the legislature needed to come up with a workable solution which it did.",0.0,no,5,0,376859,22,2017-09-12 18:40:07.996003+00,approved,203,36,False,0.0,0.0,0.0,0.0,0.0,0.0,0.0,0.0,0.0,0.0,0.0,0.0,0.0,0.0,0.0,0.0,0.0,0.0,0.0,0.0,0.0,0.0,0.0,0.0
7180900,"So by your logic, we are in a very predictable situation. A service run by poorly motivated, negatively incentivised ""public servants"" who have never managed a project before, get protected by law to run the project to provide water to everyone. 

Why would we be surprised when the taps run dry? This is the same logic that made the USSR great.",0.0,no,4,0,384670,100,2017-10-03 16:05:06.517226+00,rejected,345,61,False,0.0,0.0,0.0,0.0,0.0,0.0,0.0,0.0,0.0,0.0,0.0,0.0,0.0,0.0,0.0,0.0,0.0,0.0,0.0,0.0,0.0,0.0,0.0,0.0
5440069,"Japanese and South Korean kids work harder at school. They also don't indulge in debt fuelled consumption like North Americans. 

Finally, those two countries have NEVER had immigration. If Canada and the USA also NEVER had immigration, for the last 500 years, then we could avoid ""it"".",0.0,no,4,0,345960,54,2017-06-19 16:06:30.197536+00,approved,286,47,True,0.1,0.0,0.0,0.0,0.0,0.0,0.0,0.0,0.0,0.0,0.0,0.0,0.0,0.0,0.0,0.0,0.0,0.5,0.0,0.0,0.0,0.0,0.0,0.0
5528867,"Time to LET the South Koreans and the Japanese get more belligerent? How patronizing.
Do you think those two countries are incapable of determining their own self interest? That they need permission?
Do other countries need permission from the USA to act in their own self interest?",0.0,no,4,0,351467,102,2017-07-04 23:11:06.365298+00,approved,282,47,True,0.0,0.0,0.0,0.0,0.0,0.0,0.0,0.0,0.0,0.0,0.0,0.0,0.0,0.0,0.0,0.0,0.0,0.6,0.0,0.0,0.0,0.0,0.0,0.0
5110344,"A person who believes in complete nonsense like all Muslims, Christians and any other of the over 4000 religions in the world. Someone indoctrinated with garbage and incapable of intelligent thought. 

Education is the only solution. In the meanwhile civilized people should not give an inch to any religious nonsense. 

I fixed your correction for you.",0.6,yes,10,6,325490,54,2017-04-08 18:06:03.649496+00,approved,353,56,True,0.0,0.0,0.0,0.0,0.0,0.0,0.0,0.0,1.0,0.0,1.0,0.0,0.0,0.0,0.0,0.0,0.0,0.0,0.0,0.0,0.0,0.0,0.0,0.0
5142124,"Erdogan is a maniac. He is conducting studies into ancient books and manuscripts to find if Arabic / Muslims sailors sailed to the western hemisphere before Columbus. Constantinople was the repository for most of the ancient libraries with maps. If so, he can then clam the entire western hemisphere including America and Canada are theirs to take back for the Islamic Caliphate. He wants proof we interlope on their land.",0.5,yes,10,5,327422,54,2017-04-17 15:10:16.905537+00,rejected,422,70,True,0.1666666666666666,0.0,0.0,0.0,0.0,0.0,0.0,0.0,0.0,0.1666666666666666,0.8333333333333333,0.0,0.0,0.0,0.0,0.0,0.0,0.0,0.0,0.1666666666666666,0.0,0.0,0.0,0.0
5701413,"Notice how you rarely ever hear anything GOOD about the FBI lately?

They are getting to be as bad (and just about as useless) as BATF.",0.7,yes,10,7,362043,105,2017-08-02 11:29:42.636104+00,approved,135,26,False,0.0,0.0,0.0,0.0,0.0,0.0,0.0,0.0,0.0,0.0,0.0,0.0,0.0,0.0,0.0,0.0,0.0,0.0,0.0,0.0,0.0,0.0,0.0,0.0
5888094,"Oh really, Donald Trump didn't even recognize Obama as being American until 2016 and insinuated he was Muslim. 
.
""Why doesn't he show his birth certificate? There's something on that birth certificate that he doesn't like.""
.
""He doesn't have a birth certificate, or if he does, there's something on that certificate that is very bad for him. Now, somebody told me -- and I have no idea if this is bad for him or not, but perhaps it would be -- that where it says 'religion,' it might have 'Muslim.' And if you're a Muslim, you don't change your religion, by the way.""
.
Trump maybe president but I don't have to be one of the blind sheep who supports his repeated lies, violent threats, bullying, and demeaning actions.
.
You say Jack's actions for his resistance are deplorable, but you blindly support a President who's actions are the same, even worse. Did you denounce Trumps actions as deplorable!!! Knowing your history the answer is NO! You the finger pointer who talks about hypocrisy.",0.5,yes,10,5,373480,66,2017-09-02 23:25:10.019165+00,approved,995,175,True,0.0,0.0,0.0,0.0,0.0,0.0,0.0,0.0,0.0,0.0,1.0,0.0,0.0,0.0,0.0,0.0,0.0,0.0,0.0,0.0,0.1666666666666666,0.0,0.0,0.0
6013161,"I thought he ran as a Republican?
Was that fake?",0.0,no,6,0,381141,54,2017-09-24 17:37:41.473768+00,approved,48,10,False,0.0,0.0,0.0,0.0,0.0,0.0,0.0,0.0,0.0,0.0,0.0,0.0,0.0,0.0,0.0,0.0,0.0,0.0,0.0,0.0,0.0,0.0,0.0,0.0
873320,"Poor Chucky.....

Someone might tell Chucky that Israel isn't the 51st State; that Israel has never done crap for the USA; that that supposedly successful country comes on begging knees every year for billions of dollars to keep it afloat, paid for by the American taxpayer; Israel has allowed 600,000 ""settlers"" to literally steal land creating an apartheid country.

""according to intelligence sources quoted by Fox News""
Hahahahaha.... Fox ""news"", just can't make this stuff up. 

Chucky is lucky Dumb Dumb Donald hasn't turned his impression of the handicaped talent on him....yet.",0.4032258064516129,no,62,25,163119,21,2017-01-21 12:39:19.311321+00,approved,585,92,False,0.0,0.0,0.0,0.0,0.0,0.0,0.0,0.0,0.0,0.0,0.0,0.0,0.0,0.0,0.0,0.0,0.0,0.0,0.0,0.0,0.0,0.0,0.0,0.0
5490288,You have no comments on the science. What a shock.,0.0,no,4,0,349365,54,2017-06-28 11:24:22.423583+00,approved,50,10,False,0.0,0.0,0.0,0.0,0.0,0.0,0.0,0.0,0.0,0.0,0.0,0.0,0.0,0.0,0.0,0.0,0.0,0.0,0.0,0.0,0.0,0.0,0.0,0.0
834386,"Modern science and Catholic liturgy are incompatible. Once you admit that transubstantiation is and always was self-serving nonsense, there's no point to celebrating mass at all. A wafer is just a wafer.",0.6,yes,10,6,161676,53,2017-01-13 15:23:22.934341+00,approved,203,32,True,0.0,0.0,0.0,0.0,0.0,0.0,0.0,0.0,0.8333333333333333,0.0,0.0,0.0,0.0,0.0,0.0,0.0,0.0,0.0,0.0,0.0,0.0,0.0,0.0,0.0
5518888,"Since Black Lives Matter obviously knows how to deal with these situations, I suggest they volunteer to be on call whenever an armed black person is threatening to harm others and BLM could come and handle the situation appropriately and show us all how it should be done.",0.4,no,10,4,351082,54,2017-07-03 02:28:14.663311+00,approved,272,48,True,0.0,0.0,0.0,0.0,0.0,0.0,0.0,0.0,0.0,0.0,0.0,0.0,0.0,0.0,0.0,1.0,0.0,0.0,0.0,0.0,0.0,0.0,0.0,0.0
685946,"Another thing..

What is harder to believe:

a. That anyone who holds themselves out as a survey designer came up with such a poorly thought out, worded and constructed opinion research ""instrument""

or

b. That someone actually bought it..(With the taxpayers money, which likely explains a lot)",0.0,no,4,0,155655,54,2016-12-09 19:10:48.415574+00,approved,295,47,False,0.0,0.0,0.0,0.0,0.0,0.0,0.0,0.0,0.0,0.0,0.0,0.0,0.0,0.0,0.0,0.0,0.0,0.0,0.0,0.0,0.0,0.0,0.0,0.0
5743045,No you have an idiot for a president so you deal with it. The world knows that the Chump is a clown and his tough talk is effective as a mosquito bite on an elephant's s. Time to get rid of idiot pronto.,0.9230769230769232,yes,65,60,364806,55,2017-08-10 05:54:24.404711+00,rejected,203,43,False,0.0,0.0,0.0,0.0,0.0,0.0,0.0,0.0,0.0,0.0,0.0,0.0,0.0,0.0,0.0,0.0,0.0,0.0,0.0,0.0,0.0,0.0,0.0,0.0
6169612,"Ugly dude! wow, What women will do to be in a movie. IDK who's more desperate here.",0.5138888888888888,yes,72,37,390373,102,2017-10-18 11:23:21.629322+00,approved,83,17,True,0.0,1.0,0.0,0.0,0.0,0.0,0.0,0.0,0.0,0.0,0.0,0.0,0.0,0.0,0.0,0.0,0.0,0.0,0.0,0.0,0.0,0.0,0.0,0.0
4981006,"I don't know if you can connect teacher ratios in elementary to graduation rates, it is really not my area of expertise, but I did happen to know the previous commenter was incorrect when he said 95 per cent of teachers were women.",0.0,no,4,0,317853,54,2017-03-09 15:23:31.284860+00,approved,231,43,True,0.0,1.0,0.0,0.0,0.0,0.0,0.0,0.0,0.0,0.0,0.0,0.0,0.0,0.0,0.0,0.0,0.0,0.0,0.0,0.0,0.0,0.0,0.0,0.0
6152291,"If blacks admit Obama was a failure, they fear there will never be another black president. So they reverse Uncle Tom to remain hopeful.",0.527027027027027,yes,74,39,388764,54,2017-10-15 19:44:50.830033+00,approved,136,24,True,0.0,0.0,0.0,0.0,0.0,0.0,0.0,0.0,0.0,0.0,0.0,0.0,0.0,0.0,0.0,0.8333333333333333,0.1666666666666666,0.0,0.0,0.0,0.0,0.0,0.0,0.0
5529168,Court decisions can be appealed. Junior and his Liberals are terrorist friendly and don't have to agree with the courts. The unelected judges who too often disagree amongst themselves too often seem to be creating laws instead of leaving that to parliament.,0.0,no,4,0,351636,54,2017-07-05 00:13:53.009035+00,rejected,257,42,False,0.0,0.0,0.0,0.0,0.0,0.0,0.0,0.0,0.0,0.0,0.0,0.0,0.0,0.0,0.0,0.0,0.0,0.0,0.0,0.0,0.0,0.0,0.0,0.0
5147784,Leaving the carcasses to rot with the meat on them...he's mentally ill. I hope they lock him in a stall with a badger and a wolverine for some well cured attention.,0.9,yes,10,9,327729,13,2017-04-18 21:35:22.534070+00,approved,164,31,True,0.0,0.0,0.0,0.0,0.0,0.0,0.0,0.0,0.0,0.0,0.0,0.0,0.0,0.0,0.0,0.0,0.0,0.0,0.0,0.0,0.0,0.0,0.5,0.0
7160335,I just knew some idiot would try and blame the best PM we have had.,0.8125,yes,64,52,147644,54,2016-10-05 18:05:03.858711+00,approved,67,15,False,0.0,0.0,0.0,0.0,0.0,0.0,0.0,0.0,0.0,0.0,0.0,0.0,0.0,0.0,0.0,0.0,0.0,0.0,0.0,0.0,0.0,0.0,0.0,0.0
6014833,Let the rain of fire shower upon those guilty of sexual abusiveness!,0.6,yes,10,6,381528,55,2017-09-24 21:31:11.569563+00,approved,68,12,False,0.0,0.0,0.0,0.0,0.0,0.0,0.0,0.0,0.0,0.0,0.0,0.0,0.0,0.0,0.0,0.0,0.0,0.0,0.0,0.0,0.0,0.0,0.0,0.0
737358,I agree. Stay out of it. Russia and Muslims (of all stripes) were fighting Wayy before Bush thought he was king. They have lots of crap going on that North America and even the UK won't understand.,0.6,yes,10,6,157771,54,2016-12-21 12:54:02.471575+00,approved,197,37,True,0.0,0.0,0.0,0.0,0.0,0.0,0.0,0.0,0.0,0.0,1.0,0.0,0.0,0.0,0.0,0.0,0.0,0.0,0.0,0.0,0.0,0.0,0.0,0.0
954007,"""According to the New York Times the ""richest 1 percent in the United States now own more wealth than the bottom 90 percent"". 
So your minimizing and excusing of ""an extremely tiny percentage"" of white supremicists being Christian does not in any way diminish the harm and effect. For example, Donald Trump, Steve Bannon and an extremely ""tiny"" percentage of ""Christian"" Americans are causing immense harm among, what -230million Americans and, what, how many and how much around the world - Christian and non.They are giving ""all"" Christians a bad rap.
A ""huge"" number of Catholics have left the Church because of the ""tiny"" number of US Bishops.",0.5,yes,10,5,166060,53,2017-02-05 20:57:48.196648+00,approved,647,108,True,0.0,0.0,0.0,0.0,0.0,0.0,0.0,0.0,1.0,0.0,0.0,0.0,0.0,0.0,0.0,0.0,1.0,0.0,0.0,0.0,0.0,0.0,0.0,0.0
5153847,"Did you watch while she 'stood by her man' and sat with love and admiration  in her eyes as he lied on national television?

""I did not have sexual relations with that woman!""

His DNA sperm on Monica Lewinski's blue dress showed him to be a liar and her to be an enabler.

She owns the opprobrium for putting political expediency above the truth.",0.6,yes,10,6,328071,13,2017-04-20 01:27:10.834764+00,approved,347,64,True,1.0,1.0,0.0,0.0,0.0,0.0,0.0,0.0,0.0,0.0,0.0,0.0,0.0,0.0,0.0,0.0,0.0,0.0,0.0,0.0,0.0,0.0,0.0,0.0
6246223,"I was responding to your comment that those are not ""effective strategies"".  
You know that no one strategy is going to end rape and assault against women.  Instead of marching and lawsuits, you propose kicking as a more effective strategy.  Women have probably been kicking men for millennia, with little to show for it, other than often being beaten even more by the men who were already assaulting them.   
I think that the only way to really diminish the incidence of abuse against women is to change the societal perception that this is somehow OK -- at any level.  To do this, many strategies need to be employed.  
While self-defense is important, it's also important for women to remember that, in cases of assault, they need to preserve their lives and minimize harm to themselves.  Fighting back is often not helpful.",0.0,no,4,0,394437,53,2017-10-29 16:45:09.144598+00,approved,827,141,True,1.0,1.0,0.0,0.0,0.0,0.0,0.0,0.0,0.0,0.0,0.0,0.0,0.0,0.0,0.0,0.0,0.0,0.0,0.0,0.0,0.0,0.0,0.0,0.0
6044344,"Wrong. The players that take a knee are first ""green"" - their love of the dollar is their main driver. Second, they're black, and those who want to divide this country know that, so they're using them to spark racial tension. The whole ""cops shooting blacks"" is a false narrative. Thirdly, they're yellow, because they disrespect all of us by disrespecting our country. They never get close to ""red, white, and blue.""",0.7,yes,10,7,383131,102,2017-09-28 20:11:59.737873+00,approved,417,72,True,0.0,0.0,0.0,0.0,0.0,0.0,0.0,0.0,0.0,0.0,0.0,0.0,0.0,0.0,0.0,0.8,0.2,0.0,0.0,0.0,0.0,0.0,0.0,0.0
5220864,"If corruption reigns supreme, Christy is a shoo-in for another four years. ""Cash for favors anyone?""",0.3,no,10,3,332268,54,2017-05-05 20:27:31.065911+00,approved,100,16,False,0.0,0.0,0.0,0.0,0.0,0.0,0.0,0.0,0.0,0.0,0.0,0.0,0.0,0.0,0.0,0.0,0.0,0.0,0.0,0.0,0.0,0.0,0.0,0.0
5430165,Yes Ron Burgundy we have all broken a law of some sort. And the government enforces those laws and we would have to pay the penalty. Enforcement of laws should not be optional based on whether or not the government favors the group breaking the law.,0.0,no,4,0,345218,102,2017-06-17 01:13:08.975699+00,approved,249,46,False,0.0,0.0,0.0,0.0,0.0,0.0,0.0,0.0,0.0,0.0,0.0,0.0,0.0,0.0,0.0,0.0,0.0,0.0,0.0,0.0,0.0,0.0,0.0,0.0
5665957,"Wouldn't we all like a guarantee of some kind?
It's ridiculous...
I think of my friends who worked their entire lives, and retired during the crash $1M short...no such thing for PERS retirees....we'll just fleece the public for the difference...it seems Government is just another way of saying, 'I am better than you.'",0.2,no,10,2,359777,13,2017-07-27 01:30:04.874496+00,approved,319,53,False,0.0,0.0,0.0,0.0,0.0,0.0,0.0,0.0,0.0,0.0,0.0,0.0,0.0,0.0,0.0,0.0,0.0,0.0,0.0,0.0,0.0,0.0,0.0,0.0
5517712,"another day another bs post by a lib troll, it doesnt matter loser lib,, 911 was done by those outside the usa,, so to get a hold on thier movements, these countries on the list having all but no functioning governments or any that can in any way be trusted to vet peoples docs,, it is a clear step to help secure the usa.. get over it lib",0.8,yes,5,4,351018,54,2017-07-02 21:13:56.448244+00,rejected,339,68,False,0.0,0.0,0.0,0.0,0.0,0.0,0.0,0.0,0.0,0.0,0.0,0.0,0.0,0.0,0.0,0.0,0.0,0.0,0.0,0.0,0.0,0.0,0.0,0.0
5933407,"Trump has confused nonexistent cheering Muslims with the so-called ""dancing Israelis"" who were arrested across the Hudson from Manhattan. The Israelis drew attention by their whooping, hollering, and dancing on top of a white van while videotaping the carnage across the river. They were later connected to Mossad and deported. In an interview on Israeli TV, they revealed they had been sent to that location in advance of the attack and ""our purpose was to document the event"".",0.1666666666666666,no,6,1,376450,102,2017-09-11 16:09:40.720247+00,approved,478,78,True,0.0,0.0,0.0,0.0,0.0,0.0,0.0,0.0,0.0,0.1,1.0,0.0,0.0,0.0,0.1,0.0,0.4,0.0,0.0,0.1,0.0,0.0,0.0,0.0
6144360,"Let Darwinism take its course - so that the least stupid shall inherit the earth. It's all about self control, which most obese people lack - it's way too convenient to blame it on some (non-existent) genetic imbalance. Take responsibility for yourself and the garbage you chose to shovel into your mouth. Too lazy to read the labels? Refuse to educate yourself about the effects of White Poison on the body? Overly gullible and believe the corporate marketing hype that tries to sell you cr*p every 30 seconds? Can't haul your carcass off of the couch and actually MOVE? You're on your own - good luck.",0.6578947368421053,yes,76,50,388938,54,2017-10-14 02:36:20.911420+00,approved,603,106,False,0.0,0.0,0.0,0.0,0.0,0.0,0.0,0.0,0.0,0.0,0.0,0.0,0.0,0.0,0.0,0.0,0.1666666666666666,0.0,0.0,0.0,0.1666666666666666,0.0,0.0,0.0
7127066,Lance Armstrong was pretty adamant he didn't do it either.  I will wait for time to tell the truth eventually.,0.0,no,4,0,392983,21,2017-10-25 22:51:27.270603+00,approved,110,20,False,0.0,0.0,0.0,0.0,0.0,0.0,0.0,0.0,0.0,0.0,0.0,0.0,0.0,0.0,0.0,0.0,0.0,0.0,0.0,0.0,0.0,0.0,0.0,0.0
786293,"What is the matter with that country!  They are nuts!
They need to provide a path to citizenship to the millions already working there and contributing to society.
While they are at it they should get some sanity to their gun laws, ban capital punishment, provide medical care to everyone who needs it at a reasonable cost, and get control of their antiquated election system.
Without those basics, they will never be ""great.""",0.5,yes,10,5,159778,54,2017-01-04 01:05:56.487436+00,approved,426,73,False,0.0,0.0,0.0,0.0,0.0,0.0,0.0,0.0,0.0,0.0,0.0,0.0,0.0,0.0,0.0,0.0,0.0,0.0,0.0,0.0,0.0,0.0,0.0,0.0
1062241,"Yes sweet Hillary lost and now it is time to move on. Now it is time for the Donald to deliver.  Sad to say I am not impressed that his first law that he signed involved giving the mentally ill the right to buy guns.  So very appropriate don't you think?  What will he do next?  

I want tax cuts for the rich.  lol  Who cares about deficits?  Just give me my tax cut!",0.0,no,4,0,315899,55,2017-03-01 19:11:47.567193+00,approved,368,74,True,0.0,0.1,0.0,0.0,0.0,0.0,0.0,0.0,0.0,0.0,0.0,0.0,0.0,0.0,0.0,0.0,0.0,0.0,0.0,0.0,0.0,0.0,0.6,0.0
5782672,"Wow...not enslaving Blacks enslaves us all?
You live in a logic free, alternate reality...",0.5625,yes,80,45,366893,54,2017-08-16 19:48:10.016361+00,approved,90,14,True,0.0,0.0,0.0,0.0,0.0,0.0,0.0,0.0,0.0,0.0,0.0,0.0,0.0,0.0,0.0,1.0,0.0,0.0,0.0,0.0,0.0,0.0,0.0,0.0
7106887,"Leftists are only open and tolerant if your views concur with theirs.The slightest right of centre opinion and,wham,you're a bigot,racist,xenophobe,islamophobe or a white nationalist.Free speech,Canada?Not anymore.",0.7428571428571427,yes,70,52,358395,54,2017-07-23 21:50:09.798586+00,rejected,214,26,True,0.1,0.0,0.0,0.0,0.0,0.0,0.0,0.0,0.0,0.0,0.4,0.0,0.0,0.0,0.0,0.0,1.0,0.0,0.0,0.0,0.0,0.0,0.0,0.0
7102941,Chinese contraband skews the numbers in BC.,0.0,no,4,0,326780,54,2017-04-14 01:44:59.068631+00,approved,43,7,True,0.0,0.0,0.0,0.0,0.0,0.0,0.0,0.0,0.0,0.0,0.0,0.0,0.0,0.0,0.0,0.0,0.0,0.5,0.0,0.1,0.0,0.0,0.0,0.0
5632440,"O.J. is not just any black man. He is wealthy and famous. These things buy justice, regardless of color.",0.5,yes,10,5,357704,102,2017-07-21 10:59:27.328902+00,approved,104,19,True,0.6,0.0,0.0,0.0,0.0,0.0,0.0,0.0,0.0,0.0,0.0,0.0,0.0,0.0,0.0,1.0,0.0,0.0,0.0,0.0,0.0,0.0,0.0,0.0
6097117,"Really AGWKHM? ""absolutely zero evidence""? You are being ironic, right? Facts:
- Most guns in the world: USA ( 3 times as many as closest Western Civilization country)
- Most Gun Deaths: Americans are 10 times more likely to be killed than other developed country...
- Most prisoners in jail: USA, twice as many as closest competitor - China

Do you need us to bring back Glenn Beck to connect the dots for you? Listen AGWKHM, you all created this mess. So tell me how to get us out of it; tell us how to take control of this insanity. More guns? More prisoners? Ya think it might not be working as you and the NRA have been preaching for a dozen years? Duhhh, this is the reality. Most us of wish you would deal with it and solve it, since you and the NRA have already purchased all the politicians.",0.1666666666666666,no,6,1,385311,13,2017-10-06 18:49:58.940108+00,approved,800,151,False,0.0,0.0,0.0,0.0,0.0,0.0,0.0,0.0,0.0,0.0,0.0,0.0,0.0,0.0,0.0,0.0,0.0,0.0,0.0,0.0,0.0,0.0,0.0,0.0
5455624,"Time to get rid of all muslims from the Middle East.  Not all muslims are terrorists, but all terrorists are muslims.",0.9,yes,10,9,347063,55,2017-06-22 00:16:39.915171+00,approved,117,21,True,0.0,0.0,0.0,0.0,0.0,0.0,0.0,0.0,0.0,0.0,1.0,0.0,0.0,0.0,0.0,0.0,0.0,0.0,0.0,0.0,0.0,0.0,0.0,0.0
686464,"I do not think I miss Harper, but belive we are on  a journey from frying pen to fire with these clowns at the helm.",0.5,yes,10,5,155620,54,2016-12-09 20:39:06.909321+00,approved,116,25,False,0.0,0.0,0.0,0.0,0.0,0.0,0.0,0.0,0.0,0.0,0.0,0.0,0.0,0.0,0.0,0.0,0.0,0.0,0.0,0.0,0.0,0.0,0.0,0.0
973601,"And yet a man who ""grabs her by the pussy"" is elected president..",0.875,yes,80,70,166522,54,2017-02-09 20:15:57.435216+00,approved,65,13,True,0.8,0.0,0.0,0.0,0.0,0.0,0.0,0.0,0.0,0.0,0.0,0.0,0.0,0.0,0.0,0.0,0.0,0.0,0.0,0.0,0.0,0.0,0.0,0.0
5602003,Not just Mike but all good Catholics consider homosexual activity to be mortally sinful including oral sex. All sex outside of marriage is mortally sinful.,0.8,yes,10,8,354128,53,2017-07-16 13:20:49.826431+00,approved,155,25,True,0.0,0.0,0.0,0.0,0.0,1.0,0.0,0.0,1.0,0.0,0.0,0.0,0.0,0.0,0.0,0.0,0.0,0.0,0.0,0.0,0.0,0.0,0.0,0.0
885579,"Your response is logically flawed. Questions cannot be either true or false and so are not subject to proof. If you are querying the implied assertion that Trump is ""A lying, bullying, sexist, misogynist, racist, xenophobic, homophobic megalomaniac with impulse control issues"" have you not seen ANY  news for the last year or so?",0.5675675675675675,yes,74,42,163513,54,2017-01-23 19:17:09.048994+00,approved,330,54,True,0.0,0.0,0.0,0.0,0.0,0.5,0.0,0.0,0.0,0.0,0.0,0.0,0.0,0.0,0.0,0.0,0.0,0.0,0.0,0.0,0.0,0.0,0.0,0.0
5371565,"To:Teresa W. Look at the problem in context.The ANC was doing a lot of bumbling and many people who used to vote ANC may be considering alternatives(DA, EFF, IFP) etc.Suppose Zille had not made her silly , uncalled for and  indeed, ""racist"" tweets it certainly would not have cost her any traditional DA voters. However, her tweets  it probably cost her a lot of disgruntled ANC voters and no doubt delighted the ANC. You are right , it remains to be seen.However we are not talking ""white votes""or ""black votes"" but ALL votes in a country that hopes to move away from the ANC one day.Will it be 2019? We do not know, but the likes of Zille behave like they prefer a later date.

Concerning what a ""racist"" is , note the response I have given to Vorster. I know about Zille's ""struggle credentials"", which are touted as a ""demonstration that Zille is not a racist"". Anyway Maimane (or van Damme for that matter) are simply to young to have any ""struggle credentials"" to tout. ""Racism"" in attutude.",0.4,no,10,4,341393,100,2017-06-07 11:46:16.929743+00,approved,997,179,True,0.0,0.0,0.0,0.0,0.0,0.0,0.0,0.0,0.0,0.0,0.0,0.0,0.0,0.0,0.0,1.0,0.75,0.0,0.0,0.0,0.0,0.0,0.0,0.0
1057780,"Smart Canadians always knew ethics and honesty were never part of Joe Trudeau's fibre.

How many times were we warned Joe and the Liberals were just not ready and everything about this clown was an act that idiots and the media lapped up?

We sacrificed boring yet competent leadership with sound economic management for this glitzy and expensive clown show?

Sheesh!

Time for Selfie-Boy to go back on his distraction roadshow in Liberal friendly ridings being his act of having to hug debt-ridden energy-poor Canadians offering no solutions only pops up once in a while.

He can manage hugs but certainly can't manage a country or even the Liberals themselves from imploding.",0.7,yes,10,7,315728,54,2017-02-28 20:51:14.944521+00,approved,677,112,False,0.2,0.0,0.0,0.0,0.0,0.0,0.0,0.0,0.0,0.0,0.0,0.0,0.0,0.0,0.0,0.0,0.0,0.0,0.0,0.0,0.0,0.0,0.0,0.0
776768,"In transgender, why do we assume the brain is right and the body is wrong?",0.8,yes,10,8,159348,54,2017-01-01 15:54:54.693383+00,approved,74,15,True,0.0,0.0,1.0,0.0,0.0,0.0,0.0,0.0,0.0,0.0,0.0,0.0,0.0,0.0,0.0,0.0,0.0,0.0,0.0,0.0,0.0,0.0,0.0,0.0
882828,"Sorry, Dude, but the criminals are living in a cesspool.  You can too if that's how you feel, but don't include any of us law abiding citizens.",0.2,no,5,1,163463,21,2017-01-23 07:25:06.947694+00,approved,143,27,False,0.0,0.0,0.0,0.0,0.0,0.0,0.0,0.0,0.0,0.0,0.0,0.0,0.0,0.0,0.0,0.4,0.0,0.0,0.0,0.0,0.0,0.0,0.0,0.0
6048570,It all started because blacks want the 'right' to not be arrested following their robbing a 7-11. Need to keep this basic point in mind...,0.6,yes,10,6,383310,102,2017-09-29 10:19:18.127237+00,rejected,138,25,True,0.0,0.0,0.0,0.0,0.0,0.0,0.0,0.0,0.0,0.0,0.0,0.0,0.0,0.0,0.0,1.0,0.0,0.0,0.0,0.0,0.0,0.0,0.0,0.0
719250,"The term ""fake news"" originally meant dreck spread by conspiracy theorists like Trump (birtherism), Alex Jones's Infowars (White House is being run by lizard aliens), Brietbart (Obama will cancel the 2016 election) and the like.

The term has since been co-opted by those very sites and supporters (trolls) of those sites when a report emerges that's critical of their candidate - Trump.

Trump and his Russian overlords must be rubbing their hands with glee as hordes of trolls, sitting in their underwear in mommy's basement, call anything critical of him and Russia ""fake news.""",0.5,yes,10,5,157003,54,2016-12-16 19:02:18.849663+00,approved,581,94,False,0.0,0.0,0.0,0.0,0.0,0.0,0.0,0.0,0.0,0.0,0.0,0.0,0.0,0.0,0.0,0.0,0.2,0.0,0.0,0.0,0.0,0.0,0.0,0.0
267476,"Until the citizens of America understand that we do not have a ""Justice"" System, but a ""Legal"" system, that will be manipulated by money, Officers of the Court & professional politicians, ""We The People"" will continue to be the victims...",0.0,no,4,0,99660,21,2016-04-02 18:49:21.504036+00,approved,238,40,False,0.0,0.0,0.0,0.0,0.0,0.0,0.0,0.0,0.0,0.0,0.0,0.0,0.0,0.0,0.0,0.0,0.0,0.0,0.0,0.0,0.0,0.0,0.0,0.0
5856867,Based upon the people who are eligible for the extra incentives it would be much simpler if they simply stated that it will be available for everyone but white males.,0.5,yes,10,5,371554,54,2017-08-28 19:51:52.736969+00,rejected,166,30,True,0.8333333333333333,0.0,0.0,0.0,0.0,0.0,0.0,0.0,0.0,0.0,0.0,0.0,0.0,0.0,0.0,0.0,0.8333333333333333,0.0,0.0,0.0,0.0,0.0,0.0,0.0
5249562,"Ovechkin absolutely played with his usual *playoff* gusto, that's the problem and that's what has been the problem for the last 13 years in Washington.",0.0,no,4,0,333898,54,2017-05-12 20:36:03.908056+00,approved,151,25,False,0.0,0.0,0.0,0.0,0.0,0.0,0.0,0.0,0.0,0.0,0.0,0.0,0.0,0.0,0.0,0.0,0.0,0.0,0.0,0.0,0.0,0.0,0.0,0.0
797944,"Motor home loaded up, once the ice is gone cya later!",0.0,no,4,0,160334,21,2017-01-06 05:26:47.563431+00,approved,53,11,False,0.0,0.0,0.0,0.0,0.0,0.0,0.0,0.0,0.0,0.0,0.0,0.0,0.0,0.0,0.0,0.0,0.0,0.0,0.0,0.0,0.0,0.0,0.0,0.0
6279660,"A democratic SA??? All the ANC has gained for it's people is the ""right to vote"", and wealth for a hand full of corrupt cadre's pockets!! The rest of the masses have to survive on crime and welfare!! Malema... if that's what your perception of democracy is, then YES, the ANC has created a democratic SA!! I'm sure a lot of people, black and white, are missing the old flag and a regular job that puts food on the table!! So malema, when you've solved SA's problems in your racist ways, the you can run to Israel to solve their problems as well!!",0.5,yes,10,5,396485,100,2017-11-03 06:58:51.968501+00,approved,546,103,True,0.0,0.0,0.0,0.0,0.0,0.0,0.0,0.0,0.0,0.0,0.0,0.0,0.0,0.0,0.0,0.8333333333333333,0.8333333333333333,0.0,0.0,0.0,0.0,0.0,0.0,0.0
7085355,Actually she's not even showing up to her own party.,0.0,no,4,0,74120,13,2016-05-06 17:39:51.791713+00,approved,52,10,False,0.0,0.0,0.0,0.0,0.0,0.0,0.0,0.0,0.0,0.0,0.0,0.0,0.0,0.0,0.0,0.0,0.0,0.0,0.0,0.0,0.0,0.0,0.0,0.0
1039639,"Gary don't be a white devil, nobody said anything about laughing and singing, honoring the old ways of slavery and by no means was I trivializing what slaves went through. Of course you'd let your vehicle run out of gas, your more than likely an uppity white male who would not be bothered by a truck full of red necks  bearing Confederate flags while walking down the road alone in the middle of the night.",0.1666666666666666,no,6,1,314256,13,2017-02-24 16:37:36.693172+00,approved,407,75,True,0.5,0.0,0.0,0.0,0.0,0.0,0.0,0.0,0.0,0.0,0.0,0.0,0.0,0.0,0.0,0.0,1.0,0.0,0.0,0.1,0.0,0.0,0.0,0.0
6132298,"Where are the bodies from this wanton unchaining of business?   Surely someone somewhere has been destroyed by now.

Can 't think of anyone.  However, I can think of several folks who've been destroyed by government regulators and lawsuits by resentful gays who demand wedding cakes.",0.6,yes,10,6,387733,53,2017-10-12 14:05:07.363611+00,approved,283,45,True,0.0,0.0,0.0,0.0,0.0,0.8,0.0,0.0,0.0,0.0,0.0,0.0,0.0,0.0,0.0,0.0,0.0,0.0,0.0,0.0,0.0,0.0,0.0,0.0
5180941,"The fetus is not capable of feeling pain until the third trimester. The third trimester begins at about 27 weeks of pregnancy. Allowing abortions until that time period is consistent with Catholic tradition right up until the late 19th century, when the church finally codified present teaching that life begins at conception. Even St. Augustine believed that an early abortion is not murder because, according to the Aristotelian concept of delayed ensoulment, the soul of a fetus at an early stage is not present, a belief that passed into canon law for many centuries.",0.0,no,4,0,329775,53,2017-04-26 14:34:21.348351+00,approved,571,94,True,0.0,0.0,0.0,0.0,0.0,0.0,0.0,0.0,1.0,0.0,0.0,0.0,0.0,0.0,0.0,0.0,0.0,0.0,0.0,0.0,0.0,0.0,0.0,0.0
7106731,"Lets just combine the Catholic church and the Boy Scouts organizations into one entity.    They both have been doing the same thing FOREVER,  ABUSING and having Intestinal Intercourse with young boys.",0.6,yes,10,6,382691,13,2017-09-29 16:16:26.312622+00,approved,200,31,True,0.2,0.0,0.0,0.0,0.0,0.0,0.0,0.0,1.0,0.0,0.0,0.0,0.0,0.0,0.0,0.0,0.0,0.0,0.0,0.0,0.0,0.0,0.0,0.0
7050220,"These whites were unable to dislodge guptas within the country, so they hired foreign power to find some evidences, be it fake who cares, at least it will ruin the image of guptas to some extent",0.5070422535211268,yes,71,36,399218,100,2017-11-10 12:15:19.595981+00,approved,194,36,True,0.0,0.0,0.0,0.0,0.0,0.0,0.0,0.0,0.0,0.0,0.0,0.0,0.0,0.0,0.0,0.0,1.0,0.0,0.0,0.25,0.0,0.0,0.0,0.0
946143,"THe Globe is exemplifying Albert Einsteins statement  ""Insanity is doing the same thing over and over again expecting a different result""  All these scathing editorials  and columns are trying to devise ways to  to get rid of Trump.   They all fail to acknowledge  there is simply no getting rid of him unit his term is up, and especially not from Toronto.",0.0,no,4,0,166039,54,2017-02-03 21:06:57.767791+00,approved,356,61,False,0.0,0.0,0.0,0.0,0.0,0.0,0.0,0.0,0.0,0.0,0.0,0.0,0.0,0.0,0.0,0.0,0.0,0.0,0.0,0.0,0.0,0.0,0.1666666666666666,0.0
249562,"I'm sorry you seem to think Hillary is equivalent to Trump.
I've said all I can to change your mind.
Democrats drifted right so they could get elected. But, during that time, Republicans positively went off the right side of the road, over the ditch, and way across right field.
If you don't think it's a moral imperative to continue women's right to choose, to fund children's programs, to protect the environment--- okay.
But a lot of the damage a Republican president will do is irreversible. And remember, Trump will most probably get a minimum of TWO Supreme court appointments.
Yeah, I'm upset about the prospect of Hillary. But I won't lop off my nose about it.",0.0,no,4,0,43112,13,2016-03-09 00:50:17.784051+00,approved,668,117,True,0.0,0.7,0.0,0.0,0.0,0.0,0.0,0.0,0.0,0.0,0.0,0.0,0.0,0.0,0.0,0.0,0.0,0.0,0.0,0.0,0.0,0.0,0.0,0.0
5685000,"It doesn't make sense from a military perspective to ban transgender service members.  Trump tweeted it to shore up the homophobic sector of his base of supporters, which also includes racists, xenophobes, Islamophobes, and sexists.",0.5,yes,10,5,360567,22,2017-07-30 09:16:37.511528+00,approved,232,35,True,0.0,0.0,0.9,0.0,0.0,0.3,0.0,0.0,0.0,0.0,0.0,0.0,0.0,0.0,0.0,0.0,0.0,0.0,0.0,0.0,0.0,0.0,0.0,0.0
6020879,"LOL...I DID go by what you said...you were shrugging off illegal aliens voting!  Do you also agree that convicted felons, once their sentence is complete and they are off parole ie: have COMPLETELY paid their debt to society, should then retain their 2nd Amendment RIGHTS, if they're going to be given their voting franchise?  I mean, it's a ""Right"", right? And ""shall not be infringed.""  
AS to the Illegal alien living in Texas, she's either ignorant, or pulling someone's leg.  Although I once worked a case involving a woman writing checks all over town, who thought that the bank wouldn't have ""sent me that whole box of checks if I didn't have enough money in the bank!""  Ignorance reigns and everyone gets wet!  And yes, it's a misdemeanor...although I'm pretty sure as misdemeanor is STILL a crime!  And that's only for the FIRST offense...after that, it's felony time!!!!! I just can't figure how some people don't get that ""illegal aliens"" are criminals!",0.6,yes,10,6,381170,13,2017-09-25 19:27:49.007540+00,approved,964,162,True,0.0,0.5,0.0,0.0,0.0,0.0,0.0,0.0,0.0,0.0,0.0,0.0,0.0,0.0,0.0,0.0,0.0,0.0,0.0,0.0,0.0,0.0,0.0,0.0
981938,"You mean like how they are taught by black thugs, since those black fathers are missing, or how far too many young men and women are indoctrinated in the strict version of Islam and Sharia Law. Any thoughts about those people, or are they off limits because of color or religion.  They are according to dishonest, PC & cowardly liberals!!",0.7625,yes,80,61,167364,21,2017-02-11 15:13:27.596753+00,approved,338,60,True,1.0,1.0,0.0,0.0,0.0,0.0,0.0,0.0,0.1,0.0,0.2,0.0,0.0,0.0,0.1,1.0,0.0,0.0,0.0,0.0,0.0,0.0,0.0,0.0
5602524,Read up:  https://www.marxists.org/archive/kollonta/1920/communism-family.htm,0.0,no,4,0,355347,53,2017-07-16 15:34:08.624618+00,approved,77,3,False,0.0,0.0,0.0,0.0,0.0,0.0,0.0,0.0,0.0,0.0,0.0,0.0,0.0,0.0,0.0,0.0,0.0,0.0,0.0,0.0,0.0,0.0,0.0,0.0
1040859,Trudeau owed this deal to his Beijing Patrons. They paid for it at numerous closed door private fundraises and big dollar donations to the Trudeau foundation. He had no choice but to approve it.,0.0,no,4,0,314603,54,2017-02-24 19:27:16.927920+00,approved,194,34,False,0.0,0.0,0.0,0.0,0.0,0.0,0.0,0.0,0.0,0.0,0.0,0.0,0.0,0.0,0.0,0.0,0.0,0.0,0.0,0.0,0.0,0.0,0.0,0.0
566424,"We go back to the treaties, is how far back we go. The idea that any lands would be returned to Indians that are now occupied by non-Indians without compensation for the nons is ridiculous and histrionic. Your compassion for the far richer white people who have been there for 4 generations would be touching if not for  your lack of compassion for a people who have been subjected to the most depraved genocide in world history. God forbid some white people suffer the consequences of their own culture!  

People don't know what they lost when they learned to rationalize such obvious evil so they could fit in with the moral imbeciles around them. It's why they're so needy no matter how much they have, and even the thought, just the idea that someone else has something they can't have access to drives them apoplectic with outrage. They are instant victims. If you were at all skilled as social worker, you'd recognize the violence and entitlement in your culture and in your apologies for it.",0.5,yes,10,5,150055,21,2016-11-01 01:55:43.511072+00,approved,999,175,True,0.0,0.0,0.0,0.0,0.0,0.0,0.0,0.0,0.1,0.0,0.0,0.0,0.0,0.0,0.0,0.0,0.7,0.0,0.0,0.2,0.0,0.0,0.0,0.0
5133941,Do you think the Kim and the NK military would allow it given I think you're correct?,0.0,no,4,0,326931,54,2017-04-14 18:47:22.587810+00,approved,85,17,False,0.0,0.0,0.0,0.0,0.0,0.0,0.0,0.0,0.0,0.0,0.0,0.0,0.0,0.0,0.0,0.0,0.0,0.0,0.0,0.0,0.0,0.0,0.0,0.0
760096,"You are quite correct.
And that idea was soundly rejected, due to the fact that the constitution could be amended.
 Also in response to Thomas Jefferson's letter,   James Madison, Jefferson's contemporary, found comfort in knowing that the populace would not be thrust into political turmoil every 20 years, and noted that the way the Constitution is now structured, it implies an acceptance of the status quo unless explicitly changed.
Thank you.
| I love this stuff.
It's the most wonderful time in 8 years.
24 days !",0.0,no,4,0,158454,21,2016-12-27 20:35:01.715720+00,approved,519,87,False,0.0,0.0,0.0,0.0,0.0,0.0,0.0,0.0,0.0,0.0,0.0,0.0,0.0,0.0,0.0,0.0,0.0,0.0,0.0,0.0,0.0,0.0,0.0,0.0
5800317,"Nobody has suggested requiring anybody to hide their face.

Maybe they're doing it because they respect their cultural heritage and want to preserve it.

Of course, that sort of attachment to ""cultural heritage"" is pretty gross, but that doesn't mean you cut people off from public services if they have it. Especially when you're doing it to cater to other people who have the same disease.",0.2,no,5,1,368211,54,2017-08-19 13:17:49.283974+00,approved,391,66,False,0.0,0.0,0.0,0.0,0.0,0.0,0.0,0.0,0.0,0.0,0.0,0.0,0.0,0.0,0.0,0.0,0.0,0.0,0.0,0.0,0.0,0.0,0.0,0.0
5748039,Last time we fought in Korea we didn't expect the Chinese to intervene. Why do people think they won't this time? It's the same war.,0.0,no,4,0,365225,21,2017-08-11 02:02:30.034664+00,approved,132,25,True,0.0,0.0,0.0,0.0,0.0,0.0,0.0,0.0,0.0,0.0,0.0,0.0,0.0,0.0,0.0,0.0,0.0,1.0,0.0,0.0,0.0,0.0,0.0,0.0
6021546,"It's unlikely that China intervenes like it did in 1950. Things have changed. The Chinese have now more in common ideologically and economically with the US  and South Korea than North Korea. Besides, the Chinese have to be concerned about North Korean actions triggering a Japanese rearmament. Worse, Kim's actions are creating  a ""rapprochement"" between South Korea and Japan - something that China views as quite alarming. No way China risks everything for coal and textiles imports it doesn't really need. 

No nation has friends, only common interests.",0.0,no,4,0,381715,54,2017-09-25 20:51:03.659800+00,approved,557,88,True,0.0,0.0,0.0,0.0,0.0,0.0,0.0,0.0,0.0,0.0,0.0,0.0,0.0,0.0,0.0,0.0,0.0,1.0,0.0,0.0,0.0,0.0,0.0,0.0
5654859,"Sorry, didn't attend 4J, but apparently students there were taught to spell.  I certainly know which 'there' to use, and not to use 'half' when I mean 'have'.  Again, any evidence of your contention?",0.0,no,4,0,358733,13,2017-07-25 16:18:17.509680+00,approved,199,34,False,0.0,0.0,0.0,0.0,0.0,0.0,0.0,0.0,0.0,0.0,0.0,0.0,0.0,0.0,0.0,0.0,0.0,0.0,0.0,0.0,0.0,0.0,0.0,0.0
7070697,"I don't know if it is true or not that Trump's youngest son is somewhere on the autism spectrum, but I know that it has been suggested that this is the case.   This might explain his choice of an anti-vaxer for the position, if he is looking for someone or something to blame.",0.0,no,4,0,161556,54,2017-01-12 23:27:59.578872+00,approved,276,53,False,0.1,0.0,0.0,0.0,0.0,0.0,0.0,0.0,0.0,0.0,0.0,0.0,0.0,0.0,0.0,0.0,0.0,0.0,0.0,0.0,0.0,0.2,0.1,0.1
6185592,If women didn't act like a tease and didn't dress like wh*res that would also help.  just saying.,0.7,yes,10,7,391159,54,2017-10-20 04:18:08.634124+00,approved,97,18,True,0.0,1.0,0.0,0.0,0.0,0.0,0.0,0.0,0.0,0.0,0.0,0.0,0.0,0.0,0.0,0.0,0.0,0.0,0.0,0.0,0.0,0.0,0.0,0.0
724682,Liberals.  Always wanting to protect killers and kill babies in the womb.,0.6875,yes,80,55,157195,21,2016-12-18 02:02:39.592574+00,approved,73,12,False,0.0,0.0,0.0,0.0,0.0,0.0,0.0,0.0,0.0,0.0,0.0,0.0,0.0,0.0,0.0,0.0,0.0,0.0,0.0,0.0,0.0,0.0,0.0,0.0
5396842,Do you know all feminists?,0.2,no,10,2,343053,54,2017-06-11 18:19:39.184188+00,approved,26,5,True,0.0,0.7,0.0,0.0,0.0,0.0,0.0,0.0,0.0,0.0,0.0,0.0,0.0,0.0,0.0,0.0,0.0,0.0,0.0,0.0,0.0,0.0,0.0,0.0
6013593,"It's possible to disagree w/Israeli aggression in Palestine and not be Anti Semitic. 

But you don't manage it. Let me spell it out for you; Holocaust denial is Anti-Semitic.",0.4,no,10,4,381289,13,2017-09-24 18:27:34.199110+00,approved,174,29,False,0.0,0.0,0.0,0.0,0.0,0.0,0.0,0.0,0.0,0.0,0.0,0.0,0.0,0.0,0.0,0.0,0.0,0.0,0.0,0.1666666666666666,0.0,0.0,0.0,0.0
5694365,"I suppose you mean ""Render unto Caesar what is Caesar's"". That meant, ""Pay your taxes."" Otherwise, there is no scripture demanding obedience to the President of the United States, or its first century equivalent. In Christianity, morals are not compromised because a powerful person demands it. That'w why Christian history is dotted with martyrs.

We are speaking of a different thing, incompetence, corruption, fraud, deceit. Obviously neither you nor many of Trump's voter cared that Trump was and is a womanizing playboy with no perceptible morals. The fact that someone else was, also, is no excuse whatsoever. Trump's voters were thoroughly hoodwinked, taken for a ride. If they can't see it by now, they are truly foolish.",0.8,yes,10,8,361301,13,2017-08-01 05:40:48.740280+00,approved,729,117,True,0.0,0.0,0.0,0.0,0.0,0.0,0.0,0.0,0.8333333333333333,0.0,0.0,0.0,0.0,0.0,0.0,0.0,0.0,0.0,0.0,0.0,0.0,0.0,0.0,0.0
531456,"Come on, I know you read Minnery's original piece. He was calling to unseat judges based of the 2500 year old Hebrew prophecies of Ezekiel ben-Buzzi. He made this a religious issue not me.

You need to address some issues much larger than two judges. We call people under 18 children. We think sex is an adult act. We all know people under 18 engage in adult acts. There are consequences for these acts. Mr. Minnery would say sex education is best done at home and in church but God help those who think it should be in public schools. And God help the young born into families too dysfunctional to deal with the topic at all.

Yeah. Pregnancy and abortion are serious business. But whose business it is not your call or mine or Mr, Minnery's.",0.0,no,5,0,148574,21,2016-10-16 09:23:58.314859+00,approved,743,137,False,0.1,0.0,0.0,0.0,0.0,0.0,0.0,0.0,0.2,0.1,0.0,0.0,0.0,0.0,0.0,0.0,0.0,0.0,0.0,0.0,0.0,0.0,0.0,0.0
767789,Tried looking but essentially strong rumours Morneau is looking to increase dividend taxes in 2017 budget as indicated in article.,0.0,no,4,0,159032,54,2016-12-29 22:35:41.526871+00,approved,130,20,False,0.0,0.0,0.0,0.0,0.0,0.0,0.0,0.0,0.0,0.0,0.0,0.0,0.0,0.0,0.0,0.0,0.0,0.0,0.0,0.0,0.0,0.0,0.0,0.0
842985,"Maggie's permitted to air her solidly left-wing view of Obama and we who differ with her on that view are free to dismiss it as a broken-hearted lullaby, to plagiarize  Sassy Sarah Vaughan. It was good that America elected a black president. He was, however, a disaster in foreign policy, a pushover who paved the way for the kickback that brought us the even more disastrous Donald Trump and his fellow-thug Putin. Obama was well qualified on domestic issues, an inner-city fixer, but as incompetent on the world stage as  Ike, who, like Barrack, simply invited bullies to swing away. As a bulwark against bullies, you have to have credibility and Obama's red lines left us all simply red-faced when adversaries laughed at and ignored them.  It was nice that he had class. It would be nice if Trump wasn't the lowest of low-brow. But you don't bring just class to a gunfight.",0.1666666666666666,no,6,1,161902,54,2017-01-15 12:30:03.715347+00,approved,876,153,True,0.0,0.0,0.0,0.0,0.0,0.0,0.0,0.0,0.0,0.0,0.0,0.0,0.0,0.0,0.0,1.0,0.0,0.0,0.0,0.0,0.0,0.0,0.0,0.0
5044911,"He is even difficult to label as a Christian - Even Pat Robertson could not spin it.

http://www1.cbn.com/cbnnews/politics/2017/march/if-faith-is-a-mystery-then-judge-gorsuchs-is-perfect

He seems to be a Scalia clone in just about every way.",0.2,no,5,1,321637,13,2017-03-23 18:22:51.903153+00,approved,242,30,True,0.0,0.0,0.0,0.0,0.0,0.0,0.0,0.0,0.8,0.0,0.0,0.0,0.0,0.0,0.0,0.0,0.0,0.0,0.0,0.0,0.0,0.0,0.0,0.0
846406,"well sir, my apologies and nod of thanks for the support. did you know the th Kinnsey report - i think - determined that men thought about sex like a dozen times an hour.. not dwell, but have it come to mind. the numbers on women weren't too much lower. lol.... (alpha male?  .... ? gonna tink on stuff?)",0.0,no,4,0,162008,13,2017-01-16 07:13:00.179494+00,approved,304,59,True,0.75,1.0,0.0,0.0,0.0,0.0,0.0,0.0,0.0,0.0,0.0,0.0,0.0,0.0,0.0,0.0,0.0,0.0,0.0,0.0,0.0,0.0,0.0,0.0
5481483,"Is the Church giving approval to all the straight couples who use contraception?  How about the straights who live together before marriage, or just hook up on Saturday night?  What about the racists among us, the tax frauds, the pornographists?  Some of these sins are more obvious than others but I guarantee you 2/3 of the people on the altar on any Sunday are guilty of some of them.  It is no ones place to judge except God's and mercifully, He's keeping His mouth shut.",0.3,no,10,3,348600,53,2017-06-26 22:03:05.165728+00,approved,475,85,True,0.0,0.0,0.0,0.0,0.5,0.1,0.0,0.0,0.3,0.0,0.0,0.0,0.0,0.0,0.0,0.0,0.0,0.0,0.0,0.0,0.0,0.0,0.0,0.0
5773028,"Let's see Trump 'Fire All The White Nationalists On His Staff Starting With Steve Bannon'

Until then, he can make all the mealy mouthed statements someone else writes for him and they won't mean squat.",0.0,no,4,0,366599,21,2017-08-15 17:13:14.210570+00,approved,202,35,False,0.0,0.0,0.0,0.0,0.0,0.0,0.0,0.0,0.0,0.0,0.0,0.0,0.0,0.0,0.0,0.0,0.4,0.0,0.0,0.0,0.0,0.0,0.0,0.0
913316,Sounds like a couple hundred more jobs going to Alaskans. I certainly don't consider that a bad thing.,0.0,no,4,0,164681,21,2017-01-28 18:49:29.938382+00,approved,102,18,False,0.0,0.0,0.0,0.0,0.0,0.0,0.0,0.0,0.0,0.0,0.0,0.0,0.0,0.0,0.0,0.0,0.0,0.0,0.0,0.0,0.0,0.0,0.0,0.0
6146653,"Wow, I'd have expected this from that ""Ma Kitti"" place in Waikiki (now closed) but not a presumed ""nice"" restaurant. We went on a cruise once and avoided norovirus by washing our hands every time we returned to our stateroom.",0.0,no,4,0,388854,55,2017-10-14 16:31:37.386789+00,approved,225,40,False,0.0,0.0,0.0,0.0,0.0,0.0,0.0,0.0,0.0,0.0,0.0,0.0,0.0,0.0,0.0,0.0,0.0,0.0,0.0,0.0,0.0,0.0,0.0,0.0
6061697,They only took a direct hit from one.,0.0,no,4,0,383773,102,2017-10-01 15:03:24.233226+00,approved,37,8,False,0.0,0.0,0.0,0.0,0.0,0.0,0.0,0.0,0.0,0.0,0.0,0.0,0.0,0.0,0.0,0.0,0.0,0.0,0.0,0.0,0.0,0.0,0.0,0.0
593787,"Yes, Jesus was very fond of racist pussy grabbers who mock the disabled.",0.8,yes,70,56,151146,53,2016-11-11 19:49:57.209370+00,approved,72,13,False,0.0,0.1,0.0,0.0,0.0,0.0,0.0,0.0,0.3,0.0,0.0,0.0,0.0,0.0,0.0,0.0,0.0,0.0,0.0,0.0,0.1,0.1,0.1,0.2
5601234,"Sometimes a guy has to take the ball when he's not 100 percent - but the second day after the All-Star Break is not one of those times. Really, really dumb to go out there when several other options were available.",0.5,yes,10,5,355832,102,2017-07-16 03:28:05.007552+00,approved,214,41,False,0.2,0.0,0.0,0.0,0.0,0.0,0.0,0.0,0.0,0.0,0.0,0.0,0.0,0.0,0.0,0.0,0.0,0.0,0.0,0.0,0.0,0.0,0.0,0.0
7017058,The fact of the matter is juniors / McCallum's 35000 aren't refugees - they are invaders.,0.4,no,10,4,158683,54,2016-12-27 23:25:21.283669+00,approved,89,16,False,0.0,0.0,0.0,0.0,0.0,0.0,0.0,0.0,0.0,0.0,0.0,0.0,0.0,0.0,0.0,0.0,0.0,0.0,0.0,0.0,0.0,0.0,0.0,0.0
4998911,"Apparently if you are female in England, that is still a concern:

""Nicola Thorp was told in December 2015 that her flat shoes were unacceptable for a temporary assignment in London with finance firm PwC.

Her employment agency, Portico, had a dress code specifying that female workers must wear non-opaque tights, have hair with “no visible roots,” wear “regularly re-applied” makeup — and appear in shoes with a heel between five and 10 centimetres high.""",0.0,no,4,0,319038,54,2017-03-13 19:38:18.093291+00,approved,457,75,True,0.0,1.0,0.0,0.0,0.0,0.0,0.0,0.0,0.0,0.0,0.0,0.0,0.0,0.0,0.0,0.0,0.0,0.0,0.0,0.0,0.0,0.0,0.0,0.0
7037939,"Priests, from another culture, rarely fit in in Ireland.  It's a disaster usually.  Because of many of these priests, who arrive from other countries where it's a leg-up in the social scale to become a priest, or a Sister, and whose attitudes are not in sync with our culture, we will soon have nobody at all, in many parishes, to facilitate our Sacramental lives.  How on earth could we survive without the Eucharist?  How could we Irish survive without Mass for our loved ones, when they go to God?  It's a nightmare scenario.  I suggest that the Holy Spirit has a Master Plan in mind, but this Master Plan needs our Willingness, Sacrifice and Prayer to be open to it.  Discernment is the name of the game, and all believing, practising Catholics in every parish need to seek the Master Plan  and be unafraid.  Otherwise..........",0.0,no,4,0,154013,53,2016-12-02 14:46:18.984595+00,approved,832,145,True,0.1,0.2,0.0,0.0,0.0,0.0,0.0,0.0,0.6,0.0,0.0,0.0,0.0,0.0,0.0,0.0,0.0,0.0,0.0,0.1,0.0,0.0,0.0,0.0
5080366,"Considering the economic spin offs and the fact most festivals and public events get public subsidies don't see any real problem.  As for lewd behaviour, not at all of them or even most.  It is true that the Toronto one sometimes has nudity, but you can ban that without banning the parade and besides public nudity has nothing to do with being gay anyways.",0.3,no,10,3,323709,54,2017-04-01 06:29:32.941951+00,approved,357,64,True,0.0,0.0,0.0,0.0,0.0,0.8333333333333333,0.0,0.0,0.0,0.0,0.0,0.0,0.0,0.0,0.0,0.0,0.0,0.0,0.0,0.0,0.0,0.0,0.0,0.0
567669,"No way - it is ot a reason to abandon the Church - it is a reason to change it. It is time we stand up and provoke a discussion which is not manipulated by conservative clergy. If you belief, in conscious to be correct by supporting women's ordination - then do soemthing about it - with the rest of us on this blog. It hight time",0.0,no,4,0,150206,53,2016-11-01 17:40:01.906802+00,approved,330,67,True,0.0,1.0,0.0,0.0,0.0,0.0,0.0,0.0,0.0,0.0,0.0,0.0,0.0,0.0,0.0,0.0,0.0,0.0,0.0,0.0,0.0,0.0,0.0,0.0
332899,Hanna and her sisters like your flippant ignorant approach to public health. So does the hantaviris.,0.5588235294117647,yes,68,38,137734,21,2016-05-31 00:08:55.353930+00,approved,100,16,True,0.0,0.5,0.0,0.0,0.0,0.0,0.0,0.0,0.0,0.0,0.0,0.0,0.0,0.0,0.0,0.0,0.0,0.0,0.0,0.0,0.0,0.0,0.0,0.0
5812806,"Exactly. Also, one aspect of this new fad regarding Confederate monuments, which isn't getting much attention, is that it's designed expressly to foment violent confrontation. That is, regardless of the facts (which academia and the media have worked so hard to erase), anyone who objects to destroying these monuments is considered, de facto, a white supremacist racist, and ""right-thinking"" people are therefore justified in physically attacking such people.",0.5,yes,10,5,368745,105,2017-08-21 18:01:47.434014+00,approved,460,68,True,0.0,0.0,0.0,0.0,0.0,0.0,0.0,0.0,0.0,0.0,0.0,0.0,0.0,0.0,0.0,0.0,0.6,0.0,0.0,0.0,0.0,0.0,0.0,0.0
5593689,"Trent

as to ...'When St Thomas wrote of the Real Presence of Christ in the Eucharist ""...

I wonder how many people understand the Aristotelian Philosophy that St  Thomas Acquinas used?

Not sure that I do; but as far as I can figure, that Latin 'substantia' has not quite the same meaning as our English word 'substance' or 'substantial'.

'Sustantia', in that philosophy, is a mental category. Eg. –Something you sit on is a 'chair'. But if you take 4 chairs , attach them together, and remove the center arms so that 4 or 5 people sit on it, then you have 'trans-substantiated' those 'chairs' into a 'bench'. You have a different 'mental category'.

That's what  St.Thomas means by 'tran-substantiation'. The bread and wine of the Eucharist become 'consecrated' bread and wine and so a communion with, and remembrance of,  the sacrificed, risen, glorified Jesus – body and  blood, soul and Divinity. The mental category has changed.

Our English 'substance' carries a different connotation.",0.0,no,4,0,352286,53,2017-07-14 18:32:49.397078+00,approved,994,164,True,0.0,0.0,0.2,0.0,0.0,0.0,0.0,0.0,0.6,0.0,0.0,0.0,0.0,0.0,0.0,0.0,0.0,0.0,0.4,0.0,0.0,0.0,0.0,0.0
770899,"I think there's another piece to this issue, too. 

We can blame the media ad nauseum....BUT Donald Trump's bullying and appalling behavior APPEALLED to a substantial number of voters who wanted to elect this appalling man, because he was a misogynist, racist, sexist, white supremacist, antisemitist et al...

Think we really need to ask ourselves about this ""thin veneer"" of civility that we thought was far more common (thicker) in our society? 

I frankly had absolutely no idea that there were so many folks who shared Trumps values...

I thought our democracy rested on firmer ground....I don't think so today.

I'd like to see comparisons between media in the 30s in Germany and today's media...here in the US...sadly suspect there are sutantive parallels.",0.6,yes,10,6,159232,53,2016-12-30 18:10:05.462769+00,approved,763,123,True,1.0,0.1666666666666666,0.0,0.0,0.0,0.0,0.0,0.0,0.0,0.1666666666666666,0.0,0.0,0.0,0.0,0.0,0.0,0.8333333333333333,0.0,0.0,0.0,0.0,0.0,0.0,0.1666666666666666
866457,"The irony is stunning.
99% of the posters think BLM has no business making themselves heard. 

This from a society where your largest minority has to appeal to the United Nations to have their human rights respected by their own government.

Where hate crimes against minorities are committed at a rate twice as high as in the U.S.

Where the group making up only 4% of the general population makes up 25% of the prison population, a rate far in excess of blacks in the U.S.

Where kids are killing themselves by overdosing on drugs at a rate twice the murder rate of NY.

The only reason to have this post deleted or even give thumbs down is because you don't like reading it.",0.6,yes,10,6,162864,54,2017-01-19 23:34:14.795801+00,approved,677,124,True,0.0,0.0,0.0,0.0,0.0,0.0,0.0,0.0,0.0,0.0,0.0,0.0,0.0,0.0,0.0,0.5,0.0,0.0,0.0,0.0,0.0,0.0,0.0,0.1
7079584,"So Trump started his political life with a racist lie, and found it resonated with some, so he has stayed with the same message. His strong underlying message is Make America White Again. Unfortunately, racism while not quite as blatant as it once was is still alive and well in America, and Obama's presidency brought it back to the surface.",0.5,yes,10,5,140581,21,2016-07-03 21:11:33.870656+00,approved,342,60,True,0.0,0.0,0.0,0.0,0.0,0.0,0.0,0.0,0.0,0.0,0.0,0.0,0.0,0.0,0.0,0.0,0.7,0.0,0.0,0.0,0.0,0.0,0.0,0.0
818952,"Regardless of whether you lean conservative or liberal in the Church, the 4 cardinals are asking the pope to affirm church doctrine. If it is so clear to Muller that AL upholds Church doctrine, why can't the pope respond to the Dubia?",0.2,no,10,2,160844,53,2017-01-10 16:56:00.188632+00,approved,234,42,False,0.0,0.0,0.0,0.0,0.0,0.0,0.0,0.0,0.0,0.0,0.0,0.0,0.0,0.0,0.0,0.0,0.0,0.0,0.0,0.0,0.0,0.0,0.0,0.0
6212400,And you can thank Obama for killing America's space program,0.26,no,50,13,392752,102,2017-10-24 15:24:53.185416+00,approved,59,10,False,0.0,0.0,0.0,0.0,0.0,0.0,0.0,0.0,0.0,0.0,0.0,0.0,0.0,0.0,0.0,0.0,0.0,0.0,0.0,0.0,0.0,0.0,0.0,0.0
6176706,"Boy I'll bet that got Frederica's spurs all in a jingle... lucky she did not pull out her six gun and call him out! (insert the good, the bad and the ugly theme)",0.0,no,4,0,390806,105,2017-10-19 03:24:15.051413+00,approved,161,33,False,0.2,0.0,0.0,0.0,0.0,0.0,0.0,0.0,0.0,0.0,0.0,0.0,0.0,0.0,0.0,0.0,0.0,0.0,0.0,0.0,0.0,0.0,0.0,0.0
581040,"I think if HRC was a male authoritarian, you'd be all over how immoral and sick Trump is, but HRC is not an authoritarian male.",1.0,yes,6,6,150237,53,2016-11-07 02:57:38.261153+00,approved,127,25,True,1.0,0.0,0.0,0.0,0.0,0.0,0.0,0.0,0.0,0.0,0.0,0.0,0.0,0.0,0.0,0.0,0.0,0.0,0.0,0.0,0.0,0.0,0.0,0.0
5160834,"Let's discuss the evils of the Arabian empires, Ottoman Turks, and various caliphs  which raged genocide destruction of all pre-existing cultures of North African and Middle east. We still have native culture with us in Canada. But Muslims exterminated all indigenous people and religions where ever they went (and still try do)",0.5,yes,10,5,328349,54,2017-04-21 16:43:46.885160+00,rejected,328,52,True,0.0,0.0,0.0,0.0,0.0,0.0,0.0,0.0,0.0,0.0,0.8,0.0,0.0,0.0,0.1,0.0,0.0,0.0,0.0,0.2,0.0,0.0,0.0,0.0
796119,"I wonder how he would feel if bakers or any other wedding service could refuse service if the intended were anti-LGBT. It is basically the same thing if it violates ""a sincerely held belief"". Discrimination is discrimination regardless of how you try to sugar coat it with a set belief system. The right to practice ones religion does not give anyone a right to discriminate against another citizen based on that religion.",0.0,no,4,0,160063,21,2017-01-05 22:23:41.417914+00,approved,422,72,False,0.0,0.0,0.0,0.0,0.0,0.0,0.0,0.0,0.0,0.0,0.0,0.0,0.0,0.0,0.0,0.0,0.0,0.0,0.0,0.0,0.0,0.0,0.0,0.0
5009315,the march of islam in europe continues without opposition,0.0,no,6,0,319659,54,2017-03-15 21:48:04.830428+00,approved,57,9,True,0.0,0.0,0.0,0.0,0.0,0.0,0.0,0.0,0.0,0.0,0.8,0.0,0.0,0.0,0.0,0.0,0.0,0.0,0.0,0.0,0.0,0.0,0.0,0.0
6274358,"Another land mine in the life of a catholic gay(me); not being invited to the burial of my beloved Aunt Mimi. I can't help but think of Luke 9:60: 
Jesus said to him, ""Let the dead bury their own dead, but you go and proclaim the kingdom of God.""",0.3,no,10,3,395562,53,2017-11-02 16:13:54.826840+00,approved,246,49,True,0.0,0.0,0.0,0.0,0.0,0.8333333333333333,0.0,0.0,1.0,0.0,0.0,0.0,0.0,0.0,0.0,0.0,0.0,0.0,0.0,0.0,0.0,0.0,0.0,0.0
7042713,"At this point, Trump supporters have only two options left in defending this mess:
1. Scream ""fake fake fake"" - the concept that any information, no matter how objectively true, which is critical of or in disagreement with the policies persued by the dear leader is automatically false. Reinforced by the echo chamber of the right wing media which does not tolerate or consider dissent of any kind, this magical thinking allows conservatives to square the circle and live in a world in which Trump is a wise, noble patriot rather than a corrupt plutocrat in bed with America's enemies.
2. Whataboutism - a series of false equivalencies designed to change the subject. What about Hillary Clinton (not in government) and the benghazemail blah blah blah? What about Obama (not POTUS) and the ""deep state"" he somehow implanted in government to ruin Trump's presidency?
There is no limit to what they will swallow as long as they can ensure the 1% get a huge tax cut and sick people lose insurance.",0.0,no,4,0,334874,21,2017-05-16 05:53:17.535012+00,approved,993,171,False,0.0,0.0,0.0,0.0,0.0,0.0,0.0,0.0,0.0,0.0,0.0,0.0,0.0,0.0,0.0,0.0,0.0,0.0,0.0,0.0,0.0,0.0,0.0,0.0
7153965,"When the next false flag operation occurs under the administration of President Drumpf, the right wing evangelicals and neocons/theocons spread their message of hatred to fool the sheeple into cooperating with the outcome.  Warning: they will soon wear out their cap locks.

This is the real reason that they had to have another moron in the Whitehouse and why the mainstream media gave his campaign $5 Billion in free advertising.  That is what got Trump elected and don't you forget it.",0.6,yes,10,6,154126,54,2016-12-02 09:46:22.683679+00,approved,488,81,False,0.0,0.0,0.0,0.0,0.0,0.0,0.0,0.0,0.3,0.0,0.0,0.0,0.0,0.0,0.1,0.0,0.0,0.0,0.0,0.0,0.0,0.0,0.0,0.0
297475,"Don't be a sore loser, John.

Bernie wants the Superdelegates to vote for him. But if they vote for Hillary, then it's corrupt. You can't have it both ways.",0.8,yes,10,8,69084,21,2016-04-28 18:10:02.006800+00,approved,156,29,False,0.0,0.0,0.0,0.0,0.0,0.0,0.0,0.0,0.0,0.0,0.0,0.0,0.0,0.0,0.0,0.0,0.0,0.0,0.0,0.0,0.0,0.0,0.0,0.0
5920667,"Mary, based on the names of the suspects, I don't think anyone jumped to conclusions about their race. Unless assuming that they are white based  on their names is considered jumping to conclusions?",0.1666666666666666,no,6,1,375292,102,2017-09-08 16:39:02.052208+00,approved,198,33,True,0.0,0.0,0.0,0.0,0.0,0.0,0.0,0.0,0.0,0.0,0.0,0.0,0.0,0.0,0.1666666666666666,0.0,0.8333333333333333,0.0,0.0,0.0,0.0,0.0,0.0,0.0
5863832,"ORS,
Of course you approve of the 40 ft. wall on the Mexican border. Hypocrisy!",0.5375,yes,80,43,371948,66,2017-08-29 19:59:30.623541+00,approved,79,15,False,0.0,0.0,0.0,0.0,0.0,0.0,0.0,0.0,0.0,0.0,0.0,0.0,0.0,0.0,0.0,0.0,0.0,0.0,0.2,0.1,0.0,0.0,0.0,0.0
335988,"This only reinforces what a piece of garbage Billy is. As a father and someone with difficult in-laws I would never be  ""ushered out"" of my child's life if my wife and I were to separate.",0.7,yes,10,7,137897,21,2016-06-02 15:46:55.456114+00,approved,187,36,False,0.3,0.2,0.0,0.0,0.0,0.0,0.0,0.0,0.0,0.0,0.0,0.0,0.0,0.0,0.0,0.0,0.0,0.0,0.0,0.0,0.0,0.0,0.0,0.0
588989,"For women, more like the stone age where men will be encouraged to knock them on their butt and grab them by the hair and drag them to  wherever.",0.7027027027027027,yes,74,52,151102,21,2016-11-10 06:30:34.528368+00,approved,145,29,True,0.75,1.0,0.0,0.0,0.0,0.0,0.0,0.0,0.0,0.0,0.0,0.0,0.0,0.0,0.0,0.0,0.0,0.0,0.0,0.0,0.0,0.0,0.0,0.0
5353175,"This Woman may well be delusional based upon her understanding of whar Dr. Peterson is trying to discuss, not dissimilar to the morons who shouted him down in Hamilton.",0.6363636363636364,yes,66,42,340128,54,2017-06-03 23:58:13.668316+00,rejected,168,29,True,0.0,1.0,0.0,0.0,0.0,0.0,0.0,0.0,0.0,0.0,0.0,0.0,0.0,0.0,0.0,0.0,0.0,0.0,0.0,0.0,0.0,0.0,0.0,0.0
6217926,"I suppose ""murky"" is as good a word as any to describe our government's meddling in the affairs of other nations.  (Government, in this case = CIA.)",0.0,no,4,0,393066,102,2017-10-25 05:22:45.557699+00,approved,148,27,False,0.0,0.0,0.0,0.0,0.0,0.0,0.0,0.0,0.0,0.0,0.0,0.0,0.0,0.0,0.0,0.0,0.0,0.0,0.0,0.0,0.0,0.0,0.0,0.0
6273882,""" they were trying to make Evangelical beliefs seem backwards, bigoted, and sexist, and yet they were surprised that Evangelicals didn't show up in droves to vote for Hillary.""
Which, of course, they are; much as the Christian Right hates to admit it.",0.3,no,10,3,395941,102,2017-11-02 15:23:01.696586+00,approved,251,43,True,0.0,0.0,0.0,0.0,0.0,0.0,0.0,0.0,1.0,0.0,0.0,0.0,0.0,0.0,0.5,0.0,0.0,0.0,0.0,0.0,0.0,0.0,0.0,0.0
5241208,Does this qualify as the dumbest story of the day. Uhhyes,0.5633802816901409,yes,71,40,333343,21,2017-05-11 02:30:24.813823+00,approved,57,11,False,0.0,0.0,0.0,0.0,0.0,0.0,0.0,0.0,0.0,0.0,0.0,0.0,0.0,0.0,0.0,0.0,0.0,0.0,0.0,0.0,0.0,0.0,0.0,0.0
4996098,Trump be da man!,0.6,yes,10,6,318914,54,2017-03-13 03:07:53.322712+00,approved,16,4,True,1.0,0.0,0.0,0.0,0.0,0.0,0.0,0.0,0.0,0.0,0.0,0.0,0.0,0.0,0.0,0.0,0.0,0.0,0.0,0.0,0.0,0.0,0.0,0.0
6183167,Indians do not contribute to the economy of Canada nor are they elected by Canadians . Canadians should be allowed to vote in Indian elections to give some validity to their concerns . This is unconstitutional for unelected Indians deciding the fate of Canada.,0.0,no,4,0,391136,54,2017-10-19 21:05:39.991871+00,approved,260,44,True,0.0,0.0,0.0,0.0,0.0,0.0,0.0,0.0,0.0,0.0,0.0,0.1,0.0,0.0,0.0,0.0,0.0,0.0,0.0,0.5,0.0,0.0,0.0,0.0
767491,"If you don't agree with me you're a Zionist!!!

And if you continue to disagree with me you're a Hasbara troll!!!",0.6571428571428571,yes,70,46,158886,54,2016-12-29 21:21:34.554686+00,approved,113,21,False,0.0,0.0,0.0,0.0,0.0,0.0,0.0,0.0,0.0,0.0,0.0,0.0,0.0,0.0,0.0,0.0,0.0,0.0,0.0,0.0,0.0,0.0,0.0,0.0
676292,"I see life as a woman who, like every other woman on the planet, lives in a sexist world. So what? It seems to me you feel free to be dismissive of sexism.

Actually my chief preoccupations are religion, art and politics.",0.0,no,4,0,155136,53,2016-12-07 21:13:52.857937+00,approved,221,42,True,0.0,1.0,0.0,0.0,0.0,0.0,0.0,0.0,0.0,0.0,0.0,0.0,0.0,0.0,0.0,0.0,0.0,0.0,0.0,0.0,0.0,0.0,0.0,0.0
6119244,And the rest of the country is a loser.,0.7971014492753622,yes,69,55,387336,102,2017-10-10 17:42:15.211254+00,approved,39,9,False,0.0,0.0,0.0,0.0,0.0,0.0,0.0,0.0,0.0,0.0,0.0,0.0,0.0,0.0,0.0,0.0,0.0,0.0,0.0,0.0,0.0,0.0,0.0,0.0
5000034,"Hey, let this imbecile hold on as long as possible. 
He was appointed as a Conservative and he's an 'ordained minister'. 
Keep the negative publicity going as long as you like. We can figure out who will benefit.
Anything from any CPC 'leadership' candidate yet?? No?",1.0,yes,4,4,319110,54,2017-03-13 23:00:38.006125+00,rejected,267,46,False,0.0,0.0,0.0,0.0,0.0,0.0,0.0,0.0,0.0,0.0,0.0,0.0,0.0,0.0,0.0,0.0,0.0,0.0,0.0,0.0,0.0,0.0,0.0,0.0
7090656,Religion...the biggest crock of crap around.,0.875,yes,80,70,375328,102,2017-09-08 01:28:04.267493+00,approved,44,6,False,0.0,0.0,0.0,0.0,0.0,0.0,0.0,0.0,0.0,0.0,0.0,0.0,0.0,0.0,0.0,0.0,0.0,0.0,0.0,0.0,0.0,0.0,0.0,0.0
5971685,"You've NEVER hunted? It's actually a lot like you think it should be, an ambush, laid with great care after observing the habits and terrain of the prey. 

The hunter submerges into the living land, listening to it, smelling it, watching the move of every twig and needle, usually in a cold winter dawn or in dimming light before dusk. It is an amazing way to be in the living world, not the only way to do that, but . . . well, you've never hunted. 

 I eat meat, alas. I went through a short period when I ate only meat from game that I killed, back in the South. It's just about the only truly ethical meat that you can eat. I say ""just about"" because a friend of mine runs an organic hog farm, in Missouri, where every process and protocol is a rejection of industrialized meat production. 

Industrialized meat production, however, is killing the Earth and changing the climate; avoid it all you can. And I tell you, those ""mighty hunters"" are NOT killing the Earth and changing the climate.",0.1666666666666666,no,6,1,378393,13,2017-09-18 01:28:54.354953+00,approved,996,183,False,0.0,0.0,0.0,0.0,0.0,0.0,0.0,0.0,0.0,0.0,0.0,0.0,0.0,0.0,0.0,0.0,0.0,0.0,0.0,0.0,0.0,0.0,0.0,0.0
7022099,"Despite the mainstream liberal media trying to put a negative spin on everything President Trump has said or done since he took office, it is difficult to understand why more wasn't made of the huge military contract he signed with Saudi Arabia. It is obvious that Saudi Arabia is the biggest contributor to Islamic terrorism in the world and this deal is disgusting.",0.5,yes,10,5,341028,54,2017-06-06 12:26:48.327703+00,approved,367,63,False,0.0,0.1,0.0,0.0,0.0,0.0,0.1,0.0,0.0,0.0,0.4,0.0,0.0,0.0,0.0,0.0,0.1,0.0,0.0,0.0,0.1,0.0,0.0,0.0
5462219,Christy Clark turned a blind eye to the problems and went on junkets to China accompanied by realtors - the faster to sell the province you see. She sold us out. Trudeau is selling us out. Your post is just sour grapes because your party lost.,0.5,yes,10,5,347466,54,2017-06-22 23:44:14.589190+00,approved,243,46,False,0.0,0.0,0.0,0.0,0.0,0.0,0.0,0.0,0.0,0.0,0.0,0.0,0.0,0.0,0.0,0.0,0.0,0.0,0.0,0.0,0.0,0.0,0.0,0.0
5804767,"Why haven't all Republicans resigned?  Their failure is acceptance of the Trump ideology and every statement he makes.  Republicans created him; Republicans own him; Republicans created the rigged election system to put him in office.  The entire focus of the Republican nominating process for president was the very foundation of the Trump ideology.  They all believe it, but only in back rooms.  Now, it is exposed for all to see.  Time for Revolution with the removal of all Republicans from all governing offices in the nation.  Failure to do so certifies the acceptance of the White Supremacist philosophy now expressed by their leader, Trump.",0.1666666666666666,no,6,1,368483,21,2017-08-20 06:31:26.443881+00,approved,648,104,True,0.0,0.0,0.0,0.0,0.0,0.0,0.0,0.0,0.0,0.0,0.0,0.0,0.0,0.0,0.0,0.0,0.6,0.0,0.0,0.0,0.0,0.0,0.0,0.0
290350,this is such a load of shit!!!!!!!!!!!!!!!! maybe if it was their kids things would be different!,0.9875518672199172,yes,1205,1190,99339,21,2016-04-21 01:34:11.333420+00,approved,97,17,False,0.0,0.0,0.0,0.0,0.0,0.0,0.0,0.0,0.0,0.0,0.0,0.0,0.0,0.0,0.0,0.0,0.0,0.0,0.0,0.0,0.0,0.0,0.0,0.0
5266977,"Please quote me one, just one, racist comment made by the male, you cant because he did not, SHE started swearing not him, HER child was guilty of assaulting a female not him. You dear sir are the racist not him.",0.5,yes,72,36,335105,100,2017-05-17 13:21:07.522636+00,approved,212,41,True,1.0,0.75,0.0,0.0,0.0,0.0,0.0,0.0,0.0,0.0,0.0,0.0,0.0,0.0,0.0,0.0,0.0,0.0,0.0,0.0,0.0,0.0,0.0,0.0
5759326,"Thanks. I will watch it. Doe's that prove the ""state sponsored violence""? In summary, how did FW do it? Did he pay black people to kill their brothers?",0.5,yes,10,5,364882,100,2017-08-13 12:10:13.209050+00,approved,151,28,True,0.0,0.0,0.0,0.0,0.0,0.0,0.0,0.0,0.0,0.0,0.0,0.0,0.0,0.0,0.0,1.0,0.0,0.0,0.0,0.0,0.0,0.0,0.0,0.0
406095,"Had to laugh out loud when Slick Willy went on and on and on about how great a womyn and wife Hillary is.  If she's really that amazing, why did he cheat on her again and again and again.........",0.0,no,4,0,142516,13,2016-07-28 22:24:42.193106+00,approved,195,39,False,0.0,0.0,0.0,0.0,0.0,0.0,0.0,0.0,0.0,0.0,0.0,0.0,0.0,0.0,0.0,0.0,0.0,0.0,0.0,0.0,0.0,0.0,0.0,0.0
5814770,Of course he did.,0.0,no,4,0,369079,102,2017-08-21 22:26:45.512172+00,approved,17,4,False,0.0,0.0,0.0,0.0,0.0,0.0,0.0,0.0,0.0,0.0,0.0,0.0,0.0,0.0,0.0,0.0,0.0,0.0,0.0,0.0,0.0,0.0,0.0,0.0
6204410,"I have worked with straight forward men I have worked with a hard a$$.. I’ve work with men who want it there way and if not you in trouble but the only down right mean and degrading person I have ever worked for was a women and I’m talking 6-7 different professions over 25 years..

The women was so mean (not to me) she loved me for some weird reason .. She was so mean I walked away from my job cussing me to lose my first house.. I did so because she treated so many of her employees like garbage it was gross to watch so one night shift I left her a note explained I could not work for her and walked away..

Their are mean men and women but my experience in the work place my female bosses have always been much worse and I mean much much worse then any male boss I have ever had..

Analyze it say what u want about men and women but this is my experience and I am taking retail,lumber industry,oil industry,gold mine and on And on and on the female bosses r the nicest and by far the meanest",0.5,yes,10,5,392314,54,2017-10-23 12:00:42.718102+00,approved,997,200,True,1.0,1.0,0.0,0.0,0.0,0.0,0.0,0.0,0.0,0.0,0.0,0.0,0.0,0.0,0.0,0.0,0.0,0.0,0.0,0.0,0.0,0.0,0.0,0.0
5670988,"As an Alaskan I am perplexed by the craven cowardice and willingness of so many of my fellow Alaskans to accept anything in the name of party unity and refusing to stand up to the middle school bullying tactics of the Trump administration.  I've always believed it would be better to die standing up for what one believes than to live on one's knees kowtowing to a wannabe despot who thinks leadership is a ""my way or the highway"" attitude.  Congratulations to Senator Murkowski for once again proving that the women of Alaska are oft times made of sterner stuff than their male counterparts!",0.6,yes,10,6,359844,21,2017-07-27 19:19:42.959268+00,approved,592,104,True,1.0,1.0,0.0,0.0,0.0,0.0,0.0,0.0,0.0,0.0,0.0,0.0,0.0,0.0,0.0,0.0,0.0,0.0,0.0,0.2,0.0,0.0,0.0,0.0
1035095,"Ms Troll drags up the old ""soup spoon"" argument from Milton Friedman: 

Dr Friedman recalled traveling to an Asian country in the 1960s and visiting a work site where a new canal was being built. He was shocked to see that, instead of excavators and earth movers, the workers had shovels and picks. He asked why there were so few machines. The government bureaucrat explained: “You don’t understand. This is a jobs program.” To which Milton replied: “Oh, I thought you were trying to build a canal. If it’s jobs you want, then you should give these workers soup spoons, not shovels.”

Even with the cuts proposed by Sen Kelly and others, Alaska will still have the largest state government in the US per population. We can no longer afford that luxury. The role of the government is to allow the private sector operate smoothly; not to create unproductive tasks that drain resources from the economy.",0.6,yes,10,6,314351,21,2017-02-23 17:47:05.330953+00,approved,900,156,True,0.0,0.0,0.0,0.0,0.0,0.0,0.0,0.0,0.0,0.0,0.0,0.0,0.0,0.0,0.0,0.0,0.0,0.8333333333333333,0.0,0.0,0.0,0.0,0.0,0.0
1030927,Proof for your claim that the woman is in a wheelchair because of the vaccination?,0.0,no,4,0,314223,54,2017-02-22 20:16:26.286122+00,approved,82,15,True,0.0,1.0,0.0,0.0,0.0,0.0,0.0,0.0,0.0,0.0,0.0,0.0,0.0,0.0,0.0,0.0,0.0,0.0,0.0,0.0,0.5,0.0,0.0,0.0
563842,"Any ""Christian"" faith publicly supporting Trump has permanently polluted their message with the same filth that has spewed out of Trump's very mouth. The list is too long and everyone here has heard the racism, misogyny, bigotry, intolerance, vulgarity, and stupidity that flows out of his mouth every day. How in the world can any faith whether Catholic, Evangelical, or for that matter non-Christian; seek to attach themselves to the hate, lies, and brutality that is Trumpism? If you believe in an Anti-Christ, Trump would be the perfect example. How can people be so blind, stupid or frightened to believe  that placing a creature like Trump in power would be good for America or the Planet? I'll never understand it, and can never look at people who support him in the same way ever again. This all seems very familiar, like Nazi Germany familiar! Those who forget history are doomed to repeat it!",0.6052631578947368,yes,76,46,149860,53,2016-10-30 22:06:06.584545+00,approved,902,153,True,0.0,0.0,0.0,0.0,0.0,0.0,0.0,0.0,1.0,0.0,0.0,0.0,0.0,0.0,0.0,0.0,0.0,0.0,0.0,0.0,0.0,0.0,0.0,0.1666666666666666
5973171,Fine woman! Rest In Peace. Secretariat... greatest horse of all time. Check out his speed records in the Triple Crown. No other horse will ever come close to his time there. Truly a phenomenal horse!,0.0,no,4,0,379037,102,2017-09-18 13:20:13.472606+00,approved,199,35,True,0.2,0.8,0.0,0.0,0.0,0.0,0.0,0.0,0.0,0.0,0.0,0.0,0.0,0.0,0.0,0.0,0.0,0.0,0.0,0.0,0.0,0.0,0.0,0.0
552508,Just what Hawaii needs.  An official single party rule.  Awesome now we don't need to see things from any other perspective except one.  Makes it a lot easier to just go along with everything without any dissonance whatsoever.,0.0,no,4,0,149501,22,2016-10-25 23:04:59.864799+00,approved,226,38,False,0.0,0.0,0.0,0.0,0.0,0.0,0.0,0.0,0.0,0.0,0.0,0.0,0.0,0.0,0.0,0.0,0.0,0.0,0.0,0.0,0.0,0.0,0.0,0.0
405577,"I never made a choice to be straight, just like my brother never made a choice to be gay.  It's just who we are.  If god hates gays so much, why does he keep making so many of them?    

More power to you, friend.",1.0,yes,4,4,142275,21,2016-07-28 16:48:20.031323+00,approved,213,44,True,0.1666666666666666,0.0,0.0,0.0,0.6666666666666666,0.8333333333333333,0.0,0.0,0.0,0.0,0.0,0.0,0.0,0.0,0.0,0.0,0.0,0.0,0.0,0.0,0.0,0.0,0.0,0.0
6322323,"I just read  Harvard Hosts Anal Sex Workshop Entitled ‘What What in the Butt’, followed for a queer only talent show at Stevenson's.
Actually that's the democrat's dream, one washroom for all, same gender sex, self gratifying anal adventures. Just look at Hollywood, the ingrates get into consensual sex, then accuse their one time partner with a sexual offense or a big pay out, your choice. 
Universities and Colleges had become an extension of decadent Hollywood celebrities.",0.9166666666666666,yes,24,22,398913,105,2017-11-09 15:59:08.724933+00,approved,478,77,False,0.0,0.0,0.0,0.0,0.0,0.2,0.0,0.1,0.0,0.0,0.0,0.0,0.0,0.0,0.0,0.0,0.0,0.0,0.0,0.0,0.0,0.0,0.0,0.0
315105,I think he meant he has been voting Demo for 22 years  and must have been at least 18 to start voting so would be at least 40...,0.0,no,4,0,97965,21,2016-05-15 16:35:46.668030+00,approved,128,28,False,0.0,0.0,0.0,0.0,0.0,0.0,0.0,0.0,0.0,0.0,0.0,0.0,0.0,0.0,0.0,0.0,0.0,0.0,0.0,0.0,0.0,0.0,0.0,0.0
1000267,The stick went nowhere near the hands. I knew it was a ridiculous call when I watched the game and long before readng about it here.,0.5,yes,10,5,168279,54,2017-02-15 23:08:26.284207+00,approved,132,26,False,0.0,0.0,0.0,0.0,0.0,0.0,0.0,0.0,0.0,0.0,0.0,0.0,0.0,0.0,0.0,0.0,0.0,0.0,0.0,0.0,0.0,0.0,0.0,0.0
6051729,"Eliane wrote: ""Insider groupspeak for referring to Catholics who are not dissenters.""

Ahem...  and *your* words are exhibit-A for the militant position.   I rest my case :)",0.0,no,4,0,383394,53,2017-09-29 18:28:40.844768+00,approved,173,27,True,0.0,0.0,0.0,0.0,0.0,0.0,0.0,0.0,0.5,0.0,0.0,0.0,0.0,0.0,0.1,0.0,0.0,0.0,0.0,0.0,0.0,0.0,0.0,0.0
5519067,"Nice to know that after yet another head scratching performance paving the way to a loss Ottavino observed, “The process was good today. I thought I threw the ball better today than I have in months, probably.""

At least Lyles should feel better.

Let's see what the excuses will be when they can't handle the bottom dwelling Reds and White Sox at home.

Only 13 up on the Padres at the halfway point.",0.0,no,4,0,351113,102,2017-07-03 03:16:16.721399+00,approved,401,73,False,0.0,0.0,0.0,0.0,0.0,0.0,0.0,0.0,0.0,0.0,0.0,0.0,0.0,0.0,0.0,0.0,0.0,0.0,0.0,0.0,0.0,0.0,0.0,0.0
559326,"No government official can ""mandate"" marrying of homosexuals in the church. Civics 101.",0.5,yes,10,5,149770,53,2016-10-28 16:26:45.173376+00,approved,87,13,True,0.0,0.0,0.0,0.0,0.0,1.0,0.0,0.0,0.0,0.0,0.0,0.0,0.0,0.0,0.0,0.0,0.0,0.0,0.0,0.0,0.0,0.0,0.0,0.0
648543,"This is all he had to say to get the job. ""Be polite, be professional, but have a plan to kill everybody you meet.""
That says it all. A man of conviction.",0.5,yes,10,5,154072,54,2016-12-02 03:00:08.413809+00,approved,154,32,True,0.8333333333333333,0.0,0.0,0.0,0.0,0.0,0.0,0.0,0.0,0.0,0.0,0.0,0.0,0.0,0.0,0.0,0.0,0.0,0.0,0.0,0.0,0.0,0.0,0.0
6146295,"What about all the black voters who sided with Trump, attended his rallies and believed that the Democrat's way of eternal appeasement of black crime has lead us to this point of social disintegration. Millions of Black voters have been written off as white men.",0.3,no,10,3,388764,54,2017-10-14 15:35:55.418983+00,rejected,262,45,True,0.7,0.0,0.0,0.0,0.0,0.0,0.0,0.0,0.0,0.0,0.0,0.0,0.0,0.0,0.1,1.0,1.0,0.0,0.0,0.0,0.0,0.0,0.0,0.0
5192203,"If you actually saw Lysistrata in the original Greek, congratulations.  If you saw it in English, it's quite possible the translation was written by a woman.  Even Germaine Greer wrote one.  Having an open mind is an asset.",0.0,no,4,0,330460,54,2017-04-28 21:15:17.859879+00,approved,223,38,True,0.0,1.0,0.0,0.0,0.0,0.0,0.0,0.0,0.0,0.0,0.0,0.0,0.0,0.0,0.0,0.0,0.0,0.0,0.0,0.0,0.0,0.0,0.0,0.0
303368,"ahhh, another fool with unproven racist remarks. cute, real cute",0.8478260869565218,yes,46,39,100418,21,2016-05-04 15:39:24.147862+00,rejected,64,10,False,0.1666666666666666,0.0,0.0,0.0,0.0,0.0,0.0,0.0,0.0,0.0,0.0,0.0,0.0,0.0,0.0,0.0,0.0,0.0,0.0,0.0,0.0,0.0,0.0,0.0
6080034,"RC -  I doubt there are any ""progressive Catholics"" who are accepting of the LGBT community who think gay priests, brothers and sisters should NOT come out publicly. Whether that is safe at this moment is another question. As a Catholic community, we still maintain for church men and women the closet which lay people are increasingly escaping because their rights are legally protected. Our church men and women are not protected in these way and they can have their lives torn apart if a parish or diocese or blog decides to go after them for leaving the closet, even as celibate gay men or women. When people come out, even in celibacy, allies tend to say ""oh great! She is comfortable with being who God made her to be"".   Others seem to say, ""we need to watch that guy to be sure he doesn't get out of line/break his vows/come on to me/recruit my kid/corrupt the parish/etc."" When that stops, maybe more church men and women will come out publicly.",0.6,yes,10,6,384310,53,2017-10-04 06:15:30.459020+00,approved,954,171,True,0.8333333333333333,0.8333333333333333,0.3333333333333333,0.0,0.0,0.8333333333333333,0.3333333333333333,0.0,1.0,0.0,0.0,0.0,0.0,0.0,0.0,0.0,0.0,0.0,0.0,0.0,0.0,0.0,0.0,0.0
7171937,"Reality is, Obama's directive made the world far safer.

There are over 200 municipalities in the US alone with laws on the books allowing people to use the washroom corresponding to their gender.  Throw in several states, however many school districts and who knows how many private businesses and if there was going to be a problem it would have surfaced by now.  Instead we've seen no reports of transgendered individuals causing a problem in washrooms - fact is, the people who are at risk of assault (physical and/or sexual) are the transgendered individuals themselves.  Not the general public.  Moreover, there have been no cases of someone taking advantage of transgender protections to enter a washroom in order to commit a crime.

But do you actually think this girl is safe in the men's room?

http://tinyurl.com/z6amznq",0.2,no,5,1,314184,54,2017-02-22 18:23:15.125764+00,approved,831,136,True,0.6,0.3,0.7,0.0,0.0,0.0,0.0,0.1,0.0,0.0,0.0,0.0,0.0,0.0,0.0,0.0,0.0,0.0,0.0,0.0,0.0,0.0,0.0,0.0
5332981,"I'm afraid I don't understand your comment.
""13 White Men"" was the headline of the DP editorial. I didn't make that up.
Neither Frei's Tweet nor the ""13 White Men"" statements are racist as neither Japanese nor White are a ""Race"". 
But if one qualifies for dismissal why is the other acceptable?",0.4,no,10,4,338814,102,2017-05-31 15:02:01.699458+00,approved,294,52,True,0.8333333333333333,0.0,0.0,0.0,0.0,0.0,0.0,0.0,0.0,0.0,0.0,0.0,0.0,0.0,0.0,0.0,0.8333333333333333,0.6666666666666666,0.0,0.0,0.0,0.0,0.0,0.0
5098695,Shannyn Moore is a FELON.  Yes... a FELON  As in theft to the high degree.  #hypocrite   #courtview,0.5125,yes,80,41,324584,21,2017-04-06 00:44:05.086707+00,approved,99,17,False,0.0,0.0,0.0,0.0,0.0,0.0,0.0,0.0,0.0,0.0,0.0,0.0,0.0,0.0,0.0,0.0,0.0,0.0,0.0,0.0,0.0,0.0,0.0,0.0
5732290,"Were they gravely siful when Augustine of Hippo used them? Until the idiot (Pius IX) became pope, conception was not even regarded as the beginning of life. Using it reflects the evil that couples must use such things because a living wage is not guaranteed. Benedict tied Humanae Vitae into Caritas in Vetitate and I have to agree with him on that.",1.0,yes,6,6,362879,53,2017-08-08 16:50:58.737634+00,approved,349,62,False,0.0,0.0,0.0,0.0,0.0,0.0,0.0,0.0,0.2,0.0,0.0,0.0,0.0,0.0,0.0,0.0,0.0,0.0,0.0,0.0,0.0,0.0,0.0,0.0
5619890,"""The underlying problem has been that Republicans ran on repealing and replacing Obamacare for years and years,""
---Say What? your full of it, Again the Media out in full force with, ""FAKE NEWS""
---Replace it implies the GOP needs to implement a GOP Brand of Socialism.
You, ""Timothy P. Carney"", must be an Insurance or Pharmaceutical paid lobbyist, because as far as GOP/Trump voters are concerned what we voted on was to, ""REPEAL THE SOCIALIST WHALE OF A GOVERNMENT GRUBBER LIE LADEN FAILED PROGRAM!""
https://www.youtube.com/watch?v=TG7gYNE-WWs",0.1,no,10,1,356989,105,2017-07-19 14:30:53.181170+00,approved,546,85,False,0.0,0.0,0.0,0.0,0.0,0.0,0.0,0.0,0.0,0.0,0.0,0.0,0.0,0.0,0.0,0.0,0.0,0.0,0.0,0.0,0.0,0.0,0.0,0.0
7067447,"They can rebuild with the same bricks and any ""antique"" structures of the same house. They can add or replace bricks from other antique homes, which people have gotten shipped in especially for the job.

They can also use their imagination and put certain number of new bricks of similar colour and composition with the old bricks.

Requires a bit more care during the tear down. But doesn't require $38 million.",0.0,no,4,0,158512,54,2016-12-27 13:23:21.360595+00,approved,412,71,False,0.0,0.0,0.0,0.0,0.0,0.0,0.0,0.0,0.0,0.0,0.0,0.0,0.0,0.0,0.0,0.0,0.0,0.0,0.0,0.0,0.0,0.0,0.0,0.0
1037519,"Let me guess. Gregor was very critical of Donald Trump's stance on restricting Muslims from entering the US.

Hypocrite.",0.8,yes,5,4,314346,54,2017-02-24 02:10:39.022788+00,approved,120,19,True,0.0,0.0,0.0,0.0,0.0,0.0,0.0,0.0,0.0,0.0,1.0,0.0,0.0,0.0,0.0,0.0,0.0,0.0,0.0,0.0,0.0,0.0,0.0,0.0
6329309,"Before the tribe of Indians were slaughtered a spirit entered the Chiefs tent and said; you will lose this battle and your land today but fear not my warrior, this land will be given back to your ppl with more riches than you could ever  imagine. The white man will disappear before your eyes .  Do not speak the wht mans language .do not live there ways , as you live within your own culture the wealth will leave with the white man  and you will venture from the white man slums back to your tents  into what the white man calls poverty. You might be hungry on some nights but you are on your land and youll be happy.  Do not pick up a weapon to get your land this will not work , The Indians who seek to prosper will leave with the slums with the white man.

Their coming back to take our country, no weapons needed. They are a more successful organism , cat match the reproduction.",0.1666666666666666,no,6,1,398863,102,2017-11-10 14:55:12.642081+00,approved,885,171,True,1.0,0.0,0.0,0.0,0.0,0.0,0.0,0.0,0.0,0.0,0.0,0.0,0.0,0.0,0.0,0.0,1.0,0.0,0.0,0.0,0.0,0.0,0.0,0.0
5918546,This guy has a good chance of success if only that he is Zulu.,0.1666666666666666,no,6,1,375387,100,2017-09-08 04:27:27.149086+00,approved,62,14,False,0.2,0.0,0.0,0.0,0.0,0.0,0.0,0.0,0.0,0.0,0.0,0.0,0.0,0.0,0.0,0.0,0.0,0.0,0.0,0.0,0.0,0.0,0.0,0.0
6259985,"I don't know why it has taken us so long to have even a modest amount of control over this resource ... China's right, it is a resource you know ??",0.0,no,4,0,395375,54,2017-10-31 18:13:00.486406+00,approved,147,31,False,0.0,0.0,0.0,0.0,0.0,0.0,0.0,0.0,0.0,0.0,0.0,0.0,0.0,0.0,0.0,0.0,0.0,0.1666666666666666,0.0,0.0,0.0,0.0,0.0,0.0
5864965,"Well, this is the judge that allowed Alexandra Ellis to schedule her jail time for killing a person around her college schedule. Even though her actions - getting drunk and running over a person with a vehicle - affected other people's lives irrevocably, her life was merely inconvenienced for a few months. This scumbag changed a little girls life, I'm sure he'll get the maximum sentence. 

Of course, the accused is a pedophile, not a pretty white girl. 

Still, I wouldn't hold my breath for maximum sentencing.",0.55,yes,80,44,372087,21,2017-08-29 23:06:30.086079+00,approved,515,87,True,0.2,0.5,0.0,0.0,0.0,0.0,0.0,0.1,0.0,0.0,0.0,0.0,0.0,0.0,0.0,0.0,0.7,0.0,0.0,0.0,0.0,0.0,0.0,0.0
5685902,"RadirD, really? A great president would be out there selling his agenda - not just to dyed-in-the-wool Trumpists like you, but to everyone, including leftists like me. That's common sense. A great president would know what was in the legislation he supported, and speak to its strengths, and attempt to explain away its weaknesses. But Trump doesn't always seem to know what's in the legislation he wants his fellows Republicans to pass. For example, didn't he call Ryan's repeal-and-replace legislation ""mean""? After it had passed? After he had celebrated it? That's not common sense - that's just back-stabbing. And it's mean. And it makes me feel somewhat sorry for Ryan - I can't imagine what it must be like to attempt to work in those circumstances. 

And a great president would not have attempted to threaten Senator Murkowski in such a ham-fisted way. Nor made fun of a war hero. I could go on. Not common sense - the words and actions of a playground bully.",0.0,no,4,0,360928,102,2017-07-30 16:04:27.632278+00,approved,967,166,False,0.0,0.0,0.0,0.0,0.0,0.0,0.0,0.0,0.0,0.0,0.0,0.0,0.0,0.0,0.0,0.0,0.0,0.0,0.0,0.0,0.0,0.0,0.0,0.0
5595524,"The Russian's certainly have found their ""useful idiots"" in the Trumps and their inner circle. For those that fervently ""believe' that this is all made up by the MSM,  I will recommend a tool that I use daily: Occam's razor.  It is sharp, so it will shred nonsense into little rhetorical chaff.  ""Among competing hypotheses, the one with the fewest assumptions should be selected.""

The MSM reports on what Trump has said or has tweeted and also gives the various Trump surrogates to trumpet (sorry could not resist ;) and interpret the President's words. 

All of the MSM is reporting fake news is the explanation for reporting on Trump put forth by the Trump supporters.  What is the simplest explanation for the MSM reporting the same things about Trump? This is explained by
1) Collusion, conspiracy and coordination between different news organisations on Web, TV and print media. 
2) The news as reported, is true.

Between explanation 1 and 2, what is the most simple?",0.7,yes,10,7,355378,54,2017-07-14 23:16:23.836951+00,approved,975,165,False,0.1,0.0,0.0,0.0,0.0,0.0,0.0,0.0,0.0,0.0,0.0,0.0,0.0,0.0,0.0,0.0,0.0,0.0,0.0,0.2,0.0,0.0,0.0,0.0
5233088,"In 1950, opposing informal race and sex based hiring policies that cost people positions they would have earned solely on merit meant you were NOT a racist and NOT a misogynist.

In 2017, opposing formal race and sex based hiring policies that cost people positions they would have earned solely on merit makes you a ... misogynist and racist. Who woulda thunk?

The solution to an old system biased against minorities and women is not to produce a new system that's biased FOR minorities and women. It's to make a system that's fair and takes race and sex out of the equation.",0.1666666666666666,no,6,1,333004,54,2017-05-09 11:50:52.042770+00,approved,577,102,True,0.0,1.0,0.0,0.0,0.0,0.0,0.0,0.0,0.0,0.0,0.0,0.0,0.0,0.0,0.0,0.0,0.0,0.0,0.0,0.0,0.0,0.0,0.0,0.0
6184183,"Indeed, if we look at the past, there's a lot of ugliness.  Sexism, misogany, sexually assaultive behavior (watch the Trump/BillyBush video for explanation), racism, violence against homosexuals, discrimination against physically and mentally handicapped individuals, mistreatment of the elderly....we can all add to the list.  Putting in the ""context of the time"" simply means acknowledging that it was widespread, not that it was morally right...Surely, no one would claim lynching a black man for ""looking at a white woman"" was morally justified just because it was accepted during the Jim Crow Era.  Surely, no one would claim a boss coercing sexual favors from an employee was OK just because it was rather commonly done.  Surely, no one would claim belittling the mentally handicapped was OK just because it was done on nearly every playground in the country.  

Some of our ""poster-community"" use the term ""politically correct"" to trivialize concern with behaviors.  (cont)",0.5,yes,10,5,391016,13,2017-10-19 23:35:08.142609+00,approved,980,151,True,1.0,1.0,0.0,0.0,0.0,0.9,0.0,0.0,0.0,0.0,0.0,0.0,0.0,0.0,0.0,1.0,0.8,0.0,0.0,0.0,0.2,0.0,0.7,0.0
5215676,"There is a potential infinite regression, in that there is a margin of error in calculations of the margin of error, etc.",0.0,no,4,0,331696,54,2017-05-04 19:31:05.836399+00,approved,121,22,False,0.0,0.0,0.0,0.0,0.0,0.0,0.0,0.0,0.0,0.0,0.0,0.0,0.0,0.0,0.0,0.0,0.0,0.0,0.0,0.0,0.0,0.0,0.0,0.0
7158491,"Left, Right, Blue, Green, Black, Purple- who cares?

Stop threatening and attacking the Jews!  It's so goddamn simple people!  This is not acceptable in Canada or anywhere for that matter!  Get your ignorant, obstinate,  monkey heads out of your    a s s e s   and stand up against this sort of hatred!  This is not about politics, it's about maintaining safety for everyone.",0.7875,yes,80,63,317497,54,2017-03-07 22:50:44.331613+00,approved,375,63,True,0.0,0.0,0.0,0.0,0.0,0.0,0.0,0.0,0.0,1.0,0.0,0.0,0.0,0.0,0.0,0.2,0.0,0.0,0.0,0.0,0.0,0.0,0.0,0.0
6063828,"If you don't know Trump's a racist, you might be a racist.",0.5,yes,10,5,384103,102,2017-10-01 21:57:10.684090+00,approved,58,12,False,0.0,0.0,0.0,0.0,0.0,0.0,0.0,0.0,0.0,0.0,0.0,0.0,0.0,0.0,0.0,0.0,0.0,0.0,0.0,0.0,0.0,0.0,0.0,0.0
5863127,It's the same as saying the Swatstika was not meant to offend but Hitler hijacked... fact is it still represents hate and its not like black Africans were consulted about this formation of the country... South Africa was founded to be a dominion for white dominance...the preamble of the 1910 constitution says so hence the 1913 Land Act,0.6,yes,10,6,371743,100,2017-08-29 18:28:43.096572+00,approved,337,58,True,0.0,0.0,0.0,0.0,0.0,0.0,0.0,0.0,0.0,0.0,0.0,0.0,0.0,0.0,0.0,1.0,1.0,0.0,0.0,0.0,0.0,0.0,0.0,0.0
1005174,"The irony. 

Mélanie Jolie on Power and Politics kept trying to deflect from the host's confronting her with the obvious point that  ""Islamophobia"" is a  a misleading term, focusing on criticism of the religion rather than discrimination against people, and she finally said ""it's not about words"", then contradicted herself with ""you can't deal with a problem if you can't name it"". 

Which is precisely the reverse  the argument they used regarding the use of the term ""islamic terrorism""...

She was as irrational and illogical as Trump....",0.2,no,10,2,168602,54,2017-02-17 00:03:23.194824+00,approved,543,87,False,0.0,0.0,0.0,0.0,0.0,0.0,0.0,0.0,0.0,0.0,0.2,0.0,0.0,0.0,0.2,0.0,0.0,0.0,0.0,0.0,0.0,0.0,0.0,0.0
7129480,"'
if by successful business people you mean traitors and con men.",0.8333333333333333,yes,6,5,156342,21,2016-12-13 21:03:08.480011+00,approved,65,12,True,0.5,0.0,0.0,0.0,0.0,0.0,0.0,0.0,0.0,0.0,0.0,0.0,0.0,0.0,0.0,0.0,0.0,0.0,0.0,0.0,0.0,0.0,0.0,0.0
7034784,"How exactly does UA plan on increasing enrollment by 45% without also increasing faculty (i.e. costs). Hey kids, the cost of attendance has gone up and you are now going to be in cowded lectures and get less personal attention from faculty.  Anyone with half a brain can see that UA (and arguably the entire state) is setting itself up for a hard fall.",0.0,no,4,0,151325,21,2016-11-11 17:48:00.786058+00,approved,352,64,False,0.0,0.0,0.0,0.0,0.0,0.0,0.0,0.0,0.0,0.0,0.0,0.0,0.0,0.0,0.0,0.0,0.0,0.0,0.0,0.0,0.0,0.0,0.0,0.0
1081426,"why exactly are we letting criminals into the country with concierge service courtesy of the rcmp.  don't the rcmp have rel jobs to do.  If they don't, why are ta payers paying for them.  I mean what were these rcmp doing before the big exodus?  another waste of my tax dollar.  what are we teaching our kids - I think it is to disregrad the law because our fool of a PM only enforces the law when he feels like it.  Ralphie - you are ignorant. do all a favour and sep down.  Don't you have any respect?",0.6,yes,10,6,316888,54,2017-03-05 20:20:47.195431+00,rejected,503,98,False,0.0,0.0,0.0,0.0,0.0,0.0,0.0,0.0,0.0,0.0,0.0,0.0,0.0,0.0,0.0,0.0,0.0,0.0,0.0,0.0,0.0,0.0,0.0,0.0
5642980,Kind of ironic if you think about it. FN in BC have complained for years that they were forced out of their homes by the white man who offered them little in the way of treaties of compensation. Now the white man is complaining that he is now being forced from his home!,0.2,no,10,2,358196,54,2017-07-23 09:05:12.032118+00,approved,270,53,True,0.8,0.0,0.0,0.0,0.0,0.0,0.0,0.0,0.0,0.0,0.0,0.0,0.0,0.0,0.0,0.0,1.0,0.0,0.0,0.0,0.0,0.0,0.0,0.0
5480279,"You need more than a good story to win elections. Hillary ""deserved"" twice to be the first woman president. She's making noises like she's going to run again in 2020...its a nice story, but stories don't win elections. Plans and agenda's do...",0.0,no,6,0,348324,105,2017-06-26 19:09:31.400922+00,approved,243,42,True,0.0,1.0,0.0,0.0,0.0,0.0,0.0,0.0,0.0,0.0,0.0,0.0,0.0,0.0,0.0,0.0,0.0,0.0,0.0,0.0,0.0,0.0,0.0,0.0
631265,"This article fails I so many ways.


""Right"" is not always/only ""White"". (Btw, half of ""White"" are ""Left"".)

If the ""Alt""-Right (whatever THAT is supposed to be) is a white-based, hate-based fringe, then it cannot have moved center stage - that would by definition make it no longer ""alt"" and no longer periphery nor fringe.

I laugh every time someone tries to make ""Alt-right"" a term or phrase. They remind me of that Gretchen character in ""Mean Girls"" movie who kept saying ""fetch"", ""that's soooo fetch"", I an effort to make ""fetch"" a hip word-phrase. Stop with the ""Alt-"" ness already... ""Alt"" is about as stupid as everyone now calling ""drones"" ""drones"". DRONES ARE REMOTE CONTROL AIRCRAFT! We've had R/C aircraft for decades, for GENERATIONS but now that the common dork (as opposed to a hobbyist dork) can readily buy one, and now that they are more electronically capable, we have to call them ""drones"" now?! Same for ""Alt""-right. Ain't nothing Alt about it.",0.5,yes,10,5,153110,22,2016-11-28 21:24:03.742592+00,approved,966,164,True,0.0,0.0,0.0,0.0,0.0,0.0,0.0,0.0,0.0,0.0,0.0,0.0,0.0,0.0,0.0,0.0,0.8,0.0,0.0,0.0,0.0,0.0,0.0,0.0
5815869,"Your intellectual dishonesty is showing.  This is what makes discussion with those on the Right utterly pointless.  You simply refuse to acknowledge all too obvious truth.  You live in your parallel universe with your right wing media-fed ""alternative facts.""  You just described BOTH the bigots of yesteryear AND the Trump supporters of today . . . for you and they are absolutely ""birds of a feather.""",0.5,yes,10,5,368600,102,2017-08-22 01:33:29.369990+00,rejected,403,66,False,0.0,0.0,0.0,0.0,0.0,0.0,0.0,0.0,0.25,0.0,0.0,0.0,0.0,0.0,0.0,0.0,0.0,0.0,0.0,0.0,0.0,0.0,0.0,0.0
7172294,"Likely? Have you an actual cite? Regardless, if, as he claims, the sex was consensual, she would have his DNA as well. This isn't television, all most physical evidence can do is place someone at a scene, it doesn't determine guilt nor innocence of a criminal act. DNA is most useful in excluding suspects in a case of alleged rape, or impeaching the testimony of an alleged perpetrator who denies they were there at all.

Also, if both were impaired, then it is paternalistic and destructive to her agency to charge him with rape and not her using the ""impairment removes consent"" standard. Unless of course you buy into the Victorian notion that only men ""want sex"" and women are frail, helpless creatures who merely submit to it at best.

This is why rape investigations need to be made by actual police, not incompetent kangaroo courts driven by Title IX ""Friend letters"" explicitly saying to weight the process in favor of the accuser and remove due process protections from the accused.",0.5,yes,10,5,159196,21,2016-12-31 01:18:12.590521+00,approved,992,171,True,0.8,0.8,0.0,0.0,0.0,0.0,0.0,0.0,0.0,0.0,0.0,0.0,0.0,0.0,0.0,0.0,0.0,0.0,0.0,0.0,0.0,0.0,0.0,0.0
1022895,"Funny how everyone wants to come to White nations though isn't it! I mean Mexico for Mexicans, India for Indians, China for Chinese, Japan for Japanese, ME for Arabs but White Nations for everyone?? Your anti white hatred shows? Why come here if you don't like music, pork, beer seeing women dressed normal, dogs? There is lots of room in the ME for you.  Oh I know why they come here, it's for the welfare!  I do miss the old days of European migrants who worked their butts off and made this country great! Built this country, defended this country against that dictator you seem to associate us with.  You are anti white, please leave you aren't good enough for Canadian values, why don't we let smart hardworking Latino's or Asians in ?",0.6137048192771084,yes,1328,815,169331,54,2017-02-21 03:54:35.434481+00,rejected,740,133,True,0.0,0.6,0.0,0.0,0.0,0.0,0.0,0.0,0.0,0.0,0.0,0.0,0.0,0.0,0.0,0.0,1.0,0.9,0.9,0.1,0.0,0.0,0.0,0.0
7172000,"Surprise, surprise, surprise.  Liberal leader spends entire year kissing up to very rich Chinese investors who give very generously to the liberal party. Liberal leader gives away Canada's technology assets!",0.1666666666666666,no,6,1,160971,54,2017-01-10 18:43:14.031271+00,approved,207,30,False,0.0,0.0,0.0,0.0,0.0,0.0,0.0,0.0,0.0,0.0,0.0,0.0,0.0,0.0,0.0,0.0,0.0,0.3,0.0,0.0,0.0,0.0,0.0,0.0
5961317,"R.R.  Very thoughtful answer.  Thanks. I Understand R2P better now.
Another question for you. Has R2P ever be invoked? If so, where?",0.0,no,4,0,377843,54,2017-09-15 21:37:57.468821+00,approved,132,22,False,0.0,0.0,0.0,0.0,0.0,0.0,0.0,0.0,0.0,0.0,0.0,0.0,0.0,0.0,0.0,0.0,0.0,0.0,0.0,0.0,0.0,0.0,0.0,0.0
786273,"Guess it's like Ron White says, ""you just can't fix stupid.""",0.7090909090909091,yes,55,39,159372,21,2017-01-04 01:01:43.318484+00,approved,60,11,False,0.0,0.0,0.0,0.0,0.0,0.0,0.0,0.0,0.0,0.0,0.0,0.0,0.0,0.0,0.0,0.0,0.0,0.0,0.0,0.0,0.0,0.0,0.0,0.0
5436939,"It's funny how some memories hide and it takes a specific feeling, smell or sight for them to emerge. Very grateful.",0.0,no,4,0,345606,21,2017-06-18 21:08:12.053098+00,approved,116,21,False,0.0,0.0,0.0,0.0,0.0,0.0,0.0,0.0,0.0,0.0,0.0,0.0,0.0,0.0,0.0,0.0,0.0,0.0,0.0,0.0,0.0,0.0,0.0,0.0
4989873,"Why shouldn't gays be allowed to march in the St Patrick's Day parade?  After all, Ireland was once known as Gaelic.",0.5,yes,10,5,318593,55,2017-03-11 07:58:07.331562+00,approved,116,21,True,0.0,0.0,0.0,0.0,0.0,1.0,0.0,0.0,0.0,0.0,0.0,0.0,0.0,0.0,0.0,0.0,0.0,0.0,0.0,0.0,0.0,0.0,0.0,0.0
5180084,"I await a similar ( insulting ) article written by a man complaining that the wife doesn't crawl under the family vehicle to change the oil, or mow the lawn, clean eave's troughs, shovel the drive way, stack fire wood, build a shed, paint rooms, fix plumbing leaks ..... 
Of course we are all feminist ""role models"" - watching ""sports"" on TV, swilling beer ... and other refined cultural activities while our knuckles drag on the ground and our vocabulary barely rising above hairy grunts ........

Silly me ......",0.4,no,10,4,326551,54,2017-04-26 06:18:22.648510+00,approved,514,89,True,0.6,0.6,0.0,0.0,0.0,0.0,0.0,0.0,0.0,0.0,0.0,0.0,0.0,0.0,0.0,0.0,0.0,0.0,0.0,0.0,0.0,0.0,0.0,0.0
5176861,".

""Bill O’Reilly surprised by Fox News exit, vows ‘truth will come out’""

--

The truth is already out Bill.

You're a sleazeball, and now the world knows it.

Hopefully your daughter never is abused by someone as disgusting as her father.

.",0.7,yes,10,7,329412,54,2017-04-25 15:30:05.547884+00,rejected,243,43,False,0.0,0.0,0.0,0.0,0.0,0.0,0.0,0.0,0.0,0.0,0.0,0.0,0.0,0.0,0.0,0.0,0.0,0.0,0.0,0.0,0.0,0.0,0.0,0.0
5161592,"What scares the dickens out of gay marriage is not the gay sex but (which is natural for people born gay through epignetics, no one choses it) that no one is in charge. The Christ as bridegoom model has the hierarchy stand in for the husband with a subservient laity. No one is subservient in gay marriage and no one should be subservient in the Church either (except for the hierarchy - or have you forgetten Holy Thursday's washing of the feet already?).",0.7,yes,10,7,328354,53,2017-04-21 19:09:27.592694+00,approved,456,83,True,0.0,0.0,0.0,0.0,0.0,1.0,0.0,0.0,0.5,0.0,0.0,0.0,0.0,0.0,0.0,0.0,0.0,0.0,0.0,0.0,0.0,0.0,0.0,0.0
5496494,"But you are assuming that God creates us with all our faults and disordered tendencies-and we all have them. Yes, we are all called to, as Our Lord put it: ""Judge with right judgment"". What is meant by ""judge not"" is ""do not condemn"".  By encouraging someone in their gravely sinful behavior ie, applauding homosexual sex, it is you, sir who are condemning them.",0.4,no,10,4,348600,53,2017-06-29 09:09:06.269735+00,approved,362,64,True,0.0,0.0,0.0,0.0,0.0,0.8,0.0,0.0,0.3,0.0,0.0,0.0,0.0,0.0,0.0,0.0,0.0,0.0,0.0,0.0,0.0,0.0,0.0,0.0
495301,"Uhhhh....#culture ?

Kenoi is from Puna, not Punahou. He played middle linebacker. He's a moke with brains and ambitions. 

BTW, his high school football coach was, wait for it, Harry Kim. The same Harry who as Mayor addressed a state agricultural conference I attended along with local, national and international guests. Morning opening comments Harry chose, unscripted, to address the islands ""Ice"" problem.  Dropped a few F-bombs before 8:30, in the am.  Vulgar.    Wrong subject, wrong room, wrong crowd. And why is this relevant?

Community....Culture......Context

Billy was at a frickin' party, a crowd of drunks (I've spoken to participants) and he was trying to give a toast without the aid of a mic.  Coarse? Yes. Vulgar? No, not in context to who and where. 

 Look no further than the actions of the cretin, a political opponent of the Mayor, after his strategic posting.  Responses such as yours seem biblical, and not in a Christian way.  Take off your hair shirt.",0.3,no,10,3,146873,22,2016-09-28 08:50:02.877293+00,approved,979,160,True,0.0,0.0,0.0,0.0,0.0,0.0,0.0,0.0,1.0,0.0,0.0,0.0,0.0,0.0,0.0,0.0,0.0,0.0,0.0,0.0,0.0,0.0,0.0,0.0
869846,"The arrogant one is you. There are a lot more similarities between the two countries than any other two.
In fact, the G&M could be U.S. election central for lowbrow readership. 
Tell me (for once) what is it about Canadians being so different from Americans that Target didn't realize and was so different that it caused the collapse of the company in Canada.

Not one person was ever able to explain the difference but it quickly became myth as to why Target failed in Canada.",0.4,no,10,4,163013,54,2017-01-20 18:39:45.972721+00,approved,477,85,False,0.0,0.0,0.0,0.0,0.0,0.0,0.0,0.0,0.0,0.0,0.0,0.0,0.0,0.0,0.0,0.0,0.0,0.0,0.0,0.0,0.0,0.0,0.0,0.0
5824910,"I'm no alt-lefter. I'm a man. I don't like Justin Trudeau in any way, shape or form (forum too). BUT,  he is far less of a threat to his country and the world than Donald Trump. The mind-set and tone of  Trump's speech last night was politically suicidal. I had thought that he would try to ""reach out"" to more Americans than simply his most rabid supporters. Nope. None of that. I'm starting to think that he knows he is ""going down"" and wants to be as defiant as he possibly can so that he becomes a legendary icon for the 25% or so of Americans who view him to be already the greatest American leader ever.",0.3,no,10,3,369623,54,2017-08-23 15:37:57.730641+00,approved,609,117,True,1.0,0.0,0.0,0.0,0.0,0.0,0.0,0.0,0.0,0.0,0.0,0.0,0.0,0.0,0.0,0.0,0.0,0.0,0.0,0.0,0.0,0.0,0.0,0.0
7017860,"Do point us to this phantom Republican comprehensive health reform. By  the way, Obamacare is Romneycare writ large.",0.0,no,4,0,160159,53,2017-01-05 17:26:01.805425+00,approved,116,18,False,0.0,0.0,0.0,0.0,0.0,0.0,0.0,0.0,0.0,0.0,0.0,0.0,0.0,0.0,0.0,0.0,0.0,0.0,0.0,0.0,0.0,0.0,0.0,0.0
5540236,"What's really creepy is your referring to the previous President as ""the black guy"".",0.6,yes,10,6,352359,55,2017-07-06 17:32:33.922861+00,approved,84,14,True,0.1666666666666666,0.0,0.0,0.0,0.0,0.0,0.0,0.0,0.0,0.0,0.0,0.0,0.0,0.0,0.0,1.0,0.0,0.0,0.0,0.0,0.0,0.0,0.0,0.0
925152,"Dear Mr Plourde and all of you who agreed with him,
You should be ashamed and embarrassed....""oh and prayers were over""....really? Then I guess it was ok for Mr Bissonette to shoot 6 muslim men.",0.5,yes,10,5,164957,54,2017-01-31 03:07:31.003485+00,approved,194,35,True,0.8333333333333333,0.0,0.0,0.0,0.0,0.0,0.0,0.0,0.0,0.0,0.8333333333333333,0.0,0.0,0.0,0.0,0.0,0.0,0.0,0.0,0.0,0.0,0.0,0.0,0.0
7190398,"The separation between church and state is narrowing, and is scary when religious doctrine takes over,  I have nothing against religion just don't tell me how to practice it.",0.0,no,4,0,332432,21,2017-05-06 17:21:52.047519+00,approved,174,29,False,0.0,0.0,0.0,0.0,0.0,0.0,0.0,0.0,0.0,0.0,0.0,0.0,0.0,0.0,0.0,0.0,0.0,0.0,0.0,0.0,0.0,0.0,0.0,0.0
7023563,Pathetic.,0.6935483870967742,yes,62,43,153849,54,2016-12-01 14:50:01.700429+00,approved,9,1,False,0.0,0.0,0.0,0.0,0.0,0.0,0.0,0.0,0.0,0.0,0.0,0.0,0.0,0.0,0.0,0.0,0.0,0.0,0.0,0.0,0.0,0.0,0.0,0.0
793843,"If the vast majority of religious based and biased acts of terror were perpetrated by Mormons I would suggest that there is something wrong with the Mormon faith-
-
Similarly , if  the vast majority of religious based and biased acts of terror were perpetrated by Southern Baptists or Buddhists I would suggest that there is something wrong with  these creeds -
-
ergo",0.8333333333333333,yes,6,5,160156,54,2017-01-05 17:06:30.324320+00,approved,368,64,True,0.0,0.0,0.0,0.0,0.0,0.0,0.0,0.0,0.4,0.0,0.0,0.0,0.7,0.0,0.3,0.0,0.0,0.0,0.0,0.0,0.0,0.0,0.0,0.0
640580,"W, two principles are the basis of faith. First, you choose what you like, and second, you act as if it is true. Mr. Paul acknowledges it in his statement that faith is the substance of things hoped for, evidence of things not seen.

He makes a similar statement that if Christ isn't risen, preaching is in vain as is faith. 

He chooses the concept of a risen Christ. And he affirms it is based on hope and unseen things. He recognize it might not be true by acceding ""hope"" as operative in the first instance and ""if"" in the second. But he acts as if it is true with his post-tormentor lifetime investment. 

No one knows for sure if the tomb was empty, why, and where the body may have gone. Not you or me, W. The gospels have differing accounts as does Mr. Paul. Eye witnesses are unreliable even now where we have cameras and instant deposition.

The theory that Paul ever saw Jesus is myth. But you believe it and act as if it is true.

Believe what you like, W. Mr. Paul did.",0.0,no,4,0,152328,52,2016-11-30 18:29:27.005595+00,approved,982,187,True,0.0,0.0,0.0,0.0,0.0,0.0,0.0,0.0,0.8,0.0,0.0,0.0,0.0,0.0,0.1,0.0,0.0,0.0,0.0,0.0,0.0,0.0,0.0,0.0
7131126,"Sorry, I was not calling you a hypocrite, i am saying the attitude in general is hypocritical.  words, actions or attitude can be hypocritical
I agree the discrimination and racism and all that crap got to go. But I have a problem when I see people that say they are victimized against (in various ways), then turn around and do the same exact thing to someone else - and then attempt to justify their actions.  Or on a different angle, when the police are trying to uphold the laws, then the police themselves screw it up royally and break the very laws they are supposed to uphold.  Yes, shootings of unarmed people on the top of that list, and it has happened here in Hawaii numerous times.

I am curious though about your views on ""the superior white man situation.""  Just because someone complains, does not mean they think themselves superior, Make sure you are not ""projecting"" on them what you assume they think.  It can simply mean they have a different world perspective of things.",0.6,yes,10,6,159208,22,2017-01-02 17:58:46.566735+00,approved,991,176,True,0.6,0.0,0.0,0.0,0.0,0.0,0.0,0.0,0.0,0.0,0.0,0.0,0.0,0.0,0.0,0.0,0.7,0.0,0.0,0.0,0.0,0.0,0.0,0.0
677339,"There is no “AHA!” involved.

There are alleged revelations taking place all the time. The Deposit of Faith was fully formed with the death of the last Apostle.

Alleged revelations are examined and if approved become private revelations. They cannot add or subtract to or from the Deposit of Faith. There well be an eighth sacrament, or a fourth person to God, or anything else of import.

The only reason you can spell “pseudepigrapha” is that you were able to cut and paste from a writing or article from someone who actually can.",0.0,no,4,0,154782,53,2016-12-08 01:11:59.427731+00,approved,533,93,False,0.0,0.0,0.0,0.0,0.0,0.0,0.0,0.0,0.0,0.0,0.0,0.0,0.0,0.0,0.0,0.0,0.0,0.0,0.0,0.0,0.0,0.0,0.0,0.0
667972,"I do not loathe gays.  I have said on this very page, within the past few days, that to bully or criticize gays simply for being gay is wrong and contrary to the love God demands us have one another, simply because we're created by Him.  What I do loathe is gays insisting that to oppose gay marriage is ""homophobic.""  It is a false accusation, intended to harm the one it is aimed at.  THAT is un-Christian.  But hey, since when is the left Christian any longer?",0.6,yes,10,6,154167,53,2016-12-06 07:38:50.414952+00,approved,463,87,True,0.0,0.0,0.0,0.0,0.0,0.8333333333333333,0.0,0.0,0.8333333333333333,0.0,0.0,0.0,0.0,0.0,0.0,0.0,0.0,0.0,0.0,0.0,0.0,0.0,0.0,0.0
1044582,"That's exactly what's wrong with this way of thinking. It's not unlike what is going on Russia where people think all homosexuals are pedophiles.

Sexuality is a spectrum and it doesn't always have to do with sexual ACTIVITY. The fact that you immediately equate transgender people with being perverted and predatory shows your ignorance. It's insulting, and low.

This isn't a debate about wether or not we should allow sexual predators into bathrooms, it's about accepting that some people actually ARE transgender and have the right to live a lifestyle that matches their sexual identity. This is a debate about the government not having the right to look down people's pants and decide where they belong. It's about individual freedom and civil liberty. 

Your boys don't sound transgender, and children of the same gender are just as capable of any sort of sexual assault. Your logic would state every child should have an individual bathroom if that's your concern.",0.9,yes,10,9,314568,13,2017-02-25 16:22:07.976153+00,approved,971,159,True,0.2,0.0,1.0,0.0,0.1,0.6,0.0,0.0,0.0,0.0,0.0,0.0,0.0,0.0,0.0,0.0,0.0,0.0,0.0,0.0,0.0,0.0,0.0,0.0
6305821,"But the vast majority of Christians also recognize the demonstrated fact of evolution. Certainly the Roman Catholic Church does. The number who are creationists are a tiny (and resolutely stupid) minority.

We have for the first time a GG who is a professional scientist. She is not expected to check her brain at the door of Rideau Hall in assuming office.

If she had to decide in a hung Parliament between someone who respects science and someone who rejects it to pander to the narrowest-minded citizens in the country, I don't think it would be partisan to choose the science party. It would be good for the country.

We just came from nearly 10 years of a government that had no use for science that did not support its ideology. We don't need another.",0.7,yes,10,7,397452,54,2017-11-07 04:33:26.470020+00,approved,758,134,True,0.0,0.0,0.0,0.0,0.0,0.0,0.0,0.0,1.0,0.0,0.0,0.0,0.0,0.0,0.0,0.0,0.0,0.0,0.0,0.0,0.0,0.0,0.0,0.0
430562,Personally I'm very doubtful the SCOTUS would hear any arguments in an action to reverse same sex marriage. It certainly would not be in keeping with the  history of SCOTUS regardless of the justices who will sit on the bench in the future. Even though I'm not voting for either Trump or Hillary. What Trump had to say about homosexuals at GOP convention and the GOP's response was very commendable. What the DNC leadership referenced i.e. homosexuals makes them deplorable hypocrites.,0.8,yes,10,8,143667,13,2016-08-14 02:58:50.826869+00,approved,485,81,True,0.0,0.0,0.0,0.0,0.0,0.8,0.0,0.0,0.0,0.0,0.0,0.0,0.0,0.0,0.0,0.0,0.0,0.0,0.0,0.0,0.0,0.0,0.0,0.0
5401061,"Kaufman was wrong to say the words cited, but you provide no context for the reader. Kaufman is Jewish, as testified to by one of his most well known quotes: 'My grandmother was  ill in bed when the Nazi's came to her home town of Statzow. A German soldier shot her dead in her bed...my grandmother did not die to provide cover for Israeli soldiers murdering Palestinian grandmothers in Gaza. The present Israeli government ruthlessly and cynically exploit the continuing guilt among gentiles for the slaughter of Jews in the Holocaust as a justification for their murder of Palestinians. The implication is that Jewish lives are precious, but the lives of Palestinians don't count.'",0.0,no,4,0,342174,105,2017-06-12 16:42:48.446089+00,approved,683,114,True,0.1666666666666666,0.1666666666666666,0.0,0.0,0.0,0.0,0.0,0.0,0.0,1.0,0.0,0.0,0.0,0.0,0.0,0.0,0.0,0.0,0.0,0.0,0.0,0.0,0.0,0.0
289205,The comparison does a disservice to the mentally ill.,0.2,no,10,2,60808,21,2016-04-20 03:55:00.866675+00,approved,53,9,True,0.0,0.0,0.0,0.0,0.0,0.0,0.0,0.0,0.0,0.0,0.0,0.0,0.0,0.0,0.0,0.0,0.0,0.0,0.0,0.0,0.0,0.0,0.8,0.0
6201465,"Time to call in the Governor's Hawaii Task Force Five Oahu aka Hawaii Five - Oahu aka Hawaii Five - O.  

Hawaii Five -O, Where all the Haoles are the good guys and the Majority Chinese, Japanese, and other Asians, and Hawaiians are the Criminals.",0.7,yes,10,7,392029,55,2017-10-22 20:07:13.450451+00,approved,247,45,True,0.0,0.0,0.0,0.0,0.0,0.0,0.0,0.0,0.0,0.0,0.0,0.0,0.0,0.0,0.1666666666666666,0.0,0.0,0.8333333333333333,0.0,0.1666666666666666,0.0,0.0,0.0,0.0
5357980,"I once had a one-sided encounter with a GCI ""big shot"" who said to me as I was countering a scam bill: ""We can end this right here, right now!"" Yup, that was it. I wasn't sure what he meant by that. AFN, end this fool prime sponsorship, right here, right now.",0.7,yes,10,7,340681,21,2017-06-05 03:09:18.961930+00,approved,259,52,False,0.0,0.0,0.0,0.0,0.0,0.0,0.0,0.0,0.0,0.0,0.0,0.0,0.0,0.0,0.0,0.0,0.0,0.0,0.0,0.0,0.0,0.0,0.0,0.0
5369868,"Nope, it's been on the NP too, but surprise , surprise - that paper wants to avoid  looking for ways to make the cpc look worse :)
And sure, blame the voter in your last sentence. Just what the cpc did after the 2015 election. That was a real smart way to prepare for the next election, you think? And is this what scheer is doing to avoid looking like a loser?",0.5,yes,10,5,341192,54,2017-06-07 00:08:15.303386+00,approved,361,72,False,0.0,0.0,0.0,0.0,0.0,0.0,0.0,0.0,0.0,0.0,0.0,0.0,0.0,0.0,0.0,0.0,0.0,0.0,0.0,0.0,0.0,0.0,0.0,0.0
6316788,"Tee-hee.

I like a good single malt as much as the next man, but these prolix flavour descriptions are comical.

I once read a piece mocking oenophiles that went something like ""grapes were definitely from the Northwest corner of the vineyard, where the diabetic tomcat goes for a piss.""

'Nuff said.  Just enjoy the damn whiskey!",0.8,yes,10,8,398543,54,2017-11-08 19:07:07.798794+00,approved,330,56,True,0.8,0.0,0.0,0.0,0.0,0.0,0.0,0.0,0.0,0.0,0.0,0.0,0.0,0.0,0.0,0.0,0.0,0.0,0.0,0.0,0.0,0.0,0.0,0.0
5809196,Boy what a bunch of stupid replies.  Did Trump tweet anything yet?,0.8043478260869565,yes,46,37,368644,55,2017-08-21 01:40:13.106572+00,rejected,66,12,False,0.0,0.0,0.0,0.0,0.0,0.0,0.0,0.0,0.0,0.0,0.0,0.0,0.0,0.0,0.0,0.0,0.0,0.0,0.0,0.0,0.0,0.0,0.0,0.0
844256,"The state needs to tax us to pay the oil companies?  I think they would do just fine without us.  Damn socialists.

Income tax would only raise $200 Million which would not even cover payments to oil companies.  This whole taxing Alaskans argument is just an absurd distraction.

If conservatives were to tell their constituents the truth, they would have to admit they voted yes on a tax policy crafted by the oil tax employees/legislators which is the reason we have a budget crisis.

And the only way to fix our budget crisis is to reverse the damage they have done.",0.5,yes,10,5,161996,21,2017-01-15 19:17:36.911209+00,approved,569,101,False,0.0,0.0,0.0,0.0,0.0,0.0,0.0,0.0,0.0,0.0,0.0,0.0,0.0,0.0,0.0,0.0,0.0,0.0,0.0,0.0,0.0,0.0,0.0,0.0
903484,"Bavlus, Good,  intelligent post.",0.0,no,4,0,164245,54,2017-01-26 22:36:17.452497+00,approved,32,4,False,0.0,0.0,0.0,0.0,0.0,0.0,0.0,0.0,0.0,0.0,0.0,0.0,0.0,0.0,0.0,0.0,0.0,0.0,0.0,0.0,0.0,0.0,0.0,0.0
5402361,"""Looking for legal nuance"" is unfortunately a necessary feature of due process."" So following your logical conclusion would this then apply to Mr. trump's statements on the ""Muslim ban"" and disallowing his travel ban?",0.0,no,4,0,343434,102,2017-06-12 19:40:46.008442+00,approved,217,34,True,0.0,0.0,0.0,0.0,0.0,0.0,0.0,0.0,0.0,0.0,1.0,0.0,0.0,0.0,0.0,0.0,0.0,0.0,0.0,0.0,0.0,0.0,0.0,0.0
7012335,"For one thing, bridal veils are normally made of lace and are transparent, and do not hide the whole face. Unlike the niqab or burqa, they do not hide facial expressions, so are not ""face masks"".",0.0,no,4,0,386037,54,2017-10-06 13:33:41.445768+00,approved,195,36,False,0.0,0.0,0.0,0.0,0.0,0.0,0.0,0.0,0.0,0.0,0.0,0.0,0.0,0.0,0.0,0.0,0.0,0.0,0.0,0.0,0.0,0.0,0.0,0.0
