comment_id,comment_text,toxicity,is_toxic,n_raters,n_toxic_votes,article_id,publication_id,created_date,rating,n_chars,n_words,mentions_identity,male,female,transgender,other_gender,heterosexual,homosexual_gay_or_lesbian,bisexual,other_sexual_orientation,christian,jewish,muslim,hindu,buddhist,atheist,other_religion,black,white,asian,latino,other_race_or_ethnicity,physical_disability,intellectual_or_learning_disability,psychiatric_or_mental_illness,other_disability
5006655,Kaiser Sucks! If it wasn't for Obamacare. Group Health would not have been taken over by Kaiser. We have already had problems with Kaiser as of late.,0.6266666666666667,yes,75,47,319505,66,2017-03-15 11:42:21.091224+00,approved,149,27,False,0.0,0.0,0.0,0.0,0.0,0.0,0.0,0.0,0.0,0.0,0.0,0.0,0.0,0.0,0.0,0.0,0.0,0.0,0.0,0.0,0.0,0.0,0.0,0.0
5201700,"It's always funny when you asshurting libs cry for revolution.  Bring it on, cupcake, we're waiting.  When your weapons consist of organic tomatoes and gluten free pop tarts don't expect the average Alaskan to have even the slightest fear.  I'm sure all the vagina-wearing Wall Street protesters will have your back.",0.5,yes,10,5,330927,21,2017-05-01 19:15:54.127801+00,rejected,316,51,False,0.0,0.0,0.0,0.0,0.0,0.0,0.0,0.0,0.0,0.0,0.0,0.0,0.0,0.0,0.0,0.0,0.0,0.0,0.0,0.0,0.0,0.0,0.0,0.0
1018898,"This has nothing to do with sensitivity, but simply reality. I like everyone else are a little tired of the ""coffee shop"". philosophy of white privilege, and white superiority being thrown around as some sort of talisman to end all discussion. I could recommend a number of good books on First Nations, a term coined recently as far as history is concerned, however I doubt you would read them",0.0,no,4,0,169202,54,2017-02-20 10:43:09.409574+00,approved,393,69,True,0.0,0.0,0.0,0.0,0.0,0.0,0.0,0.0,0.0,0.0,0.0,0.0,0.0,0.0,0.0,0.0,1.0,0.0,0.0,0.0,0.0,0.0,0.0,0.0
6183769,"A woman's fertility is the woman's not yours.  So unless you are willing to drop your pants and put your prostate health into our Christian hands, you are a hypocrite.",0.8,yes,65,52,390442,53,2017-10-19 22:31:14.435915+00,approved,167,30,True,0.25,1.0,0.0,0.0,0.0,0.0,0.0,0.0,1.0,0.0,0.0,0.0,0.0,0.0,0.0,0.0,0.0,0.0,0.0,0.0,0.0,0.0,0.0,0.0
5702386,Not crediting trump with anything....just the devil's advocate when people accuse him of being the anti-christ...pun intended,0.5,yes,10,5,362048,102,2017-08-02 14:58:35.872415+00,approved,125,17,True,0.0,0.0,0.0,0.0,0.0,0.0,0.0,0.0,1.0,0.0,0.0,0.0,0.0,0.0,0.0,0.0,0.0,0.0,0.0,0.0,0.0,0.0,0.0,0.0
719873,"Johann, you are a total dope!! Who is the current president of the USA right now? Its your boy Obama and he is just going to rolled over like a whipped dog....woof-woof-woof.... while the Chinese spit into our faces.",0.8026315789473683,yes,76,61,157013,21,2016-12-16 20:50:36.032339+00,approved,216,39,False,0.1,0.0,0.0,0.0,0.0,0.0,0.0,0.0,0.0,0.0,0.0,0.0,0.0,0.0,0.0,0.0,0.0,0.3,0.0,0.1,0.0,0.0,0.0,0.0
336841,"if it wasn't for obstructionist liberals, they could have cut more and done a real job.",0.0,no,4,0,137955,21,2016-06-03 03:34:52.665365+00,rejected,87,16,False,0.0,0.0,0.0,0.0,0.0,0.0,0.0,0.0,0.0,0.0,0.0,0.0,0.0,0.0,0.0,0.0,0.0,0.0,0.0,0.0,0.0,0.0,0.0,0.0
5620030,Tackle what?,0.0,no,5,0,357038,55,2017-07-19 14:48:24.908432+00,approved,12,2,False,0.0,0.0,0.0,0.0,0.0,0.0,0.0,0.0,0.0,0.0,0.0,0.0,0.0,0.0,0.0,0.0,0.0,0.0,0.0,0.0,0.0,0.0,0.0,0.0
373941,".....except Ostrander also broke the standing record last year herself and was about a minute behind Forsberg. And the third place woman (Alaskan) definitely wasn't ""five minutes behind"" that record. 

I bet you can't run from your couch to the fridge, so any criticism from you is pretty meaningless.",0.0,no,4,0,140602,21,2016-07-03 17:27:21.371450+00,approved,301,49,True,0.1,0.7,0.0,0.0,0.0,0.0,0.0,0.0,0.0,0.0,0.0,0.0,0.0,0.0,0.0,0.0,0.0,0.0,0.0,0.0,0.0,0.0,0.0,0.0
5795858,"FC,
It's probably petty easy to take that kind of position, as long as you're either in full agreement with what the church teaches, or willing to walk away from what your own mind and experience may be telling you.  I say that with no rancor whatsoever.  

Oddly however, I've seen no shortage of folks here who might post what you posted, who seem to get pretty worked up when somebody like Francis seems to lean in favor of making changes that make them uncomfortable.  Then it becomes something very different: a problematic (or worse) pope, a camel's nose under the tent wall, etc...

But it seems to me that to take the position you take in your post would require a willingness to accept ANY changes made by the hierarchy, and accept that change as being from God.  Surely one can't have it both ways, right?  Or is there a working assumption that only conservative voices can know and learn the truth?",0.0,no,4,0,367498,53,2017-08-18 17:42:16.578452+00,approved,909,163,True,0.1,0.0,0.0,0.0,0.0,0.0,0.0,0.0,0.5,0.0,0.0,0.0,0.0,0.0,0.0,0.0,0.0,0.0,0.0,0.0,0.0,0.0,0.0,0.0
5487343,"None of his supporters, that's for sure. I mean if you don't care that he is a disgusting, vile, incompetent, mentally unstable, con man, why would you care about a silly faked magazine cover.",0.6491228070175439,yes,57,37,349240,102,2017-06-27 20:28:40.206569+00,approved,192,34,False,0.4,0.0,0.0,0.0,0.0,0.0,0.0,0.1,0.0,0.0,0.0,0.0,0.0,0.1,0.0,0.0,0.0,0.0,0.0,0.1,0.0,0.0,0.1,0.0
5432038,"That's right. Only white men are allowed to be racist and sexist. 

Know your place, Robin H.",0.7285714285714285,yes,70,51,345431,54,2017-06-17 15:44:22.761130+00,rejected,93,17,True,0.8,0.0,0.0,0.0,0.0,0.0,0.0,0.0,0.0,0.0,0.0,0.0,0.0,0.0,0.0,0.0,1.0,0.0,0.0,0.0,0.0,0.0,0.0,0.0
6022490,"Oh please.  How silly.  Where is the leadership in the Black communities.  Jesse Jackson, Al Sharpton?  No they just keep telling their base how downtrodden they are in order to justify there personal existence, and keep the money flowing into their racist organizations.
These players are just whinners, who know nothing and propose NO solutions, as they drive away from the stadium each Sunday in their $200,000 dollar Lamborghinis.",0.5277777777777778,yes,72,38,381820,55,2017-09-25 22:54:17.146924+00,approved,434,69,True,0.0,0.0,0.0,0.0,0.0,0.0,0.0,0.0,0.0,0.0,0.0,0.0,0.0,0.0,0.0,1.0,0.0,0.0,0.0,0.0,0.0,0.0,0.0,0.0
731778,Have you read the Quaran?  Islam is a virus that will erode western civikization. There are NO moderate versions of this stone age philosophy,0.6,yes,10,6,157472,54,2016-12-20 01:36:40.865465+00,rejected,141,24,True,0.0,0.0,0.0,0.0,0.0,0.0,0.0,0.0,0.0,0.0,1.0,0.0,0.0,0.0,0.0,0.0,0.0,0.0,0.0,0.0,0.0,0.0,0.0,0.0
350778,"To paint Aisha as a victim is completely at odds with her persona. She was certainly no wallflower. During a controversial battle in Muslim history, she emerged riding a camel to lead the troops. She was known for her assertive temperament and mischievous sense of humour – with Muhammad sometimes bearing the brunt of the jokes. During his lifetime, he established her authority by telling Muslims to consult her in his absence; after his death, she went to be become one of the most prolific and distinguished scholars of her time.
A stateswoman, scholar, mufti, and judge, Aisha combined spirituality, activism and knowledge and remains a role model for many Muslim women today. The gulf between her true legacy and her depiction in Islamophobic materials is not merely historically inaccurate, it is an insult to the memory of a pioneering woman.",0.2,no,10,2,138760,21,2016-06-15 03:51:23.438492+00,approved,850,141,True,0.0,0.7,0.0,0.0,0.0,0.0,0.0,0.0,0.0,0.0,0.9,0.0,0.0,0.0,0.0,0.0,0.0,0.0,0.0,0.0,0.0,0.0,0.0,0.0
6279967,"Congrats on your hypocrisy....

In the Northern Interior, the McLeod Lake Indian Band is expected to claim royalties of between $35 million and $40 million over the 15-year life of Thompson Creek Metal’s Mount Milligan gold and copper mine. The Nak’azdli will share an additional $24 million in royalties from the mine.

In the Lower Mainland, the Musqueam, Squamish and Tsleil-Waututh last year negotiated a 50-per-cent stake in a federal land deal that includes the Jericho military lands valued at $300 million. Once developed, estimates peg the Jericho real estate at $3 billion.

And the Tahltan expect to receive $2.36 billion in benefits during the next 60 years from the three AltaGas run-of-river projects for agreements covering revenue-sharing from the province and company, contracts, ownership and upfront payments. Community members have been told another $78 million could flow from the Red Chris mine.",0.5,yes,10,5,396480,54,2017-11-03 10:52:17.315990+00,approved,917,143,False,0.1666666666666666,0.1666666666666666,0.0,0.0,0.0,0.0,0.0,0.0,0.0,0.0,0.0,0.0,0.0,0.0,0.0,0.0,0.0,0.0,0.0,0.0,0.0,0.0,0.0,0.0
6103366,"As a man, I would never walk through a dark space either.  As 'Farmgirl' noted, the best defence is strong legs - RUN! And as you note, common sense, knowing what a hard punch feels like,  and being able to disable an opponent who attacks from behind are useful. The last line of defence if trouble occurs while walking alone drunk or stoned, or suddenly being dumped by the guy you 'hooked up' with at the Frat party or media/sports star you hoped would boost your career...""Go ask Alice the lawyer. I think she'll know."" Personally, I find it strange that cops are so useless at reducing the stubborn rate of 'unfounded' cases. Must be a conspiracy. Or they are all mysogynists. But of course the Fems are not mysrandrists. Banish the thought - it's not acceptable to the SJW ""Thought Police"". Besides, only a naive, old, stupid male could hold such an ignorant, primitive view. A 25 year-old female's opinion is so much better-informed. And why? Because she's female and - it's 2017!",0.5,yes,10,5,386192,54,2017-10-07 20:14:46.248537+00,rejected,986,174,True,1.0,0.8333333333333333,0.0,0.0,0.0,0.0,0.0,0.0,0.0,0.0,0.0,0.0,0.0,0.0,0.0,0.0,0.0,0.0,0.0,0.0,0.0,0.1666666666666666,0.0,0.0
5054697,Gutless self serving politicians are afraid of losing the Christian vote so they will not do the humane thing to stop people from dying a painful death. Get rid of the useless career politicians.,0.6133333333333333,yes,75,46,322092,55,2017-03-25 18:14:00.875935+00,approved,195,34,True,0.0,0.0,0.0,0.0,0.0,0.0,0.0,0.0,0.8333333333333333,0.0,0.0,0.0,0.0,0.0,0.0,0.0,0.0,0.0,0.0,0.0,0.0,0.0,0.0,0.0
627995,"when I add up all of the facts here:

That blood transfusions are not the same as eating blood
 
That Jesus himself clearly emphasized the value and importance of ""MERCY"" and ""LIFE"" over the unnecessary ""Sacrifice of Life"" at Matthew 12 1-14.

 That the scriptures themselves are always referring to the ""eating or drinking"" of ANIMAL blood that is forbidden (not transfusions).
 
How Paul shows at 1 Corinthians. 8:4-8 that the Acts 15:29 command is not all encompassing command but had a particular purpose.
 
That Saul's men were not killed after eating blood.
 
How the strictest of Jews today allow blood transfusions.
 
That no other religion on earth forbids blood transfusions based on what the bible actually says. 

That Jesus clearly demonstrated how life (even that of an animal) was more important than a narrow, strict interpretation of the law, with the ""animal that fell into a pit on the Sabbath"" illustration he used, and the ""Woman with a flow of blood"" real-life example.",0.0,no,4,0,151612,53,2016-11-26 18:28:15.151523+00,approved,991,164,True,0.4,0.2,0.0,0.0,0.0,0.0,0.0,0.0,0.4,0.7,0.0,0.0,0.0,0.0,0.1,0.0,0.0,0.0,0.0,0.0,0.0,0.0,0.0,0.0
6034279,"The Denver Post ran with the ""hands up don't shoot ""story for weeks, even after it was shown to be extremely unlikely that ever happened",0.0,no,4,0,382373,102,2017-09-27 14:28:04.428441+00,approved,136,25,False,0.0,0.0,0.0,0.0,0.0,0.0,0.0,0.0,0.0,0.0,0.0,0.0,0.0,0.0,0.0,0.0,0.0,0.0,0.0,0.0,0.0,0.0,0.0,0.0
6222271,"Do not put words in my mouth. 

You are the one making up ridiculous hypothetical situations.
You also think that homosexuals have special rights no one else has.
I would say that is weird, but como estas thinks that Germans and Austrians have special rights no one else has.",0.6052631578947368,yes,76,46,392544,102,2017-10-25 19:43:19.535034+00,approved,275,49,True,0.0,0.0,0.0,0.0,0.0,0.8333333333333333,0.0,0.0,0.0,0.0,0.0,0.0,0.0,0.0,0.0,0.0,0.0,0.0,0.0,0.1666666666666666,0.0,0.0,0.0,0.0
513843,My late husband NEVER talked like that.  He was never vulgar or lewd.,0.0,no,4,0,147929,21,2016-10-07 22:59:45.931427+00,approved,69,13,False,0.0,0.0,0.0,0.0,0.0,0.0,0.0,0.0,0.0,0.0,0.0,0.0,0.0,0.0,0.0,0.0,0.0,0.0,0.0,0.0,0.0,0.0,0.0,0.0
5309776,"Neither Ireland nor Australia [whose many original citizens were prisoners from Ireland], had THAT many immigrants coming to them.  Today, Australia's entire population is the size of the entire population of either the State of Ohio or Pennsylvania.  When the Czech Republic was part of the Soviet Bloc of Nations---how many people were immigrating to it from Eastern European nations?  VERY FEW!

But the U.S. had immigrants from all over Europe----including Eastern Europe.  Today, there are also many people in the U.S. who are Catholics from other parts of the world and are Catholic obseving the following Rites:
Coptic, Ethiopian, Syrian, Maronite, Syro-Malankara, Armenian, Chaldea, Malabar, Belorussian, Bulgaian, Greek, Hungarian, Italo-Albanian, Melkite, Romanian, Ruthenian, Ukrainian, Krizevci, Albanian, and Russian.

That is why the adjective ""Roman"" or ""Latin"" is used so often here.",0.0,no,4,0,337597,53,2017-05-26 19:07:49.267837+00,approved,899,132,True,0.0,0.0,0.0,0.0,0.0,0.0,0.0,0.0,0.5,0.0,0.0,0.0,0.0,0.0,0.0,0.0,0.0,0.0,0.5,0.1,0.0,0.0,0.0,0.0
5703265,"Great posts in here.  Glad to see there is still some sanity in the world.  
I heard Alex Jones say yesterday something that really resonated.  He said that the left is spreading their mental disease all over the country.  They are sick people, and they will go after anyone who isn't mentally diseased like they are. Putin said that also. That would explain a lot of what they do....those pink pussycat signs, riots, they way they talk, act, the insane MSM, the dems calling for Trump's assasination, etc.  He said they are like Zombies, and will attack anybody NOT infected like they are. He said that that can be the end of your country if it continues.
That is the best explanation of all of this I have heard so far, and it makes perfect sense. It is like ""World War Z"" in politics.",0.4,no,10,4,362132,55,2017-08-02 16:58:42.163416+00,approved,787,144,True,0.1,0.0,0.0,0.0,0.0,0.0,0.0,0.0,0.0,0.0,0.0,0.0,0.0,0.0,0.0,0.0,0.0,0.0,0.0,0.0,0.0,0.0,0.7,0.0
5906248,"If we let a bunch of Hispanics dictate to us what laws we enforce and what ones we wont then it wont be long before we go third world and live in a shithole just like they ran away from,either obey our laws or get the hell out!! We call the shots up here not you!",0.7,yes,70,49,374550,105,2017-09-06 13:21:50.872047+00,rejected,263,56,True,0.0,0.0,0.0,0.0,0.0,0.0,0.0,0.0,0.0,0.0,0.0,0.0,0.0,0.0,0.0,0.0,0.0,0.0,0.5,0.1,0.0,0.0,0.0,0.0
297124,"Yea right, great pick! Might have just picked $arah again.",0.0,no,4,0,99107,21,2016-04-28 14:16:56.801989+00,rejected,58,10,False,0.0,0.0,0.0,0.0,0.0,0.0,0.0,0.0,0.0,0.0,0.0,0.0,0.0,0.0,0.0,0.0,0.0,0.0,0.0,0.0,0.0,0.0,0.0,0.0
7057190,"Approximately 1.7%  of the children going to school naturally have indistinguishable gender, or parts of both.Thats almost 2 in 100 kids that from birth we are talking genitals not feelings or femininity. I cant and I don't think any one who wasn't born like this could even understand how difficult it would be, or how embarrasses these children would be for someone else to find this out. So to all You evangelicals: What should we do with these children God or Nature made this way? Would you deny them school? force them to go to the bathroom outside? perhaps witch hunt? or kill them at birth? So before you say a bunch of bias stuff lets here your actual solution to an actual problem on what you would like them to do with 1.7% of our kids?",0.3,no,10,3,144277,21,2016-08-22 19:17:37.399056+00,approved,747,137,True,0.0,0.3,0.0,0.0,0.0,0.0,0.0,0.0,0.6,0.0,0.0,0.0,0.0,0.0,0.1,0.0,0.0,0.0,0.0,0.0,0.0,0.0,0.0,0.0
5828956,"This just shows more examples of why Trump won. Because the Conservatives and even Liberals are getting sick and tired of Leftists labeling every person who doesn't think the way they think as Racist, Sexist, Homophobe, etc. etc.",0.7,yes,10,7,369844,54,2017-08-24 01:10:01.435587+00,approved,229,38,False,0.0,0.1,0.0,0.0,0.0,0.3,0.0,0.0,0.0,0.0,0.0,0.0,0.0,0.0,0.0,0.0,0.0,0.0,0.0,0.0,0.0,0.0,0.0,0.0
240972,"Wow! This is crazy I was at this party and it was a private free event. And the alcohol was all given away.  I understand a picture is worth a 1,000 words but not when they are false",0.0,no,4,0,34550,6,2016-01-27 18:07:31.640671+00,approved,182,38,False,0.0,0.0,0.0,0.0,0.0,0.0,0.0,0.0,0.0,0.0,0.0,0.0,0.0,0.0,0.0,0.0,0.0,0.0,0.0,0.0,0.0,0.0,0.0,0.0
500508,"Furthermore, NT ""laying on of hands"" was performed by the local church to affirm their leaders or representatives.

In contrast, Ordination is performed by one's ""superiors"" as a symbol of delegating their authority ""downwards"".  It is actually the opposite of the NT practice.

Please note that I am not speaking for or against Ordination, only pointing-out that there is no mandate in the NT for this practice.  Those who point to the OT rituals for consecrating a Priest, are falling even closer to RC and LDS heresies regarding an ordained earthly Priesthood.  The NT teaches that Priesthood of all believers, as affirmed by the Protestant Reformation.",0.0,no,4,0,146893,52,2016-10-01 11:48:38.063015+00,approved,656,106,False,0.0,0.0,0.0,0.0,0.0,0.0,0.0,0.0,0.1666666666666666,0.0,0.0,0.0,0.0,0.0,0.0,0.0,0.0,0.0,0.0,0.0,0.0,0.0,0.0,0.0
5358264,Wicked men have used religions to do terrible things correct. But in today's world there's only one which is murdering and raping its way across the globe daily. Christianity had a reformation and Islam needs one very badly. But don't get it twisted the atheists can be just as dangerous...look at how many lives Communism has snuffed out. Makes the occultist Nazis look like amateurs.,0.7,yes,10,7,340647,21,2017-06-05 04:49:09.626684+00,approved,385,65,True,0.8333333333333333,0.0,0.0,0.0,0.0,0.0,0.0,0.0,0.8333333333333333,0.0,0.1666666666666666,0.0,0.0,0.8333333333333333,0.1666666666666666,0.0,0.0,0.0,0.0,0.0,0.0,0.0,0.0,0.0
486342,"Not really, we should just begin to hold students back if they don't know the material.",0.0,no,4,0,146578,21,2016-09-22 17:34:37.595595+00,approved,87,16,False,0.0,0.0,0.0,0.0,0.0,0.0,0.0,0.0,0.0,0.0,0.0,0.0,0.0,0.0,0.0,0.0,0.0,0.0,0.0,0.0,0.0,0.0,0.0,0.0
5055640,"If not a ""silver vixen""  try  dirty blond cougar.",0.6,yes,75,45,319715,54,2017-03-25 22:18:39.131581+00,approved,49,9,False,0.0,0.0,0.0,0.0,0.0,0.0,0.0,0.0,0.0,0.0,0.0,0.0,0.0,0.0,0.0,0.0,0.0,0.0,0.0,0.0,0.0,0.0,0.0,0.0
6002364,"A person (the pope) who is entirely unaffected by the programs of mass immigration can spout popisms (more properly SJWisms) all day, and in the end, what does it do?

Not a thing, but erode his voice, and those popes behind him.",0.0,no,4,0,380902,53,2017-09-22 20:26:33.723575+00,approved,229,42,False,0.0,0.0,0.0,0.0,0.0,0.0,0.0,0.0,0.3,0.0,0.0,0.0,0.0,0.0,0.0,0.0,0.0,0.0,0.0,0.0,0.0,0.0,0.0,0.0
5699839,"Of course you're entitled to your opinion.

What is an ""Elitist Establishment Insider"" in your words?",0.0,no,4,0,361823,13,2017-08-02 00:42:50.801743+00,approved,101,16,False,0.0,0.0,0.0,0.0,0.0,0.0,0.0,0.0,0.0,0.0,0.0,0.0,0.0,0.0,0.0,0.0,0.0,0.0,0.0,0.0,0.0,0.0,0.0,0.0
5798094,"The authors fail to note that, as in the 1930's, right wing hate groups are lavishly funded, and have the most sophisticated (i.e., expensive) propaganda campaigns.
.
There are industry actors who fund these groups.
There are foreign governments that fund these groups.
.
The point is to instill fear - at the base of Maslow's hierarchy - to stampede public opinion to trade liberty for authoritarianism.
.
What would be humorous, were it not so dangerous, is when the proxies of one group get upset when they are up-staged by the proxies of another group, as in the 2016 US GOP primaries and presidential election.
.
A remarkable coincidences (not) is that for all the right wing groups, terrorists, racists, nationalists, religious fundamentalists, and so on, in however many countries, all have this in common, without exception: 
.
All of them are opposed to any kind of collective action to address climate change.
.
Makes it fairly easy to figure out where most of the money is coming from.",0.0,no,4,0,367667,54,2017-08-18 22:56:47.124635+00,approved,996,170,False,0.0,0.0,0.0,0.0,0.0,0.0,0.0,0.0,0.0,0.0,0.0,0.0,0.0,0.0,0.0,0.0,0.0,0.0,0.0,0.0,0.0,0.0,0.0,0.0
5484864,"""When you kill innocent children, innocent babies...""
As opposed to guilty children and babies?

Stop making 'statements' by bombing an empty airfield.  Lob half a dozen cruise missiles at the presidential palace and be done with this and go home.",1.0,yes,4,4,348975,21,2017-06-27 15:21:45.628469+00,approved,247,40,False,0.0,0.0,0.0,0.0,0.0,0.0,0.0,0.0,0.0,0.0,0.0,0.0,0.0,0.0,0.0,0.0,0.0,0.0,0.0,0.0,0.0,0.0,0.0,0.0
5324079,"What if instead of ""Christian Freaks"", your comment said ""Muslim Freaks""?",0.5125,yes,80,41,338768,54,2017-05-29 22:59:41.983621+00,approved,73,11,True,0.1666666666666666,0.0,0.0,0.0,0.0,0.0,0.0,0.0,0.5,0.0,0.8333333333333333,0.0,0.0,0.0,0.0,0.0,0.0,0.0,0.0,0.0,0.0,0.0,0.0,0.0
578788,"Try this if you can stand a bit of truth. There is this thing called google, just put in democrats caught cheating, or maybe democrats dirty tricks. But you will find out your statement is just a narrow minded partisan talking point that has absolutely no value. Good luck.",0.3,no,10,3,150633,13,2016-11-05 20:56:37.247030+00,approved,273,49,False,0.0,0.0,0.0,0.0,0.0,0.0,0.0,0.0,0.0,0.0,0.0,0.0,0.0,0.0,0.0,0.0,0.0,0.0,0.0,0.0,0.0,0.0,0.0,0.0
5558223,"The circumference of the (round) Earth was demonstrated LONG ago...
https://www.windows2universe.org/?page=/citizen_science/myw/w2u_eratosthenes_calc_earth_size.html",0.0,no,4,0,352700,102,2017-07-09 10:22:30.939438+00,approved,165,11,False,0.0,0.0,0.0,0.0,0.0,0.0,0.0,0.0,0.0,0.0,0.0,0.0,0.0,0.0,0.0,0.0,0.0,0.0,0.0,0.0,0.0,0.0,0.0,0.0
5879243,"""“We do not do the work of ICE,” he said.""

Nice strawman, you dishonest hack.",0.8,yes,5,4,372931,102,2017-09-01 14:32:15.206847+00,approved,78,15,False,0.3,0.0,0.0,0.0,0.0,0.0,0.0,0.0,0.0,0.0,0.0,0.0,0.0,0.0,0.0,0.0,0.0,0.0,0.0,0.0,0.0,0.0,0.0,0.0
5718266,"How is it possible that in 12 years of mandatory public education our schools do not teach students the basics of survival, including map & compass skills, and how to survive in the vast wilderness we live in? School boards are often comprised of businessmen, who want compliant, obedient, dependent workers, not critical thinkers capable of independent thought and action.  I hope this woman doesn't become the latest victim of our ""school"" system. A large drum needs to be set up at the point she entered the forest to guide her back, regularly booming, as bass sounds travel the farthest. Volunteers could take turns beating it. This will also tend to scare off any predators in the area.",0.0,no,4,0,363189,43,2017-08-05 09:26:51.681487+00,approved,691,118,True,0.75,1.0,0.0,0.0,0.0,0.0,0.0,0.0,0.0,0.0,0.0,0.0,0.0,0.0,0.0,0.0,0.0,0.0,0.0,0.0,0.0,0.0,0.0,0.0
895873,"The fascist dictator continues the insanity against all human and civil rights by the National Security State formerly the purview of Hitler, Stalin, Mao, Pol Pot, ad nauseum.",0.7,yes,10,7,164033,21,2017-01-25 16:45:01.882489+00,approved,175,28,False,0.0,0.0,0.0,0.0,0.0,0.0,0.0,0.0,0.0,0.0,0.0,0.0,0.0,0.0,0.0,0.0,0.0,0.0,0.0,0.0,0.0,0.0,0.0,0.0
7064512,Yep....because we all know that there is no difference between people that have done nothing wrong (didn't know that Venezuela was a hotbed of terrorism) and a convicted attempted murderer/ terrorist.....,0.5,yes,10,5,391279,102,2017-10-20 17:04:59.977942+00,approved,204,31,False,0.0,0.0,0.0,0.0,0.0,0.0,0.0,0.0,0.0,0.0,0.0,0.0,0.0,0.0,0.0,0.0,0.0,0.0,0.0,0.0,0.0,0.0,0.0,0.0
430637,"In Japan they call mucky, mucky sucki!  They are the most racist folks on the planet and will not hear of any change to that mentality!  If only we could take a few cues instead of this death spiral we are in!",0.55,yes,80,44,143657,21,2016-08-14 04:04:29.541081+00,approved,209,42,False,0.0,0.0,0.0,0.0,0.0,0.0,0.0,0.0,0.0,0.0,0.0,0.0,0.0,0.0,0.0,0.0,0.0,0.1666666666666666,0.0,0.0,0.0,0.0,0.0,0.0
5012585,"That is what we are moving towards, pal.",0.0,no,4,0,319804,54,2017-03-16 16:21:26.765995+00,approved,40,8,False,0.0,0.0,0.0,0.0,0.0,0.0,0.0,0.0,0.0,0.0,0.0,0.0,0.0,0.0,0.0,0.0,0.0,0.0,0.0,0.0,0.0,0.0,0.0,0.0
6162283,"Sounds right to me.  When people hate, they loose the ability to reason.  Dems hate anyone who disagrees with any part of their agenda.  Their love for illegal aliens and protection of sexually confused males (over females) is what made me turn Independent.",0.5,yes,10,5,389997,105,2017-10-17 12:31:34.251776+00,approved,257,43,True,0.8333333333333333,0.6666666666666666,0.0,0.0,0.0,0.0,0.0,0.0,0.0,0.0,0.0,0.0,0.0,0.0,0.0,0.0,0.0,0.0,0.0,0.0,0.0,0.0,0.0,0.0
5321824,"At first I was amused by your boneheadedness.  The question I KEEP asking is how well does your family get along?  You have no problem attacking the President's family.  I also asked do they work at the same job too. Since you didn't answer either time I will assume the answer is no.  But you keep pounding away in futility.  Then you attack my sexuality.  Waaa, waaa. Frankly I would love to talk about my sex life, but my gal won't let me.  I know you're counting on something (you little perv) but no, I'm not going to let you have it.  Further I'm tired of dealing with the ""likes"" of you, so shut up, go away, and leave me alone (w/my lover), and go find a dry towel and a dirty magazine.",0.6,yes,10,6,338349,13,2017-05-29 15:30:46.439900+00,approved,694,133,False,0.0,0.0,0.0,0.0,0.0,0.0,0.0,0.0,0.0,0.0,0.0,0.0,0.0,0.0,0.0,0.0,0.0,0.0,0.0,0.0,0.0,0.0,0.0,0.0
5456462,"Stopping the move to mailboxes instead of door to door delivery was one of the worst things the Liberals did when they got elected. They can spin this all they want but the numbers don't lie and we the taxpayer are on the hook for it. By the way, the mailbox for my house was installed the week before the election and there have been no issues since it was put in.",0.1666666666666666,no,6,1,347105,54,2017-06-22 03:40:16.827180+00,approved,365,72,False,0.0,0.0,0.0,0.1666666666666666,0.0,0.0,0.0,0.0,0.0,0.0,0.0,0.0,0.0,0.0,0.0,0.0,0.0,0.0,0.0,0.0,0.0,0.0,0.0,0.0
5458438,"Islamist Extremists dreams coming true, they have planted the seeds for Religious hate/wars within it's Westernized counterparts America and Europe. Although the Bigger picture of the Muslim/Islam Religious war is World Wide even within Dictatorship and Communist ruled Countries(Russia, China, Iran, etc.). It seems the Crazy Fat Kid's N.Korea may be one of the few Countries the Muslim/Islamist fear today because of the physical power he'd lay on their followers. Basically, no Religions allowed in N.Korea = NO religious wars within itself. N.Korea's God is Kim, only can have one God. I DARE the Islamist Extremists to cause harm and plant seeds in N.Korea! Allah will be smiling welcoming you as you ascend to this Heaven of Harems.
We felt and will further feel the wrath of the Middle East Muslim/Islam religious war around the World. So Sad to Say",0.5,yes,10,5,347151,55,2017-06-22 14:57:22.464042+00,approved,856,140,True,0.0,0.0,0.0,0.0,0.0,0.0,0.0,0.0,0.0,0.0,0.8,0.0,0.0,0.0,0.2,0.0,0.0,0.1,0.0,0.1,0.0,0.0,0.0,0.0
5561419,"Mira,
Another comment from someone who obviously wants to deny that First Nations have any control over their destiny and wishes to absolve them of any and all responsibility for anything negative that happens within their communities. Children are indeed dying and the people most capable of acting swiftly and effectively are First Nations families, communities, and leaders. So why is it not reasonable for anyone to reflect on what First Nations peoples are doing to address the crisis and what they can do to prevent such developments in the future? We are sure having that debate across Canada right now, so why not have it on reserves too?  Unfortunately, I also think it's entirely reasonable to question the sovereignty claims of First Nations peoples too, that is, until they take personal responsibility for that which happens in their communities and take concrete steps to address these things. Sovereign peoples look inward for solutions not outward.",0.1,no,10,1,353353,54,2017-07-09 22:56:17.165892+00,approved,964,156,False,0.0,0.0,0.0,0.0,0.0,0.0,0.0,0.0,0.0,0.0,0.0,0.0,0.0,0.0,0.0,0.0,0.0,0.0,0.0,0.0,0.0,0.0,0.0,0.0
705374,"Trump is a dangerous slime ball that has an obvious Narcissistic Personality Disorder (as in anti social, and psychotic variant).   America is in deep doo doo.",0.7547169811320755,yes,53,40,156211,21,2016-12-13 22:24:32.892902+00,approved,159,26,True,0.0,0.0,0.0,0.0,0.0,0.0,0.0,0.0,0.0,0.0,0.0,0.0,0.0,0.0,0.0,0.0,0.0,0.0,0.0,0.0,0.0,0.0,0.8333333333333333,0.0
5317000,"So much for the left-wing claim of being the ""tolerant"" ideology. You can look different, have a different sexual orientation etc..., but you'd damned well better not THINK differently from a leftist, or you'll be sorry. Oh and, make sure you keep your speech to yourself too if you're not a leftist, especially on campus. We wouldn't want any violence like they have regularly in Berkeley.",0.0,no,4,0,338393,102,2017-05-28 12:19:49.911689+00,approved,390,66,False,0.0,0.0,0.0,0.0,0.0,0.0,0.0,0.0,0.0,0.0,0.0,0.0,0.0,0.0,0.0,0.0,0.0,0.0,0.0,0.0,0.0,0.0,0.0,0.0
387777,"Like a interpreting an inkblot, Bowers is reading into the letter from Tattersall. She never said  ""all whites are complicit in black killings"" or that  ""Police killings of thousands of unarmed black people… .” 
In the latter statement, Bowers uses his own quotations of Tattersall, that seems to be entirely made up. 
Bowers goes on to say: ""Tattersall is an example of everything wrong in this country when it comes to race relations"" proposing that she misrepresent the facts. She is ""everything wrong""? If it is that simple, it's good to know.
Bowers uses some big words in a flashy way that look like he enjoys writing. But given the level of misrepresentation, I am still wondering what Tattersall letter he is referring to. 
I would never paint a wide brush and claim that Bower's thoughts represent any Whites other than himself. But it does show how easily emotions get in the way of facts.",0.5,yes,10,5,141393,13,2016-07-14 15:13:36.287858+00,approved,899,155,True,0.0,0.0,0.0,0.0,0.0,0.0,0.0,0.0,0.0,0.0,0.0,0.0,0.0,0.0,0.0,0.8333333333333333,0.6666666666666666,0.0,0.0,0.0,0.0,0.0,0.0,0.0
6071524,"Surely the wish of Doug Saunders to radically change the definition of terrorism to his own new personal definition of terrorism...

... has nothing, absolutely nothing, to do with any interest in taking the intense media spotlight, in the West, OFF OF Islamist attacks...

... by somehow, and vey creatively...

... using semantics tricks to try to blend them imperceptibly with the habits of some violent right-wing white Americans such as disgruntled US workplace shootings and US school campus shootings and angry US mass shootings with high-power rifles?

Surely, surely nothing to do with any such ""let's shift the spotlight and diffuse and dilute it out"" goal, yes?

Surely?",0.5,yes,10,5,384524,54,2017-10-03 00:10:50.673953+00,approved,681,109,True,0.0,0.0,0.0,0.0,0.0,0.0,0.0,0.0,0.0,0.0,0.0,0.0,0.0,0.0,0.0,0.0,0.8,0.0,0.0,0.0,0.0,0.0,0.0,0.0
5481773,why does this old hag of a writer hate visible minorities? Her columns are reliable for taking cheap shots at marginalised groups. Try attacking the Jews in the same fashion and see what happens.,0.5,yes,10,5,348819,54,2017-06-26 23:01:44.872076+00,rejected,195,34,True,0.0,0.1666666666666666,0.0,0.0,0.0,0.0,0.0,0.0,0.0,1.0,0.0,0.0,0.0,0.0,0.0,0.0,0.0,0.0,0.0,0.0,0.0,0.0,0.0,0.0
661904,"Where are all the groups,churches and individuals that kept repeating that these people would not be a burden on Canada because they would step in???? I dont see anyone stepping forward to help these people, so come on you churches and religious persons in particular, put your money where your mouth is!",0.3,no,10,3,154607,54,2016-12-05 03:45:47.307956+00,approved,304,52,False,0.0,0.0,0.0,0.0,0.0,0.0,0.0,0.0,0.0,0.0,0.0,0.0,0.0,0.0,0.0,0.0,0.0,0.0,0.0,0.0,0.0,0.0,0.0,0.0
5956387,"It's so sad to read about these ""Christians"" who are so unlike their Christ.",0.4,no,10,4,377963,102,2017-09-15 01:40:01.809509+00,approved,76,14,True,0.0,0.0,0.0,0.0,0.0,0.0,0.0,0.0,1.0,0.0,0.0,0.0,0.0,0.0,0.0,0.0,0.0,0.0,0.0,0.0,0.0,0.0,0.0,0.0
5957133,"And in other Democrat news:

https://townhall.com/tipsheet/mattvespa/2017/09/14/maryland-city-grants-illegal-aliens-the-right-to-vote-in-local-elections-n2380971",0.0,no,4,0,377584,22,2017-09-15 04:53:41.544901+00,approved,161,6,False,0.0,0.0,0.0,0.0,0.0,0.0,0.0,0.0,0.0,0.0,0.0,0.0,0.0,0.0,0.0,0.0,0.0,0.0,0.0,0.0,0.0,0.0,0.0,0.0
5062307,"Your ""problem"" is with the reporting of priests sexually abusing children and with the unveiling of bishops who deny, obfuscate and facilitate the sexual abuse of chilren. Period.",0.0,no,4,0,322499,53,2017-03-27 22:18:55.158899+00,approved,179,28,False,0.0,0.0,0.0,0.0,0.0,0.0,0.0,0.0,0.4,0.0,0.0,0.0,0.0,0.0,0.0,0.0,0.0,0.0,0.0,0.0,0.0,0.0,0.0,0.0
724818,"Remember to use toilet paper, a most laudable Chinese invention, instead of your middle finger the next time you comment.",0.1666666666666666,no,6,1,157204,54,2016-12-18 03:14:32.778110+00,approved,121,20,False,0.0,0.0,0.0,0.0,0.0,0.0,0.0,0.0,0.0,0.0,0.0,0.0,0.0,0.0,0.0,0.0,0.0,0.0,0.0,0.0,0.0,0.0,0.0,0.0
1049678,"A Muslim MP saying there is no problem as hordes of Muslims flood into Manitoba....
My god are you people blind or too CDN to say it? Grow A pair would you?
How the hell did a Muslim gets the immigration portfolio?
With all the crap going on why would he appoint a Muslim
The Liiberals are so out of touch with Canada.....
Oligarchy much",0.7285714285714285,yes,70,51,315218,54,2017-02-27 00:20:09.822577+00,rejected,337,65,True,0.0,0.0,0.0,0.0,0.0,0.0,0.0,0.0,0.0,0.0,1.0,0.0,0.0,0.0,0.0,0.0,0.0,0.0,0.0,0.0,0.0,0.0,0.1666666666666666,0.0
735235,"""The people commenting in support of him don't even read like Canadian citizens, they read like paid stooges""

But the people making anti-Trump comments are good, old fashion Canadians - in the TWO articles you have read, of course.",0.2,no,10,2,157617,54,2016-12-20 20:54:40.298902+00,approved,232,39,False,0.0,0.0,0.0,0.0,0.0,0.0,0.0,0.0,0.0,0.0,0.0,0.0,0.0,0.0,0.0,0.0,0.0,0.0,0.0,0.0,0.0,0.0,0.0,0.0
1004644,"You asked for it, you got it. And more. From Lisa Bloom. Lisa Bloom is a Legal analyst for NBC News and Avvo, attorney and bestselling author.

""In our nation’s history, so many of the sickest most appalling crimes have been committed by whites. Yet no matter how sadistic the crime, no matter how young the victims, no matter how much fear is engendered in a community, no matter how much media attention and public discussion the crimes of whites engender, the race itself is never sullied."" 

Lisa Bloom also says white men are at the top of the list for gaining foreign visas to have sex with children. 85-percent in Latin America, she says.

Lisa Bloom also adds the most prolific serial killers in this country (America) are white men. And last, white women are known for killing their children.",0.5,yes,10,5,168542,21,2017-02-16 21:56:20.233322+00,approved,801,141,True,0.8333333333333333,0.6666666666666666,0.0,0.0,0.0,0.0,0.0,0.0,0.0,0.0,0.0,0.0,0.0,0.0,0.0,0.0,1.0,0.0,0.1666666666666666,0.0,0.0,0.0,0.0,0.0
6293690,We are killing ourselves with middle-class white guilt.,0.5,yes,10,5,397278,54,2017-11-05 17:00:21.208119+00,approved,55,8,True,0.0,0.0,0.0,0.0,0.0,0.0,0.0,0.0,0.0,0.0,0.0,0.0,0.0,0.0,0.0,0.0,1.0,0.0,0.0,0.0,0.0,0.0,0.0,0.0
917675,"The little girl with the sign also believes that homosexuals must be killed, Israel and Jews  must be  eradicated, Christians can have their heads cut off, and women including herself are the property of men who may  beat them.  Ain't she sweet?",0.8333333333333333,yes,66,55,164845,54,2017-01-29 18:02:52.723595+00,rejected,245,42,True,1.0,1.0,0.0,0.0,0.0,0.8,0.0,0.0,1.0,1.0,0.0,0.0,0.0,0.0,0.0,0.0,0.0,0.0,0.0,0.0,0.0,0.0,0.0,0.0
431754,"""Voter turn out's going to be lower than average.""
Alaska politicos say:  ""We can't do it to you without you, Alaska!""",0.0,no,4,0,143679,21,2016-08-14 23:19:18.053999+00,approved,118,21,False,0.0,0.0,0.0,0.0,0.0,0.0,0.0,0.0,0.0,0.0,0.0,0.0,0.0,0.0,0.0,0.0,0.0,0.0,0.0,0.0,0.0,0.0,0.0,0.0
5787783,"Revisionist history in Montreal...He who controls the present, ""however hysterical"" controls the past.  Despicable!  Next the book burning...",0.0,no,4,0,367056,54,2017-08-17 16:04:07.961638+00,approved,141,18,False,0.0,0.0,0.0,0.0,0.0,0.0,0.0,0.0,0.0,0.0,0.0,0.0,0.0,0.0,0.0,0.0,0.0,0.0,0.0,0.0,0.0,0.0,0.0,0.0
6243947,They should call it White Fragility.,0.5,yes,10,5,394573,102,2017-10-29 01:11:08.312281+00,approved,36,6,True,0.0,0.0,0.0,0.0,0.0,0.0,0.0,0.0,0.0,0.0,0.0,0.0,0.0,0.0,0.0,0.0,0.8,0.0,0.0,0.0,0.0,0.0,0.0,0.0
1012953,No comments on the large order for IRAN AIR !,0.1666666666666666,no,6,1,168932,54,2017-02-18 16:52:47.957693+00,approved,45,10,False,0.0,0.0,0.0,0.0,0.0,0.0,0.0,0.0,0.0,0.0,0.0,0.0,0.0,0.0,0.0,0.0,0.0,0.0,0.0,0.0,0.0,0.0,0.0,0.0
828322,What a collosal  waste of taxpayer money.,0.0,no,4,0,160120,54,2017-01-12 08:17:03.713093+00,approved,41,7,False,0.0,0.0,0.0,0.0,0.0,0.0,0.0,0.0,0.0,0.0,0.0,0.0,0.0,0.0,0.0,0.0,0.0,0.0,0.0,0.0,0.0,0.0,0.0,0.0
804294,"I dated this one crazy that would beat herself up then try to call the cops to try and assert it was my beating. Too bad I filmed her hahah she did it a second time only I caught her trying to throw pots and pans as well as Stab me with scissors, albeit she'd been drinking..

Still all women are crazy guys. Just pick which kind you can deal with best.",0.7,yes,10,7,160573,21,2017-01-07 07:05:44.632814+00,approved,353,72,True,0.2,1.0,0.0,0.0,0.0,0.0,0.0,0.0,0.0,0.0,0.0,0.0,0.0,0.0,0.0,0.0,0.0,0.0,0.0,0.0,0.0,0.0,0.1,0.1
984662,"""Nothing to worry about for those who are here lawfully!""
FYI - There are a lot of people, notably children, who are here lawfully because they were born in the US.  They also have something to worry about if their parents are here illegally even if it is for something as innocuous as overstaying a visitor visa.",0.0,no,4,0,167549,21,2017-02-12 04:50:37.401075+00,approved,313,57,False,0.0,0.0,0.0,0.0,0.0,0.0,0.0,0.0,0.0,0.0,0.0,0.0,0.0,0.0,0.0,0.0,0.0,0.0,0.0,0.0,0.0,0.0,0.0,0.0
5794542,"Agreed, we must threaten and coerce these companies and de-platform any media we disagree with.

This is the liberal way and it's the right thing to do.",0.2,no,5,1,367612,54,2017-08-18 15:03:31.790665+00,approved,152,27,False,0.0,0.0,0.0,0.0,0.0,0.0,0.0,0.0,0.0,0.0,0.0,0.0,0.0,0.0,0.0,0.0,0.0,0.0,0.0,0.0,0.0,0.0,0.0,0.0
7028125,"Do you know if the 70% ownership of station is a true statement assuming the purchase of Sinclair.

My concern is the consolidation of media into very few ownership hands DM83.       It's been happening for several decades now.

http://www.businessinsider.com/these-6-corporations-control-90-of-the-media-in-america-2012-6

This link is getting pretty old and you'll notice that Sinclair isn't even listed

I'm actually not sure of the exact Market that Sinclair is saying will be 70%?  Eugene, Ore, national, TV only ect......

Both those who follow Pres Trump's lead and many on the liberal side, are concerned that if information is held in only a few hands then the public will not get the full truth.  Fortunately, or not, the information world is now much larger with the use on new mediums thanks to new technology.     (It also leads to a lot of crap being put out to the public.)",0.1666666666666666,no,6,1,367088,13,2017-08-17 20:16:03.209446+00,approved,888,142,False,0.0,0.0,0.0,0.0,0.0,0.0,0.0,0.0,0.0,0.0,0.0,0.0,0.0,0.0,0.0,0.0,0.0,0.0,0.0,0.0,0.0,0.0,0.0,0.0
5173362,"This Says it all.  Basically if this were to continue Ontario would go broke because we'd have to pay $17,000/yr per person on top of welfare, rent subsidies, free tuition, UCCB, add it up and no one will work, and we'll have to fund a massive and grossly overpaid public sector.  Ontario owes about the same amount of Greece and had a public sector about the same size.

Look at what the simpleton in charge of this had to say

Chris Ballard, the province’s minister in charge of housing and poverty reduction, said other basic-income projects have shown that it improves people’s lives. (UHH, HANDING PEOPLE A CHEQUE ON TOP OF WELFARE AND BENEFITS TENDS TO DO THAT)

“People get a chance to go back to school. They don’t have to work low-paying dead-end jobs. They get a chance to go finish college or go on to university,” he told reporters.   (SO THE PLAN IS TO PAY EVEYRONE TO GO BACK TO UNIVERSITY, MORE GENDER STUDIES, LGBTQ MAJORS COMING OUR WAY, AND THEY HAVE NO CHANCE OF GETTING A JOB",0.5,yes,10,5,329216,54,2017-04-24 19:46:45.238735+00,approved,995,180,False,0.0,0.0,0.0,0.0,0.0,0.0,0.0,0.0,0.0,0.0,0.0,0.0,0.0,0.0,0.0,0.0,0.0,0.0,0.0,0.0,0.0,0.0,0.0,0.0
5432655,"The left has a long way to go before it comes anywhere near the violence of the right, especially the everyday violence of allowing people to suffer from the policies you espouse.",0.0,no,4,0,345367,21,2017-06-17 17:47:19.144452+00,approved,179,32,False,0.0,0.0,0.0,0.0,0.0,0.0,0.0,0.0,0.0,0.0,0.0,0.0,0.0,0.0,0.0,0.0,0.0,0.0,0.0,0.0,0.0,0.0,0.0,0.0
5938922,"Mary Ann, if you have a minute?
We seem to be in a 'school for empathetic understanding' and the humility that comes from no longer 'othering' the experience along with the people in the experience. 
What happens when white privilege no longer insulates people from what they could walk away from as a 'volunteer'? 
What happens when there is no going back to how things were 24 hours ago?
What happens when the difference between denial and hope smacks us in the heart and we stop chanting if we all believe Tinker Bell will live? Changing hearts not just selling a change of mind.
Is Ferguson, 9/11, the grassy knoll, Kent State, Detroit, Katrina, Harvey, Irma....
the naming of the burning bush moment, the epiphany, when hearts begin to change.  Does God pick which moment compels you to take off your shoes to stand on holy ground and listen... you --I see you bare foot and listening.


PS Re new post.. Using white privilege makes it harder to hide, using white supremacy makes it easier.",0.0,no,4,0,371527,53,2017-09-12 14:59:38.160782+00,approved,995,175,True,0.0,0.0,0.0,0.0,0.0,0.0,0.0,0.0,0.0,0.0,0.0,0.0,0.0,0.0,0.0,0.0,1.0,0.0,0.0,0.0,0.0,0.0,0.0,0.0
5385163,"I better hurry up and win the Lt Governor race.
My favorite ""Restaurant"" is ""Club Under New Management"" and some of their employees could use a hand dealing with immigration.",0.0,no,4,0,342254,55,2017-06-09 13:32:57.042152+00,approved,174,30,False,0.0,0.0,0.0,0.0,0.0,0.0,0.0,0.0,0.0,0.0,0.0,0.0,0.0,0.0,0.0,0.0,0.0,0.0,0.0,0.0,0.0,0.0,0.0,0.0
5006391,"Smh....15, age you are eligible to undergo a transgender procedure in Eugene.  21, age you are eligible to undergo the polluting of your own body. Genital mutilation and hormone cross sex therapy apparently is much healthier than smoking on a cancer stick, at least there are warnings on cigarettes.",0.8,yes,10,8,319338,13,2017-03-15 07:20:59.283124+00,approved,299,49,True,0.0,0.0,0.8333333333333333,0.0,0.0,0.0,0.0,0.0,0.0,0.0,0.0,0.0,0.0,0.0,0.0,0.0,0.0,0.0,0.0,0.0,0.0,0.0,0.0,0.0
392977,"I have only found that Trump allegedly told a friend to ""treat women like s***"".  I have not seen or heard any proof.  Can you provide this.  If so, I will consider it.  If not, it is hearsay.  Who listens to an unnamed source and considers it truth?",0.8,yes,10,8,141655,21,2016-07-19 04:58:44.828744+00,approved,250,48,True,0.0,1.0,0.0,0.0,0.0,0.0,0.0,0.0,0.0,0.0,0.0,0.0,0.0,0.0,0.0,0.0,0.0,0.0,0.0,0.0,0.0,0.0,0.0,0.0
6200405,"Your too-simplistic condemnation of wearing the burqa or niqab helps to promote intolerance. If a woman freely chooses to wear something, whether it is a bikini or a body suit or a burka, it is not our place, quite frankly, to approve of or condemn her actions. If someone is forced to do something as a result of oppression, say someone telling a woman she cannot wear some piece of clothing, that is wrong. You are assuming motive without actually listening to the women who are making this choice, and that flies in the face of our Canadian and Charter values.",0.1666666666666666,no,6,1,392044,54,2017-10-22 16:52:32.699365+00,approved,563,101,True,0.0,0.9,0.0,0.0,0.0,0.0,0.0,0.0,0.0,0.0,0.2,0.0,0.0,0.0,0.0,0.0,0.0,0.0,0.0,0.1,0.0,0.0,0.0,0.0
5414764,"1. Im not a father.  So, your assumptions about me are both wrong, and stupid.
2. Kids have been growing up without a full set of parents forever - and have turned out just fine.  ""More likely"" equates to what exactly?  What percentage of kids who dont grow up with a father/mother turn out bad?  What about the kids who have both a mom and a dad throughout their entire childhood and end up murdering mass amounts of people?
3.  Its misogynistic to only think Dads are the key to a kids success, or to use that as a reasoning behind what Dylan Roof did, as opposed to, you know, accepting the fact that hes an insane person.

Also - what about moms?  Seems all your research is just about how important Dads are.  Interisting.",0.5,yes,10,5,344175,102,2017-06-14 18:36:33.954764+00,rejected,727,135,False,0.4,0.3,0.0,0.0,0.0,0.0,0.0,0.0,0.0,0.0,0.0,0.0,0.0,0.0,0.1,0.0,0.0,0.0,0.0,0.0,0.0,0.0,0.2,0.0
563521,"He was Jewish.
According to some here, only RCs have ""a cloud of witnesses!""",0.0,no,4,0,149960,53,2016-10-30 18:47:03.238056+00,approved,76,14,True,0.0,0.0,0.0,0.0,0.0,0.0,0.0,0.0,0.0,1.0,0.0,0.0,0.0,0.0,0.0,0.0,0.0,0.0,0.0,0.0,0.0,0.0,0.0,0.0
5567292,You'd rather they drove without licenses and oversight? Because that seems like an amazingly stupid idea.,0.8305084745762712,yes,59,49,353793,102,2017-07-10 21:25:21.967614+00,approved,105,16,False,0.0,0.0,0.0,0.0,0.0,0.0,0.0,0.0,0.0,0.0,0.0,0.0,0.0,0.0,0.0,0.0,0.0,0.0,0.0,0.0,0.0,0.0,0.0,0.0
455486,I think Pena Nieto and tRump's nonsense political meeting was more about who could show their beaver teeth over their bottom lip F bomb.  Sounds like Prez Nieto won that contest.,0.0,no,4,0,144975,21,2016-08-31 23:24:32.449021+00,approved,178,31,False,0.0,0.0,0.0,0.0,0.0,0.0,0.0,0.0,0.0,0.0,0.0,0.0,0.0,0.0,0.0,0.0,0.0,0.0,0.0,0.0,0.0,0.0,0.0,0.0
5352859,"All your arguments here, as with your prior claims that sky-high housing costs hurt a non-owning young person more than a non-owning old person, are just ageist claims that you are trying to dress up as being rational. We get it - age is very important to you and you are capable of not liking someone based just on their age. Go back and substitute ""black"" or ""woman"" in your statements, rather than ""old"", and it may become obvious to you.",0.3,no,10,3,340172,54,2017-06-03 22:10:08.804481+00,rejected,441,81,True,0.0,1.0,0.0,0.0,0.0,0.0,0.0,0.0,0.0,0.0,0.0,0.0,0.0,0.0,0.0,1.0,0.0,0.0,0.0,0.0,0.0,0.0,0.0,0.0
5206802,"What strikes me is how generally crappy pop music is today, so it's not surprising people don't go to concerts for the music any more.

There certainly can be no general interest in lyrics now because they are not decipherable to non-Rap speakers.

Bring back Frank Sinatra.",0.6,yes,10,6,331351,54,2017-05-02 21:48:39.431139+00,approved,274,47,False,0.0,0.0,0.0,0.0,0.0,0.0,0.0,0.0,0.0,0.0,0.0,0.0,0.0,0.0,0.0,0.0,0.0,0.0,0.0,0.0,0.0,0.0,0.0,0.0
5283221,"If one offers a Degree in Wiccan Studies at a Catholic Institution, something is wrong with the College claiming to be Catholic. Same goes for YOGA or any other practice that is forbidden by Catholic teachings.  Are they going to offer a PH.D. course in Planned Parenthood next?",0.0,no,4,0,335930,53,2017-05-21 01:29:38.930788+00,approved,278,48,True,0.0,0.0,0.0,0.0,0.0,0.0,0.0,0.0,0.8,0.0,0.0,0.0,0.0,0.0,0.2,0.0,0.0,0.0,0.0,0.0,0.0,0.0,0.0,0.0
5285762,"I believe all Indians should go back to their reserves. there is no need for them to have an education ,Indians never went to school before the white man came here. If all Indians were back on the reserve they could immerse themselves in their culture and be happy. Canadians will continue to carry them on our backs.",0.5,yes,10,5,336080,54,2017-05-21 23:12:02.380974+00,rejected,317,58,True,0.8,0.0,0.0,0.0,0.0,0.0,0.0,0.0,0.0,0.0,0.0,0.0,0.0,0.0,0.1,0.0,1.0,0.0,0.0,0.3,0.0,0.0,0.0,0.0
916296,"Another racist comment from Minshall. You are always free to leave. But as you know and as I know, you need the white devils more than they need you.",0.578125,yes,64,37,164834,21,2017-01-29 10:04:50.428197+00,rejected,149,29,True,0.0,0.0,0.0,0.0,0.0,0.0,0.0,0.0,0.0,0.0,0.0,0.0,0.0,0.0,0.0,0.0,0.8333333333333333,0.0,0.0,0.0,0.0,0.0,0.0,0.0
5583162,"""the terms of the business license ""
So, if a gay business owner refuses to serve conservative Christians because the gay business owner is deeply offended by their anti-gay beliefs, that business owner will face a civil complaint of discrimination on the basis of religion. And the owner will lose. Because being gay isn't covered by the First Amendment's religious clauses
But! Now we are going to let conservative Christians discriminate against gay people and couples because it violates the Christians' religious beliefs to serve them.
An entire class of people will be able to tell another class of people, in defiance of state laws across the country, to literally go to Hell.
This is about power. This is about conservative Christians restoring the old governmentally-enforced social order of conservative Christians feeling superior to gay people.",0.7,yes,10,7,353488,102,2017-07-13 01:59:59.556078+00,approved,856,136,True,0.0,0.0,0.0,0.0,0.0,1.0,0.0,0.0,1.0,0.0,0.0,0.0,0.0,0.0,0.0,0.0,0.0,0.0,0.0,0.0,0.0,0.0,0.0,0.0
392348,Never know anymore with the trans fad going on.  Could be many of them were biological women experiencing PMS.,0.0,no,4,0,141670,13,2016-07-18 19:40:12.852894+00,rejected,110,19,True,0.0,1.0,0.25,0.0,0.0,0.0,0.0,0.0,0.0,0.0,0.0,0.0,0.0,0.0,0.0,0.0,0.0,0.0,0.0,0.0,0.0,0.0,0.0,0.0
514337,"No, Chugiak. Until you can prove that you have magically developed ESP, you only look stupid when you keep bleating that you know that 'every' man lacks the ability to practice integrity and respect. It's really just the overgrown adolescents you surround yourself with. When (and if) you ever mature out of adolescence, you may gain the capacity to understand why many other men, with wives they love, mothers they admire, and daughters they would die for, are sickened by this rich entitled sexist asshat.",0.796875,yes,64,51,147929,21,2016-10-08 02:30:53.745809+00,rejected,507,85,True,0.8333333333333333,0.3333333333333333,0.0,0.0,0.0,0.0,0.0,0.0,0.0,0.0,0.0,0.0,0.0,0.0,0.0,0.0,0.0,0.0,0.0,0.0,0.0,0.0,0.0,0.0
7060760,"Nobody has ""passed on it"" yet.  These are called negotiations.  It was thought by some that if Alaska owned 51% of the gasline project we would not be kept from internal discussions and decisions as we would be being ""under the table"" with TC sitting in our chair.   We need a gasline down the spine of this state, whether it is a 48"" line or a 24' line serving only the state and entities like mines and utilities.   With the amount of quality wet gas Alaska has to offer to a ""very close"" Asian/Pacific market over decades, it behooves the state to take the lead (if the slope cartel members are demanding too high of a ""hurdle rate"").  The state can afford a lower one in the early years of gas production if we have enough anchor customers for our gas, including added exports from Cook Inlet and new in-state customers.  We have the best team to put a line together than we ever had before.  I`m for the state owning 51% of the pipeline.  A ""controlling interest"" it`s called in business terms.",0.0,no,4,0,139515,21,2016-06-24 23:40:45.281946+00,approved,999,183,True,0.0,0.0,0.0,0.0,0.0,0.0,0.0,0.0,0.0,0.0,0.0,0.0,0.0,0.0,0.0,0.0,0.0,0.8,0.0,0.0,0.0,0.0,0.0,0.0
4998171,"♫♪ ""Albert Einstein was a Ladies Man ... while he was working on his Universal Plan ... he was making out like Charlie Sheen!  (He was a Genius!)""  ♫♫    (Warren Zevon)   ;-)",0.0,no,4,0,318931,13,2017-03-13 17:35:06.943340+00,approved,174,32,True,0.7,0.5,0.0,0.0,0.0,0.0,0.0,0.0,0.0,0.0,0.0,0.0,0.0,0.0,0.0,0.0,0.0,0.0,0.0,0.0,0.0,0.0,0.0,0.0
5267831,"""Of course you are in favor of neutralizing them.""
WOW! No my friend, i'm in favor of authentic self-expression, female and male. This has nothing to do with 'fascism"".  Female/ male authenticity is not about 'neutering' or 'neutralizing', rather it is about constructive respect, about mutuality, complementarity and subsidiarity.",0.0,no,4,0,334947,53,2017-05-17 16:09:41.769235+00,approved,331,49,True,0.8,0.8,0.0,0.0,0.0,0.0,0.0,0.0,0.0,0.0,0.0,0.0,0.0,0.0,0.0,0.0,0.0,0.0,0.0,0.0,0.0,0.0,0.0,0.0
7001292,You silly progressives still clinging to the last regime . She's making millions now spewing her babble and champagne socialism and your eating it up.,0.6666666666666666,yes,69,46,398084,54,2017-11-08 17:46:10.250069+00,approved,150,25,False,0.0,0.0,0.0,0.0,0.0,0.0,0.0,0.0,0.0,0.0,0.0,0.0,0.0,0.0,0.0,0.0,0.0,0.0,0.0,0.0,0.0,0.0,0.0,0.0
4982196,"True.  And, generally all of those people (except Jews) shared a common religion, Christianity, and as a result, similar shared morals and values.  (And even as between Christians and Jews there are significant shared values).  The acceptance of woman in society during the 20th C is a great example.   For sure, these shared values helped with integration.  To a large extent, the same isn't true with Muslims and I think we're seeing a clash of values, and I'm not sure that it will ever be fully reconciled...in many ways, this is uncharted territory.  Views and tolerance of woman, homosexuality, shame, freedom, to name a few, all require a great evolution in thought.",0.0,no,4,0,318007,54,2017-03-09 18:36:32.151437+00,approved,673,112,True,0.0,0.9,0.0,0.0,0.0,0.7,0.0,0.0,1.0,1.0,0.9,0.0,0.0,0.0,0.0,0.0,0.0,0.0,0.0,0.0,0.0,0.0,0.0,0.0
5827377,"Well the liberal in me clearly believes this author is a racist neo-nazi, white supremacist nationalist bigoted skin head nazi loving bigot for disagreeing with Justin.",0.6857142857142857,yes,70,48,369799,54,2017-08-23 20:38:42.759262+00,rejected,168,26,True,0.0,0.0,0.0,0.0,0.0,0.0,0.0,0.0,0.0,0.0,0.0,0.0,0.0,0.0,0.0,0.0,0.7,0.0,0.0,0.1,0.0,0.0,0.0,0.0
813152,"PTSD is trauma based, so person is not mentally ill although mentally ill people can also suffer PTSD the two are not related. If you really knew any one who suffers from PTSD you would realize it is not a mental illness. People can also have PTSD from non combat trauma, one of the reasons for many people who suffer with non combat PTSD is being a victim of many years child abuse. PTSD is PTSD no matter the cause the way people with PTSD react is the same they may have different triggers but the internal stress is the same. People with PTSD are more apt to harm themselves than anyone else.",0.0,no,4,0,160814,21,2017-01-09 16:59:47.948450+00,approved,596,113,True,0.0,0.0,0.0,0.0,0.0,0.0,0.0,0.0,0.0,0.0,0.0,0.0,0.0,0.0,0.0,0.0,0.0,0.0,0.0,0.0,0.0,0.0,0.8333333333333333,0.0
5870187,"JJ: ""recently, a woman ran for President based solely on her gender. She had nothing else to offer and little qualifying experience""

So eight years as a US Senator and four years as Secy of State is 'little qualifying experience'? All her speeches on the campaign trail and all the policy info on her campaign website focused solely on her gender? She had nothing else to offer? 

Agree with her or not, but your statement makes little sense.",0.0,no,4,0,372252,13,2017-08-30 20:55:21.003657+00,approved,443,78,True,0.0,1.0,0.0,0.0,0.0,0.0,0.0,0.0,0.0,0.0,0.0,0.0,0.0,0.0,0.0,0.0,0.0,0.0,0.0,0.0,0.0,0.0,0.0,0.0
919842,They just murder Christians and everyone else they hate wherever they find them.,0.5285714285714286,yes,70,37,164845,54,2017-01-30 03:51:42.522903+00,rejected,80,13,True,0.0,0.0,0.0,0.0,0.0,0.0,0.0,0.0,1.0,0.0,0.0,0.0,0.0,0.0,0.0,0.0,0.0,0.0,0.0,0.0,0.0,0.0,0.0,0.0
5086998,"What are you alluding to here "" experimental liturgies taking place in other parts of the world."" 

Many trads are very uncomfortable with liturgies that reflect the cultures of non-European and non-Europeanized (such as Latin America) areas of the world.  They think that everyone should embrace a liturgy that is not only euro-centric, but reflects a European model dating back hundreds of years, and a language that dates back two thousand years. Many forget that Jesus and his disciples did not speak Latin.  They did not sing Bach or Mozart.  Perhaps they picked up a bit of Latin, the language of their despotic rulers who killed Jesus, and the more educated (which excludes most of those who followed Jesus) may have learned some Greek.   Many trads are uncomfortable with non-western music, especially if it includes native drumming, and with any form of dance in liturgy,  not uncommon in non-europeanized liturgies. Perhaps Sarah prefers western culture to his own?",0.0,no,4,0,324112,53,2017-04-03 15:24:45.705687+00,approved,975,158,True,0.0,0.0,0.0,0.0,0.0,0.0,0.0,0.0,0.5,0.0,0.0,0.0,0.0,0.0,0.0,0.0,0.0,0.0,0.2,0.0,0.0,0.0,0.0,0.0
513995,"You completely miss the point. I assume it's because of being blinded by your hatred for Billary et al. Here's the deal, it isn't about what he said or how he said it (though those things are despicable, taudry and should be rebuked). It's about his attitude toward women from his position of power and bragging about being able to assault (walking up to a woman and kissing her is assault) people because they fear his power as a celebrity. This sort of attitude is the clearest indication of a psychopathic personality. And I'm not just throwing that DSMR term out there for effect. The guy is a psychopath. There can be no debate about that now. It isn't silly little crap. It's clear evidence that can't be pushed aside with apologies or excuses that some other psychopath said the same or worse. Vote for a psychopath or not. Hillary isn't the only other choice. Alaskans do have a track record of voting for candidates with mental illness; how many times has Don Young won?",0.3857142857142857,no,70,27,147929,21,2016-10-07 23:51:47.681091+00,approved,979,175,True,0.1,0.8,0.0,0.0,0.0,0.0,0.0,0.0,0.0,0.0,0.0,0.0,0.0,0.0,0.0,0.0,0.0,0.0,0.0,0.0,0.0,0.0,0.7,0.0
6121822,Walked is such an idiot . Needs to repay a favor . Can't wait to vote that man out .,0.8548387096774194,yes,62,53,387557,21,2017-10-10 23:23:37.594761+00,rejected,84,20,True,0.8333333333333333,0.0,0.0,0.0,0.0,0.0,0.0,0.0,0.0,0.0,0.0,0.0,0.0,0.0,0.0,0.0,0.0,0.0,0.0,0.0,0.0,0.0,0.1666666666666666,0.0
582785,"Others are not as obsessed as you, and it says much about your real priority--the subjugation of women achieved through denying them control of their fertility.  Have you ever considered that a man who repeatedly brags about his promiscuity, has consistently been unfaithful to his wives and girlfriends,  and has been accused of child rape may have sponsored a few abortions?",0.3,no,10,3,150883,53,2016-11-07 22:49:43.496307+00,approved,376,61,True,1.0,1.0,0.0,0.0,0.0,0.0,0.0,0.0,0.0,0.0,0.0,0.0,0.0,0.0,0.0,0.0,0.0,0.0,0.0,0.0,0.0,0.0,0.0,0.0
6065660,"They would have made it a Federal Law, anyway, right?
If they say you have to do it and you are patriotic?
wth knew?",0.1666666666666666,no,6,1,384187,102,2017-10-02 06:42:14.977851+00,approved,116,24,False,0.0,0.0,0.0,0.0,0.0,0.0,0.0,0.0,0.0,0.0,0.0,0.0,0.0,0.0,0.0,0.0,0.0,0.0,0.0,0.0,0.0,0.0,0.0,0.0
695838,Why is this article still here? It is known that the federal government is going to announce just such a ban next week.,0.0,no,4,0,155489,54,2016-12-12 02:09:21.144296+00,approved,119,23,False,0.0,0.0,0.0,0.0,0.0,0.0,0.0,0.0,0.0,0.0,0.0,0.0,0.0,0.0,0.0,0.0,0.0,0.0,0.0,0.0,0.0,0.0,0.0,0.0
536913,"So if a raped girl is reluctant to tell her parents, and instead resorts to a coat hanger, you're okay with that?",0.5,yes,10,5,148481,21,2016-10-19 10:12:53.822197+00,approved,113,22,True,0.0,0.5,0.0,0.0,0.0,0.0,0.0,0.0,0.0,0.0,0.0,0.0,0.0,0.0,0.0,0.0,0.0,0.0,0.0,0.0,0.0,0.0,0.0,0.0
6195179,"Have to be able to keep those blacks in line.  Second amendment was added to allow southern states to be able to control their slaves.  Fortunatly Gary, we no longer have slavery so the second amendment is not needed.",0.5,yes,10,5,391783,55,2017-10-21 16:11:29.640095+00,approved,217,39,True,0.0,0.0,0.0,0.0,0.0,0.1111111111111111,0.0,0.0,0.0,0.0,0.0,0.0,0.0,0.0,0.0,0.8888888888888888,0.0,0.0,0.0,0.0,0.0,0.0,0.0,0.0
5052983,"Just more academic poppycock and another excuse for doing nothing while thousands are being killed by Islamic extremism.  However, as most of the deaths and destruction involve Muslims and Arabs by Muslims and Arabs, as long as Islamic extremism can be contained to this extent, kicking the can down the road might be the best alternative. The West will simply have to keep its  gunpowder dry.",0.7,yes,10,7,321842,54,2017-03-25 04:46:46.214464+00,approved,393,66,True,0.0,0.0,0.0,0.0,0.0,0.0,0.0,0.2,0.0,0.0,1.0,0.0,0.0,0.0,0.0,0.0,0.0,0.0,0.0,0.0,0.0,0.0,0.0,0.0
958073,"Hardy:  Damn it, man, just stop it!!! You keep presenting facts (as contrasted to alternative facts) and draw rational conclusions.  Then you quote from that damn left-wing Cato Institute....oh, wait...that's right, it was founded by the Koch brothers, wasn't it.  Here's a quotation from their website addressing Trump's ban: ""These policies will not improve national security and will undermine America’s efforts to combat Islamic extremism and terrorism around the world.""

President Trump is truly an ""amazing"" man.  His foolishness never ceases to amaze me.  regards, Gary Crum",0.6,yes,10,6,166528,13,2017-02-06 20:42:18.603045+00,approved,582,87,True,0.7,0.0,0.0,0.0,0.0,0.0,0.0,0.0,0.0,0.0,0.4,0.0,0.0,0.0,0.0,0.0,0.0,0.0,0.0,0.1,0.0,0.0,0.0,0.0
5174821,"The reason that there are very different views in the Catholic Church (or in any institutional religion) is that each of us is at a different stage of spiritual growth.  ""Stages of Faith"" by James Fowler and ""Integral Spirituality"" by Ken Wilbur are two books that speak extensively on this topic.  Growing our  souls and establishing a personal relationship with the ever present God/Yahweh/Allah/Mohammed/Buddha expands the inclusivity of our souls and widens our circle in regards to all of humankind and creation.  Both of these books explain why some folks cling so tightly to 'their' religion and others are able to move forward.",0.0,no,4,0,329193,53,2017-04-25 01:28:31.780578+00,approved,635,103,True,0.0,0.0,0.0,0.0,0.0,0.0,0.0,0.0,0.7,0.1,0.2,0.1,0.2,0.0,0.1,0.0,0.0,0.0,0.0,0.0,0.0,0.0,0.0,0.0
513771,"Oh, come on. Who cares? Not my problem. He didn't advocate taking anyone forcefully or anything like that. He's talking about trying to seduce women. Yeah, he's using locker-talk, but so what? Here we see the media, once again trying to take Trump down with silly little c rap like this.",0.6,yes,10,6,147929,21,2016-10-07 22:25:02.320838+00,approved,287,51,True,0.0,1.0,0.0,0.0,0.0,0.0,0.0,0.0,0.0,0.0,0.0,0.0,0.0,0.0,0.0,0.0,0.0,0.0,0.0,0.0,0.0,0.0,0.0,0.0
7182467,"Traitors all!  Impeach and Recall them all.  The Roy Cohn student and Mein Kampf idolator continues a lifelong devotion to all things fascist and Nazi.  Allegiance to German heritage even to the point of collaborating with a new Russian Dictator just like Hitler and Joe Stalin in 1939 to begin WWII.  A traitorous Republican party denying voting rights, Scalia court trashing the Constitution, and state governors and legislatures rigging the elections in key electoral states.  Meanwhile the CONgress remains in gridlock as the Republican majority haven't a clue as to how to actually conduct the business of running a Constitutional Republic government.  Their Fuehrer Leader commits treason, but they remain silent or supportive as their incompetence is glaringly evident again.  8 years of incompetence resulting in gridlock and failure are the true nature of these traitors to ever tenet of the Republic.",0.6,yes,10,6,168270,21,2017-02-15 16:07:37.810849+00,approved,910,142,False,0.0,0.0,0.0,0.0,0.0,0.0,0.0,0.0,0.0,0.0,0.0,0.0,0.0,0.0,0.0,0.0,0.0,0.0,0.0,0.0,0.0,0.0,0.0,0.0
335748,"If you have a mortgage, or had one, you spent more than you take in.  Government Accounting is not the same as personal finance.  Any CPA will tell you that.",0.0,no,4,0,137867,21,2016-06-02 06:16:07.268755+00,approved,157,30,False,0.0,0.0,0.0,0.0,0.0,0.0,0.0,0.0,0.0,0.0,0.0,0.0,0.0,0.0,0.0,0.0,0.0,0.0,0.0,0.0,0.0,0.0,0.0,0.0
901921,"The ""success"" you cite is a very relative term. While illegal immigration from Mexico is far lower than it was ten years ago, there are still 170,000 illegal Mexican immigrants entering the US every year. And the number of illegal immigrants in the US hasn't been significantly reduced, it's just stabilized at the high existing number.

So the steps taken thus far have stopped the problem from getting worse, but still haven't made a difference to the underlying problem. That's what I get from reading about the matter. Are you saying you have alternative facts?",0.0,no,4,0,164227,54,2017-01-26 18:24:14.253461+00,approved,565,95,False,0.0,0.0,0.0,0.0,0.0,0.0,0.0,0.0,0.0,0.0,0.0,0.0,0.0,0.0,0.0,0.0,0.0,0.0,0.1666666666666666,0.0,0.0,0.0,0.0,0.0
465110,The feds are not doing the AST's job.  Fed enforce federal law and AST the state's.  The case you mention is a civil right case under federal law.,0.0,no,4,0,145469,21,2016-09-08 05:36:06.542982+00,approved,146,28,False,0.0,0.0,0.0,0.0,0.0,0.0,0.0,0.0,0.0,0.0,0.0,0.0,0.0,0.0,0.0,0.0,0.0,0.0,0.0,0.0,0.0,0.0,0.0,0.0
6193059,"“Hurt” poor Mr. Trump?  Silly girl - he has no feelings except for himself, of course.  And hurt him with a “racial” remark?  Sorry, but white nationalists are immune to racial remarks because they’re too busy making their own.",0.8,yes,10,8,391364,105,2017-10-21 04:07:32.080749+00,approved,227,39,True,0.2,0.4,0.0,0.0,0.0,0.0,0.0,0.0,0.0,0.0,0.0,0.0,0.0,0.0,0.0,0.0,1.0,0.0,0.0,0.0,0.0,0.0,0.0,0.0
6267846,Only if they want to pay for it. Time for Canadian taxpayers to stop for this Liberal scam,0.6,yes,10,6,395843,54,2017-11-01 19:02:00.528346+00,approved,90,18,False,0.0,0.0,0.0,0.0,0.0,0.0,0.0,0.0,0.0,0.0,0.0,0.0,0.0,0.0,0.0,0.0,0.0,0.0,0.0,0.0,0.0,0.0,0.0,0.0
485196,"ONE SIMPLE, LOADED PISTOL would have solved this problem for this man and the rest of us that have to live with these dirtbags on our streets,",0.6,yes,10,6,146467,21,2016-09-22 00:22:31.841618+00,approved,142,27,True,1.0,0.0,0.0,0.0,0.0,0.0,0.0,0.0,0.0,0.0,0.0,0.0,0.0,0.0,0.0,0.0,0.0,0.0,0.0,0.0,0.0,0.0,0.0,0.0
7126818,"Not with ya on this, WE.  Although not on board with celibacy, as per our Book God did not prescribe that for us, adding the warning ""...and furthermore, you can't do it..."", these are still spiritually devoted people who sought to rise above the degeneracy of their times, at considerable personal cost.

Given a choice, I'd have to conclude that their form of insanity was far less harmful than that of the leaders of prominent atheist movements, such as Stalin. Mao and Pol Pot, whose respective body-counts were: ~ 7 million, 40-70 million and ~2 million.  The civilian body-count of officially secularist US wars from Korea through Afghanistan is CONSERVATIVELY estimated at ~ 6 million.

This in and of itself refutes the logical fallacy of attributing horrific wars to ""deist religion"".  At best it points to corrupt leaders' willingness to cloak their egregious VIOLATIONS of deist religions' authentic tenets with hypocritical facades predicated on them.  I don't exempt ""Muslims"" from this.",0.5,yes,10,5,160019,21,2017-01-04 23:50:36.872867+00,approved,1000,161,True,0.0,0.0,0.0,0.0,0.0,0.0,0.0,0.0,0.2,0.0,0.7,0.0,0.0,0.1,0.2,0.0,0.0,0.0,0.0,0.0,0.0,0.0,0.1,0.0
911627,"Wynne's argumnet ...how will people pay the ""Carbon Tax"" if they spent all their surplus cash on Tolls......",0.0,no,4,0,164485,54,2017-01-28 12:11:44.473431+00,approved,108,18,False,0.1666666666666666,0.0,0.0,0.0,0.0,0.0,0.0,0.0,0.0,0.0,0.0,0.0,0.0,0.0,0.0,0.0,0.0,0.0,0.0,0.0,0.0,0.0,0.0,0.0
5363489,"You should have said you ""can't think"" and left it at that.",0.0,no,4,0,340805,53,2017-06-06 00:31:43.377744+00,approved,59,12,False,0.0,0.0,0.0,0.0,0.0,0.0,0.0,0.0,0.0,0.0,0.0,0.0,0.0,0.0,0.0,0.0,0.0,0.0,0.0,0.0,0.0,0.0,0.0,0.0
5267074,"At least he won't bow down to the King of Saudi Arabia, like Obama did.",0.1,no,10,1,335067,53,2017-05-17 13:44:18.982542+00,approved,71,15,False,0.0,0.0,0.0,0.0,0.0,0.0,0.0,0.0,0.0,0.0,0.1666666666666666,0.0,0.0,0.0,0.0,0.0,0.0,0.0,0.0,0.1666666666666666,0.0,0.0,0.0,0.0
5339378,"Because it's a Republican Congress, of course.",0.0,no,4,0,339499,102,2017-06-01 15:16:54.976131+00,approved,46,7,False,0.0,0.0,0.0,0.0,0.0,0.0,0.0,0.2,0.0,0.0,0.0,0.0,0.0,0.0,0.0,0.0,0.0,0.0,0.0,0.0,0.0,0.0,0.0,0.0
5482354,"Not 1776 or even before.  They have no concept of the framing of the US Constitution or its antecedents in England, including the Constitutions of Clarendon, the Great Charter (or ""Magna Carta) and the 1689 Bill of Rights.  

They are stuck thousands of years ago in the original virgin-birther Cult of Isis and Abraham's ""divinely required"" torture of his son Issac.  

Gorsuch, when he went to Oxford, deliberately insulated himself from an education in English law by cloistering with a professor of Catholic divinely-ordained ""natural law"".",0.0,no,4,0,348802,102,2017-06-27 01:13:38.471995+00,approved,544,86,False,0.2,0.0,0.0,0.0,0.0,0.0,0.0,0.0,0.4,0.0,0.0,0.0,0.0,0.0,0.2,0.0,0.0,0.0,0.0,0.0,0.0,0.0,0.0,0.0
903646,"Time for women and everyone else to dish it back to these creeps, times 10.",0.3,no,10,3,164338,54,2017-01-26 23:05:25.314395+00,approved,75,15,True,0.0,1.0,0.0,0.0,0.0,0.0,0.0,0.0,0.0,0.0,0.0,0.0,0.0,0.0,0.0,0.0,0.0,0.0,0.0,0.0,0.0,0.0,0.0,0.0
914968,"Do you believe God (Yahweh) wrote the Ten Commandments in stone, and Gave them to Abraham?  ""I am Yahweh your God, who brought you up out of the land of Egypt, out of the house of bondage. You shall have no other gods before me."" That is the first Commandment that God gave to Abraham. Yahweh refers to other gods. There are many gods in the human pantheon. Yahweh commanded the Israelites to hold Him above all others.",0.0,no,4,0,164668,13,2017-01-29 01:05:05.517083+00,approved,419,78,False,0.0,0.0,0.0,0.0,0.0,0.0,0.0,0.0,0.1666666666666666,0.0,0.0,0.0,0.0,0.0,0.0,0.0,0.0,0.0,0.0,0.1666666666666666,0.0,0.0,0.0,0.0
515736,"Good grief is right. This article is about Trump bragging about sexually assaulting women; it's not about innuendo or gossip.

Sexually assaulting women, and then bragging about it is not something honorable men do, it's something scumbags do, and only another scumbag would try and defend that behavior.",0.7,yes,80,56,147929,21,2016-10-08 19:13:21.675382+00,approved,304,48,True,0.5,1.0,0.0,0.0,0.0,0.0,0.0,0.0,0.0,0.0,0.0,0.0,0.0,0.0,0.0,0.0,0.0,0.0,0.0,0.0,0.0,0.0,0.0,0.0
6275747,"This is a lovely craftsman style bungalow but without provenance, I don't believe it to be from Sears.   It is possibly from a pattern book.  It has too many architectural details that are not from Sears.  Sears actually borrowed that California bungalow design from another architect/designer.  It became a very popular bungalow design and was used by several companies.
https://oklahomahousesbymail.wordpress.com/2015/08/09/another-los-angeles-investment-company-house-with-ties-to-a-kit-home/",0.0,no,4,0,396341,85,2017-11-02 18:58:05.822229+00,approved,495,60,False,0.0,0.0,0.0,0.0,0.0,0.0,0.0,0.0,0.0,0.0,0.0,0.0,0.0,0.0,0.0,0.0,0.0,0.0,0.0,0.0,0.0,0.0,0.0,0.0
5083450,"Plain writing laying the blame exactly where it belongs - The Republican Party Traitors to all human, civil rights, morality, and individual freedom.  The foul dictatorship of old white men devoid of intelligence, logic, or compassion rigidly ensconced in false religious, political dogma and ideology befoul the governing system with vile effluent unworthy of a pig sty.",0.65,yes,80,52,323910,21,2017-04-02 07:17:48.651295+00,approved,371,57,True,1.0,0.0,0.0,0.0,0.0,0.0,0.0,0.0,0.0,0.0,0.0,0.0,0.0,0.0,0.0,0.0,1.0,0.0,0.0,0.0,0.0,0.0,0.0,0.0
4988942,"Let us have humor in all of this.. How many remember ..think Lethal Weapon... when they go through the drive through and they get stiffed?.... the little guy says ""Never go through the drive through.. they always F. U. in the drive-through... This is EXACTLY what our elected officials are doing to us... screwing us over and over again... hey wait a minute wait until they find old Hawaiian human bones.. add more delays and 5 billion.. I do hope our President Trump shut this absolutely stupid rail DOWN... Cut our loses now.",0.8,yes,10,8,318318,55,2017-03-11 01:14:40.943386+00,approved,527,93,False,0.0,0.0,0.0,0.0,0.0,0.0,0.0,0.0,0.0,0.0,0.0,0.0,0.0,0.0,0.0,0.0,0.0,0.0,0.0,0.0,0.0,0.0,0.0,0.0
5003332,This is what happens when you elect an illiterate con-man to the presidency. The guy couldn't even make it past the intentionally misleading headline...,0.5,yes,10,5,319191,21,2017-03-14 17:21:29.038268+00,approved,152,24,False,0.4,0.0,0.0,0.0,0.0,0.0,0.0,0.0,0.0,0.0,0.0,0.0,0.0,0.0,0.0,0.0,0.0,0.0,0.0,0.0,0.0,0.0,0.0,0.0
539818,"Here are some ideas:
- Wear those BlackLivesMatter t-shirts while volunteering on your own time at a community center.
- Wear those BlackLivesMatter t-shirts while doing yard work or home repairs for an elderly black person.
- Keep the money from the t-shirt and donate it to a charity instead.
- Encourage students to complete all of their homework every day, and add a rubber stamp ""BlackLivesMatter"" if they get 90% or better.
Yes; black lives do matter (too), and the black community has historically been underserved in many ways, but the solution is not ""raising awareness"". The solution is turning your thoughts into positive substantive action.",0.0,no,4,0,149023,21,2016-10-20 08:39:08.953906+00,approved,652,107,True,0.0,0.0,0.0,0.0,0.0,0.0,0.0,0.0,0.0,0.0,0.0,0.0,0.0,0.0,0.0,0.5,0.0,0.0,0.0,0.0,0.0,0.0,0.0,0.0
594975,"""And it isn’t just the Trudeau agenda, but the Canadian economy, that the PM must protect...""

That is the takeaway line for me.

Unfortunately Trudeau has made it clear that his personal agenda is his priority and much more  more important to him than is the Canadian economy.",0.0,no,4,0,151440,54,2016-11-12 04:15:13.733329+00,approved,277,48,False,0.0,0.0,0.0,0.0,0.0,0.0,0.0,0.0,0.0,0.0,0.0,0.0,0.0,0.0,0.0,0.0,0.0,0.0,0.0,0.0,0.0,0.0,0.0,0.0
6042538,An actor in front of a judge.  Suspect.,0.0,no,4,0,382870,21,2017-09-28 16:21:20.583050+00,approved,39,8,False,0.0,0.0,0.0,0.0,0.0,0.0,0.0,0.0,0.0,0.0,0.0,0.0,0.0,0.0,0.0,0.0,0.0,0.0,0.0,0.0,0.0,0.0,0.0,0.0
5766858,"Too little, way too late.  The ONLY reason he came out on this today is because of the entire backlash since it happened.  So transparent.  Such a hypocrite!",0.7413793103448275,yes,58,43,366410,55,2017-08-14 18:31:54.207859+00,approved,157,28,False,0.0,0.0,0.0,0.0,0.0,0.0,0.0,0.0,0.0,0.0,0.0,0.0,0.0,0.0,0.0,0.0,0.0,0.0,0.0,0.0,0.0,0.0,0.0,0.0
256562,"Way to keep it classy boys, good job!!",0.0,no,4,0,104157,21,2016-03-24 15:49:39.734861+00,approved,38,8,False,0.3,0.0,0.0,0.0,0.0,0.0,0.0,0.0,0.0,0.0,0.0,0.0,0.0,0.0,0.0,0.0,0.0,0.0,0.0,0.0,0.0,0.0,0.0,0.0
6019275,Oh the irony.   Mostly black millionaire professional athletes protesting on national tv for equality!  What a hoot.,0.8,yes,10,8,381661,13,2017-09-25 16:22:13.603975+00,approved,116,17,True,0.0,0.0,0.0,0.0,0.0,0.0,0.0,0.0,0.0,0.0,0.0,0.0,0.0,0.0,0.0,0.8333333333333333,0.0,0.0,0.0,0.0,0.0,0.0,0.0,0.0
5791869,Events today in Spain show once again we have far more to fear from the followers of Islam than the alt right .,0.5,yes,10,5,367749,54,2017-08-18 01:31:49.403405+00,approved,111,23,False,0.0,0.0,0.0,0.0,0.0,0.0,0.0,0.0,0.0,0.0,0.0,0.0,0.0,0.0,0.1666666666666666,0.0,0.0,0.0,0.0,0.0,0.0,0.0,0.0,0.0
385094,"Wow, real Christians taking about truth and empathy as we in our country try to heal, once again, from the pain of violence and racism. Yes there is a context. Yes there is a different in the pain a mother of an African American teen feels each day as they wonder if this could be the day he will not return...and yes we ask too much of our police. We must have teachers, ministers, social workers, we must have a fair education system, a path forward. Those whom are numb or dumb to this truth we all know must reconsider their professed faith because this is what being a followers of Christ is all about.",0.5,yes,10,5,141237,13,2016-07-12 20:25:16.031438+00,approved,607,115,True,0.0,0.0,0.0,0.0,0.0,0.0,0.0,0.0,1.0,0.0,0.0,0.0,0.0,0.0,0.0,0.0,0.0,0.0,0.0,0.0,0.0,0.0,0.0,0.0
465199,"More likely it was a power struggle within the movement. ""White supremacists"" and cops might not have liked him but he was no threat.",0.6,yes,10,6,145483,21,2016-09-08 07:54:32.500129+00,approved,133,24,True,0.1666666666666666,0.0,0.0,0.0,0.0,0.0,0.0,0.0,0.0,0.0,0.0,0.0,0.0,0.0,0.0,0.1666666666666666,0.8333333333333333,0.0,0.0,0.0,0.1666666666666666,0.0,0.0,0.0
393846,Preaching to the choir my friend I agree.,0.0,no,4,0,141542,21,2016-07-19 22:46:01.402272+00,approved,41,8,False,0.0,0.0,0.0,0.0,0.0,0.0,0.0,0.0,0.0,0.0,0.0,0.0,0.0,0.0,0.0,0.0,0.0,0.0,0.0,0.0,0.0,0.0,0.0,0.0
7162405,I am amazed that after reading the article you do not understand the implications. Perhaps you want the Federal government to renege on other promises like your social security?,0.0,no,4,0,157940,21,2016-12-22 05:20:44.598018+00,approved,177,29,False,0.0,0.0,0.0,0.0,0.0,0.0,0.0,0.0,0.0,0.0,0.0,0.0,0.0,0.0,0.0,0.0,0.0,0.0,0.0,0.0,0.0,0.0,0.0,0.0
5773148,"We do have white racists, the big problem is that we have millions of black racists, also, who are calling out white racists, and are on the streets, every day,  proving that fact! Perhaps if it were only one race with racism,  we may be able to find a solution but, that is not the case!!",0.5,yes,10,5,366396,105,2017-08-15 17:26:40.543442+00,approved,289,56,True,0.0,0.0,0.0,0.0,0.0,0.0,0.0,0.0,0.0,0.0,0.0,0.0,0.0,0.0,0.0,1.0,1.0,0.0,0.0,0.0,0.0,0.0,0.0,0.0
5162877,"No, EFC.  62 million people voted for Trump.  That is about one-fifth of the American population.  They are either racist or they looked the other way when Trump made his racist statements.  Either way, they should be ashamed of themselves.  He said he was going to deport all undocumented immigrants.  He made no distinction between those ho committed acts of violence and those who did not.",0.5,yes,10,5,327971,53,2017-04-21 23:50:36.219671+00,approved,392,66,False,0.1666666666666666,0.0,0.0,0.0,0.0,0.0,0.0,0.0,0.0,0.0,0.0,0.0,0.0,0.0,0.0,0.0,0.0,0.0,0.0,0.1666666666666666,0.0,0.0,0.0,0.0
6020331,"It's pretty obvious you aren't that close then, let alone ""very close"". That you haven't been invited over should be your clue that maybe the ""close"" relationship you think you have is a one-way street and your ""very close friends"" may think you're an acquaintance at best. Maybe your ""very close friends"" don't really enjoy your company and accordingly do NOT want you in their house. Maybe your ""very close friends"" roll their eyes behind your back when you attempt to use them with this ""Some of My Best Friends Are Black"" routine like you're doing now.",0.0,no,4,0,381547,102,2017-09-25 18:21:45.798858+00,approved,556,97,True,0.0,0.0,0.0,0.0,0.0,0.0,0.0,0.0,0.0,0.0,0.0,0.0,0.0,0.0,0.0,1.0,0.0,0.0,0.0,0.0,0.0,0.0,0.0,0.0
987013,"People in Mexico are very justifiably upset. A racist and xenophobic president, Trump, made repeated, unwarranted and ignorant comments about Mexicans. Current events in Mexico and elsewhere are hardly surprising.",0.6,yes,10,6,167820,54,2017-02-12 23:08:50.887386+00,approved,213,30,True,0.0,0.0,0.0,0.0,0.0,0.0,0.0,0.0,0.0,0.0,0.0,0.0,0.0,0.0,0.0,0.0,0.0,0.0,0.6,0.0,0.0,0.0,0.0,0.0
5403451,"Hi kevin,
One NCR poster volunteered to join us in our Friday pray/fasting!
I will be out of town this Friday but will do pray/fasting.  
In Christ",0.0,no,4,0,340442,53,2017-06-12 22:37:15.323910+00,approved,147,27,False,0.0,0.0,0.0,0.0,0.0,0.0,0.0,0.0,0.1666666666666666,0.0,0.0,0.0,0.0,0.0,0.0,0.0,0.0,0.0,0.0,0.0,0.0,0.0,0.0,0.0
378678,I think 30 years is perfectly fitting for the crime he never got to commit,0.0,no,4,0,140814,13,2016-07-07 19:57:13.399847+00,approved,74,15,False,0.0,0.0,0.0,0.0,0.0,0.0,0.0,0.0,0.0,0.0,0.0,0.0,0.0,0.0,0.0,0.0,0.0,0.0,0.0,0.0,0.0,0.0,0.0,0.0
467910,"The State of Alaska has NEVER had a death penalty.   The last executions were in Territorial days under federal law.   I don't have a moral problem with the death penalty, but I have serious practical problems with it.   I'm simply not willing to let twelve morons with driver's licenses make an irrevocable decision that is largely based on which lawyer can make the best emotional appeal.   I used the same tools and rules as a prosecutor to take people's jobs, and I was better than most prosecutors; I lost way too many cases I should have won and won too many I should have lost.   I practiced before experienced labor arbitrators and administrative law judges, not lay juries.",0.6,yes,10,6,145643,21,2016-09-10 00:34:14.155021+00,approved,682,118,False,0.0,0.0,0.0,0.0,0.0,0.0,0.0,0.0,0.0,0.0,0.0,0.0,0.0,0.0,0.0,0.0,0.0,0.0,0.0,0.0,0.0,0.0,0.0,0.0
6018358,Trump has never apologized for anything. His is a weak man.,0.6,yes,10,6,381653,102,2017-09-25 14:26:35.090245+00,approved,59,11,True,0.8,0.0,0.0,0.0,0.0,0.0,0.0,0.0,0.0,0.0,0.0,0.0,0.0,0.0,0.0,0.0,0.0,0.0,0.0,0.0,0.0,0.0,0.0,0.0
831678,"Brooke Eric Keppler-- Your irresponsibility scares and concerns me just as much, if not more than some other activities I read about. Considering that no alcohol was involved and you're being cooperative, you might have been the first to say it was stupid and careless to drive in that condition.
I'd like to imagine that you'll take from this experience to do some good. Please put in the effort.",0.5,yes,10,5,161528,13,2017-01-12 22:38:10.171793+00,approved,397,69,False,0.0,0.0,0.0,0.0,0.0,0.0,0.0,0.0,0.0,0.0,0.0,0.0,0.0,0.0,0.0,0.0,0.0,0.0,0.0,0.0,0.0,0.0,0.0,0.0
5783494,"""I have criticisms of this pope, but I never doubted his Catholicism.""
I agree with you.  He won't make conservatives or liberals truly happy.  He's a mixed bag.",0.5,yes,10,5,367122,53,2017-08-16 21:30:16.959990+00,approved,161,28,True,0.0,0.0,0.0,0.0,0.0,0.0,0.0,0.0,0.5,0.0,0.0,0.0,0.0,0.0,0.1,0.0,0.0,0.0,0.0,0.0,0.0,0.0,0.0,0.0
2527439,"Hey I got an IDEA!  If I was the POTUS? (I'm Not) lol.hehehehee. 
I would put out a $$$$$$$ REWARD for any information  leading to the arrest &  conviction  of the WH Leakers!   Braaaah! Watch and see how FAST  we get these Buggahs! Go get-um President Trump! Imua!",0.0,no,4,0,317290,55,2017-03-06 22:51:57.641047+00,approved,265,48,False,0.0,0.0,0.0,0.0,0.0,0.0,0.0,0.0,0.0,0.0,0.0,0.0,0.0,0.0,0.0,0.0,0.0,0.0,0.0,0.0,0.0,0.0,0.0,0.0
6066133,"The education system in the USA is currently held together with a shoe string.  45 has removed even more funding, that teachers are dropping like flies.  The appt. of DeVos has led to a nation wide revolt and perhaps instead of coming to Canada she should be spending her TIME and PAY trying to help the crisis in her own country.  Sadly the women is bring nothing to the table.....except her blatant funding of  BOZO the clown!",0.8,yes,10,8,384272,54,2017-10-02 11:35:12.761590+00,approved,428,77,True,0.0,0.8333333333333333,0.0,0.0,0.0,0.0,0.0,0.0,0.0,0.0,0.0,0.0,0.0,0.0,0.0,0.0,0.0,0.0,0.0,0.0,0.0,0.0,0.0,0.0
6227228,why can't someone feel threatened by big black woman and get rid of her?  what a farce..  what society must accept anything just because they are blacks?  no...,0.75,yes,80,60,393374,102,2017-10-26 15:21:59.847584+00,approved,160,28,True,0.0,0.7,0.0,0.0,0.0,0.0,0.0,0.0,0.0,0.0,0.0,0.0,0.0,0.0,0.0,0.9,0.0,0.0,0.0,0.0,0.0,0.0,0.0,0.0
5835460,"Well hey, thanks for playing in our society. Better luck next life in being able to stay out longer.",0.3,no,10,3,370374,102,2017-08-24 23:52:14.205767+00,approved,100,19,False,0.0,0.0,0.0,0.0,0.0,0.0,0.0,0.0,0.0,0.0,0.0,0.0,0.0,0.0,0.0,0.0,0.0,0.0,0.0,0.0,0.0,0.0,0.0,0.0
5186067,"And when Charles Djou proposed exploring EXACTLY THIS idea a year ago, you idiots (Star Advertiser Editorial Board) scoffed at him, ridiculed him and then endorsed Kirk Caldwell!  Yet another example of why you morons, and your history of backing the biggest failures in state political history, are about as trusted as Baghdad Bob and have readership numbers to match.  You're a JOKE.",0.8166666666666667,yes,60,49,330104,55,2017-04-27 15:21:49.342477+00,approved,385,63,False,0.0,0.0,0.0,0.0,0.0,0.0,0.0,0.0,0.0,0.0,0.0,0.0,0.0,0.0,0.0,0.0,0.0,0.0,0.0,0.0,0.0,0.0,0.0,0.0
1074881,"Completely agree.  There is probably more constructive criticism regarding the nature of hate now than had M-103 never seen the light of day.

The flip side, of course, is that there is also much criticism that is not constructive.  Some of the debate is thought provoking, some of it sounds like schoolkids berating each other.

Has the motion polarized the issue?  Hard to say for certain.  But it seems many are expressing irrational fears of the Canadian social fabric being irreparably rent by an influx of Muslims and a government too soft for its own good pandering to radical Imams in order to avoid the dreaded labels of intolerance and racism.

It would be funny if it weren't sad, because those same fears were expressed about the Irish just a few generations ago.  And we all know how poorly the swell in numbers of those immoral potato eaters turned out.",0.2,no,10,2,316656,54,2017-03-04 01:31:50.010004+00,approved,867,150,True,0.0,0.0,0.0,0.0,0.0,0.0,0.0,0.0,0.0,0.0,1.0,0.0,0.0,0.0,0.0,0.0,0.0,0.0,0.0,0.0,0.0,0.0,0.0,0.0
727081,"Black folks are hunted by the police, whether they are racists or not. They have a license to kill us.",0.7571428571428571,yes,70,53,156445,13,2016-12-18 23:25:55.331976+00,rejected,102,20,True,0.0,0.0,0.0,0.0,0.0,0.0,0.0,0.0,0.0,0.0,0.0,0.0,0.0,0.0,0.0,1.0,0.0,0.0,0.0,0.0,0.0,0.0,0.0,0.0
297819,"Anita Thorne - A pervert, not a pathetic confused sexless idiot, but a  man on the sex fiend list looks forward to sharing your time together in the future in the restroom - and please bring your daughter, and her daughter.  And you can't keep him him out because he says he is a woman and you can't question that can you!  I have never seen so many naive people in my life.  And when the first 7 year is raped  in a restroom they will be crying the we caused it, not their stupid ideas of fairness.",0.8815789473684209,yes,76,67,69040,21,2016-04-28 22:39:57.975851+00,approved,499,98,True,0.75,1.0,0.0,0.0,0.0,0.0,0.0,0.0,0.0,0.0,0.0,0.0,0.0,0.0,0.0,0.0,0.0,0.0,0.0,0.0,0.0,0.0,0.0,0.0
860822,"Hell - white people face extinction by 2035
Get in line Gorillas.
Insignificant in the grand scheme don't you think
You will excuse us if we see this all as a little foolish",0.7375,yes,80,59,162655,54,2017-01-18 22:58:23.185144+00,approved,173,33,True,0.0,0.0,0.0,0.0,0.0,0.0,0.0,0.0,0.0,0.0,0.0,0.0,0.0,0.0,0.0,0.0,0.8,0.0,0.0,0.0,0.0,0.0,0.0,0.0
6011975,Has Stevie mentioned praying for Blacks to stop shooting other Blacks yet?,0.6,yes,10,6,381306,105,2017-09-24 14:55:53.457759+00,approved,74,12,True,0.0,0.0,0.0,0.0,0.0,0.0,0.0,0.0,0.0,0.0,0.0,0.0,0.0,0.0,0.0,1.0,0.0,0.0,0.0,0.0,0.0,0.0,0.0,0.0
7067751,"RD, you are saying that people who protest against Trump are not intellectual?  What the heck are people who support him?",0.6,yes,10,6,169235,53,2017-02-20 20:58:25.156102+00,approved,121,21,False,0.2,0.0,0.0,0.0,0.0,0.0,0.0,0.0,0.0,0.0,0.0,0.0,0.0,0.0,0.0,0.0,0.0,0.0,0.0,0.0,0.0,0.0,0.0,0.0
1057956,"My wife's employer pays her the exact same wages & benefits as her male colleagues.  
My female co-workers make the same $$ as I.  

This article equates to more gender-dividing nonsense from the SJWs.  If anything, women & minorities have far more ""protections"" in the workplace...not to mention merit-denying, legally-enforced hiring quotas in some circumstances.",0.3,no,10,3,315567,21,2017-02-28 21:26:29.049683+00,approved,365,55,True,0.75,1.0,0.0,0.0,0.0,0.0,0.0,0.0,0.0,0.0,0.0,0.0,0.0,0.0,0.0,0.0,0.0,0.0,0.0,0.0,0.0,0.0,0.0,0.0
796901,"Mohammed didn't think this one through. It is backfiring.

By making it officially a good thing to lie when useful, , he guaranteed no one could ever believe anything a Muslim says.",0.5,yes,10,5,160286,54,2017-01-06 00:41:21.162198+00,approved,181,32,True,0.0,0.0,0.0,0.0,0.0,0.0,0.0,0.0,0.0,0.0,1.0,0.0,0.0,0.0,0.0,0.0,0.0,0.0,0.0,0.0,0.0,0.0,0.0,0.0
5113904,trump responded idiot,0.8448275862068965,yes,58,49,325694,54,2017-04-09 21:43:38.923223+00,rejected,21,3,False,0.0,0.0,0.0,0.0,0.0,0.0,0.0,0.0,0.0,0.0,0.0,0.0,0.0,0.0,0.0,0.0,0.0,0.0,0.0,0.0,0.0,0.0,0.0,0.0
908818,"You seem to forget that many people have voted for Trump and believe he's a fair person. I have met people  admiring Trump in Canada as well. Every leader in every country have 'populist' people among their voters. They need to respect and take care of them as well as their more hopeful and more educated voters.  You're right, leaders should have talked louder BEFORE Trump's election and prevent what's happening now: everybody walks on eggs as not to wake up the monster in power. 
Our main mistake was to think everybody could see Trump's mental illness miles away... Ain't we all fools?!?",0.8,yes,10,8,164432,54,2017-01-27 20:22:48.040487+00,approved,594,103,True,0.0,0.0,0.0,0.0,0.0,0.0,0.0,0.0,0.0,0.0,0.0,0.0,0.0,0.0,0.0,0.0,0.0,0.0,0.0,0.0,0.0,0.0,0.6,0.0
6198661,Christians today are like Thor Johnson.  They like to beat up on  non-Christians.,0.7272727272727274,yes,11,8,390606,102,2017-10-22 05:26:14.926871+00,approved,81,13,True,0.0,0.0,0.0,0.0,0.0,0.0,0.0,0.0,1.0,0.0,0.0,0.0,0.0,0.0,0.0,0.0,0.0,0.0,0.0,0.0,0.0,0.0,0.0,0.0
727102,"Here's an interesting question that should have been asked:

Q. What would motivate an elector to vote against his/her electorates' wishes?

A. Obnoxious young Americans who send electors who will vote for Trump, death threats and harassing emails.",0.3,no,10,3,157300,54,2016-12-18 23:34:04.565613+00,approved,248,38,False,0.0,0.0,0.0,0.0,0.0,0.0,0.0,0.0,0.0,0.0,0.0,0.0,0.0,0.0,0.0,0.0,0.0,0.0,0.0,0.0,0.0,0.0,0.0,0.0
6173106,"Working conditions were deplorable before the advent of unions.  Even non-union workers have benefited, because employers boosted wages, and improved benefits and conditions to avoid having their employees unionize.
We have unions to thank for 8 hour workdays, 40 hour workweeks, vacations, paid sick time, etc.",0.0,no,4,0,390567,13,2017-10-18 18:40:20.118013+00,approved,311,46,False,0.0,0.0,0.0,0.0,0.0,0.0,0.0,0.0,0.0,0.0,0.0,0.0,0.0,0.0,0.0,0.0,0.0,0.0,0.0,0.0,0.0,0.0,0.0,0.0
4998025,"Let's be clear: I read comments pages too... and I see CPC supporters refer to any LPC supporter as terrorist sympathizers and siding with pedophiles and socialist or any of dozens of other generalized terms when those terms do not remotely apply.

In fact, I see both sides use this sort of terminology with disturbing frequency, bundling together the worst examples of both sides, regardless of their actual views.  Even on this thread, there are copious examples of both sides making broad and largely inaccurate generalizations.

So.... the generalizations I use may be wrong... they may even be offensive to you, but they are the current standard for discourse as has been established long before I came along.... and you'd be a pretty big hypocrite if your argument is that behaviour you demonstrate is unacceptable in others.",0.5,yes,10,5,318941,54,2017-03-13 17:11:11.769915+00,approved,832,137,False,0.0,0.0,0.0,0.1666666666666666,0.0,0.0,0.0,0.1666666666666666,0.0,0.0,0.0,0.0,0.0,0.0,0.0,0.0,0.0,0.0,0.1666666666666666,0.0,0.0,0.0,0.0,0.0
656367,"Forget the draft,  all upon the age of 18 will be forced to serve at least two years, no need for draft, 18 and your in the military, that solves the problem all together.  The only voice I wish not to hear on this subject is those who did not serve, they have no voice, you served, I served, we have earned the voice on this subject.  Obama did not, Trump did not, Cheney did not he had better things to do, Clinton did not, Hillary did not and she a woman, they have no voice in this matter as far as I'm concerned.",0.0,no,4,0,154396,13,2016-12-03 17:52:40.071765+00,approved,517,104,False,0.0,0.3,0.0,0.0,0.0,0.0,0.0,0.0,0.0,0.0,0.0,0.0,0.0,0.0,0.0,0.0,0.0,0.0,0.0,0.0,0.0,0.0,0.0,0.0
6081337,"If there is a god, for you morons who think their is, doesn't he have a hilarious way of transmitting his love? You bible thumpers are complete sheep. You make me want to puke. Cling to your mid evil faulty fairy tale doctrine that was written when the earth was flat and shove it where the sun don't shine.",0.8392857142857143,yes,56,47,384895,13,2017-10-04 14:19:28.816337+00,rejected,307,59,False,0.0,0.0,0.0,0.0,0.0,0.0,0.0,0.0,0.3,0.0,0.0,0.0,0.0,0.0,0.1,0.0,0.0,0.0,0.0,0.0,0.0,0.0,0.0,0.0
5761083,"Re: Hawaiian and United:
We used to look forward to visiting family and friends on the mainland. The whole experience now is so unpleasant...from trying to book online or deciphering what the contract person in India or the Philippines is saying, using miles both ways and being denied,  to the sardine-like cabins and Hep.A risk if you eat the food...we just want to stay home or go to Hana!  All airlines need to take a serious look at the huge CEO salaries. The need for greed seems to fuel their actions, rather than being pono and addressing the public's safety, comfort and well being and most important, ensuring excellent  maintenance of the planes and employees.  Without passengers, you got A'OLE.",0.1666666666666666,no,6,1,365906,55,2017-08-13 18:49:24.581469+00,approved,707,120,False,0.0,0.0,0.0,0.0,0.0,0.0,0.0,0.0,0.0,0.0,0.0,0.0,0.0,0.0,0.0,0.0,0.0,0.0,0.0,0.0,0.0,0.0,0.0,0.0
6130295,"Why do you print this garbage, even if it's from Vanity Fair?  Thought more of the Examiner.",0.6486486486486487,yes,74,48,387958,105,2017-10-12 02:23:04.100465+00,approved,92,17,False,0.0,0.0,0.0,0.0,0.0,0.0,0.0,0.0,0.0,0.0,0.0,0.0,0.25,0.0,0.0,0.0,0.0,0.0,0.0,0.0,0.0,0.0,0.0,0.0
275647,Once again we are shocked to find out that we indeed do not have a democracy but a republic.  We are not that much different from the countries that practice other forms of government that our leaders denounce.  This makes us sort of a hypocrite.,0.3,no,10,3,101712,21,2016-04-09 18:35:11.477429+00,approved,246,45,False,0.0,0.0,0.0,0.0,0.0,0.0,0.0,0.0,0.0,0.0,0.0,0.0,0.0,0.0,0.0,0.0,0.0,0.0,0.0,0.0,0.0,0.0,0.0,0.0
7067325,"It's not as simple as who won, who lost...even though that's how the Trump side is painting it (tactic to skirt the issue) but rather the case being that a foreign nation meddled in an attemp to influence the election. That suggestion is coming from the intelligence community, whom has to look at the issue with an unbiased lense. 
BTW, I am open minded on the new administration and applause the shakeup it has caused within the political establishment.",0.0,no,4,0,162970,54,2017-01-20 12:28:05.175954+00,approved,455,79,False,0.0,0.0,0.0,0.0,0.0,0.0,0.0,0.0,0.0,0.0,0.0,0.0,0.0,0.0,0.0,0.0,0.0,0.0,0.0,0.0,0.0,0.0,0.0,0.0
5582612,All your comments make you sound like the clown!,0.7,yes,10,7,354420,55,2017-07-13 00:02:22.438558+00,approved,48,9,False,0.0,0.0,0.0,0.0,0.0,0.0,0.0,0.0,0.0,0.0,0.0,0.0,0.0,0.0,0.0,0.0,0.0,0.0,0.0,0.0,0.0,0.0,0.0,0.0
6207125,"klastri>  Quit kicking yourself in the rear, please!!!!  It's not that I'm envious of you or even thinking about you, it's just that your outright LIES  are always so simple and baseless of any facts.  In other words, they are LIES, which you are good at doing, LYING ALL THE TIME.  So don't think it's a compliment.  Carry on with your lying, it's even  fun to go after you and your LIES, hahaha!!!!  I'm glad that you're not thinking about me, how gross can you be, klastri!!!!",0.589041095890411,yes,73,43,392210,55,2017-10-23 18:28:01.777610+00,approved,479,87,False,0.0,0.0,0.0,0.0,0.0,0.0,0.0,0.0,0.0,0.0,0.0,0.0,0.0,0.0,0.0,0.0,0.0,0.0,0.0,0.0,0.0,0.0,0.0,0.0
7083478,"There is no racist stink from the Democratic Party, so it must be yourself that you smell. The racists formerly called Dixiecrats were all Southern racist bigots, and we gave them all to the Republican Party 50 years ago. If, on your deathbed, you still smell the stink of racial bigotry, you will know for certain it emanates from you. Every one of your posts that doesn't insult a particular forum liberal, insults the black race. Don't think everyone hasn't noticed that stench of hatred emanating from GBA.",0.5125,yes,80,41,373393,13,2017-09-03 18:53:40.292021+00,approved,510,88,True,0.0,0.0,0.0,0.0,0.0,0.0,0.0,0.0,0.0,0.0,0.0,0.0,0.0,0.0,0.0,0.8,0.0,0.0,0.0,0.0,0.0,0.0,0.0,0.0
7148823,"""One of the dead was from Belgium. Five were from Argentina and were celebrating the 30th anniversary of a school graduation. The injured included students and staffers on the school bus.""

Amazingly sad the victims of these attacks are predominantly the most innocent.
  Is there a devil ruling this world, like the Christians believe?",0.1666666666666666,no,6,1,395742,54,2017-11-01 15:46:44.951812+00,approved,336,54,True,0.0,0.0,0.0,0.0,0.0,0.0,0.0,0.0,1.0,0.0,0.0,0.0,0.0,0.0,0.0,0.0,0.0,0.0,0.0,0.0,0.0,0.0,0.0,0.0
569743,"""Can you show us where female pastors are not effective, teaching contrary to scripture, or obviously not empowered by the Holy Spirit just because they are women?""
That is a question that  isolates competency from larger picture influence. The focus is too narrow. Until you understand Gen 3:16 & 1 Tim 2;12 you will stay in an academic mode  instead of in a societal, familial, sociology mode of thinking.
With what I have heard from SDA pastors over 50 years..I have no doubt that some women preachers could do lots better in the pulpit. The main handicap is that the women are products of SDA seminaries and thus contaminated with the Adventitis approach at preaching.",0.2,no,5,1,150146,52,2016-11-02 12:26:50.807627+00,approved,672,115,True,0.1,0.9,0.1,0.0,0.0,0.0,0.0,0.0,0.3,0.0,0.0,0.0,0.0,0.0,0.0,0.0,0.0,0.0,0.0,0.0,0.0,0.0,0.0,0.0
6196383,"Terrible news.
The old line religions are all grossly misogynist. Feminists need to pull together and stamp out patriarchal superstitious evil.",0.4605263157894737,no,76,35,391691,54,2017-10-21 19:38:50.932343+00,approved,143,21,True,0.1666666666666666,0.8333333333333333,0.0,0.0,0.0,0.0,0.0,0.0,0.0,0.0,0.0,0.0,0.0,0.0,0.0,0.0,0.0,0.0,0.0,0.0,0.0,0.0,0.0,0.0
6257211,"There were no crimes against indigenous people. Actions were taken based on the period in history.

Its only a crime in this snowflake era where SJW's used social media to paint a picture of white people that frankly is racist.
 
Back them it was considered civil....
You SJW""s are traitors to your people",0.5,yes,10,5,395133,54,2017-10-31 11:01:05.910875+00,rejected,305,53,True,0.0,0.0,0.0,0.0,0.0,0.0,0.0,0.0,0.0,0.0,0.0,0.0,0.0,0.0,0.0,0.0,1.0,0.0,0.0,0.0,0.0,0.0,0.0,0.0
5509691,"You are joking right?
Economics isn't called the dismal science for a good reason
It is because the average economist is an unemployable idiot who has never worked, never run a business, and never had to make payroll.

They are the village idiots who caused 2008 crash and subsequent zero bound which has wiped out pensioners and pension funds....

WOW",0.7763157894736842,yes,76,59,350262,54,2017-07-01 13:18:42.391036+00,approved,352,60,False,0.0,0.0,0.0,0.0,0.0,0.0,0.0,0.0,0.0,0.0,0.0,0.0,0.0,0.0,0.0,0.0,0.0,0.0,0.0,0.0,0.0,0.0,0.0,0.0
5532775,Well in order for the North to participate they need to feed the athletes better food. Need something other then rice and worms. I would assume there will be little or no athletes. Only because if they lose they will be shot when they get home. With anti aircraft weapons.,0.4,no,10,4,351674,55,2017-07-05 16:58:42.968786+00,approved,272,50,False,0.0,0.0,0.0,0.0,0.0,0.0,0.0,0.0,0.0,0.0,0.0,0.0,0.0,0.0,0.0,0.0,0.0,0.0,0.0,0.0,0.0,0.0,0.0,0.0
4995746,"Oh dear, Eric. You have flip flopped on me again. If you read back, you will find that I have always carefully qualified my use of the notion that the Gospels are history ""in our modern sense of that term."" I have carefully given you a single example of non-historicity, and carefully asserted that the overwhelming majority of Catholic Biblical scholars accept the theory the underlies this example. 

Whatever CCC 124-127 says about scripture, if it were not in compliance with the example I have given you, then the CDF under B16 and JP2 would have censured the vast majority of Catholic Biblical scholars. That didn't happen, ergo you would appear to be the only one who sees a conflict. I am very sorry, Eric, but it does seem to me that you acknowledged lack of interaction with intellectualism has built what I consider very simple distinctions into something of a stumbling block for yourself. 

No ""fashion"" as you use it here does not mean genre; the concept continues to allude you.",0.2,no,5,1,318186,53,2017-03-13 00:53:03.013953+00,approved,993,172,True,0.0,0.0,0.0,0.0,0.0,0.0,0.0,0.0,1.0,0.0,0.0,0.0,0.0,0.0,0.0,0.0,0.0,0.0,0.0,0.0,0.0,0.0,0.0,0.0
874093,"What hypocrisy we have about American politics. We condemn the leadership of many states around the world because they are ""Muslim theocracies"" while we turn a blind eye to all the Christian prayers and bible readings by preachers and priests during the Trump inauguration as some kind of bizarre normalcy. Everyone needs to read Religion in American Politics by Frank Lambert for a little grounding in reality.",0.1666666666666666,no,6,1,163165,54,2017-01-21 16:16:27.988011+00,approved,411,67,True,0.0,0.0,0.0,0.0,0.0,0.0,0.0,0.1666666666666666,0.8333333333333333,0.0,0.8333333333333333,0.0,0.0,0.0,0.0,0.0,0.0,0.0,0.0,0.0,0.0,0.0,0.0,0.1666666666666666
5637339,Buster: Please describe how and what these priests have done about child pornography by fellow priests.,0.2833333333333333,no,60,17,357783,53,2017-07-22 01:49:43.166546+00,approved,103,16,False,0.0,0.0,0.0,0.0,0.0,0.0,0.0,0.0,0.0,0.0,0.0,0.0,0.0,0.0,0.0,0.0,0.0,0.0,0.0,0.0,0.0,0.0,0.0,0.0
443551,"WE NEED TO PERSECUTE THESE CHRISTIANS,PLEASE JOIN US",0.9,yes,10,9,144314,21,2016-08-23 03:29:36.820721+00,rejected,52,8,True,0.0,0.0,0.0,0.0,0.0,0.0,0.0,0.0,0.8333333333333333,0.0,0.0,0.0,0.0,0.0,0.0,0.0,0.0,0.0,0.0,0.0,0.0,0.0,0.0,0.0
414453,"You almost had it, Jonah.  You had the key piece right here: ""By far, the delegates — and pundits — most excited by the relentless mantra about the First Woman President were aging white liberal baby boomers.""

 Not just the liberals, but boomer women across the ideological spectrum.  Many conservative women see Trump as below the Zika virus too.  And while they wouldn't normally vote for a dem, they'll go with Hillary because she's a woman.  Clinton wins if she can bring in a portion of that electorate.",0.0,no,4,0,142915,21,2016-08-03 07:19:07.068085+00,approved,509,88,True,0.0,1.0,0.0,0.0,0.0,0.0,0.0,0.0,0.0,0.0,0.0,0.0,0.0,0.0,0.0,0.0,0.1666666666666666,0.0,0.0,0.0,0.0,0.0,0.0,0.0
5934839,"Tomlin had experienced Super Bowl success prior to becoming a HC, learning from one of the best HCs of all time in Tony Dungy. Tomlin coached the Bucs secondary and they forced 5 ints, including 3 pick-6s in the Super Bowl (a SB record). Then Tomlin became the Vikings DC in 2006, where his defense ranked 8th overall and #1 against the run. Those resume bullets crush anything Joseph has done in the NFL before becoming a HC.",0.0,no,4,0,376436,102,2017-09-11 19:54:27.288983+00,approved,426,78,False,0.0,0.0,0.0,0.0,0.0,0.0,0.0,0.0,0.0,0.0,0.0,0.0,0.0,0.0,0.0,0.0,0.0,0.0,0.0,0.0,0.0,0.0,0.0,0.0
6071254,"...and an otherwise average appearing middle class white dude loses his grip. Gee, I dunno how or why any well adjusted person would snap. Everything's so friggin awesome. Did he leave any passports at the scene of the crime",0.7,yes,10,7,384514,13,2017-10-02 23:26:22.721101+00,approved,224,39,True,0.0,0.0,0.0,0.0,0.0,0.0,0.0,0.0,0.0,0.0,0.0,0.0,0.0,0.0,0.0,0.0,1.0,0.0,0.0,0.0,0.0,0.0,0.0,0.0
983497,"Good ideas...you would have had a place in Nazi Germany. Let’s get the Irish, Italians, Russians, and Puerto Ricans that hang flags from their mirrors out of this county. Let’s also get people out the country that have any decal on the back window of their car that starts, ends, or includes anything with 907 in it. Let’s also put a little yellow star of David on them Jews to keep an eye on them too. Keep an eye on the Koreans here in Anchorage too; they might be North Korean spies.",0.5,yes,10,5,167549,21,2017-02-11 21:30:52.592224+00,approved,486,92,True,0.0,0.0,0.0,0.1,0.0,0.0,0.0,0.0,0.0,0.9,0.0,0.0,0.0,0.0,0.0,0.0,0.0,0.2,0.1,0.2,0.0,0.0,0.0,0.0
5073148,"The dissolution of the Soviet Union contracted into the Russian Oligarchy is identical to the Trump aims for the U.S.A.  The Soviet Union breakup was followed by a ""free market"" orgy of ""privatizing"" all of the former resources of the Union.  All cheered by the U.S. Free Marketeers of Reagan and his traitorous Republican/DINO associates.  The Oligarchy formed by now-private Corporations put power into mafia-style Dons culminating in the current military dictatorship of Putin.  Putin's Doppleganger proposes to perform the same overthrow and dissolution by starving the national treasury to allow the Corporate Oligarchy Dons to loot all of the natural and economic resources of the nation.  Goodbye, individual freedom, democracy, and Republic; Hello, Corporate Plantation Slavery.",0.2,no,10,2,323221,21,2017-03-30 15:01:00.180949+00,approved,786,117,False,0.0,0.0,0.0,0.0,0.0,0.0,0.0,0.0,0.0,0.0,0.0,0.0,0.0,0.0,0.0,0.0,0.0,0.0,0.0,0.0,0.0,0.0,0.0,0.0
5954790,"The white supremacists aren't only in Saint-Honoré, it appears.",0.5,yes,10,5,377745,54,2017-09-14 20:24:45.974550+00,rejected,63,9,True,0.0,0.0,0.0,0.0,0.0,0.0,0.0,0.0,0.0,0.0,0.0,0.0,0.0,0.0,0.0,0.0,1.0,0.0,0.0,0.0,0.0,0.0,0.0,0.0
