net_tfa,age,inc,educ,fsize,marr,twoearn,db,pira,hown,e401
0.0,47,6.765,8,2,0,0,0,0,1,0
1.015,36,28.452,16,1,0,0,0,0,1,0
-2.0,37,3.3,12,6,0,0,1,0,0,0
15.0,58,52.59,16,2,1,1,0,0,1,0
0.0,32,21.804,11,1,0,0,0,0,1,0
27.8,34,34.68,16,1,0,0,0,1,1,0
2.913,28,21.6,12,3,1,1,0,1,1,0
-0.65,54,4.686,11,3,0,0,0,0,1,0
37.279,43,65.82,14,2,1,1,1,1,1,0
1.9,32,37.26,18,3,1,0,0,0,1,0
0.783,52,15.306,12,3,1,0,0,0,1,0
-10.0,30,58.413,18,4,1,1,0,0,0,0
-0.74,63,21.63,15,2,0,0,0,0,1,0
0.0,38,30.6,18,1,1,0,0,0,0,0
-4.7,32,33.414,13,4,1,1,0,0,0,0
-1.0,29,14.58,12,3,0,0,0,0,0,0
-16.901,40,57.477,17,4,1,1,1,0,1,0
2.0,30,46.008,10,4,1,0,0,0,1,0
0.0,44,3.825,12,1,0,0,0,0,0,0
0.0,57,5.22,18,1,0,0,1,0,0,0
-0.8,42,9.12,10,5,0,0,0,0,1,0
52.9,41,69.693,16,4,1,1,0,1,1,0
-9.94,39,52.11,16,1,0,0,1,0,0,0
0.0,53,30.0,12,3,1,0,0,0,1,0
2.0,64,26.826,12,1,0,0,0,0,1,0
0.0,37,10.524,14,3,0,0,0,0,0,0
0.0,62,33.228,12,2,1,1,0,0,0,0
-2.238,55,60.528,12,2,1,0,0,0,1,0
-2.797,39,13.512,12,3,1,1,1,0,1,0
97.664,58,44.64,12,1,0,0,0,1,1,0
-0.5,43,14.28,4,4,1,0,0,0,0,0
-4.7,37,28.134,13,3,1,0,0,0,0,0
0.249,31,14.931,16,1,0,0,0,0,1,0
0.4,25,26.535,14,2,1,0,0,0,0,0
-3.0,39,48.36,13,4,1,1,0,0,1,0
5.0,41,31.635,13,2,0,0,0,0,1,0
24.654,52,40.041,14,3,0,0,0,0,1,0
-5.0,43,22.41,12,1,0,0,1,0,0,0
0.7,37,27.072,9,5,1,1,0,0,0,0
0.0,47,21.42,13,1,0,0,0,0,1,0
3.55,57,34.41,15,3,1,1,0,0,1,0
-3.9,36,23.7,12,4,1,1,0,0,1,0
-7.35,30,19.95,14,3,1,0,0,0,0,0
-2.45,29,23.274,12,3,0,0,0,0,0,0
41.8,54,20.019,13,3,1,0,0,1,1,0
-0.2,47,1.2,15,2,0,0,0,0,0,0
16.597,51,85.98,18,2,1,0,0,1,1,0
4.883,44,26.472,12,4,1,0,0,0,1,0
8.3,61,37.911,12,5,1,1,0,0,1,0
-0.55,30,15.822,15,4,1,0,0,0,1,0
11.73,48,77.913,14,2,1,1,1,0,1,0
90.55,39,159.696,16,2,1,1,0,1,1,0
-5.5,36,25.2,12,4,0,0,0,0,0,0
9.918,39,23.046,14,1,0,0,0,1,1,0
-0.12,26,15.45,12,3,0,0,0,0,1,0
2.05,37,25.92,18,1,0,0,0,0,0,0
-3.9,37,13.839,16,1,0,0,0,0,1,0
-1.002,32,10.164,12,5,0,0,0,0,1,0
-3.6,30,27.624,12,1,0,0,1,0,1,0
-12.465,50,41.217,7,4,1,1,0,0,1,0
-6.994,45,35.565,12,3,0,0,0,0,0,0
-10.275,30,57.0,14,2,1,1,0,0,1,0
5.0,41,54.852,12,5,1,1,1,0,1,0
-19.84,31,25.002,12,4,1,1,0,0,0,0
1.384,30,46.398,16,4,1,1,0,0,1,0
0.0,46,18.0,14,2,0,0,0,1,1,0
20.7,38,33.576,10,4,1,0,0,0,1,0
2.25,25,3.15,16,1,0,0,0,0,0,0
59.498,46,64.203,12,5,1,1,1,0,0,0
0.01,29,16.194,12,3,0,0,0,0,1,0
1.4,58,14.4,4,5,1,0,0,0,1,0
10.6,46,41.622,11,5,1,0,0,1,1,0
-1.068,42,60.384,12,4,1,1,0,0,1,0
41.302,63,46.122,13,2,1,0,0,0,1,0
10.055,34,41.757,12,4,1,0,0,1,1,0
-0.1,40,58.32,12,3,1,1,0,0,1,0
-5.1,35,38.244,16,3,1,1,0,0,0,0
-0.55,43,14.292,12,3,1,0,0,0,1,0
-1.4,37,24.231,13,4,1,1,0,0,1,0
0.8,32,25.314,12,1,0,0,0,0,0,0
-1.847,54,4.917,11,1,0,0,0,0,0,0
-0.05,30,12.051,18,1,0,0,0,0,0,0
3.0,53,30.78,8,4,1,1,1,0,1,0
62.8,57,61.5,13,3,1,0,0,1,1,0
-9.1,29,49.2,17,2,1,1,0,0,1,0
0.0,49,11.73,4,6,1,0,0,0,0,0
24.999,49,63.396,16,3,1,0,0,0,1,0
0.01,34,7.329,16,1,0,0,0,0,0,0
0.0,26,17.952,15,1,0,0,0,0,0,0
0.0,37,18.942,14,4,0,0,0,0,0,0
-5.0,25,27.48,12,3,1,1,0,0,1,0
0.02,57,6.885,12,2,0,0,0,0,1,0
0.2,28,17.37,12,1,0,0,0,0,0,0
0.0,32,37.593,16,4,1,1,1,0,0,0
-1.345,63,16.575,11,2,1,1,0,0,0,0
-3.25,27,29.766,14,2,1,0,0,0,1,0
11.7,38,77.124,17,1,0,0,0,1,1,0
3.72,60,2.307,10,2,0,0,0,0,1,0
-1.6,28,29.922,11,6,1,1,0,0,1,0
26.6,38,80.55,18,2,1,1,0,1,1,0
2.7,44,32.46,14,2,1,0,1,0,1,0
0.049,38,39.42,14,4,1,1,0,0,1,0
0.0,42,18.0,1,1,0,0,0,0,1,0
15.599,61,19.278,8,1,0,0,1,1,0,0
2.905,51,19.956,12,3,1,0,0,0,1,0
15.97,37,7.182,18,1,0,0,0,0,1,0
-86.5,57,47.193,12,2,1,1,0,0,0,0
-4.2,27,13.2,12,2,0,0,0,0,0,0
-2.415,38,14.892,12,5,1,1,0,0,0,0
0.0,29,13.5,12,2,0,0,0,0,0,0
0.044,46,72.099,16,2,1,0,0,0,1,0
90.93,36,93.648,18,2,1,1,0,1,0,0
4.7,56,48.69,12,3,1,1,1,1,1,0
-0.712,30,9.009,6,4,1,0,0,0,0,0
-0.635,29,36.213,9,6,1,1,0,0,0,0
0.0,26,10.2,14,1,0,0,0,0,0,0
-2.2,34,43.716,12,3,1,1,1,0,0,0
-5.055,59,9.078,6,2,1,0,0,0,1,0
5.399,31,13.479,12,3,1,0,0,1,0,0
-2.1,29,31.569,17,4,1,0,0,0,1,0
0.6,49,17.874,12,2,0,0,0,0,1,0
7.299,31,43.005,12,2,1,1,0,1,1,0
15.1,33,33.885,16,2,1,1,0,0,1,0
0.0,40,10.26,12,1,0,0,0,0,0,0
31.791,53,23.721,13,1,0,0,1,1,1,0
-0.4,30,23.118,16,1,0,0,1,0,0,0
-12.0,32,25.305,12,3,1,1,0,0,1,0
0.499,47,49.206,16,4,1,1,0,0,1,0
4.5,33,30.075,6,3,1,1,0,0,1,0
-10.525,30,35.058,16,2,1,1,0,0,0,0
-0.17,43,15.33,10,5,1,0,0,0,0,0
0.0,26,22.08,12,3,0,0,1,0,0,0
1.0,44,65.4,16,4,1,1,1,0,0,0
-9.764,43,11.454,12,5,1,0,0,0,1,0
17.075,35,30.3,18,2,0,0,0,0,1,0
2.01,48,29.238,10,4,1,0,0,0,1,0
0.6,42,10.428,12,3,0,0,0,0,1,0
41.549,39,84.111,18,1,0,0,1,1,1,0
26.564,45,70.035,10,2,0,0,0,0,0,0
0.0,40,10.56,12,2,0,0,0,0,0,0
44.763,62,40.5,11,3,1,1,0,1,1,0
1.6,36,31.869,16,1,0,0,0,1,0,0
10.029,30,21.306,16,2,0,0,0,0,1,0
29.715,35,74.178,14,4,1,0,0,0,1,0
4.144,44,47.769,12,6,1,0,0,0,1,0
-18.5,56,12.024,12,2,0,0,0,0,1,0
0.0,35,2.64,9,4,0,0,0,0,0,0
-1.564,49,22.395,12,5,1,1,1,0,1,0
385.0,43,50.484,12,3,0,0,0,1,1,0
-4.0,45,42.576,16,1,0,0,1,0,0,0
0.0,38,10.443,12,4,0,0,0,0,0,0
1.8,32,19.224,14,1,0,0,1,0,0,0
1.5,32,34.455,13,3,1,1,0,1,1,0
-21.07,27,33.453,16,3,1,1,1,0,1,0
12.5,44,21.234,15,1,0,0,1,1,1,0
6.0,32,21.93,14,1,0,0,0,0,0,0
-5.0,48,45.165,12,3,1,1,0,0,1,0
-0.3,39,20.76,12,2,1,1,0,0,1,0
-3.9,31,27.15,12,3,0,0,0,0,0,0
0.85,26,16.116,13,3,1,0,0,0,0,0
-0.595,31,31.536,12,4,1,1,1,0,1,0
12.877,31,37.461,12,4,1,1,0,0,1,0
60.3,38,110.181,12,5,1,1,0,1,0,0
0.03,35,24.123,14,3,0,0,1,0,0,0
-15.565,35,28.782,13,5,1,1,0,0,1,0
1.5,42,36.666,18,3,1,1,0,0,1,0
0.3,44,72.975,10,3,1,1,1,0,1,0
-5.25,48,49.656,12,3,1,1,0,0,0,0
-10.491,36,36.267,15,4,1,1,0,0,1,0
1.3,35,55.374,12,3,1,1,0,1,1,0
0.0,28,22.833,12,3,0,0,0,0,0,0
-2.0,37,69.12,16,3,1,1,0,0,0,0
1.0,34,24.465,11,3,1,1,0,0,0,0
0.454,46,80.862,17,5,1,1,1,0,1,0
0.209,30,33.42,12,4,1,1,0,0,0,0
1.46,54,7.44,8,1,0,0,1,0,1,0
-9.6,47,15.141,12,2,1,0,0,0,1,0
4.572,34,20.667,12,4,1,1,0,1,0,0
25.699,52,30.87,13,3,1,1,0,0,1,0
2.924,27,16.86,12,1,0,0,0,0,0,0
0.0,43,16.08,14,1,0,0,0,0,0,0
26.0,40,52.998,18,1,0,0,1,0,1,0
0.74,28,16.83,13,1,0,0,1,0,0,0
4.0,63,37.32,8,2,1,0,0,0,1,0
1.799,54,53.133,18,3,1,1,0,0,0,0
0.1,35,28.998,12,3,0,0,1,0,0,0
4.5,59,7.74,7,2,1,0,0,0,1,0
-0.3,33,13.755,12,3,0,0,1,0,0,0
0.2,30,42.315,14,2,1,1,0,0,1,0
0.2,58,20.49,12,4,1,1,0,0,1,0
-0.397,35,21.177,12,4,0,0,0,0,0,0
0.0,35,21.735,12,4,1,1,0,0,0,0
-9.55,42,12.6,12,1,0,0,0,0,1,0
130.812,59,45.519,12,2,1,1,0,1,1,0
0.049,48,26.958,13,3,1,0,0,0,0,0
4.6,32,50.97,15,2,1,0,0,0,1,0
0.05,43,39.612,12,2,1,1,0,0,1,0
-1.951,31,24.012,13,2,1,1,0,0,0,0
-2.854,54,28.059,16,5,1,1,0,1,0,0
0.0,27,16.2,12,1,0,0,0,0,0,0
1.8,45,14.85,12,2,0,0,0,0,1,0
41.499,58,20.976,13,1,0,0,0,0,1,0
-3.386,29,16.902,1,7,1,0,0,0,0,0
-0.4,63,11.877,12,3,0,0,0,0,0,0
-6.397,43,11.103,14,4,0,0,0,0,0,0
-1.7,29,39.051,16,1,0,0,0,0,0,0
-0.5,51,19.968,18,2,0,0,0,0,1,0
-0.225,44,42.744,13,2,1,1,1,0,0,0
8.4,38,78.396,16,4,1,1,0,1,1,0
-11.635,37,34.803,11,5,1,1,0,0,1,0
2.75,44,10.446,12,5,1,0,0,0,1,0
67.6,44,34.755,1,4,1,0,0,0,1,0
0.031,29,15.174,12,4,0,0,0,0,1,0
-0.165,37,20.421,13,1,0,0,0,0,0,0
28.999,42,55.11,12,4,1,1,0,1,1,0
0.5,38,28.05,12,4,1,0,0,0,1,0
0.05,40,12.12,12,4,0,0,1,0,1,0
0.0,31,28.08,12,3,1,1,0,0,1,0
-101.436,31,42.555,13,3,1,1,0,0,0,0
3.399,31,37.509,16,1,0,0,0,0,0,0
0.0,35,9.042,12,1,0,0,1,0,0,0
4.21,42,57.18,18,4,1,1,0,0,1,0
0.131,39,11.604,18,3,1,1,0,0,1,0
-1.804,27,23.4,5,3,1,1,0,0,0,0
0.259,62,20.622,16,1,0,0,0,0,1,0
0.599,27,10.836,14,3,0,0,0,0,1,0
1.49,38,12.816,10,4,1,0,0,0,1,0
3.45,33,43.83,15,3,1,1,0,1,1,0
2.225,60,22.986,12,2,1,1,0,1,1,0
3.0,60,37.794,13,2,1,1,0,1,0,0
0.1,52,4.89,10,1,0,0,0,0,1,0
0.294,61,19.545,12,3,1,1,0,0,1,0
0.7,31,19.86,14,1,0,0,0,0,0,0
52.0,61,13.206,12,4,0,0,0,1,1,0
89.9,49,23.25,12,1,0,0,0,1,1,0
1.258,34,60.615,14,4,1,1,0,1,1,0
4.0,31,23.529,16,1,0,0,1,0,0,0
3.8,29,37.704,12,3,1,1,0,0,1,0
8.199,33,24.612,6,5,0,0,0,0,1,0
-13.6,33,38.55,14,3,1,1,0,1,0,0
195.0,44,128.7,17,4,1,1,1,1,1,0
-0.45,31,12.816,12,4,0,0,0,0,0,0
0.0,47,37.8,14,2,0,0,0,0,1,0
-7.451,40,17.88,12,3,0,0,0,0,0,0
-7.92,41,19.641,12,3,0,0,0,0,1,0
0.0,36,5.103,12,2,0,0,0,0,0,0
0.03,29,12.756,12,1,0,0,0,0,0,0
0.0,33,4.845,12,3,0,0,0,0,0,0
12.192,27,31.83,15,3,1,1,0,1,1,0
0.099,42,23.43,13,5,0,0,0,0,0,0
0.9,36,42.114,15,6,1,1,0,0,0,0
5.0,32,11.1,1,5,1,0,0,0,0,0
0.0,26,5.28,12,1,0,0,0,0,1,0
-6.301,39,37.569,12,4,1,1,0,0,0,0
24.9,45,43.239,12,1,0,0,1,1,1,0
59.061,63,71.184,12,2,1,1,0,1,1,0
-0.35,31,59.544,16,4,1,1,1,0,1,0
0.0,30,4.2,11,6,0,0,1,0,0,0
0.0,46,7.668,8,2,0,0,0,0,1,0
0.0,55,7.872,11,2,0,0,0,0,0,0
-2.1,38,31.896,15,5,1,1,1,0,1,0
0.0,25,14.439,9,3,1,0,0,0,0,0
3.899,34,19.713,12,3,1,0,0,0,0,0
28.0,41,31.254,18,1,0,0,1,0,1,0
62.3,35,63.525,18,1,0,0,0,1,0,0
-6.6,43,31.8,12,3,0,0,1,0,1,0
-0.451,60,24.996,10,4,1,1,1,0,1,0
0.0,51,36.45,12,3,1,0,0,0,1,0
2.6,60,21.072,15,2,1,1,0,0,0,0
0.2,49,18.012,12,2,0,0,0,0,1,0
-0.6,42,12.24,12,3,1,0,0,0,0,0
0.734,53,31.386,12,3,1,0,0,0,1,0
-4.85,34,21.645,14,2,0,0,1,0,0,0
-0.633,56,17.724,13,3,1,0,0,0,1,0
14.8,53,37.482,12,3,1,1,0,1,1,0
-3.3,58,27.639,10,2,1,0,0,0,1,0
0.36,26,30.72,16,1,0,0,0,0,1,0
2.549,38,18.438,11,6,1,0,0,0,0,0
-0.8,38,19.125,12,7,1,0,0,0,0,0
12.0,35,13.704,12,6,1,0,0,1,1,0
0.749,53,34.185,12,1,0,0,1,0,1,0
-40.3,28,51.66,18,1,0,0,0,0,1,0
0.0,35,1.92,12,4,1,0,0,0,0,0
-3.65,37,20.424,11,4,1,0,0,0,1,0
-0.4,34,21.6,13,3,1,1,0,0,0,0
4.7,36,56.118,16,1,0,0,1,1,1,0
-0.425,28,20.148,12,5,1,1,1,0,0,0
-1.15,44,16.806,12,3,1,0,0,0,1,0
-1.093,31,13.317,15,4,1,1,0,0,1,0
-0.1,31,20.475,17,1,1,0,0,0,0,0
-3.0,51,8.73,12,2,1,0,0,0,1,0
-0.15,28,19.5,12,1,0,0,0,0,0,0
-16.0,54,27.858,6,4,1,0,0,0,1,0
-1.7,36,41.694,14,2,1,1,1,0,1,0
0.0,40,8.85,12,1,0,0,0,0,0,0
0.0,29,7.65,12,1,0,0,0,0,0,0
7.499,25,51.45,12,2,0,0,0,0,1,0
-57.2,47,10.542,12,2,1,0,0,0,1,0
0.0,49,15.3,15,1,0,0,0,0,0,0
86.5,35,102.171,18,4,1,0,1,1,1,0
-5.1,40,45.231,13,3,0,0,0,0,1,0
-2.674,30,13.152,10,3,0,0,0,0,1,0
37.316,38,27.813,11,3,1,1,0,1,1,0
6.048,49,39.123,12,3,1,1,0,0,1,0
-2.2,32,36.15,12,4,1,1,0,0,1,0
0.11,52,39.219,12,2,1,0,0,0,1,0
-0.3,55,10.8,12,3,0,0,0,0,1,0
20.649,58,20.235,10,2,1,0,0,1,1,0
-13.3,38,62.703,12,5,1,1,0,0,1,0
0.31,43,23.49,14,1,0,0,0,0,1,0
-0.15,27,15.888,12,2,0,0,0,0,1,0
-9.001,25,33.729,18,1,0,0,0,0,0,0
1.875,29,55.845,12,2,1,1,0,0,1,0
-0.65,40,19.209,15,2,0,0,0,0,1,0
0.656,59,23.976,14,2,1,0,0,0,1,0
-32.887,35,57.156,12,4,1,1,0,0,1,0
0.0,43,13.743,12,1,0,0,0,0,0,0
-11.9,39,7.47,12,1,0,0,1,0,0,0
2.55,36,77.94,15,4,1,1,0,0,1,0
-69.3,46,16.2,12,5,1,1,0,0,1,0
3.7,26,10.404,9,1,0,0,0,0,1,0
0.0,54,27.24,16,5,0,0,1,0,0,0
0.25,56,35.742,12,3,1,0,0,0,1,0
3.66,63,28.272,8,4,1,0,0,0,1,0
39.0,62,58.272,11,1,0,0,1,0,1,0
-1.246,42,14.307,12,6,1,0,0,0,0,0
215.75,41,66.018,16,3,0,0,0,0,1,0
-40.65,38,6.75,14,2,0,0,0,1,0,0
0.13,42,27.0,13,1,0,0,1,0,1,0
11.8,55,21.801,12,3,0,0,1,1,1,0
8.0,45,36.495,12,3,0,0,1,0,0,0
469.4,61,172.092,12,2,1,0,0,1,1,0
1.599,64,6.498,13,1,0,0,0,0,0,0
1.225,35,24.549,14,1,0,0,1,0,0,0
1006.499,40,82.251,18,5,1,0,0,0,1,0
-1.0,32,53.796,17,5,1,0,0,0,0,0
-0.148,60,7.65,6,1,0,0,0,0,1,0
-3.5,42,38.817,12,2,1,1,0,0,1,0
2.398,31,19.284,14,1,0,0,1,0,0,0
-3.5,41,18.675,14,2,0,0,0,0,1,0
20.84,48,91.23,12,3,1,1,1,1,1,0
-1.6,53,21.816,10,1,0,0,1,0,0,0
97.333,63,44.799,12,2,1,0,0,1,0,0
4.2,28,48.06,15,4,1,1,0,1,1,0
43.399,55,76.077,12,3,1,1,1,1,1,0
5.692,33,49.845,18,2,1,1,0,1,1,0
4.0,31,27.708,13,3,1,0,0,1,0,0
0.025,29,14.67,12,1,0,0,0,0,0,0
-0.334,43,34.299,18,2,0,0,0,0,1,0
11.658,38,4.584,12,3,0,0,0,1,1,0
0.0,28,19.17,14,4,1,1,0,0,0,0
16.069,39,45.762,17,4,1,0,0,1,1,0
18.0,52,21.435,12,1,0,0,1,1,1,0
0.25,57,39.312,16,1,0,0,0,0,1,0
6.807,32,19.035,12,4,1,0,1,0,1,0
0.975,42,6.639,12,1,0,0,0,1,1,0
-4.96,27,17.004,13,3,0,0,0,0,0,0
184.5,36,118.401,16,4,1,0,0,1,1,0
20.6,61,68.22,12,2,1,1,0,1,1,0
1.5,33,16.29,12,1,0,0,1,0,0,0
-2.65,38,29.481,14,5,1,1,0,0,1,0
10.499,35,15.144,15,4,1,0,0,1,0,0
9.645,33,22.05,14,2,0,0,0,0,0,0
5.021,54,9.6,12,3,1,0,0,0,1,0
1.2,30,22.362,13,1,0,0,0,0,0,0
-9.0,40,14.241,14,5,0,0,0,0,0,0
1.94,53,39.192,10,2,1,1,0,1,1,0
-9.7,56,37.869,11,3,1,1,0,0,1,0
-1.84,33,44.388,12,5,1,0,0,0,1,0
93.521,54,52.77,14,5,1,0,0,1,1,0
1.0,35,21.45,12,5,1,0,0,0,1,0
-0.16,36,9.27,12,4,0,0,0,0,0,0
-1.2,25,28.83,13,1,0,0,0,0,0,0
0.0,61,3.636,9,1,0,0,0,0,0,0
2.399,50,22.2,12,1,0,0,1,0,1,0
65.897,56,39.546,12,1,0,0,0,1,1,0
-3.69,43,37.146,18,2,0,0,1,0,1,0
42.8,53,32.559,12,3,1,1,0,1,1,0
1.2,29,15.372,12,1,0,0,0,0,0,0
-6.569,25,14.484,11,4,1,0,0,0,1,0
0.3,36,57.624,12,1,0,0,0,0,1,0
15.6,25,17.793,18,1,0,0,0,0,0,0
4.0,49,48.168,12,1,0,0,1,0,1,0
1.6,27,74.97,12,5,1,0,0,0,1,0
33.926,59,43.605,12,3,1,0,0,1,1,0
0.0,45,2.4,12,3,1,0,0,0,0,0
21.55,61,28.926,16,5,1,1,0,1,1,0
-0.25,41,31.8,12,1,0,0,1,0,0,0
8.55,59,31.35,12,1,0,0,0,1,0,0
7.5,60,43.32,12,4,1,1,0,0,1,0
-6.6,32,52.041,16,1,1,0,1,0,1,0
-299.75,42,53.514,10,4,1,1,0,0,1,0
0.0,42,16.86,8,1,0,0,0,0,1,0
0.0,28,6.006,10,2,0,0,0,0,0,0
-5.1,31,33.513,11,7,1,1,0,0,0,0
4.249,26,35.325,12,2,0,0,0,0,1,0
-2.225,60,22.44,12,2,1,1,0,0,1,0
0.125,43,13.896,12,2,0,0,0,0,1,0
-4.3,43,20.583,16,4,0,0,1,0,0,0
35.9,33,39.351,18,1,0,0,0,1,0,0
0.4,58,12.09,12,2,0,0,0,0,0,0
46.8,58,24.804,12,2,0,0,0,1,1,0
0.635,25,21.63,16,1,0,0,0,1,0,0
-8.388,28,28.53,12,3,1,1,0,1,1,0
4.2,41,48.336,17,2,0,0,1,0,1,0
0.0,31,12.588,12,6,1,1,0,0,0,0
1.2,27,30.162,8,5,1,0,0,0,0,0
6.2,49,19.809,12,3,0,0,1,0,0,0
-2.2,30,14.787,16,3,0,0,0,0,0,0
0.5,49,20.43,13,1,0,0,0,0,0,0
0.045,38,11.082,17,4,0,0,0,0,0,0
26.2,59,28.284,12,2,1,0,0,0,1,0
-8.5,31,30.315,13,4,1,0,0,0,1,0
0.3,42,35.7,12,2,0,0,0,0,0,0
1.7,45,45.27,11,4,1,0,0,0,1,0
0.1,48,23.412,12,6,1,0,0,0,1,0
0.025,34,12.291,12,1,0,0,0,0,0,0
-8.0,47,39.432,12,5,1,1,1,0,1,0
-2.752,61,49.992,12,2,1,0,0,0,1,0
-7.1,31,58.122,16,2,1,1,1,0,0,0
0.0,61,25.092,12,4,0,0,0,0,1,0
86.03,40,43.203,12,4,1,1,0,1,1,0
0.0,32,19.2,14,1,0,0,0,0,0,0
16.699,26,29.7,16,1,1,0,1,0,0,0
-14.551,36,104.343,18,3,1,1,1,0,0,0
1.0,63,19.764,12,6,0,0,1,0,1,0
-3.57,49,3.84,14,2,1,0,0,0,1,0
57.5,35,81.075,14,3,1,0,0,1,1,0
-0.3,39,33.078,16,1,0,0,0,0,0,0
-16.7,35,65.01,14,4,1,1,0,0,0,0
1.1,60,30.639,13,3,1,0,1,0,1,0
3.0,42,50.937,14,5,1,1,0,0,1,0
28.0,53,108.258,16,3,1,1,0,1,1,0
7.7,52,73.11,16,2,1,1,1,1,1,0
-3.605,31,17.127,12,2,1,0,0,0,1,0
93.501,48,79.053,12,2,1,0,0,1,1,0
-0.4,38,17.7,12,1,0,0,0,0,1,0
0.0,33,12.24,10,6,1,0,0,0,0,0
16.549,26,11.118,13,3,0,0,0,0,0,0
120.0,40,124.932,17,4,1,1,0,1,1,0
82.2,25,28.209,16,1,0,0,0,1,0,0
48.8,26,86.82,18,1,0,0,0,1,0,0
0.0,49,9.612,12,2,0,0,0,0,0,0
0.025,34,8.4,13,3,1,0,0,0,0,0
-3.3,31,28.146,12,5,1,0,0,0,1,0
-7.0,38,8.13,12,5,0,0,0,0,0,0
0.3,30,22.722,16,1,0,0,0,0,0,0
0.1,25,7.044,5,4,1,0,0,0,0,0
-15.141,49,69.555,18,4,1,1,1,0,1,0
2.258,32,13.866,12,2,0,0,0,0,0,0
-0.15,54,5.4,12,2,0,0,0,0,1,0
5.649,45,35.58,12,3,1,1,0,1,1,0
-0.001,35,21.63,11,5,0,0,1,0,0,0
0.9,36,17.82,12,4,1,0,0,0,1,0
20.0,32,28.98,16,1,0,0,0,0,0,0
137.0,39,54.9,18,3,1,0,0,1,1,0
21.0,35,92.277,12,4,1,1,0,0,1,0
346.749,57,128.55,16,2,1,0,0,1,1,0
1.8,52,19.05,12,4,1,1,0,0,1,0
-3.0,34,46.053,12,4,1,1,0,0,1,0
17.0,35,19.464,12,4,0,0,1,0,1,0
28.057,39,36.522,14,2,1,1,0,1,1,0
16.5,31,25.56,16,3,1,0,0,0,0,0
5.5,39,29.265,10,3,1,1,1,0,1,0
-1.0,27,15.3,12,1,0,0,0,0,0,0
10.0,36,38.1,16,1,0,0,0,1,0,0
21.05,37,47.109,13,3,1,1,0,0,1,0
0.0,32,36.0,18,5,1,0,0,0,0,0
23.7,39,32.1,16,1,0,0,1,1,1,0
-0.151,40,49.209,12,1,0,0,1,0,0,0
-3.0,41,20.4,11,3,1,0,0,0,1,0
0.0,40,13.896,8,7,1,0,0,0,0,0
-0.4,30,8.4,12,2,0,0,0,0,0,0
9.199,49,101.946,12,6,1,1,0,0,1,0
0.0,39,13.212,12,5,0,0,0,0,1,0
0.05,36,13.821,14,2,0,0,0,0,1,0
79.7,57,43.35,12,2,1,0,0,1,1,0
41.999,38,51.798,14,2,0,0,0,0,1,0
1.0,29,19.254,14,3,0,0,0,0,1,0
0.0,53,9.99,12,1,0,0,0,0,0,0
46.5,33,41.712,12,4,1,0,0,0,1,0
-3.1,28,21.45,14,3,1,1,0,0,1,0
34.112,57,67.098,18,1,0,0,1,1,1,0
-0.2,31,19.056,12,5,1,0,1,0,0,0
-4.199,27,44.508,12,3,1,1,0,0,0,0
0.2,38,8.406,13,3,1,0,0,0,1,0
0.0,28,10.506,4,5,1,0,0,0,0,0
2.7,31,16.527,12,1,0,0,0,0,0,0
-6.501,47,33.78,13,5,1,1,0,0,1,0
126.098,52,103.164,18,6,1,1,1,1,1,0
-5.901,52,67.746,18,3,1,1,1,0,1,0
-409.0,40,115.584,14,2,1,1,0,0,1,0
-4.9,28,20.46,12,1,0,0,0,0,0,0
1.2,32,29.7,12,3,0,0,0,0,1,0
2.999,56,16.092,8,4,1,0,0,0,1,0
-11.95,43,25.371,12,1,0,0,0,0,1,0
-2.9,51,35.487,16,1,0,0,1,0,1,0
-3.97,45,64.791,14,4,1,1,1,0,0,0
-1.915,60,25.134,12,5,1,0,0,0,1,0
0.0,54,44.616,11,3,1,1,0,0,1,0
-12.9,34,29.25,18,1,0,0,0,0,1,0
0.0,40,27.84,12,2,0,0,0,0,0,0
0.0,36,3.246,4,3,0,0,0,0,1,0
-1.334,31,36.153,14,5,1,0,0,0,1,0
76.85,50,38.4,12,2,1,1,0,1,1,0
0.0,27,14.655,12,3,0,0,0,0,0,0
0.005,33,19.2,13,1,0,0,1,0,0,0
26.0,36,77.01,16,4,1,1,0,1,1,0
32.0,45,80.55,13,3,1,1,1,1,0,0
7.9,34,56.787,16,3,1,1,0,0,1,0
-30.24,25,85.38,1,4,1,1,0,0,0,0
-0.3,58,19.986,11,3,1,0,0,0,1,0
-3.9,26,57.975,16,1,0,0,0,0,1,0
-0.8,27,28.965,12,5,1,1,0,0,1,0
-1.214,33,9.09,5,4,1,0,0,0,0,0
2.7,40,58.974,16,5,1,1,1,1,1,0
10.399,40,29.622,12,2,0,0,1,1,1,0
0.0,48,10.2,13,1,0,0,0,0,0,0
-5.4,55,23.166,12,3,1,1,1,0,1,0
2.499,45,39.207,15,3,0,0,1,0,1,0
-10.5,57,8.19,12,2,1,0,0,0,1,0
3.6,31,31.8,16,4,1,0,0,0,1,0
0.3,27,32.04,12,4,1,1,0,0,0,0
3.955,31,23.562,12,1,0,0,0,0,0,0
-1.34,37,26.553,12,2,0,0,1,0,1,0
2.499,56,56.94,18,1,0,0,1,1,1,0
0.7,27,28.845,12,2,0,0,0,0,0,0
-6.92,37,20.403,6,1,0,0,0,0,0,0
70.335,54,23.832,13,3,1,0,1,0,1,0
-0.959,31,20.418,12,4,1,0,0,0,0,0
5.02,43,10.98,12,3,0,0,0,0,1,0
0.5,45,20.43,12,4,0,0,0,0,1,0
0.0,46,28.8,12,2,0,0,1,0,1,0
1.024,26,42.738,15,3,1,1,0,0,1,0
0.019,34,11.091,10,4,0,0,0,0,0,0
87.996,49,79.023,18,4,1,1,1,1,1,0
11.4,28,44.376,15,4,1,1,1,0,1,0
-11.0,49,76.86,15,6,1,1,1,0,1,0
0.875,34,15.3,11,1,0,0,0,0,1,0
0.02,58,19.089,12,3,0,0,0,0,1,0
0.0,26,8.16,12,4,1,0,0,0,0,0
60.4,43,103.356,18,3,1,0,0,1,1,0
-1.26,33,14.28,10,5,1,0,0,0,1,0
5.424,46,38.997,12,3,1,0,0,1,1,0
0.892,26,22.338,14,1,0,0,0,0,0,0
-3.8,25,24.63,15,1,0,0,0,0,0,0
0.8,35,51.9,12,4,1,1,0,0,1,0
41.699,61,17.508,14,1,0,0,1,1,0,0
9.5,55,30.954,12,2,1,1,0,1,1,0
9.15,43,18.9,12,3,0,0,0,0,0,0
12.821,42,56.55,16,4,1,0,0,1,1,0
0.305,32,28.122,12,4,0,0,0,0,1,0
-11.65,43,56.589,12,4,1,1,0,1,1,0
0.0,28,13.794,12,4,1,0,0,0,0,0
59.1,57,74.718,12,3,1,1,0,1,1,0
11.937,47,23.772,18,4,1,1,0,1,1,0
31.498,59,55.356,9,4,1,1,0,1,1,0
13.199,53,34.191,12,4,1,0,0,1,1,0
12.849,36,51.165,14,4,1,1,0,0,1,0
30.799,53,35.34,12,3,1,0,0,0,1,0
18.613,34,56.574,17,4,1,1,1,1,1,0
1324.445,59,242.124,12,2,1,0,0,1,1,0
3.0,63,34.764,10,2,1,1,0,0,0,0
3.738,54,26.52,12,1,0,0,1,0,1,0
-2.0,39,62.13,18,5,1,0,0,0,1,0
8.9,36,43.26,8,8,1,1,0,0,1,0
4.449,33,30.963,12,5,1,0,0,0,1,0
7.2,46,35.61,18,2,1,0,0,0,1,0
-17.1,35,26.55,12,2,0,0,1,0,1,0
42.68,46,26.1,14,3,0,0,0,1,1,0
6.0,43,83.886,14,5,1,1,0,1,1,0
25.049,37,32.442,16,1,0,0,1,1,1,0
5.968,42,55.791,15,4,1,1,0,0,1,0
6.2,26,8.07,15,2,0,0,0,1,0,0
31.649,40,36.06,13,1,1,0,0,1,1,0
-1.14,33,44.7,18,5,1,1,1,0,0,0
0.0,37,9.792,10,2,0,0,0,0,0,0
0.075,43,18.366,12,4,1,0,0,0,1,0
4.5,28,21.675,12,2,0,0,0,0,0,0
0.0,27,26.4,14,4,1,1,0,0,1,0
0.0,27,2.649,12,3,1,0,0,0,0,0
0.059,34,9.081,12,2,0,0,0,0,0,0
0.0,31,34.5,12,1,0,0,0,0,0,0
0.275,26,28.035,12,3,0,0,0,0,0,0
8.459,27,41.436,14,4,1,1,1,0,1,0
19.249,35,47.421,10,4,1,1,0,0,0,0
1.322,32,21.6,12,2,0,0,1,1,0,0
4.199,64,21.102,12,2,1,0,1,0,1,0
-12.918,29,30.249,12,3,1,1,0,0,1,0
4.0,36,39.594,12,1,0,0,1,0,0,0
-5.007,31,14.763,14,4,1,0,0,0,1,0
-8.25,40,23.37,12,5,1,1,0,0,0,0
-2.975,35,26.46,12,1,0,0,0,0,1,0
-5.75,57,35.418,13,5,1,0,0,0,1,0
0.0,55,4.59,10,4,0,0,0,0,0,0
-1.0,36,20.4,13,4,0,0,0,0,0,0
-8.676,40,37.062,18,6,1,1,1,0,1,0
0.0,28,13.26,12,2,0,0,0,0,0,0
1.8,41,23.469,14,3,0,0,0,0,1,0
52.615,31,34.818,17,4,1,0,0,1,1,0
-1.2,51,53.226,13,8,1,1,1,0,1,0
4.245,36,29.16,17,3,0,0,1,0,1,0
172.6,39,49.2,18,1,0,0,0,1,1,0
-1.984,40,16.8,10,2,0,0,0,0,1,0
78.599,62,29.694,12,2,1,0,0,1,1,0
15.0,55,65.124,13,2,1,1,1,0,1,0
-7.67,27,55.365,14,3,1,1,0,0,0,0
1.0,31,31.338,13,4,1,1,0,0,1,0
25.5,57,49.428,16,1,0,0,0,1,1,0
-2.451,55,9.738,12,1,0,0,0,0,0,0
-0.4,49,10.713,11,2,0,0,0,0,0,0
17.398,46,12.927,12,4,1,0,0,1,1,0
0.1,40,16.848,8,4,1,0,0,0,0,0
0.099,54,26.202,12,1,0,0,0,0,0,0
14.7,46,35.709,17,2,1,0,0,1,1,0
-0.725,30,24.51,12,2,1,1,0,0,0,0
-4.9,39,30.78,12,4,0,0,0,0,1,0
10.749,62,16.524,8,4,0,0,0,0,1,0
0.0,30,11.22,3,3,0,0,0,0,0,0
-0.05,31,43.476,9,4,1,1,0,0,1,0
1.999,33,14.52,12,1,0,0,0,0,0,0
1.3,30,22.8,10,5,1,0,0,0,1,0
5.8,33,84.621,18,4,1,1,0,0,1,0
-1.691,26,23.154,14,2,0,0,0,1,1,0
0.0,45,19.677,10,4,1,0,0,0,0,0
-0.7,32,24.0,15,3,1,0,0,0,1,0
-9.9,50,87.708,12,2,1,1,1,0,1,0
-0.2,49,8.535,10,1,0,0,0,0,0,0
0.153,37,20.1,12,1,0,0,0,0,0,0
1.2,41,33.6,18,5,1,1,1,0,1,0
0.5,29,24.51,12,4,1,1,0,0,0,0
-0.08,31,12.036,6,6,1,0,0,0,1,0
100.0,64,43.002,14,2,1,0,0,1,1,0
8.7,36,60.702,12,4,1,1,1,0,1,0
0.75,31,18.642,6,4,1,0,0,0,0,0
-2.5,32,12.24,13,2,0,0,0,1,1,0
9.75,59,21.747,12,4,1,0,0,0,0,0
3.949,47,25.107,13,2,1,1,0,0,1,0
-0.366,48,12.165,6,5,1,1,1,0,1,0
-10.946,64,33.651,12,1,0,0,1,0,1,0
0.0,50,18.729,12,3,0,0,1,0,1,0
76.84,61,52.854,13,2,1,1,0,1,1,0
27.196,57,49.509,18,1,0,0,0,0,1,0
0.064,29,37.245,13,4,1,1,0,0,1,0
1.569,39,14.382,15,3,0,0,0,0,0,0
-1.32,27,41.808,14,2,1,1,1,0,1,0
28.3,41,52.182,16,4,1,0,0,1,1,0
-0.768,33,27.486,10,4,1,0,0,0,1,0
3.338,34,27.876,14,5,1,0,0,1,1,0
0.0,42,13.44,13,4,0,0,0,0,1,0
0.0,30,15.3,12,3,0,0,0,0,0,0
1.5,38,108.054,16,5,1,0,0,1,1,0
-2.85,27,30.015,16,1,0,0,0,0,0,0
-2.9,30,31.875,12,1,0,0,0,0,0,0
1.0,32,27.57,13,3,1,0,0,0,0,0
-12.276,39,22.956,12,4,1,1,0,0,1,0
0.0,57,10.797,11,2,0,0,0,0,0,0
0.0,44,13.005,12,1,0,0,0,0,0,0
40.199,55,39.975,12,2,1,1,0,1,1,0
-1.8,47,6.435,6,7,1,1,0,0,1,0
1.95,46,34.608,18,3,1,1,0,1,1,0
40.9,45,70.755,17,2,1,1,0,1,1,0
0.0,32,12.96,12,3,1,0,0,0,1,0
54.303,60,41.118,15,1,0,0,0,1,1,0
-3.175,43,56.133,14,4,1,1,0,0,1,0
-4.0,39,11.205,14,5,0,0,0,0,1,0
0.0,48,7.113,16,1,0,0,0,0,0,0
14.583,60,15.894,12,2,1,0,0,1,1,0
0.005,35,12.963,12,1,0,0,0,0,1,0
1.609,59,20.43,6,1,0,0,1,1,0,0
21.3,45,33.822,14,3,0,0,0,1,1,0
61.366,44,61.581,15,4,1,1,0,1,1,0
21.149,40,39.201,12,1,0,0,0,1,1,0
-1.062,29,59.652,16,3,1,1,0,1,1,0
-1.3,47,8.4,12,3,0,0,0,0,0,0
-8.75,34,28.032,12,1,0,0,0,0,0,0
1.149,34,29.85,16,2,1,0,0,0,0,0
0.6,43,14.511,12,5,0,0,0,1,1,0
-0.4,48,27.156,12,2,0,0,0,0,1,0
32.648,41,82.524,12,2,1,0,0,1,1,0
0.0,62,9.69,8,1,0,0,0,0,1,0
18.45,53,22.614,16,1,0,0,0,0,1,0
0.0,39,15.504,12,5,0,0,1,0,0,0
2.75,29,33.63,1,4,1,1,1,0,1,0
0.05,28,10.2,12,1,0,0,0,0,0,0
2.5,40,24.681,16,4,1,1,0,1,1,0
0.0,26,9.801,12,3,0,0,0,0,0,0
3.0,26,39.66,18,2,1,1,0,0,1,0
-0.2,28,17.859,13,3,0,0,0,0,1,0
-3.4,32,21.585,12,2,1,1,0,0,1,0
-0.8,52,40.224,10,3,1,1,1,0,0,0
1.14,36,34.488,11,5,1,1,0,0,1,0
3.5,55,33.681,12,5,1,1,1,1,1,0
0.0,29,12.0,18,1,0,0,0,0,0,0
931.0,63,42.876,17,1,0,0,0,1,1,0
5.0,36,17.379,10,3,0,0,0,1,1,0
39.574,60,30.78,13,5,1,1,0,1,1,0
0.225,41,39.63,13,3,1,1,0,0,0,0
0.0,25,5.82,12,4,1,0,0,0,0,0
-0.331,27,16.056,11,4,1,0,0,0,1,0
-5.177,45,26.7,12,2,0,0,1,0,0,0
-4.0,28,48.12,14,3,1,1,0,0,0,0
4.5,59,22.119,14,1,0,0,0,1,1,0
2.18,35,22.35,16,1,0,0,1,0,0,0
5.004,51,137.16,16,3,1,1,1,1,1,0
-10.3,30,18.042,12,5,1,0,0,1,1,0
13.0,41,19.02,13,4,1,0,0,1,1,0
-0.389,37,21.381,12,1,0,0,0,0,1,0
-6.395,25,27.918,16,1,0,0,0,0,0,0
100.0,55,93.336,18,4,1,1,1,0,1,0
-3.416,42,17.172,10,1,0,0,1,0,1,0
15.8,35,21.606,13,2,1,1,1,1,1,0
-4.9,42,34.785,12,4,1,0,0,0,0,0
0.15,39,20.517,12,2,1,1,0,0,1,0
1.022,46,20.988,13,1,1,0,1,0,1,0
-18.051,36,10.212,14,4,1,0,0,0,1,0
-0.801,32,34.938,14,4,1,0,0,0,0,0
0.0,46,9.36,12,1,0,0,0,0,0,0
-0.655,33,25.356,1,4,1,1,1,0,1,0
-0.234,28,18.798,12,1,1,0,1,0,1,0
6.9,45,76.872,18,4,1,1,1,0,1,0
-0.625,57,25.227,12,4,1,0,0,0,1,0
-5.9,53,14.496,15,2,0,0,0,0,1,0
-0.7,44,9.18,14,4,0,0,0,0,1,0
32.568,49,12.675,12,3,0,0,1,0,1,0
-5.141,26,22.854,12,3,1,1,0,0,0,0
0.05,29,16.8,11,3,0,0,0,0,0,0
-0.55,43,20.529,12,1,0,0,1,0,0,0
11.999,46,26.964,12,1,0,0,1,0,0,0
73.499,44,55.344,15,4,1,0,0,0,1,0
-1.8,28,27.03,16,1,0,0,0,0,0,0
0.0,42,7.47,4,3,0,0,0,0,0,0
2.084,38,12.384,13,4,1,0,0,0,1,0
1089.619,38,135.405,17,3,1,1,0,1,1,0
0.8,35,21.012,12,1,0,0,0,0,0,0
1.58,40,15.594,16,2,0,0,0,0,1,0
69.87,61,52.806,12,3,1,0,0,1,1,0
8.798,44,83.499,17,3,0,0,0,1,1,0
89.5,40,67.128,14,2,1,0,0,1,1,0
1.019,60,5.391,10,1,0,0,0,0,1,0
-2.75,29,19.797,13,2,1,1,0,0,0,0
16.8,61,48.582,12,2,1,1,1,0,1,0
-2.65,45,31.674,14,1,0,0,0,0,0,0
72.964,59,55.314,14,1,0,0,0,0,0,0
80.0,45,14.058,14,3,0,0,0,0,1,0
-0.75,43,26.166,15,1,0,0,1,0,0,0
0.0,38,19.365,10,3,0,0,0,0,0,0
4.249,43,44.751,18,5,1,1,1,0,1,0
-0.98,40,22.5,15,1,0,0,0,0,0,0
-0.057,28,18.144,10,5,1,0,0,0,1,0
33.725,33,42.699,16,3,1,1,0,1,1,0
0.0,49,4.632,12,7,0,0,0,0,0,0
-1.8,58,44.925,12,2,1,1,0,0,0,0
-1.5,27,14.43,16,2,1,0,0,0,0,0
0.384,29,7.977,12,4,0,0,0,0,1,0
-1.4,35,30.0,12,6,1,1,0,0,0,0
0.494,38,18.468,13,4,1,1,0,0,0,0
57.5,64,85.08,14,2,1,0,0,1,1,0
57.0,29,58.878,1,3,1,0,0,0,1,0
0.2,34,8.988,14,6,0,0,0,0,1,0
3.0,51,21.969,14,1,0,0,0,0,0,0
22.999,58,53.382,18,4,1,0,0,1,1,0
-0.996,32,46.401,12,3,1,1,0,0,1,0
3.599,27,45.3,12,2,1,1,0,0,1,0
0.1,58,16.947,12,1,0,0,1,0,0,0
-4.823,35,20.103,16,5,1,1,0,0,0,0
55.0,55,23.64,11,2,1,1,0,1,1,0
0.21,49,10.674,15,1,0,0,0,0,0,0
170.0,62,102.744,13,3,1,1,0,1,1,0
20.685,48,40.641,12,1,0,0,0,1,1,0
0.063,27,17.832,13,4,1,0,0,0,1,0
-0.13,33,24.024,16,1,0,0,0,0,0,0
0.3,27,36.393,12,3,1,0,0,0,0,0
6.799,57,23.85,13,1,0,0,0,1,0,0
866.86,63,25.164,14,2,0,0,0,0,1,0
0.05,44,11.61,12,1,0,0,0,0,1,0
-2.04,46,14.424,8,4,1,0,0,0,1,0
0.749,42,20.469,12,2,0,0,0,0,0,0
0.0,49,18.9,11,1,0,0,1,0,0,0
11.75,50,76.404,13,3,1,1,0,1,1,0
14.098,50,32.232,18,1,0,0,1,0,1,0
-0.3,41,18.09,8,2,1,0,0,0,0,0
2.7,34,21.387,18,1,0,0,0,0,0,0
-0.835,26,18.006,14,4,0,0,0,0,0,0
-5.427,44,37.74,12,3,1,1,1,0,1,0
0.2,28,14.4,5,2,0,0,0,0,0,0
-0.4,26,13.818,14,1,0,0,1,0,0,0
0.999,37,22.5,12,1,0,0,0,0,0,0
17.299,57,43.968,14,2,1,0,0,0,0,0
-5.53,44,9.858,15,1,0,0,0,0,0,0
-6.401,44,25.188,13,2,0,0,1,0,0,0
-0.25,32,7.152,10,3,0,0,1,0,0,0
22.705,37,15.246,12,3,1,0,0,0,1,0
82.46,43,46.176,15,3,1,1,0,1,1,0
0.0,43,2.166,10,1,0,0,0,0,0,0
-2.1,48,18.564,14,2,0,0,0,0,1,0
-2.8,48,6.0,14,1,0,0,0,0,0,0
0.5,35,23.091,16,3,0,0,0,0,0,0
10.299,44,22.956,6,2,0,0,0,0,0,0
20.399,31,38.196,16,2,1,1,0,0,1,0
10.56,46,45.531,12,3,1,1,0,1,1,0
0.0,44,12.858,11,2,1,0,0,0,0,0
0.0,53,3.156,12,1,0,0,0,0,0,0
15.199,44,18.39,12,2,1,0,0,1,1,0
-3.0,31,20.229,12,4,1,1,0,0,1,0
-1.335,28,31.8,12,4,1,0,0,0,0,0
24.5,36,44.595,14,2,1,0,0,1,1,0
0.0,44,17.505,10,2,0,0,0,0,0,0
17.7,55,71.757,18,4,1,1,1,0,1,0
0.0,40,69.12,14,7,1,1,0,0,0,0
4.999,43,5.4,13,3,1,0,0,0,0,0
0.0,25,19.248,12,1,0,0,0,0,0,0
-5.0,38,56.43,12,3,1,1,0,0,0,0
3.025,30,44.169,12,2,1,1,0,0,1,0
-0.25,55,7.134,10,5,1,1,0,0,1,0
1.5,28,43.485,16,1,0,0,0,0,1,0
-1.38,32,62.352,17,1,0,0,0,1,1,0
0.0,53,18.696,11,6,0,0,0,0,1,0
59.549,44,52.182,12,5,1,0,0,0,1,0
-0.036,52,17.424,12,3,1,1,0,0,1,0
-2.6,50,27.33,14,4,1,1,0,0,0,0
-2.28,42,35.28,12,3,1,1,0,0,1,0
-5.192,36,15.186,9,4,1,0,0,1,1,0
0.0,34,39.9,13,5,1,1,0,0,0,0
63.022,37,41.994,12,4,1,1,0,1,1,0
-4.47,42,53.205,6,5,1,1,0,0,1,0
-2.0,27,8.64,12,1,0,0,0,0,0,0
0.05,30,18.36,13,3,0,0,0,0,1,0
-1.203,51,9.72,3,6,1,0,0,0,0,0
33.249,49,87.66,14,2,1,1,1,1,1,0
0.0,38,41.496,12,1,0,0,0,0,1,0
-0.545,56,32.436,8,2,1,0,0,0,1,0
4.0,44,36.72,12,4,0,0,1,0,1,0
-11.66,61,21.876,12,2,1,0,1,0,1,0
16.055,31,47.16,12,2,1,1,0,0,1,0
10.1,26,30.342,15,1,0,0,0,1,0,0
30.0,31,12.093,14,1,0,0,0,1,1,0
5.0,35,17.472,12,3,1,0,0,0,0,0
22.349,60,42.396,14,3,1,0,0,1,1,0
0.05,29,17.85,3,7,1,1,0,0,1,0
-19.6,46,48.0,13,4,1,0,0,0,0,0
-2.38,32,7.284,12,4,1,1,0,0,0,0
-11.98,40,24.0,16,4,1,0,0,0,1,0
-2.948,32,20.712,14,4,1,0,0,0,1,0
10.05,54,9.816,12,1,0,0,0,1,1,0
0.0,53,16.83,11,1,0,0,0,0,1,0
-4.9,29,36.873,12,2,1,1,1,0,1,0
193.048,38,14.025,16,3,1,0,0,1,0,0
-3.0,27,39.6,18,1,0,0,0,0,0,0
0.5,61,11.424,11,1,0,0,0,0,1,0
0.0,28,12.75,12,3,0,0,0,0,0,0
0.269,49,10.992,12,2,0,0,0,0,1,0
-0.112,52,37.83,12,2,1,1,1,0,1,0
18.299,38,88.2,14,3,1,0,0,1,1,0
17.149,54,50.409,18,1,0,0,0,1,0,0
2.9,35,37.38,12,4,1,1,0,0,0,0
-1.0,36,15.6,5,5,1,0,0,0,0,0
-0.55,30,17.349,18,1,0,0,0,0,0,0
8.199,44,10.173,18,1,0,0,0,1,0,0
0.1,26,24.309,12,3,1,0,0,0,0,0
25.437,62,22.974,12,2,1,1,0,0,1,0
-3.651,31,19.812,12,6,1,0,0,0,1,0
16.5,59,39.681,12,3,1,0,0,1,1,0
-6.2,38,20.985,10,5,1,1,0,0,1,0
2.13,42,50.037,13,4,1,1,0,0,1,0
-0.44,33,24.516,11,5,1,1,0,0,0,0
-1.0,44,22.41,13,3,0,0,1,0,0,0
39.411,44,104.46,18,4,1,0,0,1,1,0
1.035,46,30.6,13,3,0,0,0,0,1,0
47.749,36,82.656,14,4,1,0,0,1,1,0
-7.0,45,44.019,16,5,1,1,0,1,1,0
60.4,64,31.254,12,4,0,0,1,1,1,0
7.499,54,19.17,12,4,0,0,1,0,1,0
156.1,38,107.172,14,4,1,1,1,0,1,0
-7.955,34,33.954,14,5,1,1,0,0,1,0
9.875,47,27.006,14,2,0,0,0,1,1,0
-0.1,25,14.178,12,2,0,0,0,0,0,0
-11.179,46,6.9,6,1,0,0,0,0,0,0
-0.108,52,11.115,6,1,0,0,0,0,0,0
-18.6,39,63.294,14,5,1,1,1,0,1,0
4.077,30,25.44,12,3,0,0,1,0,1,0
10.0,35,46.278,12,4,1,1,0,0,0,0
-7.8,34,38.52,14,2,1,0,0,0,1,0
0.7,31,17.04,15,3,1,1,0,1,0,0
-1.235,43,36.51,15,7,1,1,0,0,1,0
15.0,40,28.65,12,4,1,1,0,1,1,0
0.3,43,43.146,14,7,1,0,0,0,1,0
0.0,30,18.753,12,1,0,0,0,0,0,0
0.35,25,28.059,14,1,0,0,1,0,0,0
-0.351,28,15.315,16,1,0,0,0,0,0,0
0.0,37,31.83,12,5,1,1,0,0,1,0
0.1,31,12.234,13,3,1,0,0,0,0,0
66.499,57,104.346,18,2,0,0,0,0,0,0
57.996,46,81.162,18,4,1,1,0,1,1,0
3.1,27,28.86,16,2,0,0,0,0,0,0
-2.025,62,9.894,8,3,0,0,0,0,1,0
-45.0,30,23.004,12,1,0,0,0,0,0,0
8.225,31,48.423,13,2,1,1,0,1,1,0
1.2,29,20.568,18,1,0,0,0,0,0,0
37.24,46,55.074,13,6,1,1,1,0,1,0
15.801,62,13.317,11,1,0,0,0,0,1,0
2.999,41,18.66,6,5,1,0,0,0,1,0
-2.157,41,70.275,14,4,1,1,0,0,1,0
5.0,27,29.676,14,1,0,0,1,0,1,0
0.111,30,13.44,16,3,0,0,0,0,1,0
4.799,26,24.942,13,4,0,0,0,0,0,0
0.5,28,100.026,8,2,0,0,0,0,0,0
-1.05,28,46.332,9,4,1,1,0,0,0,0
-9.5,32,28.89,16,5,1,0,0,0,1,0
-0.2,26,4.164,14,2,0,0,0,0,0,0
-3.4,43,25.5,14,1,0,0,0,0,1,0
0.0,27,12.93,16,1,0,0,1,0,0,0
7.699,44,23.19,13,4,1,0,0,0,1,0
0.1,41,19.215,14,3,0,0,0,0,0,0
-20.85,31,7.65,18,1,0,0,0,0,0,0
1.96,31,17.649,16,1,0,0,0,0,0,0
0.026,42,7.497,5,4,1,0,0,0,0,0
28.949,45,23.028,16,2,0,0,0,0,1,0
7.0,33,76.05,15,4,1,1,1,0,1,0
2.5,43,22.65,12,5,1,1,0,0,1,0
5.6,26,58.26,12,3,1,1,0,0,1,0
43.198,47,84.378,13,3,1,1,0,0,0,0
31.799,60,23.568,11,3,0,0,1,1,1,0
0.0,46,4.8,12,2,0,0,0,0,0,0
0.0,35,26.7,12,3,1,1,0,0,0,0
15.3,29,34.62,16,4,1,0,0,0,1,0
1.7,41,12.504,12,4,0,0,0,0,0,0
-4.152,35,24.159,12,4,1,1,0,0,1,0
3.0,38,19.227,15,3,0,0,1,0,0,0
-0.15,37,34.101,18,1,0,0,1,0,0,0
-1.062,29,16.236,14,3,0,0,0,0,1,0
0.0,30,8.415,12,2,0,0,0,0,0,0
-1.9,25,31.956,13,1,0,0,0,0,0,0
0.349,43,25.872,12,5,1,0,0,0,1,0
-1.9,50,31.278,12,5,1,0,0,0,1,0
-15.1,30,55.359,15,2,1,0,0,0,0,0
-5.763,29,10.8,12,2,1,1,0,0,0,0
2.694,39,58.578,16,2,1,1,0,0,1,0
3.399,43,17.706,16,3,0,0,0,0,0,0
-0.701,27,18.09,7,5,1,1,0,0,1,0
42.4,57,33.777,12,3,1,0,0,1,1,0
20.8,43,47.358,13,4,1,1,0,1,1,0
0.399,29,43.374,14,1,0,0,0,0,0,0
110.103,37,49.806,18,1,0,0,0,1,0,0
0.999,55,12.3,3,4,1,0,0,0,0,0
18.449,44,29.526,12,4,0,0,0,1,1,0
7.492,35,77.628,13,2,1,1,0,0,1,0
-2.5,36,34.986,11,6,1,1,0,0,0,0
13.5,37,25.8,14,1,0,0,0,1,1,0
-0.5,43,16.959,6,7,1,0,0,0,0,0
0.0,28,4.044,12,5,1,0,0,0,1,0
0.0,38,25.626,6,4,1,0,0,0,0,0
59.225,55,36.3,14,1,0,0,0,1,0,0
0.549,30,24.627,18,2,0,0,0,0,0,0
-3.0,46,62.25,17,2,0,0,1,0,1,0
-4.91,64,10.89,12,1,0,0,0,0,0,0
0.2,33,37.146,14,4,1,1,0,0,1,0
24.5,45,90.3,16,4,1,1,0,1,1,0
-12.001,25,50.649,12,2,1,1,0,0,1,0
-0.4,34,28.05,12,1,0,0,0,0,0,0
2.672,43,94.476,16,3,0,0,0,1,1,0
0.299,39,63.15,12,4,1,0,0,0,1,0
0.0,27,4.725,10,5,1,0,0,0,0,0
2.248,31,108.135,12,4,1,1,0,0,0,0
0.55,31,20.526,12,3,1,0,0,0,1,0
0.075,30,25.5,12,2,0,0,0,0,0,0
201.5,61,45.135,12,3,1,0,1,0,1,0
17.315,29,34.773,16,4,1,0,0,1,0,0
-0.6,35,21.063,12,5,1,0,0,0,1,0
0.0,36,21.0,14,1,0,0,0,0,0,0
0.294,47,14.04,12,1,0,0,0,0,0,0
13.0,41,15.48,7,4,1,1,0,0,1,0
4.9,26,16.86,14,1,0,0,0,0,1,0
-5.201,27,19.29,12,3,1,0,0,0,1,0
-1.145,52,10.584,12,3,1,0,0,0,0,0
-0.235,62,7.338,16,1,0,0,0,0,0,0
0.0,37,17.571,12,4,1,0,0,0,0,0
0.0,50,17.688,9,3,1,0,0,0,1,0
-1.483,36,10.92,12,4,0,0,0,0,0,0
-2.05,27,35.31,14,2,1,1,1,0,0,0
-0.75,39,38.454,12,3,1,1,1,0,0,0
47.28,41,35.166,12,1,0,0,1,0,1,0
3.8,41,46.815,12,3,1,1,0,1,0,0
-3.25,35,6.0,13,2,1,0,0,0,1,0
29.0,48,59.256,17,2,0,0,0,1,0,0
2.5,47,47.802,6,6,1,1,0,0,1,0
0.499,45,15.78,10,2,0,0,1,0,1,0
-2.95,49,16.92,12,3,1,1,0,0,1,0
120.0,60,14.244,12,1,0,0,0,1,1,0
-0.216,47,11.1,12,4,1,1,0,0,0,0
-6.59,44,9.474,12,5,1,0,0,0,1,0
0.0,61,23.457,9,3,1,1,0,0,1,0
1.499,41,25.761,17,1,0,0,1,0,1,0
-1.2,34,36.225,12,4,1,0,0,0,1,0
-3.701,27,56.322,12,8,1,1,0,0,0,0
0.009,48,2.427,8,3,1,0,1,0,1,0
-2.7,28,33.984,12,1,0,0,0,0,0,0
-1.6,45,33.84,12,1,0,0,0,0,0,0
6.125,47,58.407,12,4,1,1,0,1,1,0
24.1,61,28.5,13,2,1,1,0,1,1,0
0.077,35,16.194,15,1,0,0,1,0,0,0
33.3,47,60.18,13,2,1,1,0,1,1,0
2.0,37,46.767,13,4,1,1,0,1,1,0
76.678,49,37.458,12,2,0,0,1,0,1,0
59.879,45,19.998,18,2,0,0,0,1,1,0
0.84,50,27.561,12,4,1,1,0,0,1,0
0.0,42,13.44,14,4,0,0,0,0,0,0
2.6,34,4.35,14,1,0,0,0,1,1,0
-10.4,32,36.012,12,8,1,0,0,0,1,0
0.0,32,7.146,10,2,0,0,0,0,0,0
-1.855,34,47.754,12,4,1,1,0,0,1,0
0.85,41,27.045,15,1,0,0,0,0,0,0
34.999,57,44.589,12,8,1,1,0,1,1,0
1.5,54,30.0,14,1,0,0,0,1,0,0
55.6,59,47.064,12,3,1,0,0,0,1,0
171.45,41,51.51,16,4,1,0,0,1,1,0
-0.583,32,16.32,11,3,1,0,0,0,0,0
22.7,37,54.324,12,3,1,1,1,0,1,0
-0.7,38,80.025,16,4,1,1,1,0,1,0
-3.332,49,59.256,13,2,1,1,0,0,1,0
0.0,46,18.96,8,1,0,0,0,0,0,0
-19.173,31,24.0,12,1,0,0,0,0,1,0
0.0,25,3.6,8,5,1,0,0,0,1,0
-13.968,50,52.215,14,5,1,0,0,0,0,0
-315.701,35,89.118,16,3,1,0,0,0,0,0
3.325,43,11.46,12,1,0,0,0,0,1,0
-5.32,37,35.109,12,4,1,1,1,0,1,0
-8.95,35,43.08,12,4,1,1,0,0,1,0
-10.843,42,54.963,14,4,1,1,0,0,1,0
2.0,62,18.888,12,1,0,0,1,0,0,0
0.54,27,24.84,12,4,1,0,0,0,1,0
90.531,64,35.73,12,2,1,0,0,1,1,0
24.2,41,49.956,18,4,1,1,1,1,1,0
4.206,27,47.376,16,2,1,1,0,0,1,0
2.499,31,36.771,14,1,0,0,0,0,0,0
-0.57,38,17.781,13,4,1,0,0,0,1,0
0.2,25,22.68,12,1,0,0,0,0,0,0
-0.101,29,29.424,18,2,1,1,1,0,0,0
-1.4,31,17.604,12,1,0,0,0,0,0,0
-0.273,46,23.856,8,3,1,1,0,0,1,0
0.1,61,4.635,14,2,0,0,0,0,1,0
25.65,33,46.14,12,5,1,0,0,1,1,0
0.0,47,2.7,9,1,0,0,0,0,1,0
12.889,59,15.984,14,4,1,0,0,1,1,0
95.0,56,71.748,12,3,1,1,1,1,1,0
4.999,53,13.11,12,3,0,0,0,0,1,0
-0.75,35,69.696,18,5,1,1,1,0,1,0
144.749,61,34.737,12,2,1,0,0,0,1,0
16.749,51,35.031,12,1,0,0,1,1,1,0
3.5,40,21.315,13,2,0,0,0,1,1,0
18.6,33,31.44,16,2,1,1,0,1,1,0
0.0,41,20.928,10,1,0,0,1,0,0,0
116.499,57,45.294,12,3,1,0,0,1,1,0
0.318,42,36.84,16,4,1,1,0,0,0,0
0.0,38,11.04,12,4,0,0,0,0,0,0
-1.55,31,23.748,16,1,0,0,1,0,0,0
-8.252,47,30.663,17,2,0,0,0,0,1,0
23.949,46,54.585,16,4,1,1,1,1,1,0
0.27,64,12.576,11,2,1,0,0,0,1,0
0.0,30,24.0,16,1,0,0,0,0,1,0
-7.0,32,59.958,12,4,1,1,0,0,1,0
-7.299,44,46.113,12,5,1,1,0,0,1,0
3.0,58,13.44,12,3,0,0,0,0,0,0
-1.2,36,11.25,14,1,0,0,0,0,0,0
-1.494,30,29.478,13,5,1,1,0,0,0,0
-1.9,39,25.155,12,3,1,1,0,0,1,0
-0.4,34,52.815,18,1,0,0,0,0,0,0
44.5,42,83.616,12,1,0,0,1,1,0,0
8.499,34,35.118,15,7,1,0,0,1,1,0
-0.6,46,21.609,11,4,0,0,0,0,1,0
2.1,47,36.21,12,3,1,1,0,0,1,0
0.008,27,15.615,12,2,0,0,0,0,0,0
115.5,38,117.651,17,4,1,1,0,1,1,0
1.0,35,27.792,14,5,1,1,1,0,0,0
0.1,26,9.366,14,1,0,0,0,0,0,0
0.0,51,4.338,13,3,0,0,0,0,1,0
-2.422,50,30.636,12,2,0,0,0,0,1,0
-2.847,42,45.453,15,4,1,1,0,0,0,0
0.15,38,35.805,15,4,0,0,0,0,0,0
0.0,33,11.34,14,4,0,0,0,0,0,0
-4.888,56,23.394,12,2,0,0,0,0,1,0
3.0,32,13.14,12,2,0,0,0,0,0,0
13.425,64,59.01,15,2,1,0,0,0,1,0
33.2,36,45.963,13,3,1,0,0,1,1,0
0.2,47,14.412,9,6,1,0,0,0,1,0
0.05,29,54.06,14,3,1,1,1,0,0,0
-6.551,59,33.051,10,3,1,1,0,0,1,0
-1.44,37,22.482,14,1,0,0,0,0,0,0
2.9,39,50.064,13,3,1,1,0,0,1,0
2.5,30,18.639,12,2,0,0,0,0,0,0
49.7,52,54.6,12,4,0,0,0,1,1,0
25.2,30,40.95,18,1,0,0,0,0,0,0
-2.0,31,55.554,14,5,1,1,0,0,1,0
12.0,25,44.07,12,5,1,0,0,0,0,0
96.354,40,63.204,18,1,0,0,1,1,0,0
-7.524,37,50.304,13,4,1,0,0,0,0,0
0.9,30,33.21,12,1,0,0,1,0,1,0
0.0,28,12.96,12,1,0,0,0,0,0,0
-0.98,39,22.8,15,3,0,0,0,0,1,0
0.016,37,35.739,17,2,1,1,1,0,1,0
0.3,52,32.388,12,2,1,0,0,0,1,0
2.0,36,21.21,16,1,0,0,0,0,0,0
5.7,47,22.737,15,2,0,0,1,0,1,0
-9.94,39,24.576,12,3,0,0,0,0,0,0
0.2,56,12.036,10,3,0,0,0,0,1,0
0.0,28,23.388,11,1,0,0,1,0,0,0
0.949,33,16.731,12,1,0,0,0,0,0,0
0.849,31,20.445,14,3,0,0,0,0,0,0
2.0,31,18.015,10,1,0,0,0,0,0,0
-3.665,38,24.879,12,5,1,1,1,0,1,0
12.0,40,38.868,11,4,1,0,0,1,1,0
-6.298,56,29.856,12,1,0,0,1,0,1,0
-1.1,36,29.1,16,4,1,0,0,0,1,0
0.0,63,42.3,14,1,0,0,0,0,1,0
10.01,28,25.8,16,1,0,0,0,0,0,0
0.3,43,27.84,16,3,0,0,0,0,1,0
3.2,42,116.262,18,4,1,1,0,0,0,0
17.9,35,51.3,15,5,1,0,0,1,1,0
0.3,43,18.36,12,4,1,0,0,0,0,0
71.399,59,46.956,11,1,0,0,1,1,1,0
4.95,28,19.587,13,1,0,0,1,0,0,0
-3.7,31,63.858,12,5,1,0,0,0,1,0
135.573,53,106.956,16,3,1,0,0,1,1,0
11.8,31,26.028,12,5,1,0,0,0,0,0
2.5,61,24.108,12,4,1,0,0,0,1,0
12.0,30,19.932,12,1,0,0,0,0,1,0
0.25,43,4.74,11,3,0,0,0,0,0,0
15.1,34,15.459,15,3,0,0,0,0,1,0
0.55,32,36.945,14,4,1,0,0,0,0,0
-4.815,36,29.976,12,3,1,0,0,0,1,0
72.907,30,58.08,18,4,1,1,0,0,1,0
50.199,38,7.68,12,1,0,0,0,0,1,0
0.425,32,18.294,12,2,0,0,1,0,0,0
182.749,55,51.606,16,3,1,0,0,1,1,0
6.54,53,49.452,12,2,1,1,0,0,1,0
20.4,61,20.766,12,4,1,1,0,1,1,0
2.9,29,29.67,16,3,1,1,1,0,0,0
-1.151,58,22.953,11,1,0,0,0,0,1,0
0.0,32,34.68,14,3,1,1,0,0,0,0
-1.95,51,32.526,12,3,1,1,1,0,1,0
-3.9,27,58.446,16,2,1,1,0,0,0,0
1.9,53,96.909,12,4,1,1,0,0,1,0
8.7,44,63.255,17,5,1,1,1,0,1,0
0.04,33,18.834,12,6,1,0,0,0,0,0
-3.861,58,11.736,8,3,0,0,1,0,0,0
0.6,44,60.48,12,2,1,1,0,0,1,0
1.269,64,17.256,10,2,1,0,0,0,1,0
7.21,32,34.452,13,3,1,1,0,0,1,0
-3.496,35,50.85,13,4,1,1,0,0,1,0
15.098,50,48.03,14,4,1,0,0,1,1,0
-5.39,43,58.599,12,5,1,1,0,0,1,0
18.5,30,42.15,16,1,0,0,0,1,1,0
5.8,38,13.449,12,2,1,0,0,0,1,0
1.098,48,28.296,15,2,1,0,1,0,1,0
22.058,30,62.886,15,2,1,1,0,0,1,0
-3.27,31,10.695,10,5,1,0,1,0,1,0
0.31,40,25.194,13,3,0,0,0,0,0,0
8.5,32,38.49,13,4,1,0,0,1,1,0
96.422,48,46.743,17,1,0,0,0,1,1,0
0.2,34,53.52,13,3,1,1,0,0,0,0
34.999,55,35.169,14,2,1,1,0,1,1,0
-5.4,40,21.975,13,1,0,0,1,0,0,0
14.1,49,30.3,16,3,0,0,0,1,1,0
36.5,61,38.94,12,3,1,0,0,1,1,0
-1.05,61,23.052,12,2,0,0,0,0,1,0
25.45,55,55.326,18,1,0,0,0,1,0,0
31.379,43,48.069,18,4,1,1,0,1,1,0
37.0,59,24.66,12,2,0,0,0,1,1,0
-6.85,45,22.506,12,4,1,0,0,1,1,0
-7.4,35,17.475,13,1,0,0,0,0,0,0
17.496,58,51.981,15,5,1,0,0,0,1,0
11.733,57,43.356,16,2,0,0,0,0,1,0
6.35,35,43.05,14,2,0,0,0,0,1,0
0.019,45,27.033,12,4,1,0,1,0,1,0
4.65,33,48.3,14,4,1,0,0,0,1,0
-41.101,52,100.086,14,2,1,0,0,1,0,0
0.0,43,25.245,10,1,0,0,0,0,0,0
0.0,45,31.968,18,1,0,0,0,0,1,0
0.75,46,12.63,12,1,0,0,0,0,0,0
3.55,28,21.267,12,1,0,0,0,0,0,0
40.26,31,2.541,12,3,1,1,0,1,1,0
-0.275,41,15.642,12,2,0,0,1,0,1,0
85.5,34,102.009,18,1,0,0,0,1,1,0
11.5,37,99.159,16,1,0,0,0,1,0,0
1.68,38,32.928,16,2,0,0,1,0,0,0
-4.1,26,28.08,14,4,1,1,0,0,1,0
0.14,46,23.391,12,2,1,0,0,1,0,0
-2.2,38,23.937,14,3,0,0,1,0,1,0
-3.49,42,24.945,12,3,1,0,0,0,1,0
-1.701,39,33.3,12,4,1,1,0,0,1,0
0.0,35,5.085,12,4,0,0,0,0,0,0
0.499,31,2.736,12,1,0,0,0,0,0,0
1.7,42,17.817,9,1,0,0,0,0,1,0
41.649,60,47.04,12,4,1,1,0,0,1,0
-15.718,55,39.528,10,2,1,1,1,1,0,0
-11.425,27,28.809,14,3,1,0,0,0,0,0
-0.029,39,21.621,15,2,0,0,1,0,1,0
-2.48,34,16.647,12,4,0,0,0,0,1,0
13.497,59,13.776,7,1,0,0,0,0,1,0
0.5,40,35.67,6,8,1,0,0,0,1,0
-5.4,33,15.708,12,2,0,0,0,0,1,0
1.0,58,22.302,12,2,1,1,0,0,0,0
2.0,36,24.441,14,2,0,0,1,0,0,0
0.0,33,24.993,14,1,0,0,1,0,0,0
72.057,47,74.67,12,3,1,1,0,1,1,0
4.1,41,42.264,14,3,1,1,1,0,1,0
1.0,34,11.73,9,2,0,0,1,0,1,0
11.983,62,20.97,15,1,0,0,1,0,1,0
-0.088,43,25.5,4,5,1,1,0,0,0,0
-4.8,47,16.818,14,8,0,0,0,0,1,0
2.5,32,13.452,12,1,0,0,0,1,0,0
-34.382,27,11.025,12,3,1,0,0,0,1,0
11.535,64,26.733,13,2,1,0,0,0,0,0
0.934,41,44.247,16,5,1,1,0,0,1,0
0.0,34,13.584,13,1,0,0,0,0,0,0
5.583,43,29.28,12,4,1,0,0,0,0,0
14.4,51,29.82,12,2,1,0,1,0,1,0
66.0,53,22.434,14,2,0,0,0,1,1,0
-0.7,28,23.382,16,1,0,0,0,0,0,0
-1.64,31,8.868,12,4,0,0,0,0,0,0
104.766,62,45.432,12,3,1,0,0,1,1,0
8.649,36,65.505,17,4,1,1,1,0,1,0
1.748,48,12.576,12,2,1,1,0,0,0,0
0.004,31,3.603,16,1,0,0,0,0,0,0
20.283,63,27.54,12,2,1,0,0,0,1,0
-1.9,42,24.225,14,2,0,0,0,0,0,0
10.0,58,43.02,13,4,1,1,1,1,1,0
-3.67,41,31.221,18,2,0,0,0,0,0,0
-22.913,48,54.504,12,3,1,0,0,0,0,0
0.0,32,18.75,9,3,0,0,0,0,0,0
104.698,44,109.125,18,4,1,1,1,0,1,0
-5.626,38,9.303,14,3,0,0,0,0,0,0
-4.24,38,33.855,12,4,1,1,1,0,0,0
14.5,29,14.85,12,2,0,0,0,0,1,0
0.15,58,9.15,13,1,0,0,0,0,1,0
1.0,33,11.196,12,3,0,0,0,0,0,0
0.618,34,12.24,12,1,0,0,0,0,1,0
0.397,35,9.354,7,6,1,0,0,0,0,0
-0.5,50,19.302,12,6,1,1,1,0,1,0
65.0,48,19.5,18,1,0,0,0,1,0,0
-4.6,47,46.485,12,4,1,1,0,0,1,0
4.232,47,30.075,12,3,1,0,0,1,1,0
-7.29,32,34.263,12,3,1,1,0,0,0,0
1.5,33,24.06,12,1,0,0,0,0,1,0
-20.93,32,21.609,16,5,1,1,0,0,0,0
0.0,25,15.456,6,1,0,0,0,0,0,0
-2.815,26,13.11,13,1,0,0,0,0,1,0
-4.2,64,10.947,13,2,1,0,0,0,1,0
5.4,30,44.982,18,1,0,0,0,0,1,0
-15.8,37,60.225,16,1,0,0,0,0,1,0
-0.425,32,27.888,6,6,1,1,0,0,0,0
0.0,58,14.247,14,4,1,0,0,0,0,0
4.787,49,41.49,12,2,1,1,0,0,1,0
3.61,30,21.78,13,1,1,0,0,0,1,0
-0.557,36,24.06,12,5,1,0,0,0,0,0
-1.229,34,6.204,12,4,0,0,0,0,0,0
-4.1,31,29.025,13,1,0,0,0,0,0,0
0.6,27,15.444,12,7,1,0,0,0,0,0
2.5,32,28.629,15,1,0,0,0,0,0,0
-9.362,30,39.948,13,3,1,1,1,0,1,0
42.196,56,64.332,12,5,1,0,0,0,1,0
-1.45,38,30.396,12,3,0,0,0,0,1,0
11.1,29,28.44,13,1,0,0,0,0,0,0
-10.2,39,38.505,18,1,0,0,1,0,1,0
0.0,25,11.652,12,3,0,0,0,0,0,0
-1.422,27,16.488,11,6,1,1,0,0,1,0
-0.246,29,9.849,12,1,0,0,0,0,0,0
-0.995,32,9.69,10,2,0,0,0,0,1,0
-3.9,26,19.203,15,1,1,0,1,0,0,0
5.0,47,76.338,13,4,1,1,0,0,1,0
-7.001,36,29.22,14,4,1,0,0,0,0,0
0.599,60,38.949,12,2,1,0,0,0,1,0
-30.5,31,14.877,12,5,1,0,0,0,1,0
50.37,55,14.538,12,1,0,0,0,0,1,0
2.5,27,54.3,18,1,0,0,1,0,1,0
0.45,30,32.43,12,4,1,0,0,0,1,0
42.0,59,105.783,12,2,1,0,0,1,1,0
87.449,52,32.628,16,1,0,0,0,1,0,0
-0.3,55,22.188,11,5,1,1,1,0,1,0
2.499,59,16.65,12,2,0,0,1,0,0,0
4.0,43,45.51,18,4,1,0,1,1,1,0
7.798,45,25.254,6,6,1,1,0,0,0,0
8.599,36,43.44,16,4,1,0,0,0,0,0
11.1,34,28.38,12,4,1,1,0,0,1,0
-0.6,30,19.443,16,1,0,0,1,0,0,0
-9.7,34,26.985,13,2,0,0,1,0,1,0
-1.55,41,22.617,12,4,1,1,0,0,1,0
46.447,48,73.017,18,3,1,1,0,1,1,0
0.0,30,16.116,12,4,1,0,0,0,0,0
8.215,28,68.214,14,3,1,0,0,1,1,0
0.0,28,37.68,12,3,1,1,0,0,0,0
56.5,39,100.692,16,6,1,0,0,0,1,0
2.61,43,25.2,15,1,0,0,0,0,0,0
-12.251,43,51.663,12,3,1,1,1,0,0,0
5.8,51,15.45,8,2,1,0,0,0,1,0
-6.4,37,16.788,12,4,1,1,0,0,1,0
-2.35,36,14.646,11,2,0,0,0,0,0,0
27.96,53,29.4,12,2,1,0,0,1,1,0
31.169,36,82.575,16,6,1,0,0,0,1,0
0.0,25,17.28,6,4,1,0,0,0,0,0
-12.5,47,17.988,11,5,1,1,0,0,1,0
8.513,33,79.5,16,4,1,0,0,0,1,0
5.741,29,44.67,14,4,1,0,0,0,0,0
0.515,28,57.612,16,2,1,1,0,0,1,0
0.5,26,4.518,16,1,0,0,0,0,0,0
0.0,30,19.44,14,3,0,0,1,0,0,0
8.599,31,42.33,12,4,1,1,0,0,0,0
-1.15,29,24.792,13,2,0,0,0,0,0,0
0.866,26,26.388,13,4,1,1,1,0,0,0
32.0,37,21.0,17,2,0,0,0,0,1,0
0.2,39,24.84,12,2,0,0,0,0,0,0
-4.751,32,39.465,14,5,1,1,1,0,0,0
1.0,28,14.46,16,3,0,0,0,0,0,0
-1.95,32,21.15,14,2,1,1,0,0,1,0
-0.5,52,21.6,17,1,0,0,1,0,0,0
-93.0,59,27.174,14,3,1,1,0,0,1,0
224.5,44,92.7,16,1,0,0,1,1,1,0
225.0,38,71.703,16,1,0,0,0,1,1,0
2.078,42,40.245,12,6,1,1,0,0,1,0
0.0,38,17.694,12,1,0,0,0,0,0,0
0.0,33,12.837,13,2,0,0,0,0,1,0
6.2,25,37.425,12,2,1,1,0,0,1,0
-1.91,42,12.24,12,4,0,0,0,0,1,0
0.03,56,7.92,12,1,0,0,0,0,1,0
34.0,39,45.42,13,1,0,0,0,0,0,0
83.4,52,26.4,12,3,1,1,0,1,0,0
-2.55,46,36.369,13,3,1,0,0,0,0,0
-0.665,33,58.878,12,6,1,1,1,0,1,0
2.0,48,73.65,17,4,1,1,1,0,1,0
-0.96,39,7.2,12,5,1,0,1,0,1,0
1.0,64,38.028,9,2,1,0,0,0,1,0
0.0,39,13.65,12,3,0,0,0,0,0,0
-3.2,31,51.615,18,4,1,1,0,0,0,0
15.349,47,30.435,8,7,1,0,0,0,1,0
-16.725,48,37.416,16,3,1,0,0,0,0,0
-0.932,33,58.149,12,3,1,1,0,0,0,0
80.0,60,26.4,16,2,0,0,0,0,1,0
0.0,44,17.214,14,1,0,0,0,0,0,0
-1.267,38,20.34,14,4,1,0,0,0,1,0
-3.05,42,29.076,12,3,1,1,0,0,1,0
18.449,31,37.398,16,3,1,1,0,1,1,0
-0.6,42,36.075,12,5,1,1,0,0,1,0
0.006,40,22.8,11,5,1,1,0,0,1,0
-0.05,60,15.801,12,2,1,0,0,0,1,0
5.299,58,21.822,12,1,0,0,1,0,1,0
-1.1,28,19.254,12,1,0,0,0,0,0,0
5.9,47,64.5,15,3,1,1,0,0,1,0
-5.0,30,23.97,13,4,1,0,0,0,1,0
-19.95,34,25.191,18,1,0,0,0,0,1,0
0.0,37,17.58,10,5,0,0,0,0,1,0
-0.026,62,11.394,14,1,0,0,1,0,1,0
0.0,42,22.941,12,4,0,0,1,0,1,0
-1.35,27,25.2,13,1,0,0,0,0,0,0
0.0,27,11.94,12,4,1,0,0,0,0,0
0.1,45,34.731,12,3,1,0,0,0,1,0
0.31,38,5.133,15,1,1,0,0,0,0,0
48.95,43,48.3,18,1,0,0,1,1,0,0
0.0,37,15.72,10,4,0,0,0,0,0,0
0.3,64,9.642,10,1,0,0,0,0,0,0
-4.625,58,11.52,11,3,0,0,0,0,0,0
-26.0,60,7.776,8,1,0,0,0,0,1,0
29.338,47,51.654,13,4,1,0,0,1,1,0
9.8,28,56.082,17,2,1,1,0,0,0,0
-0.4,32,16.215,8,8,1,1,0,0,1,0
-0.023,42,27.696,12,2,1,0,0,0,1,0
-0.7,51,20.691,12,3,1,0,0,0,0,0
22.5,61,64.05,12,2,1,1,1,1,1,0
-5.0,36,28.527,15,3,1,1,0,0,1,0
-0.348,32,15.195,14,1,0,0,1,0,0,0
-2.883,38,9.759,5,7,1,0,0,0,1,0
-0.5,36,12.444,8,4,1,0,0,0,0,0
-1.69,44,54.492,15,2,1,1,0,0,1,0
5.673,45,54.738,13,4,1,1,0,0,1,0
-2.264,41,9.561,13,3,0,0,0,0,0,0
-2.1,31,15.36,11,1,0,0,0,0,0,0
0.3,41,10.044,8,6,1,0,0,0,0,0
0.5,32,24.06,12,4,1,0,0,0,0,0
13.5,56,29.301,16,2,0,0,1,0,1,0
0.5,27,7.929,18,1,1,0,0,0,0,0
3.75,49,25.923,14,1,0,0,0,0,1,0
-4.414,51,14.493,9,2,0,0,0,1,0,0
49.999,52,13.818,16,1,0,0,1,0,1,0
0.0,35,12.24,11,1,0,0,0,0,1,0
16.55,36,67.32,12,4,1,1,0,1,1,0
-2.905,31,17.238,1,3,0,0,0,0,1,0
-2.085,40,9.0,13,6,1,0,0,0,1,0
3.7,29,42.51,14,2,1,1,0,0,1,0
-1.345,31,15.99,14,3,0,0,1,0,1,0
-1.3,62,25.5,9,3,1,0,0,0,1,0
11.946,45,68.457,16,5,1,1,0,1,1,0
1.45,29,21.66,12,4,1,0,0,0,0,0
-11.566,34,45.288,14,2,1,0,1,0,0,0
0.0,41,48.0,18,1,0,0,0,0,0,0
2.35,48,41.655,10,3,1,1,1,1,1,0
0.07,26,20.418,10,1,0,0,0,0,0,0
0.006,37,29.868,11,3,1,1,0,0,0,0
-9.123,43,47.457,13,4,1,0,0,0,1,0
33.0,54,19.77,12,3,0,0,0,0,1,0
-0.5,38,10.098,12,2,0,0,0,0,1,0
230.097,48,71.928,16,4,1,1,0,1,1,0
-18.294,33,15.3,16,1,0,0,0,0,0,0
13.8,32,54.411,13,4,1,1,0,1,1,0
7.501,39,25.77,17,2,1,1,0,0,0,0
0.2,51,24.0,12,2,1,0,0,0,1,0
1.37,49,46.791,12,2,1,1,0,0,1,0
-11.0,51,18.264,14,2,0,0,1,0,1,0
136.0,57,76.23,18,1,0,0,1,1,1,0
8.0,28,71.259,16,2,1,1,0,0,1,0
26.499,55,37.539,15,1,0,0,0,1,1,0
65.805,38,52.035,15,4,1,1,1,1,1,0
27.15,40,42.672,12,4,1,0,0,0,1,0
0.015,34,17.136,14,3,0,0,1,0,0,0
12.3,33,36.894,16,4,1,0,0,0,1,0
1.2,62,16.62,12,1,0,0,0,1,1,0
14.9,42,92.775,16,5,1,0,0,0,1,0
-5.4,43,19.563,16,1,0,0,0,0,0,0
26.0,45,69.552,18,4,1,1,1,0,1,0
-3.6,26,2.025,16,1,0,0,0,0,0,0
-2.172,39,60.594,16,4,1,1,0,0,1,0
10.3,40,16.875,12,4,1,0,1,0,1,0
50.192,63,65.457,18,1,0,0,1,1,1,0
-3.98,36,30.48,16,1,0,0,0,1,1,0
-2.8,45,68.244,17,4,1,0,0,0,1,0
-3.0,37,19.236,14,1,0,0,1,0,0,0
0.0,27,4.056,10,3,0,0,0,0,0,0
25.618,59,40.854,12,2,1,1,0,1,1,0
-3.3,36,8.622,16,1,0,0,0,0,0,0
131.35,43,73.71,18,2,1,0,0,1,1,0
-1.4,34,16.686,10,4,1,1,0,0,0,0
0.455,52,33.291,16,3,1,1,1,1,0,0
13.5,27,59.901,15,2,1,1,0,1,1,0
0.0,54,27.732,11,2,1,0,1,0,1,0
8.3,44,16.797,13,4,1,1,1,0,1,0
-3.975,46,25.332,12,2,0,0,0,0,1,0
0.068,28,7.779,13,1,0,0,0,0,0,0
-9.0,33,109.608,18,4,1,1,0,0,1,0
264.1,56,92.79,14,2,1,1,0,1,1,0
0.0,39,10.8,12,2,0,0,0,0,0,0
-14.75,33,46.239,18,3,1,1,0,0,1,0
0.0,62,7.011,9,1,0,0,0,0,0,0
3.5,35,18.582,12,1,0,0,0,0,0,0
125.599,44,77.73,12,4,1,1,0,1,1,0
-2.342,25,30.957,14,2,1,1,0,0,0,0
0.025,28,11.352,12,1,0,0,0,0,0,0
9.499,29,36.3,16,1,0,0,0,0,0,0
5.748,51,20.193,13,2,1,0,1,0,1,0
-0.2,43,14.07,4,4,1,0,0,0,1,0
66.691,49,85.515,18,2,1,1,0,0,1,0
-0.108,64,21.138,12,2,1,0,0,0,1,0
0.0,27,39.0,12,4,0,0,1,0,0,0
-30.0,26,9.402,12,2,1,0,0,0,1,0
-0.2,43,89.175,18,3,1,1,1,0,1,0
23.75,63,80.796,12,2,1,1,0,1,1,0
2.6,34,53.76,14,5,0,0,0,0,1,0
63.8,29,44.559,12,2,1,1,1,0,0,0
0.0,31,11.34,12,1,0,0,0,0,0,0
-5.49,42,30.0,18,3,0,0,1,0,0,0
2.049,40,59.523,14,3,1,1,0,0,1,0
2.132,64,12.171,12,1,0,0,0,1,1,0
-20.157,44,1.2,17,1,0,0,0,0,0,0
4.999,32,4.89,10,1,0,0,0,0,0,0
0.4,27,13.464,12,2,0,0,0,0,0,0
4.5,35,93.129,16,4,1,1,1,0,1,0
12.0,62,68.076,16,5,1,0,0,0,1,0
0.0,48,9.6,9,2,1,0,0,0,0,0
-0.479,28,7.869,11,1,0,0,1,0,0,0
-8.8,56,11.49,12,2,1,1,0,0,1,0
0.0,29,26.514,15,2,1,0,1,0,0,0
-4.98,38,33.36,12,5,1,1,0,0,1,0
13.493,34,53.562,17,1,0,0,0,0,0,0
0.0,57,4.14,4,3,0,0,0,0,1,0
0.0,30,11.55,14,2,0,0,0,0,0,0
28.649,60,28.875,12,3,0,0,0,0,1,0
-0.611,26,50.4,16,3,1,0,0,0,0,0
0.0,53,14.994,2,1,0,0,1,0,0,0
-3.801,30,44.424,12,2,1,1,0,0,0,0
0.0,26,24.372,13,1,0,0,0,0,0,0
6.899,26,28.83,12,1,0,0,1,1,0,0
-0.2,31,49.434,16,2,1,1,0,0,0,0
161.626,48,107.922,15,4,1,0,0,1,1,0
18.0,51,57.291,14,2,1,1,1,1,1,0
5.719,42,61.744,12,3,1,0,0,1,1,0
0.0,50,16.32,12,6,1,0,0,0,0,0
-1.6,37,19.446,11,4,1,1,0,0,1,0
3.0,43,32.85,12,4,1,1,0,0,0,0
10.15,49,20.34,14,2,0,0,1,1,1,0
79.966,47,20.91,12,4,1,1,0,1,1,0
0.0,51,16.5,12,5,1,0,0,0,0,0
5.8,29,53.337,18,2,1,1,1,0,1,0
55.798,52,56.514,18,2,0,0,0,1,1,0
-9.2,40,39.954,16,3,1,1,0,0,0,0
0.0,29,10.08,12,2,0,0,0,0,0,0
33.7,47,38.946,12,4,1,1,0,1,1,0
-3.06,25,36.0,11,4,1,0,0,0,1,0
0.0,64,11.775,7,3,1,0,0,0,0,0
2.8,34,29.106,16,4,1,1,0,1,1,0
-2.89,38,50.55,12,6,1,1,1,0,0,0
-4.537,41,95.706,16,5,1,0,0,1,0,0
-1.305,33,32.01,13,4,1,1,0,0,1,0
-0.1,61,8.382,12,2,1,0,0,0,1,0
-0.895,43,43.044,11,7,1,1,0,0,1,0
3.0,33,11.898,12,2,0,0,1,0,1,0
0.955,29,23.37,14,1,0,0,0,0,0,0
24.3,51,35.847,12,1,0,0,1,1,1,0
-3.601,36,26.37,14,6,1,1,0,0,1,0
3.199,42,26.985,14,4,1,1,0,0,1,0
-12.797,41,35.52,12,3,1,1,0,0,1,0
1.849,42,33.138,14,1,0,0,1,0,0,0
0.0,39,42.777,7,2,1,1,0,0,0,0
231.759,57,27.696,13,1,0,0,1,1,0,0
11.5,44,46.8,18,3,1,1,0,1,1,0
-11.4,40,24.615,12,4,1,0,0,0,1,0
3.749,51,45.102,13,2,1,0,0,0,1,0
0.0,42,10.2,9,1,0,0,0,0,1,0
0.988,27,12.933,12,2,0,0,0,0,1,0
2.5,37,30.54,14,3,1,1,0,0,1,0
0.0,39,19.125,13,4,0,0,0,0,0,0
95.999,34,77.334,12,3,1,1,0,1,1,0
-3.2,60,15.81,12,3,1,0,0,0,0,0
0.25,30,16.5,9,1,0,0,0,0,1,0
-1.501,61,14.466,9,2,1,0,0,0,1,0
-0.2,39,19.263,13,3,0,0,0,0,1,0
-0.2,30,8.247,5,4,0,0,0,0,0,0
21.299,49,56.646,12,2,1,1,1,0,1,0
45.06,54,90.234,14,2,1,1,0,1,1,0
-2.965,48,40.326,11,4,1,1,0,0,1,0
0.0,43,17.844,8,3,0,0,1,0,0,0
6.0,28,29.88,12,3,1,1,0,0,1,0
0.8,62,26.034,10,6,1,1,0,0,0,0
28.7,36,55.152,12,4,1,1,0,1,1,0
10.45,52,41.697,12,2,1,1,1,0,1,0
17.407,38,99.33,18,3,1,1,1,1,1,0
0.0,60,0.0,7,1,0,0,0,0,0,0
-0.8,53,20.91,12,5,1,1,0,0,1,0
-0.256,37,12.633,12,4,0,0,1,0,1,0
0.005,44,27.72,13,5,1,1,0,0,0,0
3.2,48,31.83,14,1,0,0,0,0,1,0
-1.945,29,26.865,12,4,1,1,0,0,1,0
-10.6,30,15.84,18,2,1,1,0,0,0,0
-2.1,46,6.075,10,4,1,0,0,0,1,0
-7.195,31,47.904,12,3,1,1,0,0,0,0
0.0,38,31.5,13,3,0,0,0,0,1,0
3.8,36,21.402,12,1,0,0,1,0,0,0
1.999,29,15.42,14,1,0,0,0,0,0,0
56.388,48,14.4,12,4,1,0,0,0,1,0
-10.03,32,22.14,13,3,1,0,1,0,0,0
0.8,27,18.0,18,1,0,0,0,1,0,0
29.82,45,51.327,18,2,1,0,1,1,1,0
0.05,30,16.8,16,2,0,0,0,1,0,0
0.0,29,1.53,11,1,0,0,0,0,0,0
105.07,53,20.661,12,5,0,0,1,1,1,0
-2.35,39,12.522,12,5,1,1,0,0,0,0
-6.013,28,45.252,15,4,1,1,0,0,0,0
-13.092,26,55.311,18,2,1,1,1,0,0,0
1.69,35,22.14,12,3,0,0,0,0,0,0
-3.244,25,16.266,13,2,1,1,0,0,0,0
-1.75,27,71.598,15,2,1,1,0,0,1,0
-1.2,41,27.375,12,4,1,1,0,0,1,0
0.0,25,14.172,14,1,0,0,0,0,0,0
111.2,47,60.96,11,2,1,1,0,1,1,0
-0.7,47,5.106,12,1,0,0,0,0,1,0
0.1,41,28.035,12,3,1,1,0,0,1,0
214.3,43,84.9,18,3,1,1,1,1,1,0
-2.03,30,7.65,15,2,0,0,0,0,0,0
0.015,46,7.638,13,4,0,0,0,0,0,0
-0.701,28,24.192,16,2,0,0,0,0,1,0
0.3,29,19.215,12,1,0,0,0,0,0,0
0.0,32,10.176,11,5,1,0,0,0,1,0
47.7,62,65.028,12,2,1,0,0,1,1,0
4.2,55,25.71,13,1,0,0,0,0,1,0
0.0,28,9.408,9,5,0,0,0,0,0,0
-9.3,41,32.646,12,2,0,0,0,0,1,0
-12.6,59,37.992,12,7,1,0,0,0,1,0
0.15,37,29.946,18,4,1,0,0,0,1,0
0.2,38,28.143,12,4,1,1,0,0,1,0
-3.35,36,28.8,18,1,0,0,0,0,0,0
58.5,47,47.292,16,1,0,0,1,0,1,0
-1.4,29,25.308,12,4,1,0,0,1,1,0
0.0,39,8.7,16,3,0,0,0,0,0,0
-0.3,43,11.4,12,4,0,0,1,0,1,0
20.299,55,31.098,13,1,0,0,0,0,1,0
-6.7,40,22.752,12,4,0,0,1,0,1,0
-4.015,40,44.61,12,6,1,1,0,0,0,0
169.199,59,30.0,12,2,1,0,0,1,1,0
5.509,27,36.675,12,3,1,1,1,0,1,0
0.8,28,15.774,12,1,0,0,0,0,0,0
7.765,37,58.143,14,2,1,1,0,1,1,0
-0.1,31,10.35,12,2,0,0,0,0,0,0
0.0,38,7.11,12,2,0,0,0,0,0,0
12.0,38,44.874,12,1,0,0,0,0,0,0
32.299,48,49.263,12,4,1,0,0,0,1,0
0.0,30,10.2,14,4,1,0,0,0,1,0
-6.4,45,50.025,12,2,1,1,0,0,1,0
35.883,39,56.913,16,3,1,1,0,1,1,0
70.6,39,47.499,18,1,0,0,0,1,1,0
34.271,64,24.675,12,4,1,0,0,1,1,0
1.5,31,22.959,12,4,1,1,0,0,1,0
-1.24,40,61.398,14,4,1,0,0,0,1,0
0.15,59,12.975,12,4,0,0,0,0,1,0
5.092,29,36.744,12,1,0,0,0,1,1,0
0.0,31,11.451,10,4,0,0,0,0,0,0
4.199,29,31.35,13,2,1,1,0,1,1,0
7.179,28,13.428,12,2,1,0,0,0,0,0
20.348,45,27.786,12,3,1,1,0,0,1,0
1305.5,59,199.041,16,3,1,0,0,1,1,0
3.0,44,15.3,9,2,1,0,0,1,0,0
145.72,63,41.79,13,2,1,0,0,1,1,0
4.498,32,28.599,12,1,0,0,0,0,1,0
4.8,55,9.843,7,1,0,0,0,0,1,0
-2.501,52,11.91,12,1,0,0,1,0,1,0
97.0,59,49.701,12,1,0,0,0,1,0,0
0.35,44,49.656,13,6,1,0,0,0,1,0
-12.4,37,33.0,12,2,0,0,1,0,1,0
0.398,41,38.844,12,4,1,1,0,0,0,0
-0.25,32,26.496,16,1,1,0,0,0,0,0
1.999,30,28.356,12,4,1,0,0,0,0,0
-1.6,29,33.381,12,1,0,0,0,0,0,0
-2.645,48,34.437,13,3,1,0,0,0,1,0
-0.05,42,14.928,12,4,0,0,1,0,1,0
0.8,52,26.118,11,3,1,1,0,0,1,0
1.5,36,17.055,13,2,0,0,0,0,0,0
26.0,64,28.908,18,1,0,0,0,1,1,0
-11.2,31,63.303,12,4,1,0,0,1,1,0
90.349,35,54.96,12,4,1,1,0,0,1,0
-5.7,26,20.4,12,1,0,0,0,0,0,0
1.3,28,51.984,14,2,1,1,0,0,1,0
10.65,30,25.809,14,3,1,1,0,1,0,0
4.999,34,60.108,18,2,1,1,0,0,0,0
9.499,29,52.2,16,2,1,1,0,0,0,0
8.0,28,24.051,12,4,1,0,0,0,0,0
-0.301,54,21.462,6,2,1,1,0,0,1,0
-9.84,28,31.44,12,4,1,1,0,0,1,0
-0.444,31,15.912,12,3,0,0,0,0,0,0
0.0,39,17.412,12,3,0,0,0,0,0,0
-16.0,41,0.24,12,1,0,0,0,0,0,0
-1.17,27,24.564,16,1,0,0,0,0,0,0
35.0,53,17.244,15,3,1,0,0,1,1,0
-3.2,32,30.63,10,4,1,1,0,0,0,0
59.262,58,19.245,12,1,0,0,1,1,1,0
-0.451,45,35.34,12,3,0,0,1,0,1,0
5.0,35,37.167,16,2,1,0,1,0,0,0
-0.9,32,24.0,12,5,1,1,1,0,0,0
-1.45,56,8.16,12,1,0,0,0,0,0,0
-1.2,52,17.04,14,1,0,0,0,0,0,0
4.1,33,23.661,16,1,0,0,0,0,0,0
4.447,53,3.78,4,1,0,0,1,1,0,0
9.606,27,40.584,16,1,0,0,1,1,0,0
0.02,40,19.044,12,4,0,0,1,0,0,0
-2.3,34,22.698,14,3,0,0,0,0,0,0
4.25,26,30.255,18,1,0,0,0,1,0,0
0.0,41,1.035,16,1,0,0,1,0,0,0
29.0,58,20.067,17,3,0,0,0,0,1,0
0.8,28,17.1,12,3,0,0,1,0,0,0
41.71,47,22.092,14,3,0,0,0,0,1,0
-3.0,25,33.75,16,1,0,0,0,0,0,0
-46.7,32,44.46,14,4,1,1,1,0,0,0
-2.3,36,19.284,12,5,1,1,0,0,0,0
0.0,51,13.5,12,2,0,0,0,0,0,0
-11.6,33,41.925,14,3,1,1,0,0,0,0
-0.35,62,23.31,12,1,0,0,0,0,1,0
0.9,28,20.916,12,1,0,0,0,0,0,0
208.842,37,32.628,16,3,1,1,0,1,1,0
-0.98,56,29.529,12,4,1,0,0,0,0,0
11.14,32,35.331,15,1,0,0,1,0,1,0
0.999,31,27.6,12,4,1,0,0,0,1,0
20.262,27,15.291,14,1,0,0,0,0,0,0
2.999,60,18.402,8,5,0,0,1,0,1,0
0.499,38,11.25,6,4,1,0,0,0,1,0
0.1,52,21.09,14,4,1,1,0,0,1,0
0.0,60,6.312,1,1,0,0,0,0,0,0
-14.5,26,14.67,12,2,1,0,0,0,0,0
2.318,40,52.647,13,3,1,1,0,1,1,0
22.999,64,25.38,10,1,0,0,1,1,1,0
-0.9,34,36.993,16,1,0,0,0,1,0,0
0.5,28,19.131,13,3,1,0,0,0,1,0
0.2,41,10.2,12,2,0,0,0,0,0,0
-0.04,27,8.928,12,3,0,0,0,0,0,0
-8.752,38,59.229,12,5,1,1,0,0,1,0
-9.4,27,59.331,12,2,1,1,0,0,1,0
-3.4,35,22.11,14,4,1,0,0,0,1,0
0.075,42,6.801,12,3,0,0,0,0,0,0
1.0,40,17.106,12,2,1,0,0,0,1,0
-3.036,28,19.701,6,4,1,1,0,0,1,0
4.638,27,18.075,13,3,0,0,0,1,1,0
-3.5,32,46.998,8,7,1,1,0,0,1,0
-68.85,31,11.721,18,1,0,0,0,0,1,0
-10.25,49,29.898,12,5,1,1,0,0,0,0
79.757,55,38.679,12,1,0,0,1,1,1,0
0.999,35,19.26,12,4,1,0,0,0,1,0
-13.551,41,7.824,14,1,0,0,0,0,0,0
-0.875,43,23.892,12,6,1,1,1,0,0,0
24.999,48,44.376,12,1,0,0,0,0,1,0
-14.901,30,19.644,12,2,0,0,1,0,0,0
0.0,28,23.97,15,4,1,1,0,0,0,0
-8.3,36,26.772,15,1,0,0,0,0,1,0
7.6,58,33.219,12,4,1,0,0,0,1,0
0.999,59,33.084,12,2,1,0,0,0,1,0
47.199,55,34.248,17,2,0,0,1,0,1,0
29.0,36,95.592,17,4,1,1,0,1,1,0
7.3,25,12.114,16,1,0,0,0,1,0,0
-0.825,30,17.427,13,2,1,1,0,0,1,0
34.42,42,90.0,18,5,1,1,0,1,1,0
1.7,42,29.475,18,5,0,0,0,0,1,0
-1.275,25,56.664,15,2,0,0,1,0,0,0
0.0,48,17.088,6,3,0,0,1,0,0,0
0.11,28,41.13,14,2,1,1,0,0,1,0
3.0,32,14.58,12,2,1,0,0,0,0,0
-1.245,52,21.42,11,5,1,0,0,0,0,0
0.0,59,10.422,12,6,1,0,0,0,0,0
0.4,33,25.326,10,4,1,0,0,0,0,0
0.0,27,20.46,12,3,1,1,0,0,1,0
5.217,32,33.804,12,5,1,0,0,1,1,0
-3.0,32,40.8,12,1,0,0,0,0,0,0
-53.64,43,12.75,16,6,1,0,0,0,0,0
2.149,40,12.915,12,4,0,0,0,0,1,0
-1.855,34,16.122,13,3,1,1,0,0,1,0
-2.6,39,16.2,13,4,1,1,0,1,0,0
8.3,40,40.194,12,3,1,1,1,1,0,0
0.249,52,22.047,12,4,1,1,0,0,1,0
1.4,33,54.966,18,3,1,1,0,0,1,0
2.863,56,16.29,12,1,0,0,0,0,0,0
-2.8,33,62.808,16,3,1,1,1,0,1,0
-1.8,52,66.603,12,3,1,1,1,0,1,0
0.45,54,14.31,10,2,1,0,0,0,0,0
0.08,48,19.68,12,4,1,1,0,0,0,0
4.31,50,22.263,13,2,0,0,0,1,0,0
0.0,47,7.041,12,2,0,0,0,0,0,0
23.699,31,43.116,14,1,0,0,0,0,1,0
13.0,57,4.875,12,1,0,0,0,0,0,0
8.0,29,102.996,12,4,1,0,0,0,1,0
-0.735,25,17.853,10,3,0,0,0,0,0,0
-3.53,31,44.853,16,4,1,1,0,0,1,0
8.999,58,13.404,11,1,0,0,0,1,1,0
0.4,60,23.244,12,1,0,0,0,0,1,0
22.998,54,31.587,10,2,1,0,0,0,1,0
0.0,35,33.843,10,2,0,0,1,0,0,0
0.35,45,7.596,13,3,0,0,0,0,0,0
72.45,29,67.575,18,2,1,1,0,1,0,0
-1.48,35,21.216,14,10,1,0,0,0,0,0
9.0,40,32.676,18,3,0,0,1,0,1,0
18.2,53,34.92,12,2,1,0,0,0,1,0
8.699,35,9.933,12,2,1,1,1,0,1,0
6.049,44,67.602,16,7,1,1,1,1,1,0
-2.051,35,33.759,13,3,1,1,0,0,1,0
3.0,38,12.93,10,5,1,0,0,0,0,0
-0.1,25,14.895,14,1,0,0,0,0,0,0
0.0,46,17.28,12,6,0,0,0,0,0,0
39.499,63,12.294,16,2,1,0,0,1,1,0
-1.701,54,22.074,12,2,0,0,0,0,1,0
41.499,61,22.893,18,1,0,0,0,1,0,0
0.3,34,16.845,11,1,0,0,1,0,1,0
5.298,48,51.591,16,5,1,0,0,0,0,0
-4.39,27,40.83,14,3,1,1,0,0,1,0
2.6,61,34.68,16,1,0,0,0,1,0,0
-13.375,39,15.6,13,4,1,0,0,0,0,0
13.5,44,48.3,16,3,1,0,0,1,1,0
84.0,62,25.02,12,2,0,0,1,1,0,0
0.049,64,13.497,10,4,0,0,0,0,1,0
-3.0,46,11.592,12,3,0,0,0,0,1,0
0.409,34,27.345,10,5,1,0,0,0,1,0
0.449,35,32.022,14,3,1,0,0,0,0,0
-9.1,30,29.364,18,1,0,0,0,0,0,0
-2.0,45,17.076,10,3,1,0,0,0,1,0
65.33,42,61.857,14,5,1,1,1,1,1,0
-7.075,36,8.574,16,1,0,0,0,0,0,0
0.0,48,9.864,12,1,0,0,0,0,0,0
0.3,50,18.348,6,4,0,0,0,0,1,0
1.208,46,34.131,15,7,1,1,0,0,1,0
3.749,60,43.425,11,4,1,1,0,1,1,0
2.0,29,57.87,13,4,1,0,0,0,1,0
-1.5,28,33.849,13,1,0,0,0,0,0,0
-1.0,31,18.819,14,1,0,0,0,0,0,0
133.249,54,65.661,12,4,1,1,0,1,1,0
4.999,35,34.647,15,1,0,0,0,0,0,0
0.7,52,22.791,6,4,1,0,0,0,0,0
22.3,38,47.043,16,5,1,1,1,0,1,0
112.0,44,22.416,18,1,0,0,0,1,0,0
24.1,40,24.66,17,2,0,0,0,1,1,0
0.0,41,13.26,13,2,0,0,0,0,1,0
0.75,26,18.36,15,1,0,0,0,0,0,0
-3.413,45,8.88,6,3,1,0,0,0,0,0
2.0,54,40.665,12,2,1,0,0,0,1,0
0.0,25,27.12,12,4,1,0,0,0,1,0
45.9,64,38.124,11,2,1,0,0,1,1,0
6.0,39,21.945,16,1,0,0,0,0,1,0
73.0,48,66.45,12,2,1,1,1,1,1,0
13.409,35,35.283,12,5,1,0,0,0,1,0
0.5,41,16.2,12,1,0,0,0,0,0,0
-2.736,30,39.957,16,4,1,0,0,0,0,0
20.3,50,46.632,12,2,1,0,0,0,1,0
-29.05,48,16.56,18,2,0,0,0,0,0,0
1.999,30,24.6,7,1,0,0,0,0,0,0
0.0,38,15.3,17,1,0,0,0,0,1,0
0.0,31,20.565,15,3,0,0,0,0,1,0
3.446,47,30.72,15,2,0,0,0,0,0,0
0.0,30,17.481,6,5,1,1,0,0,1,0
8.25,62,39.648,17,2,1,1,0,1,1,0
-21.95,33,24.711,16,1,0,0,0,0,1,0
22.0,41,35.061,12,3,1,1,0,0,0,0
0.92,45,30.24,14,3,0,0,0,0,1,0
0.0,31,7.962,12,2,0,0,0,0,0,0
35.699,55,21.39,18,2,0,0,0,1,1,0
-7.773,47,10.59,12,3,0,0,0,0,1,0
-0.72,33,6.09,12,4,1,1,0,0,0,0
1.594,30,57.585,18,3,1,1,0,0,0,0
7.799,25,46.506,14,2,1,1,0,0,0,0
0.015,42,13.851,8,4,0,0,1,0,0,0
4.499,37,39.0,12,2,0,0,0,0,1,0
1.6,40,34.68,15,5,1,1,0,0,1,0
-11.601,33,16.59,12,5,1,1,0,0,0,0
-2.195,31,69.936,16,4,1,1,0,0,1,0
0.0,32,12.72,8,3,1,0,0,0,0,0
0.999,31,55.2,16,3,1,1,0,0,1,0
-0.9,30,27.93,6,3,1,1,0,0,0,0
0.098,37,39.468,12,3,1,1,0,0,1,0
12.898,41,84.495,18,6,1,1,1,0,1,0
-0.843,32,12.207,12,1,0,0,0,0,0,0
-0.8,42,15.384,13,7,1,1,0,0,1,0
-0.54,31,27.036,12,4,1,0,0,0,1,0
25.0,40,70.65,15,4,1,1,1,1,1,0
-4.5,28,45.36,18,1,0,0,0,0,0,0
1.77,27,29.661,16,1,0,0,0,1,0,0
0.0,33,6.9,10,2,0,0,0,0,0,0
-9.4,31,19.2,12,3,0,0,0,0,0,0
-3.0,58,36.975,12,4,1,1,0,0,0,0
-0.5,29,62.52,16,2,1,0,0,0,0,0
8.897,36,44.4,13,5,1,1,0,1,1,0
28.499,61,25.992,16,4,0,0,0,1,1,0
-8.0,39,36.984,18,1,0,0,1,1,1,0
-1.49,26,11.46,9,4,1,1,0,0,0,0
97.5,41,57.657,3,3,1,0,0,1,1,0
-0.5,32,30.669,13,1,0,0,0,1,0,0
93.8,54,75.876,14,2,1,1,0,1,1,0
64.653,42,51.492,17,1,0,0,0,1,0,0
-3.495,29,44.472,12,4,1,1,1,0,1,0
0.0,52,20.574,9,1,0,0,0,0,0,0
40.45,31,33.948,16,1,0,0,1,1,0,0
-14.16,31,16.56,12,2,1,1,0,0,0,0
6.325,35,32.265,12,4,1,1,0,0,1,0
0.18,44,26.415,14,2,0,0,0,0,0,0
0.199,42,32.13,17,4,1,1,1,0,1,0
0.0,30,16.608,12,2,0,0,0,0,0,0
20.949,26,27.975,12,3,1,0,0,0,1,0
-6.355,25,35.7,16,1,0,0,0,0,0,0
-15.0,26,97.998,18,1,0,0,0,0,0,0
0.0,33,19.347,13,3,1,1,0,0,0,0
-1.5,42,28.8,12,4,1,0,0,0,1,0
35.0,27,38.874,17,1,0,0,1,0,0,0
-2.4,39,26.925,12,5,1,0,0,0,0,0
1.35,38,55.35,16,4,1,1,0,0,0,0
9.3,28,36.3,16,1,0,0,0,0,0,0
0.4,41,25.272,12,3,0,0,0,0,1,0
4.7,33,41.637,12,2,1,1,0,0,0,0
0.0,42,7.668,6,3,1,0,0,0,0,0
-6.415,31,52.35,14,4,1,1,1,0,0,0
0.5,46,36.12,14,1,0,0,0,1,1,0
0.699,59,19.203,12,2,1,0,0,0,1,0
0.0,58,17.448,8,1,0,0,1,0,0,0
28.02,34,12.144,14,1,0,0,0,0,0,0
0.0,31,17.901,9,3,0,0,0,0,0,0
0.5,32,25.338,13,5,1,1,0,0,0,0
0.0,29,29.355,12,5,1,1,0,0,0,0
17.396,61,33.09,12,2,1,0,0,1,1,0
0.154,25,28.728,9,4,1,1,0,0,0,0
10.999,25,36.6,16,1,0,0,0,0,0,0
-5.5,28,27.546,16,1,0,0,0,0,0,0
-3.65,50,12.24,12,2,0,0,0,0,0,0
0.0,48,7.2,12,3,1,0,0,0,0,0
0.6,47,13.8,12,1,0,0,0,0,0,0
0.652,31,32.295,13,4,1,1,0,0,1,0
2.3,37,47.772,12,3,1,1,0,0,1,0
5.1,30,29.616,16,3,1,1,0,1,0,0
0.086,36,32.073,12,4,1,1,0,0,0,0
0.0,39,20.148,12,2,0,0,0,0,0,0
-0.453,33,15.0,12,7,1,0,0,0,1,0
1.348,56,82.977,17,2,1,1,1,0,1,0
-0.975,34,19.362,12,5,1,0,0,0,1,0
0.4,33,12.264,6,5,1,0,0,0,0,0
0.0,30,10.2,12,1,0,0,0,0,0,0
88.868,61,59.94,10,2,1,0,0,1,1,0
-30.91,29,24.384,16,2,1,1,0,0,0,0
-2.8,38,20.058,12,3,0,0,1,0,1,0
-9.5,27,28.8,12,1,0,0,0,0,0,0
6.435,44,46.74,18,1,0,0,1,0,0,0
0.2,31,16.56,13,1,0,0,0,0,0,0
0.0,58,8.607,10,2,0,0,0,0,0,0
99.35,62,26.88,12,3,1,0,0,0,1,0
-1.8,33,49.428,16,4,1,1,0,0,1,0
0.0,39,4.872,18,2,0,0,0,0,1,0
-3.0,42,13.203,13,1,0,0,0,0,1,0
0.371,43,20.697,12,4,1,1,0,0,0,0
11.5,26,37.35,16,1,0,0,1,0,1,0
0.0,64,7.674,2,1,0,0,0,0,0,0
0.35,29,17.34,12,1,0,0,0,0,1,0
47.0,56,91.692,12,2,1,1,0,0,1,0
70.01,61,121.722,16,2,1,0,0,0,1,0
4.95,43,54.723,16,3,1,1,1,1,1,0
0.499,30,15.33,15,2,0,0,0,0,0,0
-4.9,48,12.513,16,1,0,0,0,0,0,0
-1.1,54,18.288,9,2,0,0,0,0,1,0
12.94,36,24.048,16,1,0,0,0,1,1,0
-2.801,53,40.926,12,3,1,1,0,0,1,0
0.199,35,33.012,14,3,0,0,0,0,0,0
89.41,51,65.865,12,2,1,1,0,1,1,0
0.9,64,12.642,10,2,0,0,0,0,1,0
1.0,61,35.1,12,5,0,0,0,0,0,0
-10.5,32,67.422,12,4,1,1,0,0,0,0
-2.881,29,25.899,18,1,0,0,0,0,1,0
71.0,47,35.334,12,1,0,0,0,1,1,0
-3.4,27,21.9,14,1,0,0,0,0,0,0
19.65,61,17.253,12,1,0,0,1,0,0,0
50.025,29,64.56,16,2,1,1,1,0,0,0
8.46,26,24.3,12,1,0,0,0,0,1,0
0.005,31,10.2,12,1,0,0,0,0,0,0
0.0,35,11.844,11,2,0,0,0,0,0,0
-1.45,63,31.209,12,5,1,0,0,0,1,0
-1.822,30,35.55,12,4,1,0,0,0,1,0
58.121,51,136.914,12,2,1,1,1,0,1,0
9.499,50,41.775,12,1,0,0,1,1,1,0
0.2,32,30.186,12,2,1,1,0,0,1,0
12.079,44,21.411,12,2,1,1,0,0,1,0
0.3,62,26.808,17,2,1,0,0,0,1,0
-6.38,40,50.817,12,5,1,1,0,0,1,0
6.999,40,0.916,12,1,0,0,0,0,1,0
0.0,34,44.625,12,1,0,0,0,0,0,0
0.754,35,22.443,12,5,1,0,0,1,1,0
3.049,37,48.705,18,3,0,0,0,0,1,0
55.0,63,55.5,15,2,1,0,0,1,1,0
1.749,27,10.941,12,1,0,0,0,0,1,0
0.3,34,14.304,12,1,0,0,1,0,0,0
-0.062,31,9.096,12,2,0,0,0,0,0,0
-8.7,31,40.473,12,4,1,1,0,0,1,0
0.0,49,13.95,13,6,0,0,0,0,0,0
0.0,41,18.306,13,2,0,0,1,0,0,0
-4.3,53,12.882,12,2,0,0,0,0,1,0
-0.136,38,20.82,16,5,1,0,0,0,0,0
4.15,47,17.01,10,3,1,0,0,0,1,0
7.36,42,30.417,16,4,1,1,0,1,1,0
12.599,43,33.366,12,1,0,0,1,0,1,0
0.036,32,14.997,12,12,1,0,0,0,0,0
226.048,51,63.225,16,3,0,0,0,1,1,0
0.1,26,15.906,12,4,0,0,0,0,1,0
-14.0,35,33.12,10,4,1,1,0,0,0,0
0.95,54,20.172,17,2,1,0,0,0,1,0
3.63,34,34.323,13,2,0,0,0,0,0,0
0.0,25,22.683,16,1,0,0,0,0,0,0
-1.201,51,49.83,12,2,1,1,1,0,1,0
-0.6,60,7.65,3,2,0,0,0,0,0,0
-0.78,31,18.813,14,3,1,1,0,0,0,0
0.0,33,45.951,12,4,1,1,0,0,0,0
2.998,36,46.422,13,3,1,1,0,0,0,0
-0.799,30,32.784,13,2,1,1,0,0,0,0
0.349,39,35.295,14,3,0,0,0,0,1,0
-4.0,57,92.16,12,2,1,1,0,0,0,0
3.5,53,14.76,12,3,1,0,0,0,1,0
-3.1,43,21.216,10,7,1,1,0,0,0,0
2.237,45,37.677,15,3,0,0,0,0,1,0
-1.504,41,9.345,16,1,0,0,1,1,1,0
5.599,64,21.372,12,3,1,0,0,0,1,0
0.649,26,15.981,12,4,0,0,1,0,1,0
0.199,44,22.692,12,1,0,0,1,0,0,0
0.3,42,36.468,15,5,0,0,1,0,1,0
-14.958,25,19.68,11,4,1,0,0,0,1,0
0.02,33,21.228,12,4,1,0,1,0,0,0
22.1,35,53.01,18,2,0,0,0,1,1,0
-1.9,31,22.011,9,7,1,0,0,0,1,0
0.799,37,13.185,12,2,0,0,0,0,0,0
-0.612,28,15.045,13,3,0,0,0,0,0,0
-0.3,39,43.23,12,3,1,1,0,0,1,0
0.02,30,10.803,11,1,0,0,1,0,0,0
0.0,35,16.917,12,6,0,0,0,0,0,0
0.0,25,20.4,12,1,0,0,0,0,0,0
-2.5,62,17.805,12,3,1,0,0,0,1,0
-1.468,25,10.5,14,3,0,0,0,0,0,0
80.4,42,37.2,12,3,1,0,0,0,0,0
11.1,36,18.75,15,1,0,0,0,1,1,0
5.419,46,39.582,18,2,0,0,1,0,1,0
0.0,46,11.64,8,3,0,0,1,0,0,0
30.05,46,38.925,13,4,1,1,0,1,1,0
2.8,62,20.526,8,3,1,0,0,0,0,0
-0.226,43,10.56,11,3,0,0,0,0,1,0
47.348,49,45.729,12,4,1,1,0,1,1,0
-0.8,28,21.6,12,4,1,0,0,0,0,0
115.5,62,61.68,12,2,1,0,0,1,1,0
0.5,37,29.43,12,1,0,0,0,0,0,0
-1.69,41,20.592,14,3,0,0,0,0,0,0
-84.151,58,13.074,11,1,0,0,0,0,1,0
20.999,51,7.47,12,1,0,0,0,1,1,0
13.209,46,73.785,12,4,1,1,1,1,1,0
1.4,27,86.79,12,4,1,1,0,0,0,0
-1.4,48,19.2,16,5,0,0,0,0,0,0
-0.295,36,32.316,12,5,1,0,0,0,0,0
0.0,34,11.964,12,1,0,0,1,0,0,0
2.4,40,21.42,12,1,0,0,0,0,1,0
12.899,42,58.938,16,3,1,1,1,1,1,0
0.8,31,28.089,12,1,0,0,0,0,0,0
-2.7,30,45.81,16,1,0,0,0,0,1,0
-6.831,44,21.288,12,3,0,0,0,0,0,0
-12.97,44,35.034,14,4,1,1,0,0,1,0
-1.3,37,35.7,12,5,1,0,0,0,1,0
-0.065,26,11.232,15,2,0,0,0,0,0,0
0.2,63,17.418,9,2,1,1,0,0,1,0
0.384,28,29.421,14,2,1,1,0,0,0,0
-1.796,44,51.552,12,4,1,1,1,0,1,0
0.1,26,21.216,16,1,0,0,1,0,0,0
87.6,60,42.288,12,1,0,0,0,1,1,0
-2.785,32,6.312,11,1,0,0,0,0,0,0
-0.7,35,43.233,12,4,1,1,0,0,1,0
-2.065,43,25.068,14,4,0,0,1,0,0,0
0.5,33,30.192,16,1,0,0,0,0,1,0
-1.3,26,12.24,4,6,1,0,0,0,0,0
2.899,52,35.34,11,2,1,1,0,0,1,0
9.055,39,34.908,12,3,1,1,0,1,0,0
1.3,50,16.269,11,5,1,0,0,0,0,0
0.0,43,3.42,9,2,0,0,0,0,0,0
-0.75,31,31.47,13,2,1,1,0,1,1,0
8.75,43,32.106,12,2,0,0,0,1,1,0
0.0,33,8.67,13,2,1,0,0,0,0,0
-4.8,35,47.922,12,4,1,0,1,0,1,0
2.295,54,20.226,12,3,1,1,0,0,1,0
-0.18,59,10.788,10,1,0,0,1,0,0,0
7.234,54,98.784,12,3,1,1,0,0,1,0
-0.6,29,7.788,12,3,0,0,0,0,0,0
-1.538,28,12.636,14,2,0,0,0,0,1,0
5.9,42,41.883,16,1,0,0,1,1,1,0
219.699,59,144.534,18,2,1,0,1,1,1,0
1.18,51,26.262,12,4,1,1,0,0,1,0
0.0,27,33.864,15,1,0,0,0,0,1,0
1.0,36,19.791,11,1,0,0,1,0,0,0
-0.6,26,12.375,11,4,1,0,0,0,0,0
-2.2,37,28.05,13,6,1,0,0,0,0,0
1.6,39,77.919,17,6,1,1,0,0,1,0
29.2,61,42.744,12,3,1,0,0,1,1,0
2.15,46,77.235,12,5,1,1,1,0,1,0
0.55,48,20.97,10,4,0,0,0,0,0,0
-0.929,40,30.936,13,4,0,0,1,0,1,0
14.813,64,6.45,11,3,0,0,0,0,1,0
0.0,35,17.244,15,6,1,1,1,0,1,0
0.7,34,34.8,10,3,1,1,0,0,0,0
12.4,31,50.388,15,2,1,1,0,0,1,0
-9.0,37,45.426,15,4,1,1,0,0,0,0
0.0,40,53.091,12,3,1,1,0,0,1,0
-0.051,51,24.063,13,2,0,0,0,0,1,0
11.9,55,56.598,17,4,1,1,0,0,1,0
0.0,29,9.9,1,3,0,0,0,0,0,0
0.0,55,4.08,14,2,0,0,0,0,0,0
-1.5,34,30.255,14,4,0,0,0,0,0,0
-0.1,33,20.25,12,1,0,0,0,0,0,0
8.399,42,47.934,17,4,1,1,1,1,1,0
-2.45,36,25.812,16,3,1,0,0,0,0,0
29.0,29,12.69,18,1,0,0,0,1,0,0
-11.7,37,56.529,12,2,1,1,1,0,1,0
0.0,39,19.635,12,5,1,0,0,0,1,0
-7.996,51,25.2,14,2,1,0,0,0,0,0
13.349,33,53.7,12,4,1,1,0,0,0,0
-0.75,56,15.006,12,3,0,0,0,0,1,0
-17.9,40,29.19,17,5,0,0,0,0,1,0
0.4,61,10.032,12,1,0,0,0,0,0,0
16.199,39,50.25,18,4,0,0,0,0,1,0
-1.4,52,28.344,12,2,0,0,1,0,0,0
14.299,44,73.902,16,4,1,1,1,0,1,0
-0.101,56,30.165,10,3,1,0,0,0,0,0
0.0,46,17.49,6,3,1,1,0,0,1,0
49.8,43,57.645,18,2,0,0,1,0,0,0
0.0,37,12.324,11,9,0,0,0,0,1,0
14.399,61,44.331,14,3,1,0,1,0,1,0
-5.5,27,25.527,13,4,1,0,0,0,0,0
-1.1,40,35.19,12,9,1,1,1,0,0,0
9.0,48,61.83,12,3,1,0,0,0,1,0
0.0,64,4.779,10,6,0,0,0,0,1,0
-1.4,31,32.082,16,1,0,0,0,0,0,0
0.3,28,33.906,18,2,1,0,0,0,0,0
-6.001,45,58.578,13,2,1,1,0,1,1,0
-2.6,39,16.341,12,2,0,0,0,0,1,0
0.0,35,12.114,12,3,0,0,0,0,1,0
0.549,39,39.366,1,2,1,1,0,0,1,0
-1.851,33,28.203,12,4,1,1,0,0,1,0
1.34,27,21.69,15,1,0,0,0,0,1,0
-0.062,30,25.437,12,1,0,0,0,0,1,0
0.0,63,6.48,6,1,0,0,0,0,0,0
-117.2,39,14.79,6,5,1,0,0,0,0,0
0.0,25,13.32,11,2,0,0,0,0,0,0
0.779,39,13.011,12,1,0,0,0,0,1,0
-0.775,51,36.648,11,3,1,1,0,0,1,0
0.1,37,15.018,12,3,0,0,0,0,0,0
0.0,32,26.535,14,4,1,0,0,0,0,0
52.15,41,59.4,12,1,0,0,1,0,1,0
0.0,40,10.2,12,3,0,0,1,0,0,0
1.2,27,30.195,12,3,1,1,0,0,0,0
-4.4,25,21.879,16,1,0,0,0,0,0,0
-0.22,56,12.723,10,3,0,0,0,0,0,0
-9.4,38,36.648,12,4,1,1,0,0,1,0
0.0,29,0.84,12,1,0,0,0,0,0,0
-3.29,28,21.582,16,1,0,0,0,0,0,0
-0.2,34,14.04,12,1,0,0,0,0,0,0
0.45,47,33.792,17,6,1,0,0,0,1,0
-0.134,30,29.526,14,4,1,0,0,0,0,0
0.0,26,6.168,14,4,1,1,0,0,0,0
0.0,50,13.74,12,1,0,0,0,0,0,0
2.175,49,54.063,12,4,1,1,1,0,1,0
-2.0,50,49.164,14,4,1,0,0,0,1,0
-5.8,36,36.699,18,3,0,0,1,0,1,0
1.482,35,37.965,17,1,0,0,0,0,0,0
-2.475,30,22.236,12,2,1,1,0,0,0,0
3.6,42,40.74,12,5,1,1,0,1,1,0
10.0,61,34.92,12,2,1,0,0,0,0,0
-11.351,35,16.077,12,4,1,0,0,0,1,0
-9.68,28,22.44,16,1,0,0,0,0,1,0
-0.7,26,15.315,12,1,0,0,0,1,0,0
0.149,32,19.659,11,5,1,0,0,0,1,0
28.2,52,9.903,12,1,0,0,0,0,1,0
0.059,43,30.333,14,3,0,0,0,0,1,0
-2.1,32,29.172,12,5,1,1,0,0,0,0
1.099,59,35.241,8,2,1,1,0,0,1,0
-1.125,25,16.8,16,1,0,0,0,0,0,0
34.0,54,17.4,16,1,0,0,1,1,1,0
29.0,31,48.42,14,2,1,1,0,0,1,0
-0.05,59,4.32,12,6,1,0,0,0,1,0
-3.55,60,25.356,4,1,0,0,0,0,1,0
0.0,55,7.644,11,2,0,0,1,0,1,0
-4.5,59,40.29,13,2,1,1,0,0,0,0
-6.0,49,31.944,13,2,0,0,1,0,1,0
1.7,47,16.26,10,2,0,0,0,0,1,0
7.3,38,13.74,18,3,0,0,0,0,0,0
0.6,51,20.496,12,1,0,0,1,0,0,0
-7.201,38,95.955,16,3,1,1,1,0,1,0
-2.0,25,5.712,18,1,0,0,0,0,0,0
-0.25,33,24.114,9,3,1,1,0,0,0,0
-1.691,63,10.146,12,2,1,0,0,0,1,0
2.84,53,13.5,10,2,1,0,0,0,1,0
1.499,34,41.49,13,1,0,0,1,0,0,0
0.083,43,32.316,10,4,1,1,1,0,0,0
130.2,48,92.064,16,5,1,1,1,1,1,0
0.0,35,18.75,12,7,1,1,0,0,0,0
77.098,49,21.396,12,6,1,0,0,0,1,0
100.0,59,100.941,12,2,1,1,0,1,1,0
2.151,36,20.31,16,4,1,1,0,1,0,0
0.299,52,20.718,9,1,0,0,0,0,1,0
0.028,43,7.542,12,3,0,0,0,0,1,0
14.948,47,16.98,14,1,0,0,0,1,1,0
3.483,49,37.155,12,5,1,1,0,1,1,0
0.0,27,31.089,13,4,1,1,0,0,0,0
-0.15,43,41.139,18,1,0,0,1,0,0,0
13.2,51,26.28,16,1,0,0,0,0,0,0
-1.5,28,9.24,12,4,1,0,0,0,1,0
6.499,37,18.696,17,3,1,1,0,0,1,0
0.0,29,21.807,12,1,0,0,0,0,0,0
3.174,28,52.53,18,3,0,0,1,0,1,0
-11.8,46,33.375,12,3,1,1,0,0,1,0
-0.021,35,13.128,12,4,0,0,0,0,0,0
-6.9,43,16.326,14,4,0,0,0,0,1,0
0.33,31,15.3,12,3,1,0,0,0,0,0
-6.3,33,11.238,16,1,0,0,0,0,1,0
25.0,30,49.2,13,2,1,0,0,0,0,0
21.7,51,43.68,16,1,0,0,0,1,1,0
-3.197,37,18.429,12,3,0,0,0,0,1,0
6.0,35,15.336,14,5,0,0,0,0,1,0
-2.5,27,6.606,12,1,0,0,0,0,0,0
-3.0,50,19.92,12,5,1,1,0,0,1,0
7.3,37,37.92,14,3,1,1,1,0,1,0
-7.0,42,32.22,9,1,0,0,0,0,0,0
-2.05,54,45.9,12,4,1,1,0,0,1,0
-0.234,28,3.204,12,1,0,0,0,0,0,0
-2.4,41,30.24,14,1,0,0,0,0,1,0
43.099,57,89.514,16,3,1,0,0,1,1,0
38.01,61,26.664,12,3,1,0,0,0,1,0
-7.1,43,59.208,12,4,1,1,0,0,1,0
-1.45,31,22.572,14,2,0,0,0,0,0,0
1.473,35,41.28,13,4,1,1,1,0,1,0
-0.788,31,16.02,13,2,0,0,1,0,1,0
1.999,26,20.724,12,1,0,0,0,0,0,0
22.85,41,26.856,12,3,1,1,0,0,1,0
-4.6,26,37.5,17,1,0,0,0,0,0,0
0.6,56,24.819,12,3,1,0,0,0,1,0
9.0,54,19.95,12,1,0,0,1,1,1,0
-6.4,26,36.09,12,2,1,1,0,0,1,0
0.225,35,38.55,16,2,1,1,0,0,0,0
0.0,27,20.1,1,3,0,0,0,0,0,0
0.999,41,3.18,12,3,0,0,0,0,0,0
0.0,26,4.32,13,1,0,0,0,0,1,0
-23.99,48,52.206,12,7,1,1,0,0,1,0
-0.85,35,31.443,12,4,1,1,0,0,0,0
0.599,39,47.937,12,4,1,1,0,0,1,0
0.0,39,17.85,4,6,1,0,0,0,0,0
0.1,59,23.004,16,4,1,0,0,0,1,0
-3.45,36,14.559,12,3,1,1,1,0,0,0
232.6,40,48.402,16,4,1,0,0,1,1,0
39.8,40,132.057,16,4,1,1,1,1,0,0
-1.19,25,16.302,13,6,1,0,0,0,0,0
0.345,25,19.38,12,3,1,1,0,0,1,0
-0.9,62,69.96,16,9,1,0,1,0,1,0
0.635,28,31.668,12,5,1,1,0,0,0,0
-5.0,32,8.841,6,4,1,0,0,0,1,0
0.0,33,5.775,6,1,0,0,0,0,0,0
0.6,60,3.825,11,1,0,0,0,0,0,0
-10.65,26,44.034,15,2,1,1,1,0,0,0
82.65,53,121.836,12,3,1,1,0,1,1,0
0.0,58,9.72,8,4,1,0,0,0,1,0
3.599,42,55.74,13,5,1,1,0,0,0,0
-1.4,32,32.064,12,1,0,0,0,0,0,0
-2.675,29,33.075,14,3,1,1,0,0,1,0
-2.32,26,35.493,12,4,1,1,0,0,0,0
2.28,30,23.268,12,3,1,1,0,0,0,0
0.0,50,14.292,11,3,1,1,0,0,0,0
110.5,56,96.147,13,3,1,0,0,1,1,0
1.5,39,13.566,12,2,0,0,0,0,0,0
0.099,50,25.251,11,4,1,0,0,0,1,0
1.0,43,11.424,16,1,0,0,0,0,0,0
75.299,58,33.51,12,2,1,0,0,0,1,0
-4.6,47,13.35,12,4,1,0,0,0,1,0
5.2,59,6.876,12,1,0,0,0,0,0,0
51.25,40,120.75,18,5,1,1,1,1,1,0
0.045,62,13.218,10,2,0,0,1,0,1,0
0.0,46,12.75,6,4,1,0,0,0,0,0
30.999,42,43.5,14,4,1,0,0,1,1,0
-1.12,30,18.378,12,4,1,0,0,0,0,0
4.5,53,50.7,16,5,1,1,0,0,1,0
-0.35,29,10.8,11,3,0,0,0,0,0,0
-14.9,40,32.832,14,1,0,0,0,0,0,0
64.599,64,23.136,12,2,1,0,0,1,1,0
0.0,32,8.553,11,3,0,0,0,0,0,0
35.015,38,53.925,18,1,0,0,0,0,0,0
0.599,41,8.76,12,3,0,0,0,0,1,0
36.95,37,14.4,16,2,0,0,0,0,1,0
9.37,57,55.539,12,2,1,1,0,1,1,0
10.0,28,51.117,18,2,1,1,1,0,1,0
-16.27,25,19.131,14,1,0,0,0,0,0,0
0.099,30,19.386,14,2,0,0,0,0,0,0
24.352,25,43.05,18,1,0,0,0,1,0,0
0.0,39,10.35,12,4,0,0,0,0,0,0
-11.551,39,21.603,12,3,0,0,0,0,0,0
0.0,33,5.16,12,1,0,0,0,0,0,0
0.0,63,16.5,12,3,1,1,0,0,0,0
-1.82,46,46.356,18,3,0,0,1,0,1,0
82.395,52,21.492,12,2,0,0,0,1,1,0
2.2,41,15.432,16,1,0,0,0,0,0,0
-1.329,38,12.915,12,3,0,0,0,0,0,0
2.099,49,14.97,12,4,1,0,0,0,1,0
2.085,46,33.408,15,1,0,0,1,0,1,0
2.949,29,7.5,12,1,0,0,0,0,0,0
1.5,49,16.284,10,1,0,0,0,0,0,0
44.999,51,17.7,12,2,0,0,0,1,1,0
-2.308,40,29.7,16,4,1,1,1,0,1,0
29.7,45,17.4,10,3,1,0,0,0,1,0
25.699,28,58.923,16,2,1,1,0,1,1,0
0.999,42,28.503,12,2,1,1,0,0,1,0
-1.5,46,96.06,12,1,0,0,0,0,0,0
0.0,37,5.235,12,3,0,0,0,0,0,0
2.0,64,30.192,16,2,1,0,0,0,0,0
-29.98,49,22.98,16,2,0,0,0,0,0,0
-1.53,42,75.036,13,5,1,1,0,1,1,0
91.23,56,28.26,16,1,0,0,0,1,0,0
-0.791,47,18.195,12,10,1,1,1,0,1,0
0.0,40,7.461,12,6,0,0,0,0,0,0
1.0,41,46.791,18,3,1,1,1,0,1,0
4.415,41,26.61,16,4,1,0,0,0,0,0
-0.915,39,54.066,17,5,1,1,1,0,1,0
-4.1,39,43.089,18,4,1,1,1,0,1,0
0.049,25,14.781,12,2,0,0,0,0,0,0
7.999,37,51.06,15,1,0,0,0,1,1,0
0.0,32,14.529,12,4,0,0,0,0,0,0
-0.05,52,44.4,16,2,1,1,1,0,1,0
-0.495,25,28.254,12,3,1,1,0,0,0,0
34.89,45,65.04,14,2,1,1,0,1,1,0
0.8,42,24.6,12,1,0,0,0,0,1,0
-11.501,46,33.726,6,4,1,1,0,0,1,0
1.163,32,55.68,12,5,1,1,0,0,1,0
16.7,64,65.373,16,2,1,0,0,0,1,0
0.29,45,63.3,12,2,1,1,0,1,0,0
0.0,29,16.203,12,4,1,1,1,0,0,0
-2.275,41,34.353,17,2,0,0,0,1,1,0
4.5,34,48.078,18,1,0,0,1,1,1,0
16.7,59,27.942,12,2,1,0,0,0,1,0
5.33,27,25.284,16,1,0,0,0,1,0,0
-1.35,46,17.865,12,3,1,1,0,0,0,0
14.984,26,23.787,14,3,1,0,0,0,1,0
0.0,30,13.11,11,3,0,0,0,0,0,0
-3.3,39,60.03,15,5,1,0,0,0,1,0
0.281,45,57.675,18,4,1,1,1,0,1,0
0.0,30,18.399,13,2,0,0,1,0,0,0
51.74,38,50.016,18,3,1,1,0,1,1,0
7.455,40,68.85,15,2,1,1,1,0,1,0
0.4,30,21.036,12,3,1,0,0,0,1,0
3.328,30,44.613,16,4,1,1,1,0,1,0
0.182,32,10.929,12,1,0,0,0,0,0,0
0.099,49,42.69,12,4,1,1,0,0,1,0
-4.596,25,30.834,14,3,0,0,0,0,0,0
0.499,60,13.29,7,1,0,0,0,0,1,0
0.0,35,17.64,15,4,0,0,1,0,0,0
99.789,61,66.528,12,2,1,0,0,1,1,0
14.699,25,26.4,9,1,0,0,0,0,0,0
0.25,36,18.054,9,6,1,0,0,0,0,0
1.12,44,20.505,12,1,0,0,1,0,0,0
0.0,36,40.8,12,5,1,1,0,0,1,0
0.5,40,62.745,11,7,1,1,1,0,1,0
-0.351,36,48.351,12,4,1,1,0,0,0,0
0.125,31,17.145,14,1,0,0,0,0,0,0
0.0,26,12.084,12,2,0,0,0,0,0,0
38.4,41,54.21,16,3,1,1,0,1,1,0
1.1,34,36.474,16,1,0,0,1,0,1,0
66.7,58,100.329,15,3,1,1,0,0,1,0
0.0,34,29.7,6,9,1,1,0,0,0,0
0.0,42,10.836,14,3,0,0,0,0,1,0
360.413,63,71.535,18,2,1,0,0,1,1,0
-3.888,41,31.896,12,5,1,0,0,0,0,0
-5.0,58,51.489,18,2,1,0,1,0,1,0
-2.901,46,31.857,18,3,1,1,1,0,1,0
14.85,39,28.98,9,4,1,0,0,0,0,0
0.35,59,32.856,12,2,1,0,0,0,0,0
-1.3,49,19.734,9,7,1,1,0,0,1,0
0.068,42,9.945,12,1,0,0,0,0,0,0
-10.43,27,47.34,12,2,0,0,1,0,1,0
0.0,47,8.694,8,1,0,0,0,0,1,0
-7.9,63,20.724,12,4,1,0,0,0,0,0
39.1,33,52.494,14,4,1,1,0,1,1,0
0.0,36,15.6,14,3,0,0,0,0,0,0
2.0,60,14.541,8,3,1,0,0,0,0,0
16.4,44,36.06,18,4,1,0,0,1,1,0
-1.742,40,12.015,18,1,0,0,0,0,0,0
12.499,54,39.15,16,1,0,0,1,0,1,0
0.575,25,17.31,12,1,0,0,0,0,0,0
2.573,26,22.83,13,1,0,0,0,0,0,0
-0.35,26,15.33,13,1,0,0,0,0,0,0
7.299,42,47.265,18,1,0,0,1,0,0,0
1.853,36,27.741,18,1,0,0,1,0,1,0
0.005,31,16.56,12,1,0,0,0,0,0,0
43.411,61,39.081,10,2,1,0,0,1,1,0
-1.6,34,19.38,12,1,0,0,0,0,0,0
0.0,40,40.62,16,5,1,1,0,0,0,0
-0.3,49,18.975,12,2,0,0,1,0,1,0
0.145,28,8.292,13,1,0,0,0,0,0,0
1.54,31,10.356,12,4,1,0,0,0,0,0
0.172,32,23.508,12,4,1,1,0,0,1,0
42.499,42,35.616,18,1,0,0,0,1,1,0
0.0,55,12.24,11,1,0,0,0,0,0,0
54.0,38,80.613,18,4,1,1,0,1,1,0
6.8,25,20.508,13,3,1,1,0,0,0,0
0.499,49,10.215,5,4,0,0,1,0,0,0
140.6,40,59.34,16,4,1,1,0,1,1,0
0.0,57,9.18,12,1,0,0,0,0,0,0
0.0,50,5.61,14,1,0,0,0,0,0,0
136.1,55,63.972,15,2,1,1,0,1,1,0
-0.306,49,13.491,12,1,0,0,0,0,1,0
0.05,52,21.24,14,3,0,0,1,0,1,0
-0.5,48,34.074,8,5,1,0,0,0,1,0
-1.5,39,17.097,11,1,0,0,1,0,0,0
0.249,32,32.451,4,6,1,1,0,0,0,0
0.0,33,24.3,12,3,1,1,0,0,0,0
10.175,31,65.334,12,4,1,1,0,0,1,0
81.7,51,56.883,13,2,0,0,0,1,1,0
5.399,48,30.831,12,4,1,1,0,0,1,0
0.0,29,30.633,12,2,0,0,0,0,0,0
0.0,45,19.848,12,5,1,1,0,0,0,0
12.5,61,37.452,12,3,1,0,0,0,1,0
43.32,53,55.266,14,3,1,0,0,1,0,0
-7.0,30,45.15,18,1,0,0,0,1,1,0
25.347,38,38.085,14,4,1,1,0,0,1,0
0.0,32,14.664,14,2,0,0,0,0,0,0
27.0,58,28.476,12,1,0,0,0,1,1,0
0.499,29,17.28,16,1,0,0,1,0,0,0
1.399,31,53.841,12,2,1,1,1,0,0,0
45.7,54,49.08,10,2,1,0,0,1,1,0
-0.47,31,38.151,12,2,0,0,0,0,1,0
4.999,48,39.72,12,4,1,0,0,0,1,0
-11.6,26,25.98,10,5,1,0,0,0,0,0
-1.37,27,12.093,14,1,0,0,0,0,0,0
0.999,31,23.265,13,1,0,0,0,0,0,0
4.999,49,41.1,16,1,1,0,0,0,0,0
4.0,36,29.16,12,6,1,0,0,0,1,0
2.724,51,34.302,18,2,0,0,0,1,0,0
1.45,40,40.62,11,4,1,1,0,0,1,0
16.175,60,14.19,12,2,1,0,0,0,1,0
10.569,64,17.604,12,1,0,0,1,1,0,0
0.0,57,13.362,6,1,0,0,0,0,1,0
7.65,37,30.996,16,4,1,0,0,0,1,0
0.0,46,3.69,6,5,1,0,0,0,1,0
-4.8,54,12.048,14,2,0,0,1,0,1,0
-0.928,36,8.316,11,3,0,0,0,0,1,0
-1.9,29,26.784,13,5,1,1,0,0,1,0
-0.3,33,33.006,15,3,1,1,1,0,1,0
2.999,53,52.008,12,2,1,1,0,0,1,0
-5.65,49,16.092,11,3,1,0,0,0,1,0
-1.63,42,44.526,18,6,1,1,1,0,1,0
62.899,60,33.885,7,2,1,0,0,1,1,0
157.35,46,73.62,16,3,1,0,0,1,1,0
-1.45,25,24.51,12,4,1,1,0,0,0,0
18.0,41,44.76,18,4,1,1,0,0,1,0
-23.5,30,30.0,18,1,1,0,0,0,0,0
0.25,29,35.1,12,1,0,0,0,0,0,0
-3.969,42,25.281,12,5,1,0,0,0,0,0
39.189,38,45.336,17,1,0,0,0,1,0,0
0.0,40,25.536,12,3,0,0,0,0,0,0
-17.039,39,41.298,13,4,1,0,0,0,1,0
-0.376,38,13.08,15,1,0,0,0,0,0,0
-0.02,30,10.272,12,1,0,0,0,0,0,0
-1.755,30,21.69,12,5,1,1,0,0,1,0
-9.868,50,30.42,16,2,1,0,0,0,0,0
1.586,37,25.134,16,2,1,0,1,0,0,0
34.149,42,41.232,16,4,1,1,0,1,1,0
0.067,44,11.262,8,4,1,0,0,0,0,0
1.0,32,9.774,14,1,0,0,0,0,0,0
-19.733,32,27.261,12,8,1,1,0,0,0,0
9.0,53,19.2,15,2,0,0,0,1,0,0
-0.03,48,19.176,12,4,1,0,0,0,1,0
1.3,40,25.035,12,5,1,0,0,0,1,0
57.8,57,30.675,18,1,0,0,0,1,0,0
-0.6,40,13.29,13,3,0,0,0,0,1,0
13.569,64,13.737,11,1,0,0,0,0,1,0
-0.3,47,26.316,12,5,1,0,1,0,1,0
-6.0,30,60.87,12,4,1,1,0,0,1,0
-0.83,37,29.445,12,4,1,0,0,0,1,0
-4.7,33,21.972,12,2,0,0,1,0,0,0
87.897,59,79.545,18,2,1,0,0,1,1,0
-0.95,57,3.6,9,8,1,0,0,0,0,0
-14.0,49,89.1,18,4,1,1,1,0,1,0
-3.0,39,1.95,14,3,1,1,0,1,0,0
1.549,54,36.996,13,5,1,1,0,0,1,0
0.199,48,20.418,8,2,1,1,0,0,0,0
0.0,49,14.1,14,2,0,0,0,0,0,0
109.0,54,58.653,15,3,0,0,1,1,1,0
0.899,40,27.735,12,4,1,1,0,0,1,0
-0.609,29,27.486,10,6,1,0,0,1,0,0
-0.2,27,15.0,12,1,0,0,1,0,0,0
10.747,43,33.288,12,2,1,1,0,0,1,0
0.8,52,46.8,13,4,1,1,0,0,0,0
74.8,51,66.573,16,4,1,1,0,1,1,0
-7.97,33,47.001,16,2,1,1,1,0,0,0
-1.829,60,25.005,12,3,1,0,0,0,1,0
-2.43,48,14.328,12,3,1,1,0,0,1,0
29.7,34,22.41,17,1,0,0,0,1,0,0
-1.2,28,17.643,12,1,0,0,0,0,0,0
0.0,37,27.675,12,1,0,0,0,0,0,0
0.4,48,8.916,14,1,0,0,0,0,1,0
1.414,38,36.15,14,5,1,0,0,0,1,0
-0.54,34,25.998,14,3,0,0,0,1,1,0
-2.01,26,27.96,12,3,1,1,0,0,1,0
-2.0,43,19.68,12,1,0,0,1,0,1,0
-8.0,31,11.46,12,3,1,0,0,0,1,0
1.9,30,43.293,12,2,1,1,1,0,0,0
-1.0,33,22.161,15,2,0,0,1,0,0,0
2.0,37,16.425,13,1,0,0,0,0,0,0
0.4,28,11.481,14,1,0,0,0,0,0,0
-0.465,35,8.67,12,3,0,0,0,0,0,0
13.2,47,57.6,8,2,1,0,0,1,1,0
1.499,49,41.658,16,1,0,0,0,0,0,0
0.626,28,38.4,12,2,1,1,0,0,1,0
17.0,39,42.009,18,1,0,0,1,1,1,0
-8.101,36,45.03,16,5,1,0,0,0,1,0
15.434,56,35.772,13,2,1,0,0,1,1,0
2.3,30,27.84,16,1,0,0,0,0,1,0
53.699,55,54.963,12,2,1,0,0,0,1,0
-0.6,60,3.888,12,2,1,0,0,0,1,0
1.0,53,7.2,12,1,0,0,0,0,0,0
15.5,54,31.008,14,2,1,1,0,1,1,0
0.0,38,31.158,12,4,1,1,0,0,1,0
-0.03,42,43.35,15,5,1,0,0,0,1,0
48.599,37,42.459,12,5,1,1,0,0,1,0
30.902,44,46.815,17,3,0,0,1,1,1,0
-1.622,53,8.166,8,1,0,0,1,0,1,0
-1.15,27,8.814,12,2,0,0,0,0,0,0
52.0,53,47.52,12,4,1,0,0,1,1,0
16.35,63,25.611,9,2,1,0,0,0,1,0
-0.3,37,13.314,12,2,0,0,1,0,0,0
0.0,45,10.89,12,2,0,0,1,0,0,0
4.2,54,37.98,6,8,1,1,1,1,1,0
-1.0,27,32.88,12,3,1,1,0,0,0,0
-2.4,36,30.837,12,3,1,1,0,0,0,0
2.1,32,21.306,14,1,0,0,0,0,1,0
-0.6,30,17.43,12,1,0,0,0,0,0,0
40.999,32,68.169,18,4,1,1,1,1,1,0
1.152,61,23.562,15,1,0,0,0,0,1,0
0.325,34,33.171,12,3,1,0,0,0,0,0
0.0,29,15.276,12,1,0,0,0,0,0,0
0.3,62,20.151,5,2,1,0,0,0,1,0
-0.611,41,37.44,12,3,1,1,0,0,1,0
2.056,40,32.205,15,2,1,1,1,0,1,0
39.0,45,15.936,12,2,0,0,0,1,1,0
0.049,25,11.733,12,2,1,0,0,0,0,0
0.0,26,38.226,12,6,1,1,0,0,0,0
59.748,41,15.12,12,6,1,0,0,0,1,0
-3.23,29,39.0,16,1,0,0,0,0,0,0
-1.001,40,10.26,16,6,0,0,0,0,1,0
0.15,29,25.209,2,5,1,1,0,0,0,0
-6.235,42,33.726,14,3,1,0,1,0,1,0
0.05,28,30.363,16,2,1,0,0,0,0,0
-2.25,27,13.482,12,3,1,0,0,0,0,0
7.529,38,9.48,8,1,0,0,0,1,1,0
0.0,40,19.65,9,1,0,0,0,0,0,0
-2.15,48,14.025,14,2,0,0,0,0,1,0
0.5,31,15.84,13,5,1,0,0,0,0,0
3.4,41,26.148,12,3,0,0,1,1,0,0
0.0,44,79.041,16,1,0,0,1,0,0,0
104.5,42,36.489,18,3,1,0,1,0,1,0
0.2,46,7.68,6,5,1,1,0,0,0,0
0.0,25,16.278,12,3,0,0,0,0,0,0
25.9,46,35.346,18,1,0,0,1,1,1,0
90.294,54,98.907,16,2,1,1,0,1,1,0
29.2,28,49.125,17,3,1,1,0,1,1,0
-2.6,46,13.956,12,3,0,0,0,0,1,0
2.6,25,4.944,18,1,0,0,0,0,0,0
-0.15,36,12.636,16,7,1,0,0,0,1,0
0.0,60,12.792,9,1,0,0,0,0,1,0
4.1,40,50.634,14,3,1,1,1,1,0,0
-21.751,28,3.765,16,3,0,0,0,0,0,0
0.01,34,27.006,12,1,0,0,0,0,0,0
-0.4,36,6.411,13,2,0,0,0,0,0,0
0.0,25,8.256,9,5,0,0,0,0,0,0
0.5,28,10.5,12,1,0,0,0,0,0,0
0.0,31,23.223,12,4,1,0,0,0,0,0
-3.146,38,36.654,11,4,1,1,0,0,1,0
0.0,53,8.7,12,3,0,0,0,0,1,0
7.751,63,36.633,11,6,1,1,1,1,1,0
12.8,31,25.68,12,3,1,0,0,0,0,0
0.0,28,15.708,10,2,1,0,0,0,1,0
3.87,35,23.037,17,1,0,0,0,1,0,0
36.741,34,56.409,14,5,1,0,0,1,1,0
13.099,64,15.696,9,3,1,0,0,0,1,0
62.399,56,38.766,12,2,1,0,0,1,1,0
27.4,50,60.3,12,2,1,1,0,1,1,0
0.08,41,10.83,6,5,1,0,0,0,0,0
1.4,27,32.106,13,4,1,1,0,0,0,0
-8.675,25,28.8,16,2,1,1,0,0,0,0
0.0,26,5.694,12,4,1,0,0,0,0,0
-7.495,42,16.326,15,4,1,1,1,0,1,0
1.681,29,22.464,16,2,0,0,1,1,1,0
3.0,27,52.86,12,1,0,0,0,0,0,0
-1.031,29,25.668,12,3,1,1,0,0,0,0
1.746,40,46.605,12,5,1,0,0,0,1,0
178.915,36,77.316,14,6,1,0,0,0,1,0
18.3,62,29.7,12,2,1,0,0,0,1,0
0.0,25,15.81,12,1,0,0,0,0,0,0
2.999,39,28.74,14,2,0,0,1,0,1,0
-43.434,60,40.917,13,3,1,0,0,0,0,0
-2.975,31,5.25,8,4,1,0,0,0,1,0
-1.24,36,7.197,12,4,0,0,0,0,0,0
-0.04,35,15.69,12,3,0,0,0,0,1,0
4.701,52,20.7,12,1,0,0,0,0,1,0
7.0,26,21.975,16,2,1,0,0,0,0,0
-3.2,38,32.805,12,4,1,1,0,0,0,0
78.3,32,83.652,12,4,1,1,0,1,1,0
-2.5,56,40.71,12,1,0,0,0,1,1,0
-10.9,38,54.765,14,4,1,0,0,0,1,0
-2.482,33,36.051,15,5,1,0,0,0,0,0
-2.4,38,22.776,12,4,1,0,0,0,1,0
0.3,44,6.792,1,3,1,0,0,0,0,0
-20.509,39,30.021,11,4,1,0,0,0,1,0
-2.9,49,29.814,14,1,0,0,0,0,0,0
-12.007,27,23.85,14,3,1,1,0,0,0,0
6.0,60,35.277,12,3,1,1,0,0,0,0
-1.0,40,21.63,12,1,0,0,0,0,1,0
-2.2,35,25.215,12,2,1,1,0,0,1,0
0.0,47,28.2,12,4,1,0,0,0,1,0
0.0,42,19.101,9,5,1,1,0,0,0,0
2.0,45,17.829,12,2,1,1,0,0,1,0
5.7,59,13.974,7,3,0,0,0,1,1,0
0.057,33,19.767,13,3,1,1,0,0,0,0
15.63,58,49.17,14,2,1,0,0,1,1,0
-1.4,31,44.598,12,3,1,1,0,0,1,0
-0.355,41,70.671,14,4,1,1,1,0,1,0
63.4,53,32.856,17,1,0,0,0,1,1,0
-0.31,39,16.14,12,5,1,0,0,0,0,0
3.5,42,41.316,14,4,1,1,1,0,1,0
-4.331,38,24.849,14,7,1,0,0,0,1,0
-2.5,28,24.6,12,3,0,0,1,0,1,0
-9.456,41,24.012,15,3,0,0,0,0,1,0
0.004,32,4.668,12,5,1,0,0,0,0,0
93.3,45,105.3,14,2,1,1,0,1,1,0
1.1,41,18.09,14,2,1,0,0,0,0,0
8.0,57,12.555,12,1,0,0,0,0,0,0
-16.586,52,7.44,18,1,0,0,0,0,0,0
0.0,43,12.828,11,5,0,0,0,0,1,0
2.0,41,82.2,12,4,1,1,1,0,1,0
0.0,61,40.77,12,2,1,1,0,0,0,0
-0.7,35,18.903,12,5,1,0,0,0,1,0
0.0,39,11.808,5,5,1,1,0,0,0,0
23.82,48,23.64,15,1,0,0,1,1,0,0
10.5,26,25.86,16,1,0,0,0,0,1,0
4.922,52,32.826,14,6,1,0,0,1,1,0
17.0,49,23.1,18,1,0,0,0,0,1,0
-0.8,53,26.622,10,3,1,1,1,0,1,0
-0.7,42,26.19,12,4,1,1,0,0,1,0
-1.1,45,28.524,12,3,0,0,0,0,0,0
0.0,60,15.723,7,1,0,0,0,0,1,0
-7.7,28,34.503,14,3,1,1,0,0,1,0
18.8,43,50.55,18,1,0,0,1,0,1,0
0.0,36,25.866,16,3,0,0,0,0,0,0
-3.1,48,24.09,8,3,1,1,0,0,1,0
-1.451,39,18.99,18,1,0,0,0,0,1,0
-2.55,38,27.93,13,4,1,0,0,0,1,0
0.0,31,8.67,12,4,1,0,0,0,0,0
-7.0,52,53.955,12,4,1,1,0,0,1,0
-5.901,28,39.045,12,2,1,1,0,0,0,0
53.712,62,29.841,18,1,0,0,1,1,1,0
-0.7,27,25.5,14,1,0,0,0,0,0,0
0.0,40,8.031,12,2,0,0,0,0,0,0
-3.25,32,29.94,12,6,1,0,0,0,1,0
18.7,51,30.03,12,3,0,0,1,1,1,0
-1.06,41,25.944,13,5,1,0,0,0,0,0
-0.55,50,6.06,12,1,0,0,0,0,1,0
-0.495,31,10.008,12,4,0,0,0,0,0,0
6.807,46,11.856,13,1,0,0,0,0,0,0
-0.295,32,25.5,10,3,1,0,0,0,1,0
-4.45,55,15.15,9,4,1,0,0,0,1,0
6.548,51,45.003,12,4,1,1,0,0,1,0
-15.55,54,32.241,10,5,1,1,1,0,1,0
4.399,55,33.657,12,2,1,1,0,0,1,0
1.01,29,76.65,16,2,1,1,0,0,1,0
0.6,60,16.98,12,4,1,1,0,0,0,0
-18.88,35,42.93,16,3,1,1,0,0,1,0
-2.45,30,15.3,6,4,1,0,0,0,1,0
1.15,26,37.833,14,3,1,1,1,0,0,0
79.4,55,68.76,9,2,1,0,0,0,0,0
-8.88,57,25.2,12,1,0,0,0,0,1,0
36.4,45,28.875,12,2,0,0,1,1,1,0
3.3,41,49.356,17,4,1,1,0,1,1,0
-5.4,42,16.521,13,1,0,0,0,0,1,0
0.964,26,22.305,12,4,1,1,0,0,0,0
0.099,41,19.59,12,1,0,0,0,0,1,0
0.1,35,40.572,8,1,0,0,1,0,0,0
5.795,27,45.219,18,1,0,0,0,0,0,0
0.599,46,24.996,14,2,0,0,0,0,1,0
0.2,44,34.539,12,7,1,1,0,0,1,0
0.8,49,16.335,14,2,0,0,0,1,0,0
-1.95,63,14.4,15,4,0,0,0,0,1,0
-5.996,31,8.085,12,4,1,0,0,0,0,0
-13.551,34,62.703,13,4,1,1,0,0,1,0
-5.35,29,34.923,12,1,0,0,0,0,0,0
-0.4,42,19.848,10,4,1,1,0,0,1,0
-0.142,53,11.523,12,3,1,0,0,0,1,0
-2.6,30,8.28,12,3,1,0,0,0,0,0
-0.627,36,12.75,10,3,1,0,0,0,0,0
-0.15,45,15.054,12,4,0,0,0,0,1,0
10.0,42,38.343,12,4,1,1,0,0,1,0
1.295,36,56.16,14,3,0,0,0,0,0,0
-0.8,25,13.506,11,2,0,0,0,0,0,0
6.0,40,37.92,15,3,0,0,0,0,1,0
-8.8,33,30.828,12,5,1,0,0,0,1,0
0.0,52,21.891,8,2,0,0,1,0,1,0
0.4,33,13.749,12,1,0,0,0,0,0,0
16.199,44,23.055,18,1,0,0,0,1,1,0
-0.2,31,20.436,12,4,1,0,0,0,0,0
154.825,46,43.086,18,3,0,0,1,0,1,0
-0.1,31,25.803,13,5,1,1,0,0,1,0
-1.011,25,10.206,13,3,1,0,0,0,1,0
-33.9,43,42.024,16,2,1,1,0,0,0,0
0.0,41,24.864,12,5,1,1,0,0,1,0
13.449,51,39.165,18,3,1,0,0,1,1,0
-4.5,54,65.55,16,3,1,1,1,0,1,0
-0.055,44,9.693,12,4,0,0,0,0,0,0
-3.2,33,13.386,13,5,0,0,0,0,1,0
-1.552,54,19.371,12,3,1,0,1,0,0,0
-3.875,41,56.334,17,3,1,1,1,0,1,0
-4.811,43,23.463,16,1,0,0,0,0,0,0
-20.05,43,74.955,14,4,1,1,1,0,1,0
1.746,44,31.527,16,4,1,0,0,0,1,0
-2.0,62,17.34,12,1,0,0,1,0,0,0
5.05,32,95.961,17,2,1,1,1,1,0,0
-0.36,34,72.375,12,4,1,1,0,0,1,0
-8.005,39,74.649,18,4,1,1,1,0,1,0
6.107,52,26.412,12,2,1,0,0,1,1,0
-1.6,26,52.32,16,2,1,1,1,0,1,0
-2.4,54,61.692,12,3,1,1,0,1,1,0
-5.7,41,6.741,15,2,0,0,0,0,1,0
47.384,48,30.543,16,1,0,0,0,0,0,0
0.0,40,24.0,12,1,0,0,0,0,0,0
0.0,51,10.509,8,2,1,0,0,0,0,0
-0.05,60,17.544,12,2,0,0,0,0,1,0
4.0,27,30.3,12,4,1,0,0,1,0,0
10.15,45,49.551,12,3,1,0,0,1,1,0
48.486,64,34.881,8,2,1,0,0,1,1,0
3.05,40,21.645,12,2,0,0,0,1,1,0
-6.0,34,19.89,9,4,1,1,0,0,1,0
0.6,30,7.884,8,2,0,0,0,0,0,0
-0.762,33,35.757,14,1,0,0,1,0,0,0
-15.047,31,7.32,16,2,0,0,0,0,0,0
-0.5,55,18.468,9,1,0,0,1,0,0,0
0.0,43,10.5,8,5,1,0,0,0,0,0
3.788,43,23.667,12,1,0,0,0,1,0,0
2.4,30,25.65,12,1,0,0,0,0,0,0
19.513,54,36.636,11,3,1,1,1,1,1,0
0.999,44,12.96,10,8,1,0,0,0,0,0
23.8,30,91.5,18,1,0,0,0,0,0,0
0.0,41,10.2,10,4,0,0,0,0,1,0
0.0,42,8.937,11,8,0,0,0,0,1,0
0.0,30,28.629,12,3,1,1,0,0,1,0
-3.998,34,5.865,16,4,0,0,0,0,0,0
-19.45,28,68.229,18,1,0,0,0,0,1,0
-8.7,45,61.83,13,3,1,1,0,0,1,0
-4.4,45,46.071,12,4,1,1,0,0,1,0
12.8,52,48.0,12,3,1,1,0,1,0,0
-14.85,46,25.5,12,6,1,0,0,0,1,0
22.499,53,37.8,12,2,0,0,0,0,1,0
0.0,31,21.129,11,7,1,0,0,0,0,0
250.999,50,162.597,18,4,1,0,0,1,1,0
0.0,39,25.416,8,6,1,0,0,0,0,0
-3.288,26,1.275,16,1,0,0,0,0,0,0
35.0,34,92.097,18,4,1,0,0,0,1,0
12.618,59,21.843,11,2,0,0,0,0,1,0
53.258,37,85.926,15,3,1,1,0,1,1,0
-2.09,32,35.751,14,4,1,1,0,0,0,0
-6.6,50,19.965,13,1,0,0,0,1,0,0
-24.8,47,24.996,18,1,0,0,1,0,0,0
-11.76,43,27.168,7,6,1,0,0,0,1,0
-4.456,37,30.942,18,3,0,0,0,0,1,0
-7.45,57,23.394,9,1,0,0,1,0,1,0
-29.001,61,49.002,12,5,1,1,0,0,1,0
-5.646,29,20.4,14,4,1,0,0,0,1,0
-1.0,33,31.44,16,1,0,0,1,0,0,0
-6.127,41,35.478,7,2,1,1,1,0,1,0
0.0,55,10.2,10,1,0,0,0,0,0,0
-2.801,29,13.89,15,2,0,0,0,0,0,0
22.499,60,39.288,10,2,1,0,0,1,1,0
-1.1,53,4.95,10,2,1,0,0,0,1,0
5.29,52,47.295,13,2,1,1,1,1,1,0
5.0,35,11.628,17,3,0,0,0,0,1,0
29.0,30,29.4,12,1,0,0,0,0,1,0
-2.2,29,22.68,12,6,1,0,0,0,0,0
-1.751,32,41.175,12,2,1,1,1,0,0,0
0.5,25,8.889,12,1,0,0,0,0,1,0
110.0,45,94.776,18,1,0,0,0,0,1,0
-8.9,37,50.28,13,4,1,1,0,0,1,0
-18.7,47,27.15,14,3,0,0,1,0,0,0
21.6,58,36.9,12,2,1,0,0,0,1,0
19.6,27,6.096,12,1,0,0,1,0,1,0
1.5,28,32.43,12,3,1,0,0,0,0,0
0.0,40,8.394,16,1,0,0,0,0,0,0
17.517,42,49.509,18,3,0,0,1,0,1,0
10.22,49,18.117,12,1,0,0,0,1,1,0
0.0,60,7.83,12,1,0,0,0,0,1,0
0.449,43,27.792,12,3,1,0,0,1,1,0
7.997,39,62.61,18,3,1,1,0,1,1,0
-19.706,48,32.349,11,4,1,1,0,0,0,0
92.8,52,100.596,18,2,0,0,0,0,1,0
-1.49,30,34.443,12,4,1,1,0,0,1,0
54.997,55,27.0,10,2,1,1,0,1,0,0
2.499,28,47.07,12,2,1,1,0,0,1,0
-15.5,48,20.592,15,2,1,0,0,0,1,0
0.299,36,12.243,12,2,0,0,0,0,0,0
6.973,44,84.993,14,3,1,1,0,0,1,0
-3.61,31,9.369,12,3,0,0,0,0,0,0
26.749,55,45.99,6,5,1,1,0,1,1,0
345.603,52,110.952,12,5,1,1,0,1,1,0
1.499,46,56.094,12,2,1,1,1,0,1,0
1.2,50,31.296,12,3,1,0,0,0,1,0
-5.9,52,30.045,12,4,1,1,1,1,1,0
0.343,38,31.938,12,4,1,0,0,0,1,0
0.42,41,16.74,11,2,0,0,1,0,0,0
2.2,48,28.812,16,2,0,0,1,1,1,0
30.849,31,22.722,18,2,1,0,0,1,1,0
-26.28,34,44.775,16,4,1,0,0,0,0,0
0.8,36,4.458,12,3,1,1,0,0,0,0
0.0,53,13.77,3,3,1,0,0,0,1,0
-0.6,44,47.25,14,1,0,0,0,0,1,0
12.5,64,18.738,11,2,1,1,0,1,1,0
0.0,38,15.321,12,1,0,0,0,0,0,0
-0.87,31,27.72,13,2,1,1,0,0,1,0
0.849,25,20.448,13,1,0,0,1,0,0,0
-1.154,33,39.234,14,4,1,1,0,0,0,0
-7.2,47,39.525,16,3,0,0,0,0,1,0
10.325,56,1.188,8,1,0,0,0,1,0,0
-4.3,28,45.09,12,2,1,1,0,0,1,0
-4.095,41,19.413,12,4,0,0,0,0,1,0
2.526,25,47.322,16,2,1,1,0,0,1,0
76.0,64,30.432,13,2,1,0,0,1,0,0
-2.05,26,26.43,14,2,1,1,0,0,0,0
11.654,29,44.952,13,4,1,0,0,0,0,0
-2.4,46,56.388,18,5,1,1,1,0,1,0
0.0,46,24.126,12,8,1,0,0,0,0,0
1.351,57,14.676,12,2,1,1,0,1,1,0
1.6,41,33.225,18,1,0,0,0,1,0,0
7.6,43,26.58,12,3,0,0,0,0,1,0
0.95,27,38.67,12,4,1,1,0,0,1,0
11.599,37,38.697,16,1,0,0,1,0,0,0
1.247,44,35.7,13,4,1,1,0,0,1,0
0.255,38,57.609,12,4,1,1,0,0,1,0
-1.5,28,16.38,14,3,0,0,0,0,0,0
-0.25,37,20.676,14,3,1,1,0,0,0,0
16.5,33,108.3,16,4,1,1,0,1,1,0
-9.0,28,19.68,12,2,1,1,0,0,0,0
43.599,42,28.515,12,6,1,0,0,0,1,0
6.368,31,62.73,16,3,1,0,0,1,1,0
2.0,41,12.588,13,2,0,0,0,0,1,0
-7.751,55,56.103,12,5,1,1,0,1,1,0
13.697,33,32.442,12,3,1,1,0,0,0,0
1.02,31,21.63,12,1,0,0,0,0,0,0
62.95,40,99.567,18,4,1,0,0,1,1,0
1.8,45,24.426,12,1,0,0,1,0,1,0
19.55,29,37.65,16,2,1,1,0,1,1,0
-5.8,38,44.4,16,1,0,0,0,0,1,0
-1.925,56,14.703,10,1,0,0,1,0,1,0
4.035,53,28.317,11,2,1,0,0,0,1,0
9.6,59,23.445,12,2,1,0,0,1,1,0
6.075,62,6.948,13,1,0,0,0,1,1,0
-5.38,34,15.684,16,1,0,0,1,0,0,0
2.9,42,69.375,16,1,0,0,0,0,0,0
21.0,34,39.21,17,2,0,0,1,1,0,0
230.5,45,76.428,18,2,1,1,1,1,1,0
1.4,63,25.548,12,4,0,0,0,0,1,0
0.095,34,17.253,12,2,1,0,1,0,1,0
33.649,53,42.9,12,1,0,0,1,1,1,0
25.55,60,3.555,14,2,1,0,0,1,1,0
1.152,48,26.349,6,3,1,1,1,0,1,0
0.16,41,16.287,6,7,1,0,0,0,1,0
0.3,34,13.818,12,3,1,0,0,0,1,0
11.35,32,24.807,13,4,1,1,1,0,1,0
-7.575,40,35.688,12,4,1,1,0,0,0,0
-0.888,40,24.645,12,5,1,1,0,0,1,0
-6.9,25,8.25,14,1,0,0,0,0,0,0
0.4,41,13.632,12,2,0,0,0,0,0,0
-0.08,30,13.98,12,3,0,0,0,0,0,0
-5.551,32,24.666,13,3,0,0,0,0,1,0
0.0,33,23.601,10,4,0,0,1,0,0,0
0.249,55,15.135,14,1,0,0,0,0,0,0
0.3,50,30.66,12,3,1,1,1,0,0,0
0.1,30,11.82,12,3,0,0,0,0,0,0
185.5,51,65.22,18,3,1,0,0,1,1,0
6.971,32,74.862,18,3,1,1,1,1,1,0
12.0,35,51.36,16,1,0,0,0,1,1,0
2.0,29,17.97,12,3,1,0,0,0,1,0
-2.681,39,21.459,14,2,0,0,1,0,1,0
0.13,25,37.236,13,3,1,1,0,1,1,0
0.0,64,10.2,8,2,0,0,0,0,0,0
4.5,37,44.316,13,2,1,0,0,0,1,0
11.109,48,32.565,12,1,0,0,0,0,1,0
0.5,41,34.95,16,3,0,0,0,0,1,0
35.499,27,77.781,18,2,1,1,1,1,1,0
-0.8,55,12.78,8,3,1,0,0,0,1,0
38.177,60,39.393,11,2,1,0,0,1,1,0
-0.92,31,44.241,12,3,0,1,0,0,1,0
2.029,53,19.956,16,1,0,0,0,0,0,0
54.253,52,50.544,18,2,0,0,1,1,1,0
17.6,37,59.58,12,3,1,1,0,1,1,0
4.256,38,55.377,12,4,1,1,0,1,1,0
-6.9,41,19.17,16,1,0,0,1,0,1,0
-0.399,25,17.646,12,3,1,0,0,0,0,0
-7.0,34,17.445,12,4,1,1,0,0,1,0
20.2,27,9.24,16,1,0,0,0,1,1,0
12.25,46,61.521,12,5,0,0,1,1,1,0
90.5,38,101.886,16,2,0,0,1,1,1,0
13.828,62,31.692,8,2,1,0,0,1,1,0
0.0,54,10.8,12,1,0,0,0,0,0,0
-2.35,25,13.377,12,1,0,0,0,0,0,0
175.999,63,61.476,16,2,1,1,0,1,1,0
-16.2,26,7.44,13,4,1,0,0,0,0,0
0.0,46,6.0,14,2,0,0,0,0,0,0
0.0,54,26.316,12,1,0,0,0,0,1,0
2.117,57,50.916,14,2,1,1,0,1,1,0
-17.3,42,73.362,14,5,1,1,0,0,1,0
0.268,34,29.205,12,6,1,1,0,0,0,0
-2.462,28,48.558,12,4,1,1,1,0,0,0
-0.5,40,6.774,10,3,0,0,0,0,0,0
174.999,52,16.509,18,1,0,0,1,1,1,0
1.8,49,25.608,3,1,0,0,0,0,0,0
-10.5,36,27.6,15,4,0,0,0,0,0,0
-2.14,29,22.44,12,3,1,0,0,0,0,0
34.418,32,169.404,17,2,1,1,0,1,1,0
-8.0,40,37.368,12,6,1,1,0,0,1,0
0.0,38,92.253,18,3,0,0,1,1,0,0
29.648,30,85.569,16,2,1,1,0,1,0,0
-0.3,46,2.205,12,6,0,0,0,0,0,0
-3.647,25,37.371,16,1,0,0,0,0,0,0
0.35,29,23.94,11,3,1,1,1,0,1,0
-8.538,31,57.786,18,2,1,1,0,0,0,0
0.3,46,12.018,11,1,0,0,0,0,0,0
0.65,38,15.612,16,3,0,0,1,0,1,0
5.855,59,26.664,12,1,0,0,1,0,1,0
12.899,46,47.52,15,4,1,1,1,1,1,0
-24.5,55,23.208,12,3,1,0,0,0,0,0
0.1,38,21.978,12,1,0,0,1,0,1,0
0.0,30,6.471,14,4,0,0,0,0,0,0
7.0,25,41.856,12,3,1,1,0,0,0,0
-16.431,33,26.88,17,3,1,1,0,0,0,0
0.0,59,9.705,1,1,0,0,0,0,0,0
3.129,25,18.162,13,1,0,0,0,0,1,0
2.725,25,15.39,17,1,0,0,0,0,0,0
0.45,35,48.615,12,4,1,1,1,0,0,0
0.0,28,17.7,10,1,0,0,0,0,0,0
-0.02,56,18.402,12,4,1,1,0,0,1,0
0.3,49,60.15,14,3,1,1,1,0,1,0
1.4,25,37.257,18,2,1,1,0,0,1,0
1.3,31,32.589,12,4,1,1,0,0,1,0
1.046,27,10.857,12,1,0,0,0,0,1,0
22.227,38,35.247,12,1,0,0,1,1,0,0
-19.425,34,29.43,16,2,0,0,0,0,0,0
13.4,34,55.986,13,6,1,0,0,0,1,0
0.0,40,12.15,12,1,0,0,0,0,0,0
2.199,53,26.295,18,1,0,0,1,0,1,0
-6.705,32,49.329,16,2,1,1,0,0,1,0
-2.425,33,5.868,15,3,0,0,0,0,0,0
-1.9,55,29.097,12,2,1,1,0,0,1,0
7.999,47,74.97,12,4,1,1,1,0,1,0
14.299,32,23.718,16,1,0,0,0,1,0,0
184.1,61,97.044,16,2,1,0,0,1,1,0
2.6,30,40.8,11,2,1,1,0,0,1,0
1.85,37,14.13,18,1,0,0,0,0,0,0
-2.4,54,18.255,12,3,0,0,1,0,1,0
-8.501,32,53.7,16,4,1,1,0,0,0,0
0.0,27,12.369,12,2,0,0,0,0,0,0
59.0,50,22.824,12,1,0,0,1,1,1,0
-1.889,48,41.007,12,2,1,1,1,0,1,0
-21.498,45,34.002,12,3,1,0,0,1,0,0
-0.4,28,11.832,12,1,0,0,0,0,0,0
18.6,41,42.06,16,4,1,1,1,1,1,0
5.499,64,18.09,9,1,0,0,1,1,0,0
0.0,28,8.088,12,3,0,0,0,0,0,0
0.6,32,62.7,13,2,0,0,0,0,0,0
114.9,63,29.013,12,2,1,0,0,1,1,0
0.007,32,9.228,12,1,0,0,0,0,0,0
1.339,52,14.46,1,3,1,0,0,0,1,0
-2.48,32,61.722,13,3,1,1,0,0,1,0
2.75,32,43.56,13,4,1,0,0,0,1,0
2.1,32,26.973,12,5,1,0,0,0,1,0
-0.3,61,17.43,12,4,0,0,0,0,0,0
17.7,41,61.953,14,4,1,1,1,0,1,0
-4.05,40,35.475,18,3,0,0,0,0,0,0
0.095,26,6.663,12,4,0,0,0,0,0,0
0.0,25,11.22,6,4,1,0,0,0,0,0
0.0,29,10.2,12,3,0,0,0,0,1,0
2.9,30,20.559,14,3,0,0,1,0,0,0
0.0,42,9.948,3,5,0,0,0,0,0,0
60.015,37,26.55,15,2,1,1,0,0,1,0
1.8,60,16.149,12,2,0,0,1,0,1,0
-10.7,35,36.0,18,1,0,0,0,0,0,0
110.1,51,58.959,14,1,0,0,0,1,0,0
334.576,49,110.76,18,4,1,1,0,1,1,0
-6.55,28,7.02,18,1,0,0,0,0,0,0
1.4,28,43.23,12,1,0,0,1,0,0,0
0.0,29,6.375,16,2,1,0,0,0,0,0
6.834,47,42.951,6,3,1,0,0,0,1,0
11.7,40,52.35,12,2,1,1,0,1,1,0
0.1,26,20.46,12,4,0,0,0,0,0,0
1.249,58,8.745,8,6,1,0,0,0,1,0
-0.5,52,26.01,12,1,0,0,1,0,1,0
0.0,61,16.2,10,2,1,1,0,0,0,0
0.0,40,9.63,12,5,0,0,0,0,1,0
-2.2,35,18.576,11,5,1,0,0,0,1,0
137.8,62,23.535,16,1,0,0,0,1,0,0
0.099,30,41.112,12,2,1,1,0,0,1,0
-7.0,28,19.77,12,4,1,1,1,0,1,0
-1.03,46,17.652,12,4,1,0,0,0,1,0
32.5,53,101.949,12,3,1,0,0,1,1,0
0.955,40,14.64,12,2,0,0,0,1,1,0
11.0,61,28.05,16,2,1,0,0,1,1,0
1.368,29,43.281,12,3,1,1,0,1,0,0
0.1,36,25.02,15,1,0,0,1,0,0,0
0.09,31,38.319,12,3,1,1,0,0,0,0
0.3,38,10.245,7,3,1,0,0,0,0,0
0.994,38,29.64,13,4,1,1,1,0,1,0
-57.0,45,34.68,10,4,1,0,0,0,1,0
0.0,27,12.954,12,5,1,0,0,0,1,0
0.3,32,9.6,11,2,0,0,0,0,0,0
0.591,37,35.889,14,4,1,0,0,0,1,0
14.899,63,41.064,12,3,1,0,0,1,1,0
0.133,49,56.253,12,3,1,1,1,0,0,0
20.399,35,50.424,13,4,1,1,0,1,1,0
1.299,43,24.09,12,1,0,0,1,0,0,0
-9.795,26,24.168,13,1,0,0,0,0,0,0
5.5,51,43.59,17,2,0,0,0,1,1,0
-0.4,56,19.434,14,5,1,0,0,0,0,0
39.4,59,33.921,12,2,1,0,0,1,1,0
-5.004,49,36.933,16,4,1,0,0,0,1,0
6.215,25,16.938,12,3,1,0,0,0,1,0
1.205,30,25.122,12,4,1,1,0,0,0,0
0.0,54,9.18,6,5,1,1,0,0,1,0
0.2,38,43.209,14,3,1,0,0,0,1,0
0.0,40,12.96,10,1,0,0,0,0,0,0
0.0,39,13.338,12,6,0,0,0,0,0,0
0.0,47,17.85,7,6,1,0,0,0,1,0
12.115,47,46.983,12,4,1,1,0,0,1,0
42.6,42,79.65,12,3,1,1,0,1,1,0
47.9,58,22.05,8,1,0,0,0,1,1,0
34.0,64,19.374,12,2,1,1,0,1,1,0
1.6,28,29.427,16,6,1,1,0,0,1,0
4.5,38,19.416,12,2,0,0,1,0,0,0
14.999,34,51.408,12,2,1,1,0,0,1,0
28.0,53,39.978,15,1,0,0,0,1,0,0
0.0,36,20.4,8,5,1,1,0,0,0,0
37.173,51,37.971,15,2,1,0,0,1,1,0
0.0,45,9.96,12,4,1,1,0,0,0,0
-0.113,36,21.369,12,2,0,0,0,0,1,0
2.76,32,28.56,18,4,1,0,0,1,1,0
3.699,48,70.59,18,4,1,1,1,0,1,0
-10.391,30,3.207,17,1,0,0,0,0,0,0
-3.995,36,33.36,12,4,1,1,0,0,1,0
-3.264,25,27.27,12,3,1,1,0,0,1,0
0.0,35,4.653,11,5,0,0,1,0,0,0
0.0,43,11.25,11,5,0,0,0,0,0,0
-3.0,34,49.5,16,3,0,0,0,0,1,0
8.05,41,22.335,13,3,0,0,0,1,1,0
0.1,44,12.648,12,2,1,0,0,0,0,0
11.4,26,15.822,17,2,1,1,1,0,0,0
-0.248,41,14.58,12,3,0,0,0,0,0,0
40.8,42,32.025,14,1,0,0,0,1,0,0
7.5,34,48.786,13,4,1,1,0,1,1,0
0.249,41,34.794,16,1,0,0,1,0,0,0
47.0,39,59.4,12,3,1,1,0,0,1,0
0.0,27,8.4,12,3,0,0,0,0,0,0
0.08,29,39.606,14,2,1,1,0,0,0,0
-5.7,32,28.872,12,5,1,1,0,0,1,0
0.0,49,16.812,12,4,1,1,0,0,1,0
0.0,25,19.38,12,1,0,0,1,0,0,0
74.35,36,19.77,12,1,0,0,0,0,1,0
0.1,37,10.71,10,1,0,0,0,0,0,0
-1.2,27,28.74,18,1,0,0,0,0,0,0
0.2,37,11.04,13,4,1,0,0,0,0,0
-0.25,56,29.7,12,3,1,0,0,0,1,0
0.02,30,19.98,9,5,1,1,0,0,1,0
-1.218,46,16.374,6,6,1,0,0,0,1,0
2.95,41,44.79,12,2,1,1,0,0,1,0
1.849,53,29.304,12,2,1,1,0,0,1,0
0.0,30,15.966,12,1,0,0,1,0,0,0
-1.2,25,10.2,15,1,0,0,0,0,0,0
223.075,30,63.75,16,1,0,0,1,1,0,0
0.22,43,45.594,9,7,1,1,1,0,0,0
-14.5,35,70.29,12,4,1,0,0,0,1,0
34.397,56,27.021,18,1,0,0,0,0,1,0
12.205,42,42.813,18,4,1,1,1,0,1,0
3.5,37,41.514,12,4,1,1,0,0,1,0
1.815,29,20.49,12,1,0,0,0,0,1,0
0.1,39,5.265,14,1,0,0,1,0,1,0
-12.3,36,67.005,14,5,1,0,0,0,1,0
11.955,34,17.352,13,1,0,0,0,1,0,0
19.249,58,13.065,14,1,0,0,0,1,0,0
19.0,63,18.549,3,2,1,0,0,0,1,0
0.7,25,25.395,15,1,0,0,0,0,1,0
13.05,29,17.079,14,1,0,0,0,0,0,0
8.42,42,66.111,17,4,1,1,0,0,1,0
-10.55,44,22.248,6,8,1,1,0,0,1,0
-1.05,36,26.952,13,4,1,1,0,0,1,0
0.0,61,16.32,11,2,1,0,0,0,0,0
-7.953,59,42.948,12,2,1,1,0,0,1,0
26.5,47,51.15,18,1,0,0,0,1,1,0
32.7,60,45.471,16,2,0,0,0,1,1,0
0.0,47,57.924,12,4,1,0,0,0,0,0
1.78,36,47.733,14,2,1,1,0,0,1,0
-10.1,35,17.4,16,1,0,0,1,0,0,0
15.108,55,23.484,12,2,1,0,0,1,1,0
-0.7,59,13.332,10,2,1,0,0,0,1,0
0.0,25,17.85,12,1,0,0,0,0,0,0
-2.0,46,70.83,12,4,1,1,0,0,1,0
0.1,63,16.536,9,3,1,0,0,0,1,0
-5.7,27,64.875,16,4,1,1,0,0,1,0
0.0,59,6.843,12,2,0,0,0,0,0,0
2.66,27,40.11,12,2,1,1,0,0,0,0
-7.7,37,56.346,14,4,1,1,0,0,1,0
0.5,29,19.644,12,4,0,0,0,0,0,0
-0.928,47,5.652,8,1,0,0,1,0,0,0
1.8,52,17.625,11,1,0,0,0,1,0,0
47.374,59,38.283,12,3,1,0,0,1,1,0
968.999,58,33.915,1,2,1,0,0,1,1,0
27.5,44,44.205,12,4,1,1,0,0,0,0
-17.55,45,48.0,14,4,1,1,0,0,0,0
7.899,60,29.424,14,1,0,0,0,0,0,0
6.9,37,69.009,16,4,1,1,1,1,1,0
-5.49,30,13.275,12,1,0,0,0,0,1,0
-11.9,32,69.72,15,3,1,1,1,0,0,0
0.2,60,24.432,15,2,1,1,0,0,1,0
110.0,39,46.791,16,4,1,0,0,1,0,0
0.3,45,15.84,11,2,1,1,0,0,1,0
-10.914,59,23.808,9,2,1,0,1,0,1,0
29.88,49,95.46,17,5,1,1,0,0,1,0
2.0,62,19.236,8,1,0,0,0,0,0,0
0.0,49,16.578,7,1,0,0,0,0,0,0
-0.193,31,16.128,12,2,0,0,0,0,0,0
0.013,39,7.023,8,5,0,0,1,0,0,0
0.04,51,23.46,12,3,1,1,0,0,0,0
-0.85,35,18.027,15,1,0,0,1,0,0,0
1.207,56,28.797,12,2,1,0,0,0,1,0
-10.25,25,12.555,16,2,0,0,0,0,0,0
19.9,54,26.76,14,3,1,0,0,1,1,0
0.6,52,13.2,12,4,0,0,0,0,1,0
-2.0,29,35.643,12,5,1,1,0,0,0,0
-11.495,32,43.272,12,3,1,0,0,0,0,0
-0.1,62,41.172,10,5,1,1,0,0,1,0
50.513,51,8.082,12,2,1,1,0,1,1,0
-3.3,57,37.569,12,4,1,0,0,0,1,0
0.007,33,27.303,12,3,1,1,0,0,0,0
-6.45,31,41.292,12,4,1,1,0,0,1,0
0.165,28,23.586,12,4,1,1,0,0,1,0
-0.45,59,25.785,12,2,1,0,0,0,1,0
0.5,48,10.8,9,2,0,0,0,0,0,0
-1.6,35,30.804,16,1,0,0,0,0,0,0
3.6,58,18.825,13,2,0,0,0,0,1,0
-2.3,41,24.486,6,4,1,1,0,0,1,0
20.6,45,42.618,18,5,1,0,0,1,1,0
-5.475,60,25.65,13,2,1,1,0,0,1,0
0.0,35,1.56,6,4,1,0,0,0,0,0
81.698,55,81.84,16,2,1,1,0,1,1,0
-0.2,50,33.243,9,2,1,1,0,0,1,0
-0.4,63,43.902,9,2,1,0,0,0,1,0
-30.59,35,55.77,16,3,1,1,0,1,0,0
11.289,46,20.121,12,2,1,1,0,0,1,0
0.057,31,20.436,10,4,1,1,0,0,1,0
62.55,37,53.835,12,4,1,1,1,0,1,0
2.8,31,12.87,12,1,0,0,0,0,1,0
-9.7,29,31.476,15,2,1,1,0,0,0,0
0.95,29,18.45,16,3,1,0,0,0,1,0
0.1,31,25.308,12,2,1,1,0,0,0,0
9.635,56,23.952,15,2,1,0,0,1,1,0
0.049,52,13.773,10,3,0,0,0,0,0,0
-0.6,55,7.989,11,2,0,0,0,0,1,0
-17.275,26,34.83,18,1,0,0,0,0,0,0
38.2,39,109.392,18,5,1,1,1,0,1,0
0.499,47,15.33,9,2,0,0,0,0,1,0
24.612,60,62.7,16,3,1,0,0,1,1,0
-0.476,30,11.703,12,1,0,0,0,0,0,0
0.095,28,28.293,14,3,1,0,0,0,0,0
0.225,38,29.028,17,1,0,0,1,0,1,0
0.3,29,21.891,13,1,0,0,1,0,1,0
-4.925,36,10.185,12,5,1,1,0,0,0,0
-1.609,42,39.138,12,3,1,1,0,1,1,0
33.9,44,53.697,18,3,1,1,0,1,1,0
-1.1,33,15.618,16,1,0,0,1,0,0,0
48.528,58,63.36,13,2,1,1,0,1,1,0
21.625,27,46.89,14,3,1,1,0,0,0,0
0.3,25,15.462,11,2,1,0,0,1,0,0
0.0,41,46.08,16,5,1,1,0,0,1,0
2.13,36,14.34,12,1,1,0,0,0,0,0
11.675,62,16.845,12,1,0,0,0,1,1,0
0.0,52,0.945,8,2,0,0,0,0,1,0
102.71,54,24.9,12,3,0,0,0,1,1,0
-2.99,31,16.608,16,1,0,0,0,0,0,0
12.726,38,85.092,13,4,1,1,0,0,1,0
11.0,42,52.884,18,4,1,1,0,1,1,0
2.015,28,29.283,12,4,1,1,0,0,1,0
3.2,46,36.93,13,1,0,0,1,0,1,0
23.499,55,8.46,16,1,1,0,0,1,1,0
13.749,62,15.009,12,2,0,0,0,0,1,0
0.615,25,23.25,12,1,0,0,0,0,0,0
-4.116,35,21.306,12,3,1,0,0,0,1,0
-9.732,32,12.834,10,6,1,0,0,0,0,0
-0.075,55,27.972,10,1,0,0,0,0,1,0
-10.001,48,32.88,18,2,0,0,1,0,1,0
2.999,63,20.58,4,2,1,0,0,0,1,0
0.0,62,15.387,12,3,1,0,0,0,0,0
0.899,51,46.746,12,3,1,1,0,0,0,0
-0.8,35,23.52,12,5,1,1,0,0,1,0
15.042,31,13.029,18,1,0,0,0,0,0,0
4.6,38,50.817,14,3,1,0,0,1,1,0
-3.467,46,31.2,12,2,0,1,0,0,0,0
2.03,47,18.069,12,3,0,0,1,0,1,0
0.0,31,18.525,11,3,0,0,1,0,0,0
0.5,26,26.736,12,4,1,1,0,0,1,0
11.7,41,52.089,16,4,1,1,0,0,1,0
0.229,35,24.033,13,2,0,0,0,0,0,0
0.0,34,15.558,17,1,0,0,0,0,0,0
86.0,45,60.654,10,2,1,1,1,1,1,0
-1.2,40,24.084,5,6,1,1,0,0,1,0
-0.38,33,28.575,12,2,1,1,0,0,1,0
21.991,59,41.934,12,2,1,1,0,1,1,0
-4.0,26,18.0,18,1,0,0,0,0,0,0
-3.2,41,93.612,18,5,1,1,0,0,1,0
0.2,45,26.34,13,5,1,1,1,0,1,0
0.099,43,36.0,12,3,1,1,0,0,1,0
0.5,31,13.116,14,7,1,0,0,0,0,0
0.1,38,15.384,13,1,0,0,1,0,0,0
1.0,36,14.46,12,4,1,0,0,0,0,0
-1.431,25,26.796,10,6,1,1,0,0,0,0
-0.55,31,17.679,14,3,0,0,1,0,0,0
-0.964,48,27.429,12,2,1,1,0,0,0,0
0.0,40,28.332,12,2,0,0,0,0,0,0
-2.861,29,17.373,17,3,1,1,0,0,0,0
26.2,27,18.81,16,2,1,1,0,1,1,0
-0.3,42,24.336,12,4,1,0,0,0,1,0
-1.65,52,12.912,8,4,1,0,0,0,1,0
97.0,61,37.98,13,2,0,0,0,1,1,0
-17.7,61,38.88,13,2,0,0,1,0,1,0
0.0,59,58.896,18,1,0,0,1,0,0,0
2.491,54,20.703,11,2,0,0,0,0,1,0
0.5,34,12.168,12,1,0,0,0,0,0,0
-5.0,29,8.058,14,2,0,0,0,0,0,0
1.0,63,24.057,8,3,1,0,0,0,1,0
20.8,31,14.76,12,2,1,1,0,0,0,0
75.0,47,25.533,11,2,0,0,1,0,0,0
-6.656,44,37.644,14,3,1,1,0,0,1,0
-12.6,43,7.05,9,4,1,0,0,0,0,0
-2.596,37,25.455,12,4,1,0,0,0,1,0
0.085,44,0.969,18,2,0,0,0,0,0,0
3.88,28,41.61,14,4,1,1,1,0,1,0
2.699,39,35.178,14,5,1,0,0,1,1,0
-3.8,51,19.815,15,1,0,0,1,0,0,0
0.0,35,10.71,12,1,0,0,0,0,0,0
3.999,59,15.45,12,1,0,0,0,0,1,0
40.3,35,27.486,14,2,1,0,0,1,0,0
-0.8,30,16.56,12,4,1,0,0,0,0,0
3.2,25,46.506,11,3,0,0,0,0,1,0
10.976,40,19.329,13,1,0,0,0,0,0,0
3.8,56,29.25,12,2,1,1,0,0,1,0
0.7,37,19.467,16,3,1,0,0,0,0,0
0.0,51,8.16,9,5,1,0,0,0,0,0
-1.0,45,8.586,12,1,0,0,0,0,0,0
-3.85,48,30.402,12,4,1,1,0,0,1,0
-1.501,61,21.63,15,3,0,0,1,0,1,0
126.5,51,62.58,16,2,1,1,1,1,1,0
-11.312,29,26.418,16,1,0,0,0,0,0,0
-30.0,27,1.419,10,5,1,0,0,0,1,0
13.1,33,72.582,14,4,1,1,0,1,1,0
-84.7,29,28.149,13,4,1,0,0,0,0,0
0.2,28,2.97,15,1,0,0,0,0,0,0
-2.0,51,6.24,10,3,0,0,0,0,0,0
6.5,40,38.4,12,4,1,0,0,0,1,0
109.2,54,46.839,16,2,0,0,0,1,1,0
-1.393,28,45.351,12,2,1,1,0,0,0,0
-3.5,50,12.24,14,2,0,0,0,0,0,0
4.3,42,3.579,16,2,0,0,0,1,1,0
0.028,40,14.283,12,1,0,0,0,0,0,0
74.0,48,151.572,18,3,1,1,1,1,1,0
41.445,50,60.426,13,2,1,1,1,1,1,0
2.6,30,24.06,13,6,1,0,0,0,1,0
-3.8,27,22.95,12,2,1,0,0,0,0,0
-9.1,46,34.455,12,4,1,1,1,0,1,0
-22.491,64,15.393,10,3,1,0,1,0,1,0
0.1,52,8.208,10,1,0,0,1,0,1,0
0.1,46,10.2,9,2,0,0,0,0,1,0
-0.6,45,18.6,2,6,1,0,0,0,1,0
2.01,46,20.715,9,4,0,0,1,1,1,0
-3.5,46,13.77,12,4,1,0,0,0,1,0
-2.35,40,6.783,9,1,0,0,0,0,1,0
10.9,35,71.7,16,3,1,1,0,0,1,0
0.2,36,35.997,16,4,1,1,0,0,1,0
0.525,39,40.8,14,1,0,0,1,0,1,0
2.0,54,59.346,11,2,1,0,0,0,1,0
0.0,34,1.92,15,2,0,0,0,0,0,0
-2.5,57,21.84,14,3,0,0,0,0,1,0
3.6,64,12.492,14,1,0,0,0,0,0,0
-0.014,35,16.896,12,3,0,0,0,0,0,0
4.101,29,29.73,14,3,1,1,0,0,1,0
26.53,54,28.329,16,2,0,0,0,1,1,0
0.0,27,5.943,7,1,0,0,0,0,1,0
-1.9,52,22.995,12,1,0,0,1,0,0,0
0.5,37,12.63,12,3,0,0,0,0,0,0
0.299,47,10.098,12,2,0,0,0,0,0,0
-7.3,50,7.182,9,5,1,0,0,0,0,0
-0.243,63,6.753,4,2,1,0,0,0,1,0
30.0,43,110.82,12,5,1,1,0,1,1,0
0.0,33,17.328,12,5,0,0,0,0,0,0
19.046,41,10.998,13,1,0,0,0,1,1,0
-130.09,59,126.576,12,3,1,0,0,1,1,0
12.923,33,30.552,16,4,1,1,0,0,1,0
-0.994,28,22.134,13,1,0,0,0,0,0,0
1.778,49,48.585,12,3,1,1,1,0,1,0
-0.5,47,38.76,10,3,1,1,0,0,1,0
-10.002,32,11.667,12,1,0,0,0,0,0,0
0.599,36,22.743,14,5,1,1,0,0,1,0
-1.2,31,16.386,12,3,1,1,0,0,0,0
-4.5,35,50.91,12,4,1,1,0,0,1,0
38.149,29,44.748,16,2,1,1,0,0,1,0
0.45,52,7.2,6,3,1,0,0,0,0,0
-0.7,29,9.12,12,4,1,0,0,0,1,0
-0.569,39,9.0,12,1,0,0,0,0,0,0
-25.037,29,12.006,12,1,0,0,0,0,0,0
46.298,61,8.739,10,2,1,0,0,1,1,0
0.027,63,18.678,12,3,1,1,0,0,1,0
-0.5,33,25.5,12,5,1,0,0,0,1,0
0.6,26,25.737,10,4,1,1,0,1,1,0
-1.45,34,28.869,13,4,1,0,0,0,1,0
55.023,64,53.379,16,4,1,0,0,1,1,0
6.2,49,134.49,18,5,1,1,1,1,1,0
2.0,42,19.152,18,2,0,0,1,0,1,0
4.15,33,73.68,18,2,1,1,0,0,1,0
0.249,44,31.635,12,1,0,0,1,0,1,0
0.85,59,14.415,5,2,1,1,0,0,1,0
4.876,46,55.818,12,4,1,1,1,0,1,0
-2.375,42,33.126,12,3,0,0,1,0,1,0
-1.0,48,30.24,12,2,1,1,0,0,1,0
10.974,59,29.415,12,8,1,0,1,1,1,0
55.3,57,74.856,18,2,1,1,1,0,1,0
55.499,55,31.014,16,2,1,0,1,1,1,0
31.889,39,30.69,12,5,1,1,0,1,1,0
-1.08,36,17.544,12,1,0,0,0,0,0,0
30.814,35,57.828,12,2,1,1,0,0,1,0
0.01,34,15.39,10,1,0,0,0,0,0,0
0.2,54,25.38,12,2,0,0,0,0,1,0
-4.87,49,14.421,11,5,1,0,0,0,1,0
3.0,46,7.938,12,2,0,0,1,0,0,0
14.178,32,24.396,6,4,1,0,0,0,0,0
5.15,25,24.534,14,3,1,0,0,0,0,0
27.349,27,44.64,16,3,1,0,0,0,1,0
-0.1,37,26.052,11,8,1,1,0,0,1,0
32.399,42,58.305,12,5,1,1,0,0,1,0
47.998,62,23.1,12,2,1,0,0,0,1,0
0.054,29,12.243,12,1,0,0,0,0,0,0
-6.45,34,18.744,12,6,1,0,0,0,1,0
95.299,59,79.323,18,2,1,0,0,1,1,0
0.0,55,22.656,16,4,0,0,0,0,1,0
4.6,48,70.368,12,3,1,1,0,0,1,0
-5.9,44,106.086,15,4,1,0,0,1,1,0
0.0,48,6.564,12,10,0,0,0,0,0,0
1.0,32,15.84,12,1,0,0,0,0,0,0
69.2,49,16.968,12,1,0,0,1,1,1,0
39.6,44,115.506,18,5,1,1,1,0,1,0
-0.3,31,21.24,12,4,1,0,0,0,0,0
-7.156,27,8.826,13,1,0,0,0,0,1,0
21.395,54,29.781,12,6,1,0,0,1,1,0
17.75,30,53.4,12,3,1,1,1,1,0,0
27.8,43,44.016,13,1,0,0,0,1,1,0
-3.447,63,30.294,11,3,1,1,0,0,1,0
21.417,55,54.36,16,2,1,1,0,1,1,0
4.999,61,16.014,11,6,0,0,0,1,1,0
-2.7,61,26.652,12,2,1,0,0,0,1,0
2.325,30,7.275,16,1,0,0,0,0,1,0
0.0,27,10.497,12,4,1,0,0,0,0,0
-11.0,30,36.639,12,4,1,1,1,0,1,0
2.0,46,48.858,8,4,1,1,0,0,1,0
3.4,34,40.161,12,4,1,1,1,0,1,0
1.264,37,8.268,12,1,0,0,0,0,1,0
4.258,40,40.896,10,5,1,1,1,0,1,0
0.5,57,17.88,9,1,0,0,0,0,1,0
43.848,40,50.364,12,4,1,1,1,1,1,0
3.45,50,0.027,16,3,1,0,0,0,1,0
32.6,38,61.362,18,5,1,1,0,1,1,0
0.149,28,15.669,12,5,1,1,0,0,0,0
2.0,41,48.0,13,3,1,1,0,0,1,0
115.19,62,57.345,15,2,1,1,0,1,1,0
47.359,49,38.721,12,2,1,0,0,0,1,0
0.2,53,24.0,12,2,1,0,0,0,1,0
0.611,35,23.268,12,2,0,0,0,0,0,0
0.0,45,13.428,15,1,0,0,0,0,0,0
-0.3,40,24.795,13,3,0,0,1,0,0,0
4.2,38,42.036,16,5,1,1,1,0,1,0
-2.8,35,71.31,16,4,1,1,0,0,1,0
0.1,29,21.675,13,1,0,0,0,0,0,0
20.418,51,17.616,12,3,1,0,1,1,1,0
-1.694,38,51.432,14,3,0,0,1,0,1,0
0.6,26,14.31,18,1,0,0,0,0,0,0
3.3,28,48.288,16,1,0,0,0,0,0,0
4.0,39,7.143,8,6,1,1,0,0,0,0
-3.07,34,13.707,15,3,0,0,0,0,1,0
46.669,34,86.76,13,4,1,0,0,1,0,0
0.1,38,27.852,9,4,1,0,0,0,0,0
7.399,34,36.702,10,4,1,1,1,0,1,0
29.1,35,23.904,12,3,1,1,0,0,0,0
8.85,56,20.643,12,4,1,1,0,0,0,0
21.199,58,17.07,12,4,1,0,0,1,1,0
2.647,36,34.839,18,1,0,0,1,1,0,0
1.2,29,41.436,12,3,1,1,1,0,1,0
0.499,29,20.67,14,1,0,0,0,0,0,0
0.0,64,11.475,8,1,0,0,1,0,1,0
-12.946,27,45.75,12,2,1,1,0,0,1,0
46.0,39,26.7,13,4,1,0,0,0,1,0
2.5,35,56.868,13,2,1,1,1,0,0,0
-8.9,30,24.54,13,4,1,0,0,0,1,0
-0.201,27,15.33,14,1,0,0,0,0,0,0
26.9,37,49.65,16,5,1,1,0,1,1,0
0.4,32,22.149,13,1,0,0,1,0,1,0
122.555,59,29.499,13,3,1,0,0,1,1,0
4.62,53,88.422,17,5,1,1,0,1,1,0
-7.8,28,43.146,14,4,1,1,0,0,0,0
15.0,32,52.2,16,4,1,0,0,0,0,0
-3.0,35,27.129,12,2,0,0,1,0,1,0
0.0,32,66.897,16,3,1,0,0,0,1,0
59.3,58,23.706,12,2,1,0,0,1,1,0
89.448,50,99.81,12,5,1,0,0,0,1,0
-0.523,31,15.3,12,4,0,0,1,0,1,0
22.6,36,24.642,16,4,1,0,0,0,1,0
0.499,26,18.03,14,1,0,0,0,0,0,0
3.2,45,15.654,12,4,0,0,1,0,0,0
-9.65,29,37.323,16,3,1,1,0,0,1,0
60.84,39,27.546,12,1,0,0,0,1,1,0
-5.19,45,47.178,14,4,1,1,0,0,1,0
0.8,38,48.651,18,2,0,0,1,0,1,0
-4.34,29,24.936,12,4,1,0,1,0,1,0
3.599,36,30.72,15,3,1,0,0,1,1,0
-0.8,29,21.276,13,2,0,0,0,0,1,0
-6.95,25,27.606,14,3,1,0,0,0,0,0
0.0,41,6.408,4,3,1,0,0,0,1,0
0.05,29,15.66,12,2,0,0,0,0,0,0
-0.58,36,15.615,12,1,0,0,0,0,0,0
0.0,34,10.056,3,7,1,0,0,0,1,0
0.3,62,9.846,6,7,0,0,0,0,0,0
1.049,48,34.974,12,4,1,1,0,0,0,0
-3.4,44,24.174,14,1,0,0,1,0,0,0
-0.375,37,14.679,14,4,1,0,0,0,0,0
0.523,60,7.437,12,2,0,0,0,0,1,0
-0.576,50,30.498,13,1,0,0,0,0,0,0
-2.552,30,33.72,12,2,1,1,1,0,1,0
-5.31,43,40.2,12,5,1,1,0,0,1,0
19.94,33,74.568,18,2,1,1,0,0,1,0
0.35,25,14.079,12,1,0,0,0,0,0,0
-2.2,25,27.63,13,1,0,0,0,0,1,0
16.6,25,27.492,12,5,1,1,0,1,1,0
-8.2,54,35.754,12,3,1,1,1,0,1,0
33.569,44,32.205,16,5,1,1,0,1,1,0
10.0,26,21.306,12,3,1,1,1,0,1,0
55.175,38,23.877,12,2,1,0,0,1,0,0
1.5,63,10.887,13,2,0,0,0,0,0,0
-4.108,44,13.728,12,5,1,1,1,0,1,0
31.999,46,26.022,13,2,0,0,1,0,1,0
0.0,31,27.225,12,1,0,0,0,0,1,0
0.1,54,23.358,13,4,0,0,0,0,1,0
-5.95,45,22.812,12,5,1,0,0,0,0,0
-6.2,30,26.751,10,4,1,1,0,0,0,0
-10.6,39,97.722,12,6,1,1,0,0,1,0
7.5,63,78.75,18,4,1,1,1,0,1,0
3.499,37,33.996,16,1,0,0,0,0,1,0
-7.304,43,19.068,12,3,0,0,0,0,1,0
0.2,31,12.255,12,1,0,0,0,0,0,0
0.25,42,15.315,12,4,0,0,0,0,0,0
-8.195,28,27.246,14,4,1,1,0,0,0,0
0.0,35,9.063,11,7,0,0,0,0,0,0
122.8,45,33.24,17,4,1,0,0,0,1,0
4.325,25,36.042,16,2,1,1,1,0,0,0
17.6,60,23.109,13,2,1,0,0,1,1,0
9.206,43,81.558,18,2,1,0,0,1,1,0
20.0,25,33.36,13,7,0,0,0,0,1,0
-5.0,36,22.152,14,5,1,1,0,0,0,0
0.6,52,26.88,8,2,1,0,0,0,1,0
18.3,54,45.225,12,1,0,0,0,1,1,0
-2.0,55,34.47,12,4,1,1,0,0,1,0
1.6,36,23.466,12,5,1,1,0,0,1,0
-0.75,30,27.0,16,1,0,0,1,0,1,0
0.0,32,24.96,13,4,1,1,0,0,0,0
-0.435,45,10.035,12,1,0,0,0,0,0,0
-10.397,33,9.15,10,9,1,0,0,0,0,0
0.749,40,22.254,17,1,0,0,0,0,0,0
157.075,54,95.634,16,2,1,1,0,1,1,0
11.0,27,21.03,16,1,0,0,0,1,0,0
-0.65,32,9.069,13,4,0,0,0,0,1,0
0.0,39,8.7,10,2,0,0,0,0,0,0
0.0,64,19.08,12,3,1,0,0,0,1,0
0.0,35,2.4,12,1,0,0,0,0,0,0
12.5,32,23.1,16,1,0,0,0,1,0,0
30.999,35,97.752,15,3,1,1,0,1,1,0
0.0,48,9.966,12,2,0,0,1,0,0,0
-16.747,39,23.703,12,5,1,1,0,0,1,0
45.5,59,21.921,11,2,1,0,0,0,1,0
-8.149,33,22.818,12,4,1,1,0,0,1,0
0.85,32,16.575,12,3,0,0,0,0,1,0
-1.5,31,30.324,12,4,1,0,0,0,1,0
-5.15,48,41.19,18,3,1,0,0,0,1,0
2.8,36,81.51,14,5,1,1,0,1,1,0
0.205,45,38.148,11,1,0,0,0,0,0,0
8.249,37,52.995,12,4,1,1,0,1,0,0
-4.4,31,21.18,12,3,0,0,0,0,1,0
-2.72,34,42.6,12,4,1,1,0,0,1,0
9.5,47,31.431,12,3,0,0,0,1,1,0
0.1,46,14.04,12,3,1,0,0,0,0,0
0.0,33,9.396,12,2,0,0,0,0,0,0
62.5,60,55.476,12,2,0,0,1,1,1,0
-0.096,34,20.88,12,3,1,1,0,0,0,0
20.302,64,26.109,12,1,0,0,1,0,1,0
0.634,26,12.66,12,1,0,0,0,0,0,0
0.23,35,24.144,14,4,1,0,0,0,0,0
0.053,43,7.569,9,3,0,0,0,0,1,0
3.5,35,44.856,14,5,1,1,1,0,1,0
0.0,57,7.8,6,1,0,0,0,0,0,0
61.999,61,28.65,12,2,0,0,0,1,1,0
32.9,40,54.204,18,3,1,1,1,0,1,0
76.55,45,79.317,12,3,1,1,0,1,1,0
2.746,52,41.514,18,1,0,0,0,0,0,0
10.199,57,17.988,11,3,1,1,0,0,1,0
9.0,45,61.56,16,4,1,1,0,1,1,0
33.8,49,30.063,14,1,0,0,1,1,1,0
-2.7,37,32.385,10,4,1,1,0,0,0,0
0.0,43,25.05,16,3,0,0,0,0,1,0
30.048,52,31.803,9,3,1,0,0,0,1,0
-1.479,38,19.497,11,2,1,0,0,0,0,0
0.0,56,25.5,6,2,1,0,0,0,0,0
138.849,58,34.755,12,2,1,1,0,1,1,0
6.94,48,61.665,12,3,1,1,0,1,1,0
-7.75,25,37.2,16,1,0,0,0,0,0,0
2.259,48,44.361,14,6,1,0,0,0,1,0
-88.0,53,75.012,15,2,1,1,0,1,1,0
-5.5,28,13.5,12,1,0,0,0,0,0,0
-4.325,38,31.956,12,3,0,0,0,0,0,0
-2.875,28,49.284,14,4,1,1,0,0,1,0
0.1,42,25.71,11,4,1,1,0,0,1,0
-0.301,46,47.403,16,3,0,0,0,0,0,0
-0.9,29,30.606,12,2,1,1,0,0,1,0
71.828,58,70.992,12,2,1,0,0,1,1,0
-0.574,32,6.678,13,3,0,0,0,0,0,0
0.055,34,10.767,10,2,1,0,0,0,0,0
-0.15,25,10.161,15,1,0,0,0,0,0,0
2.999,48,22.23,9,6,1,0,0,1,1,0
1.513,57,42.375,13,2,1,1,0,0,1,0
0.3,61,12.885,8,2,0,0,0,0,1,0
19.698,56,40.53,18,2,0,0,1,0,1,0
-3.2,29,21.84,9,4,1,0,0,0,1,0
0.05,26,16.215,13,3,1,0,0,0,1,0
18.3,40,32.457,17,1,0,0,1,1,1,0
2.3,57,21.675,12,4,1,0,0,1,1,0
-1.1,27,6.03,14,3,0,0,0,0,0,0
0.0,38,6.12,9,3,0,0,0,0,0,0
9.2,61,18.759,12,1,0,0,1,0,1,0
7.199,28,41.232,12,2,1,1,0,0,0,0
-2.5,33,10.2,12,10,1,0,0,0,0,0
-3.7,49,60.0,14,5,1,1,0,0,1,0
21.0,43,37.776,12,4,1,1,1,0,1,0
2.0,33,79.713,18,1,0,0,0,0,0,0
-2.1,57,32.592,13,4,1,1,0,0,1,0
0.0,32,12.264,11,2,0,0,0,0,0,0
0.749,37,44.475,12,2,1,1,0,0,1,0
0.0,37,12.666,12,3,1,0,0,0,0,0
0.0,30,26.394,12,1,0,0,0,0,0,0
0.0,28,6.984,12,3,0,0,0,0,0,0
0.0,32,13.59,8,4,0,0,0,0,0,0
10.899,44,50.154,16,1,0,0,0,1,1,0
-2.8,40,18.696,12,2,0,0,0,0,0,0
7.699,59,35.37,12,1,0,0,0,1,0,0
5.849,40,35.157,12,4,1,1,1,0,1,0
1.725,35,16.749,13,3,1,0,0,0,1,0
-0.32,27,25.953,6,4,1,1,0,0,0,0
0.9,35,17.46,14,1,0,0,0,0,0,0
1.0,25,18.06,10,5,1,0,0,0,0,0
-1.607,30,27.093,13,4,1,1,0,0,1,0
3.399,36,15.645,16,1,0,0,0,1,1,0
0.112,29,11.505,15,1,0,0,0,0,0,0
-8.0,29,9.0,12,5,1,1,0,0,0,0
-11.0,44,48.135,18,1,0,0,0,0,0,0
7.549,55,22.5,12,1,0,0,1,1,0,0
1.7,26,33.672,14,1,0,0,0,0,0,0
0.16,50,22.137,12,1,0,0,0,0,0,0
0.0,34,6.48,12,3,0,0,0,0,0,0
27.299,51,75.162,13,2,1,1,0,1,1,0
13.798,38,40.602,18,4,1,0,0,0,1,0
0.0,28,14.28,6,1,0,0,0,0,0,0
3.3,39,29.232,18,1,0,0,1,1,1,0
18.0,41,31.179,11,4,1,1,0,1,1,0
-5.8,25,26.61,16,1,0,0,0,0,0,0
-2.803,26,17.28,12,6,1,0,0,0,0,0
-6.599,46,38.886,10,2,1,0,0,0,1,0
0.44,37,40.647,12,5,1,1,0,0,1,0
-0.42,63,14.994,12,2,1,0,0,0,0,0
26.0,35,71.34,14,2,1,1,0,1,1,0
0.0,26,17.85,12,1,0,0,0,0,0,0
-0.3,25,24.3,7,3,1,1,0,0,0,0
-7.131,38,23.85,9,4,1,1,0,0,1,0
66.808,64,28.017,12,2,1,0,0,1,1,0
2.999,33,19.8,6,4,1,0,0,0,0,0
23.0,57,16.5,13,2,1,1,0,0,1,0
0.749,48,26.055,11,7,1,1,0,0,1,0
75.55,33,78.519,17,2,1,1,0,1,1,0
10.948,30,59.253,14,2,1,1,0,0,1,0
-0.6,28,27.108,16,1,0,0,0,0,1,0
3.0,26,70.443,16,2,1,1,0,1,0,0
14.0,63,15.558,12,1,0,0,0,0,0,0
-0.9,29,40.074,13,2,1,0,0,0,0,0
-1.455,34,24.048,11,7,1,1,0,0,1,0
0.0,27,10.2,7,2,1,0,0,0,0,0
-1.03,38,26.382,12,4,1,0,0,0,1,0
-9.505,33,54.288,12,4,1,1,0,0,1,0
5.634,36,24.0,12,5,1,1,0,0,1,0
4.799,38,43.02,12,5,1,1,0,0,1,0
-3.001,35,34.836,14,5,1,1,1,0,1,0
-6.5,28,14.55,16,1,0,0,0,0,0,0
-3.3,46,27.0,10,3,1,0,0,0,1,0
0.035,25,16.242,10,4,0,0,1,1,0,0
44.0,30,45.948,17,2,1,1,1,1,1,0
-5.989,36,118.599,14,4,1,1,0,0,1,0
5.049,46,14.196,16,1,0,0,0,0,0,0
0.345,44,25.758,11,3,1,0,0,0,1,0
0.0,34,4.296,11,2,0,0,0,0,0,0
8.248,52,28.419,12,3,1,1,0,1,1,0
103.2,39,88.2,14,1,0,0,1,1,0,0
0.869,40,35.439,13,3,1,1,0,0,1,0
0.829,39,26.445,14,4,1,0,0,0,1,0
-1.3,58,17.34,1,1,0,0,1,0,1,0
88.9,61,83.301,18,2,1,1,1,1,1,0
1.499,51,27.06,12,4,1,1,0,0,0,0
5.949,31,39.627,12,5,1,0,0,1,1,0
-1.021,41,57.795,18,4,1,0,0,0,1,0
0.15,53,14.343,11,2,0,0,0,0,1,0
0.6,47,24.015,12,5,1,0,0,0,1,0
-15.051,48,29.964,12,5,1,0,0,0,1,0
64.0,34,38.4,16,3,1,0,0,1,1,0
7.926,29,45.687,16,2,1,1,0,1,0,0
2.359,36,42.969,11,4,1,0,1,0,0,0
4.0,37,83.925,12,1,0,0,0,0,0,0
11.0,43,45.549,18,1,0,0,1,1,1,0
25.204,62,33.096,9,2,1,0,0,1,1,0
108.7,46,49.2,16,1,0,0,0,0,1,0
4.1,49,13.2,10,4,1,0,0,1,1,0
-0.94,34,5.106,12,3,0,0,0,0,0,0
1.0,27,17.52,12,4,1,0,0,0,1,0
-2.382,37,37.662,12,11,1,1,0,0,0,0
1.5,49,25.92,10,1,0,0,0,0,1,0
10.981,43,13.179,12,4,1,0,0,1,1,0
-3.094,27,17.01,13,4,0,0,0,0,0,0
-1.751,43,22.473,14,1,0,0,0,0,0,0
22.137,39,39.105,16,2,1,1,0,1,1,0
-6.89,29,22.362,13,3,1,0,0,0,1,0
5.8,55,38.613,10,4,1,1,0,0,0,0
13.3,49,9.66,18,1,0,0,1,1,0,0
-3.1,41,22.572,18,3,0,0,0,0,0,0
0.499,33,36.03,14,1,0,0,0,0,1,0
4.7,31,45.408,12,3,1,1,1,0,1,0
-2.625,31,16.68,16,1,0,0,0,0,0,0
1.7,38,20.577,12,5,1,0,0,0,0,0
7.347,44,44.934,18,3,0,0,1,1,1,0
-1.2,33,17.214,12,1,0,0,0,0,0,0
24.059,54,26.142,18,1,0,0,1,1,0,0
8.675,44,55.23,16,3,1,1,1,1,1,0
4.4,39,46.14,16,2,1,1,0,1,1,0
4.999,41,60.6,12,5,1,1,1,0,1,0
-2.9,33,24.606,12,2,1,1,1,0,1,0
17.0,35,9.6,12,3,0,0,0,1,0,0
-0.4,37,11.763,12,4,1,1,0,0,1,0
0.0,33,19.89,10,1,0,0,0,0,0,0
-3.8,32,25.224,12,4,1,1,0,0,1,0
2.825,30,4.86,15,1,0,0,0,0,0,0
-7.0,43,21.792,12,1,0,0,1,0,0,0
-28.43,29,52.047,1,2,1,1,1,0,1,0
1.399,32,24.108,18,1,0,0,0,1,0,0
30.899,60,35.55,11,2,1,1,0,1,1,0
7.0,45,50.328,14,2,0,0,0,1,1,0
-3.5,43,14.7,12,2,0,0,1,0,1,0
-0.643,44,27.675,14,2,0,0,1,0,1,0
-2.78,38,19.212,17,1,0,0,1,0,0,0
0.05,45,24.3,18,1,0,0,1,0,1,0
106.0,51,104.802,14,2,1,0,0,1,1,0
79.499,40,42.9,14,2,0,0,0,1,1,0
11.4,25,55.89,14,2,1,1,0,1,1,0
24.109,47,88.413,12,3,1,1,0,0,1,0
-1.5,29,18.516,18,1,0,0,0,0,0,0
0.02,25,18.903,12,1,0,0,1,0,0,0
-0.75,59,21.366,12,1,0,0,0,0,1,0
-10.2,26,18.015,16,1,0,0,0,0,0,0
5.65,57,4.68,18,1,0,0,1,0,0,0
-0.8,41,37.584,12,4,1,1,0,0,1,0
7.768,31,32.256,12,3,1,0,0,0,0,0
30.6,41,49.758,12,3,1,1,0,1,0,0
-4.55,45,32.409,12,4,1,1,0,0,1,0
-4.0,31,24.03,13,2,0,0,0,0,1,0
8.377,29,47.838,14,2,1,1,0,0,1,0
-0.675,25,40.323,12,3,1,1,0,0,0,0
17.212,31,28.974,17,3,0,0,1,0,1,0
0.0,58,16.5,18,1,0,0,0,0,0,0
0.3,57,16.83,16,2,0,0,0,0,0,0
0.0,34,11.85,12,3,1,1,0,0,0,0
1.3,55,8.52,5,5,1,0,0,0,1,0
0.465,37,15.003,14,1,0,0,0,0,0,0
13.239,62,30.429,13,2,1,0,0,0,1,0
-0.1,40,48.0,12,5,1,0,0,0,1,0
2.0,30,46.08,9,4,1,1,0,0,1,0
0.392,32,24.84,7,3,1,1,0,0,0,0
-1.7,30,25.917,12,3,0,0,0,0,0,0
52.5,55,34.32,12,3,1,1,0,1,1,0
-1.195,30,19.239,12,6,1,0,0,0,1,0
-0.73,41,27.012,16,4,1,1,0,0,1,0
-0.721,27,21.528,10,2,1,1,0,0,0,0
0.0,25,18.15,9,5,1,0,0,0,0,0
24.292,47,25.926,12,3,1,1,0,0,1,0
-4.22,39,31.848,15,4,1,1,1,0,1,0
-2.2,29,3.84,6,5,1,0,0,0,0,0
9.687,31,25.254,12,1,0,0,0,1,1,0
-2.373,32,13.182,12,4,1,0,0,0,1,0
0.699,40,32.976,18,1,0,0,1,0,0,0
54.7,58,31.575,12,2,1,0,1,0,1,0
-5.365,42,72.039,16,3,0,0,1,0,1,0
0.0,59,1.95,12,1,0,0,0,0,1,0
1.965,27,40.209,14,1,0,0,0,0,0,0
23.309,60,45.549,12,2,1,0,0,0,1,0
26.8,41,23.562,17,1,0,0,0,0,0,0
-2.45,27,48.9,12,3,1,1,0,0,0,0
39.354,61,70.557,12,2,1,0,0,1,1,0
0.055,26,32.64,12,1,0,0,0,0,0,0
55.568,40,38.241,14,1,0,0,0,0,0,0
52.399,58,30.264,17,3,1,0,1,1,0,0
46.249,61,42.528,12,2,1,0,0,0,1,0
31.0,59,13.17,12,1,0,0,1,1,1,0
1.704,64,28.83,18,1,0,0,0,0,1,0
86.999,61,33.636,12,2,1,0,0,1,1,0
29.6,62,23.532,12,3,1,0,0,1,0,0
0.1,37,27.72,16,5,1,0,0,0,1,0
-0.55,58,9.18,11,2,0,0,0,0,0,0
-2.3,50,18.45,14,1,0,0,0,0,1,0
-1.861,41,7.65,12,1,0,0,0,0,0,0
-1.102,37,31.2,12,3,1,1,1,0,1,0
2.648,41,28.551,12,4,1,0,0,1,1,0
0.0,44,7.182,5,5,0,0,0,0,0,0
4.5,29,23.1,16,1,0,0,0,0,0,0
-0.7,36,20.28,10,5,1,1,0,0,1,0
2.001,54,32.52,12,2,1,1,0,0,1,0
23.397,26,63.432,12,2,1,1,0,1,1,0
4.14,46,33.288,13,2,1,0,0,0,0,0
0.0,27,11.631,11,5,1,0,0,0,0,0
-1.0,34,16.32,14,1,0,0,0,0,0,0
1.2,38,17.652,12,3,0,0,0,0,1,0
-0.9,51,22.5,10,4,1,0,0,0,1,0
75.0,55,60.705,16,2,1,0,1,0,1,0
0.0,38,11.34,12,2,0,0,0,0,0,0
15.35,42,56.046,16,2,1,1,1,0,1,0
8.8,59,19.725,13,5,0,0,0,1,1,0
0.1,27,10.05,12,2,0,0,0,0,0,0
0.071,55,32.46,12,2,1,1,0,0,1,0
10.0,39,32.856,18,4,1,0,0,0,1,0
17.899,52,72.672,12,3,1,1,1,0,1,0
12.8,31,50.529,16,2,1,1,0,1,1,0
2.83,32,35.832,18,4,1,1,1,0,1,0
-1.714,40,25.56,18,1,0,0,1,0,1,0
-8.5,28,33.45,16,1,0,0,0,0,0,0
9.2,39,55.716,17,1,0,0,0,0,0,0
0.0,38,10.8,12,4,0,0,0,0,0,0
3.344,47,51.972,13,4,1,0,0,1,1,0
-0.85,28,30.015,12,6,1,0,0,0,0,0
88.999,58,73.686,12,3,1,1,0,1,1,0
1.2,26,24.348,13,2,1,1,1,0,1,0
3.0,56,21.6,6,4,1,1,0,0,0,0
0.008,60,22.551,1,5,1,0,0,0,1,0
0.0,26,2.7,11,4,1,0,0,0,0,0
0.0,40,12.24,12,1,0,0,0,0,0,0
3.098,62,74.589,16,3,1,0,1,0,1,0
-2.4,49,19.8,16,1,0,0,1,0,1,0
1.91,30,60.378,14,2,1,1,0,0,1,0
30.299,55,23.16,12,4,0,0,0,1,1,0
92.129,47,95.433,16,5,1,0,0,1,1,0
-5.226,48,11.913,9,1,0,0,0,0,0,0
23.2,33,27.06,16,1,0,0,0,0,0,0
11.9,59,42.858,12,3,1,0,0,0,1,0
-0.251,28,4.869,14,1,0,0,0,0,0,0
0.317,30,12.633,15,4,0,0,0,0,0,0
0.0,29,21.6,12,1,0,0,0,0,0,0
-4.577,48,9.354,16,3,0,0,0,0,0,0
6.24,28,12.747,14,1,0,0,0,0,0,0
11.934,45,32.49,12,5,1,1,0,0,1,0
0.0,47,8.316,10,2,0,0,0,0,0,0
45.4,57,100.62,16,3,1,0,0,1,1,0
3.0,35,24.705,18,4,1,0,0,0,0,0
5.0,34,37.533,11,2,1,1,0,0,1,0
-12.75,32,30.927,16,1,0,0,0,0,0,0
2.0,34,16.395,16,4,1,0,0,0,0,0
30.57,35,40.224,16,4,1,1,0,0,1,0
0.0,37,15.771,14,1,1,0,0,0,0,0
2.6,50,18.456,14,1,0,0,0,1,0,0
0.0,59,13.02,9,6,1,0,0,0,1,0
-1.3,40,20.4,12,4,1,0,0,0,0,0
-5.396,27,10.401,15,1,0,0,0,0,0,0
39.966,56,27.621,12,2,1,1,0,0,1,0
4.6,42,21.3,14,5,1,0,0,0,1,0
-9.3,59,31.959,12,1,0,0,0,0,0,0
2.186,40,33.696,13,4,1,0,0,0,1,0
5.073,39,68.712,16,4,1,1,0,1,0,0
0.0,41,12.0,9,5,1,0,0,0,1,0
10.6,39,70.65,12,2,1,1,1,1,1,0
1.7,41,45.81,14,4,1,1,0,1,1,0
-12.425,30,37.8,12,5,1,0,0,0,1,0
2.68,45,9.876,14,4,1,0,0,0,1,0
0.0,42,14.673,6,6,1,1,0,0,1,0
129.12,49,47.019,18,3,0,0,1,0,1,0
0.3,30,38.13,14,4,1,0,0,0,0,0
0.749,35,16.845,11,1,0,0,0,0,0,0
0.4,26,5.268,14,2,0,0,0,0,0,0
17.9,58,58.959,12,2,1,0,0,0,1,0
0.428,64,21.657,8,2,1,0,0,0,1,0
-4.5,49,32.064,16,3,1,0,0,0,1,0
1.86,26,15.609,15,1,0,0,0,0,0,0
-0.4,30,30.0,14,2,1,0,0,0,0,0
54.849,63,41.448,11,2,1,1,0,1,1,0
3.672,30,38.148,12,4,1,1,0,1,1,0
-0.8,48,9.18,12,2,0,0,0,0,1,0
0.0,53,5.748,12,1,0,0,0,0,0,0
0.4,25,14.4,17,5,1,0,0,0,0,0
0.0,39,20.4,14,3,0,0,0,0,0,0
81.5,61,129.996,16,2,1,0,0,1,1,0
-2.6,39,7.56,16,2,0,0,0,0,0,0
2.444,28,22.404,14,1,0,0,0,0,0,0
-8.75,42,33.48,16,2,0,0,0,0,0,0
-3.001,29,39.882,16,4,1,0,0,0,1,0
8.0,25,13.8,16,1,0,0,0,1,0,0
0.015,31,16.029,13,1,0,0,0,0,0,0
5.1,37,47.85,12,3,1,1,0,1,1,0
0.5,40,14.52,13,1,0,0,0,0,0,0
-7.055,31,5.232,17,1,0,0,0,0,0,0
-0.87,55,15.93,9,1,0,0,0,0,1,0
-2.6,46,59.736,12,3,1,1,0,0,1,0
0.0,37,32.679,13,4,1,1,0,0,1,0
0.5,46,25.35,18,1,0,0,1,0,1,0
8.4,35,47.04,18,4,1,1,0,0,0,0
3.3,25,20.004,16,1,0,0,0,0,0,0
15.204,33,57.753,12,4,1,1,0,1,1,0
6.3,26,35.82,13,1,0,0,0,0,0,0
82.949,63,61.245,12,3,1,0,0,1,1,0
-8.0,41,7.2,12,1,0,0,0,0,0,0
3.335,51,27.888,13,5,1,1,1,1,1,0
-3.8,36,53.46,16,3,1,1,1,0,1,0
-1.9,42,28.35,12,5,1,1,0,0,0,0
60.201,54,50.553,16,2,1,1,0,1,1,0
-8.651,55,27.033,12,1,0,0,0,0,1,0
4.299,55,36.6,14,2,1,0,0,0,0,0
-2.49,40,20.22,12,1,0,0,0,0,0,0
21.9,63,51.528,12,2,1,1,0,0,1,0
108.498,62,35.55,12,2,1,0,0,1,1,0
-2.15,50,24.939,12,6,0,0,0,0,0,0
0.2,39,14.586,16,2,0,0,0,0,0,0
1.8,27,15.099,6,5,1,0,0,0,0,0
1.179,50,42.48,2,2,1,1,0,0,1,0
0.1,38,6.879,12,1,0,0,0,0,0,0
8.2,45,29.262,12,1,0,0,1,1,1,0
0.85,36,26.4,13,2,0,0,0,0,0,0
0.0,43,10.8,12,5,1,1,0,0,0,0
2.499,55,21.15,16,5,1,0,0,0,1,0
6.672,57,27.18,14,2,0,0,0,0,1,0
4.999,56,36.42,18,1,0,0,1,0,1,0
0.0,37,31.911,18,1,0,0,0,0,0,0
0.4,56,14.31,12,6,0,0,0,0,1,0
0.0,59,7.824,11,4,0,0,0,0,1,0
7.45,34,20.199,15,4,1,0,0,0,1,0
2.15,28,14.877,16,2,1,0,0,0,0,0
8.6,31,37.089,16,3,1,0,0,0,1,0
0.0,36,6.24,7,4,0,0,0,0,1,0
24.0,43,104.778,12,3,1,1,1,1,1,0
-11.1,40,59.685,14,3,1,1,0,0,1,0
15.05,39,61.863,16,6,1,0,0,1,0,0
15.0,41,9.798,16,1,0,0,0,1,1,0
0.002,31,8.589,12,4,1,0,0,0,0,0
-0.5,44,18.9,12,4,1,1,1,0,1,0
0.0,35,28.647,14,3,0,0,0,0,0,0
0.42,27,41.985,13,2,1,1,0,0,1,0
0.0,36,16.506,11,5,1,0,0,0,0,0
-0.36,44,5.436,12,2,0,0,0,0,1,0
0.05,60,6.252,12,2,1,0,0,0,0,0
-13.947,51,16.2,9,7,1,0,0,0,0,0
-1.25,33,17.1,15,3,0,0,0,0,0,0
-1.551,52,16.59,12,2,0,0,0,0,1,0
5.0,36,48.3,13,4,1,0,0,0,1,0
88.75,54,34.035,16,1,0,0,1,1,1,0
-4.0,46,14.4,11,4,1,0,0,0,1,0
0.0,34,4.815,12,1,0,0,0,0,0,0
102.676,53,64.158,12,3,1,1,0,1,1,0
-0.704,33,45.039,12,5,1,1,0,0,1,0
6.749,47,32.649,14,3,1,1,0,1,1,0
-3.0,57,11.628,12,1,0,0,0,0,0,0
0.7,29,25.614,18,1,0,0,1,0,0,0
2.74,55,10.296,9,2,0,0,0,0,1,0
0.399,43,23.046,14,1,0,0,0,0,0,0
10.2,46,27.978,16,3,0,0,1,1,1,0
398.6,49,105.33,16,2,1,1,0,1,1,0
0.727,47,15.54,14,2,1,1,0,0,1,0
0.25,39,7.665,17,3,0,0,0,0,0,0
-2.4,27,28.2,13,2,1,1,1,0,0,0
53.698,42,42.084,16,1,0,0,1,0,1,0
0.0,35,12.624,6,5,1,1,0,0,0,0
1.699,31,13.32,12,4,1,0,0,0,1,0
-3.49,50,15.36,12,3,0,0,1,0,1,0
0.5,57,25.008,3,3,1,1,0,0,0,0
2.399,29,68.898,12,4,1,1,0,0,1,0
-0.51,26,10.221,9,7,1,0,0,0,0,0
24.019,50,7.98,16,4,1,0,1,0,1,0
7.7,33,32.514,18,4,1,1,0,1,1,0
-0.775,36,7.317,18,1,1,0,0,0,0,0
4.01,37,30.438,10,3,1,0,0,1,1,0
-2.0,32,47.391,13,3,1,1,0,0,1,0
-7.1,42,36.603,12,4,1,1,0,0,1,0
12.2,34,43.875,14,3,0,0,0,0,1,0
0.1,33,19.2,17,1,0,0,0,0,0,0
9.998,49,39.102,12,3,1,0,0,0,1,0
4.57,45,86.403,12,3,1,1,0,0,1,0
3.299,33,47.823,18,1,0,0,0,1,1,0
-6.9,63,33.432,12,7,1,0,1,0,0,0
0.01,40,41.616,12,2,0,0,1,0,1,0
23.997,38,2.661,18,1,0,0,0,0,0,0
-16.7,34,64.821,12,3,1,1,0,0,1,0
1.799,25,13.506,12,1,0,0,0,0,0,0
-2.71,25,21.813,14,4,1,1,0,0,0,0
-22.663,43,27.489,12,5,1,0,0,0,1,0
60.3,43,79.281,17,1,0,0,0,0,0,0
-1.8,53,34.755,12,3,1,1,0,0,1,0
-2.25,35,40.164,14,4,1,1,0,0,1,0
-0.437,28,22.623,16,1,0,0,1,0,1,0
4.5,46,32.184,16,3,0,0,0,0,1,0
2.2,29,26.223,13,2,0,0,0,0,0,0
32.097,59,46.926,12,2,1,1,1,1,1,0
0.477,41,14.481,13,4,0,0,0,0,0,0
0.0,33,11.475,12,1,0,0,0,0,0,0
-0.3,37,16.2,14,1,0,0,0,0,0,0
-3.995,37,36.564,12,4,1,1,0,0,1,0
-0.6,51,13.479,13,1,0,0,0,0,0,0
-1.5,28,44.232,15,3,1,1,0,1,1,0
9.699,27,56.691,18,2,1,1,0,1,1,0
-1.6,36,24.792,12,6,1,1,0,0,0,0
8.849,50,52.206,11,3,1,1,0,1,1,0
0.199,41,25.542,8,4,0,0,1,0,0,0
26.255,56,20.979,12,2,1,0,0,1,1,0
0.499,56,21.678,13,1,0,0,1,0,1,0
5.098,63,15.993,12,2,1,0,0,1,1,0
-0.605,50,31.659,12,3,1,1,0,0,0,0
-8.54,27,48.042,18,2,1,0,0,0,0,0
-4.9,29,19.374,14,3,0,0,0,0,0,0
32.055,61,48.033,18,2,0,0,1,1,1,0
24.999,46,43.896,17,3,1,1,1,0,0,0
0.1,38,25.683,13,3,0,0,0,0,1,0
15.325,46,87.15,15,2,1,1,0,1,1,0
-11.745,28,39.642,18,3,1,1,0,0,0,0
0.7,64,15.366,11,1,0,0,0,0,1,0
9.85,43,27.381,14,2,0,0,0,1,0,0
-0.7,42,16.608,12,2,0,0,1,0,1,0
-1.31,46,29.232,14,1,0,0,1,0,0,0
16.075,38,41.805,14,4,1,1,0,0,1,0
-4.995,29,42.828,14,2,1,1,0,0,1,0
5.8,48,27.276,16,4,1,1,1,0,1,0
-0.06,40,14.43,12,4,1,0,0,0,0,0
0.35,25,7.68,16,1,0,0,0,0,0,0
0.9,52,35.409,6,2,1,1,0,1,1,0
-2.8,25,32.979,16,1,0,0,0,0,0,0
0.0,33,12.36,11,3,0,0,0,0,0,0
3.067,45,57.915,14,3,1,1,0,0,1,0
-2.0,37,12.9,12,3,0,0,1,0,0,0
0.0,25,19.2,12,1,0,0,0,0,0,0
25.398,61,18.204,12,1,0,0,1,1,1,0
1.5,28,83.016,14,3,1,1,0,0,1,0
1.15,31,45.42,16,1,0,0,1,0,0,0
-2.45,31,47.676,14,3,1,1,1,0,0,0
15.8,32,32.856,13,2,0,0,0,0,1,0
10.199,53,88.083,15,3,1,0,0,1,1,0
16.975,33,33.225,16,5,1,1,0,0,1,0
68.1,53,35.016,14,2,0,0,0,1,1,0
2.15,37,31.995,15,5,1,1,0,0,0,0
-0.093,38,39.837,12,4,1,1,0,0,1,0
108.0,56,14.97,12,2,1,0,0,1,1,0
23.85,30,21.72,14,2,1,1,0,0,0,0
40.411,60,35.859,16,2,0,0,0,1,1,0
-19.565,32,13.8,18,1,0,0,0,0,0,0
0.71,26,37.641,12,3,1,0,0,0,1,0
4.41,26,11.625,13,1,0,0,0,0,0,0
-3.5,31,35.739,12,3,0,0,0,0,0,0
2.88,46,21.45,12,3,0,0,0,1,1,0
-2.06,30,17.7,12,1,0,0,0,0,0,0
8.549,56,33.477,12,4,1,0,0,1,0,0
25.648,37,40.404,14,5,1,1,0,0,1,0
-1.228,31,21.45,14,5,1,1,1,0,1,0
3.0,33,45.81,12,4,1,0,0,0,1,0
2.0,37,24.546,12,3,0,0,0,0,0,0
72.225,63,36.072,13,3,1,0,0,1,1,0
0.0,59,18.696,12,1,0,0,1,0,0,0
0.255,26,24.9,18,2,0,0,0,0,1,0
-7.0,36,25.266,12,1,0,0,0,0,0,0
-0.996,29,49.725,15,4,1,0,0,0,1,0
51.925,36,57.63,16,6,1,1,0,1,1,0
20.0,54,40.902,12,2,0,0,0,1,1,0
-12.5,27,46.05,14,2,1,1,0,0,0,0
0.0,55,25.2,16,1,0,0,0,0,0,0
2.0,38,12.3,7,7,1,0,0,0,0,0
6.757,27,45.654,12,3,1,1,0,0,1,0
-5.575,38,31.206,12,3,1,1,0,0,1,0
-2.279,41,13.689,12,2,0,0,0,0,1,0
0.15,25,4.98,16,1,0,0,0,0,0,0
12.994,55,18.444,12,1,0,0,0,1,0,0
0.0,47,29.1,18,1,0,0,0,0,0,0
53.1,63,27.885,12,3,1,0,0,1,1,0
72.999,55,55.5,16,3,1,0,0,0,1,0
-2.293,29,37.053,12,4,1,1,0,0,1,0
0.0,51,15.0,12,1,0,0,0,0,0,0
0.0,41,26.52,7,4,0,0,1,0,0,0
32.648,61,17.967,14,2,0,0,0,0,0,0
0.0,38,9.384,12,1,0,0,0,0,0,0
-3.45,61,11.79,12,3,1,1,0,0,1,0
0.0,36,6.6,9,1,0,0,0,0,0,0
4.75,49,47.691,12,3,1,1,0,1,1,0
21.999,33,10.86,13,4,1,0,0,0,1,0
-2.047,38,29.838,16,4,1,1,0,0,1,0
119.688,59,66.288,12,2,1,0,0,1,1,0
0.0,31,11.22,12,1,0,0,0,0,0,0
-6.98,41,31.356,12,4,1,0,0,0,1,0
219.759,61,29.13,13,1,0,0,1,0,1,0
2.5,62,17.919,12,2,0,0,1,0,0,0
-8.0,34,35.625,12,5,1,1,0,0,1,0
13.949,35,55.788,18,1,0,0,0,0,1,0
0.05,54,20.58,14,4,1,0,0,0,1,0
-3.798,35,26.319,12,3,1,1,0,0,0,0
0.432,43,14.829,12,3,0,0,0,0,1,0
1.599,47,12.336,12,2,0,0,0,0,1,0
15.5,40,79.536,18,5,1,1,1,0,1,0
8.616,35,18.633,12,2,0,0,0,1,0,0
2.728,25,19.458,12,2,1,0,0,0,0,0
40.0,30,45.96,18,2,1,1,0,0,0,0
11.5,43,55.281,13,4,1,1,0,0,1,0
-4.751,45,50.397,13,2,1,0,0,0,1,0
0.0,42,24.6,10,7,1,0,0,0,1,0
93.3,50,28.908,13,3,1,1,1,1,1,0
-0.497,32,23.238,12,3,1,1,0,0,1,0
0.2,48,5.568,12,3,0,0,0,1,0,0
11.347,48,141.315,18,2,1,1,1,0,0,0
-2.796,31,12.816,10,7,1,0,0,0,0,0
0.25,33,14.877,12,1,0,0,0,0,0,0
-4.475,29,43.173,16,4,1,0,0,0,1,0
5.0,48,30.66,16,3,1,0,1,0,0,0
2.7,58,41.919,10,2,1,1,0,0,1,0
47.5,48,27.0,16,5,1,0,0,0,1,0
-2.571,39,53.565,12,3,1,1,0,0,1,0
9.13,39,16.692,12,2,1,1,0,1,1,0
145.001,58,15.465,12,2,1,0,0,1,1,0
-1.601,38,48.021,12,5,1,0,0,0,1,0
0.049,63,26.823,11,1,0,0,1,0,0,0
-9.988,40,22.689,14,8,0,0,0,0,0,0
0.0,30,19.38,10,1,0,0,0,0,0,0
-0.4,43,19.392,16,1,0,0,0,0,0,0
-9.0,39,33.6,16,2,1,0,1,0,1,0
-2.8,62,16.029,8,5,1,0,0,0,1,0
6.35,33,41.715,18,4,1,1,0,1,1,0
1.82,54,7.923,11,1,0,0,0,0,1,0
24.35,29,68.439,16,3,1,1,0,0,0,0
0.5,31,40.86,18,2,1,0,0,0,0,0
62.529,46,132.492,16,4,1,1,0,1,1,0
-16.0,34,57.021,14,3,1,0,0,0,0,0
0.875,59,18.204,14,1,0,0,1,0,1,0
0.789,34,30.198,12,5,1,1,1,0,1,0
0.0,42,18.423,8,4,1,1,0,0,0,0
4.9,58,28.44,15,2,1,0,0,0,1,0
1.499,48,39.651,12,2,0,0,0,0,1,0
0.0,37,18.24,10,3,0,0,0,0,0,0
54.35,43,58.569,16,2,1,1,0,1,0,0
3.684,26,24.621,12,5,1,1,0,0,0,0
0.0,57,14.28,11,2,0,0,0,0,1,0
15.2,42,72.105,14,4,1,1,0,0,1,0
1.0,32,39.78,16,3,1,0,0,0,1,0
13.099,45,72.075,18,1,0,0,0,1,1,0
0.0,46,35.1,15,3,1,1,1,0,0,0
-0.3,51,11.094,12,3,1,0,0,0,1,0
109.5,35,49.8,16,1,0,0,0,1,1,0
1.709,27,17.706,12,1,0,0,0,0,0,0
0.349,38,17.364,12,2,0,0,0,0,0,0
0.258,31,40.587,12,6,1,1,1,0,1,0
8.35,52,28.893,12,3,1,1,0,0,0,0
3.9,28,26.85,17,2,1,0,0,1,0,0
-1.0,27,41.925,16,2,1,1,0,0,0,0
9.95,33,22.56,18,1,0,0,0,0,0,0
-2.0,27,14.76,13,5,0,0,0,0,0,0
144.399,55,32.115,12,2,0,0,0,1,1,0
12.499,56,15.636,9,2,0,0,1,0,1,0
0.0,41,2.325,12,4,1,0,0,0,0,0
7.229,46,18.918,12,2,1,0,1,1,1,0
0.75,32,22.5,6,2,0,0,0,0,0,0
1.5,44,25.527,14,1,0,0,0,0,1,0
9.999,47,24.9,12,2,1,0,0,0,1,0
88.0,40,121.404,14,3,1,1,0,0,0,0
-0.083,27,9.612,17,1,0,0,0,0,0,0
17.529,31,65.259,18,2,1,1,0,1,1,0
6.149,41,13.098,14,1,0,0,1,1,0,0
0.0,27,10.008,12,1,0,0,0,0,0,0
0.0,51,16.35,12,3,0,0,0,0,1,0
37.499,38,65.949,15,2,1,1,0,1,1,0
-4.94,38,20.817,18,1,0,0,0,0,0,0
197.15,41,74.592,15,3,1,0,0,1,1,0
42.632,62,44.403,10,2,1,0,0,0,1,0
1.5,30,24.912,14,1,0,0,1,1,1,0
0.0,34,9.6,12,3,0,0,0,0,0,0
0.699,27,38.616,14,1,0,0,0,0,0,0
0.257,46,11.901,6,7,1,1,0,0,1,0
-2.961,32,40.104,12,4,1,1,0,0,1,0
-0.95,37,30.405,12,4,0,0,1,0,1,0
-5.265,39,15.759,12,2,0,0,0,0,1,0
-0.4,41,15.876,12,1,0,0,1,0,1,0
29.55,41,45.012,18,1,0,0,1,1,1,0
-6.0,42,16.338,12,4,0,0,0,0,0,0
-3.801,46,124.86,16,2,0,0,0,0,1,0
96.997,62,19.35,12,2,1,1,0,1,1,0
-2.3,30,31.785,12,3,1,1,0,0,0,0
4.029,47,27.414,12,2,1,1,0,1,1,0
-0.27,32,42.987,16,3,0,0,1,1,1,0
18.973,37,20.616,16,5,1,1,0,0,1,0
-1.425,45,24.645,11,5,1,0,1,0,1,0
-7.5,34,19.89,12,1,0,0,0,0,0,0
0.0,47,17.904,12,5,1,1,0,0,0,0
-3.395,31,55.62,12,4,1,1,0,0,1,0
0.0,27,10.248,13,6,1,0,0,0,0,0
-4.0,39,13.773,16,1,0,0,0,0,0,0
23.0,51,16.8,16,1,0,0,0,0,1,0
-3.0,40,10.386,12,3,0,0,0,0,1,0
0.1,40,23.538,14,1,0,0,0,0,0,0
20.799,50,48.66,12,3,0,0,0,1,1,0
-2.701,38,17.946,12,1,0,0,0,0,0,0
54.624,43,25.908,13,3,0,0,1,0,1,0
0.0,53,12.744,8,1,0,0,0,0,0,0
-3.25,29,30.75,15,2,1,1,0,0,1,0
0.13,52,43.212,18,1,0,0,1,1,1,0
12.35,58,71.646,14,2,1,1,0,1,1,0
0.0,30,20.4,13,3,0,0,0,0,0,0
5.999,31,14.46,16,2,0,0,0,1,0,0
19.199,54,20.325,12,2,0,0,0,0,1,0
3.5,43,64.05,15,5,1,0,0,0,1,0
-2.8,38,51.354,13,4,0,0,0,0,0,0
-3.2,56,12.852,5,2,1,0,0,0,0,0
-5.6,52,38.61,12,2,0,0,0,0,1,0
4.272,43,21.168,11,2,1,1,0,0,1,0
128.35,45,95.184,16,5,1,1,0,1,1,0
-0.07,33,16.32,12,3,0,0,0,0,1,0
42.935,42,36.093,12,4,1,0,0,0,1,0
72.598,60,38.361,13,2,1,0,0,1,1,0
-0.551,52,37.32,16,1,0,0,0,0,0,0
-0.5,57,30.303,15,2,1,0,0,0,1,0
551.1,45,76.938,17,4,1,1,0,1,1,0
-3.45,33,30.864,12,7,1,1,1,0,1,0
1.299,55,4.359,12,1,0,0,0,0,0,0
-14.758,47,28.866,12,3,1,1,0,0,0,0
-1.15,54,24.318,2,6,1,0,0,0,0,0
16.3,25,40.806,16,1,0,0,1,1,1,0
3.9,25,18.846,18,1,0,0,0,0,0,0
-3.9,26,28.32,12,4,1,1,0,0,1,0
11.4,44,59.664,14,5,1,1,0,1,1,0
4.8,49,56.145,14,5,1,1,0,0,1,0
25.12,49,25.185,12,1,0,0,1,0,1,0
0.112,33,17.796,12,3,0,0,0,0,0,0
-0.9,29,23.172,16,1,0,0,0,0,0,0
143.184,63,42.909,8,2,1,0,1,1,1,0
0.0,40,12.24,4,4,1,0,0,0,0,0
-2.55,31,12.24,14,2,1,0,0,0,0,0
5.124,35,28.893,11,4,1,1,0,0,1,0
-0.6,32,7.68,11,4,0,0,1,0,0,0
-5.4,38,56.115,12,2,1,1,0,0,1,0
6.075,33,46.209,12,4,1,1,0,1,1,0
0.6,26,20.43,16,1,0,0,0,0,0,0
-0.157,33,11.7,10,1,0,0,0,0,0,0
-3.0,43,8.88,14,4,0,0,0,0,0,0
0.0,36,17.28,12,3,0,0,0,0,0,0
-14.35,30,27.555,18,1,0,0,1,0,0,0
0.0,27,9.0,12,1,0,0,0,0,0,0
0.0,45,10.2,10,2,0,0,0,0,0,0
-1.563,30,33.219,12,2,1,0,0,0,0,0
-3.375,33,38.136,14,4,1,1,0,0,1,0
4.8,60,16.14,12,6,1,0,0,0,1,0
18.499,52,26.856,12,2,1,1,1,0,1,0
-0.385,26,10.2,12,1,0,0,0,0,0,0
53.6,38,76.362,15,5,1,1,1,1,1,0
14.282,33,45.831,18,3,1,0,0,1,1,0
0.0,38,24.795,14,3,1,0,0,0,1,0
0.2,48,5.214,12,2,0,0,0,0,0,0
12.999,27,26.724,12,1,0,0,1,0,1,0
207.75,62,49.788,12,2,1,0,0,1,0,0
52.45,52,92.724,14,2,1,1,0,1,1,0
0.05,63,12.81,12,2,1,0,0,0,1,0
5.009,27,34.2,16,1,0,0,0,0,1,0
-3.351,32,24.045,13,1,0,0,1,0,1,0
19.7,41,49.194,18,3,0,0,1,1,1,0
6.409,28,25.464,12,3,1,1,0,0,1,0
-2.9,43,29.808,12,3,1,0,0,0,1,0
0.024,25,14.661,10,1,0,0,0,0,0,0
14.91,39,15.3,16,6,1,0,0,1,0,0
-1.627,50,22.98,16,2,0,0,0,0,1,0
-4.225,39,37.89,15,1,0,0,0,0,1,0
-6.685,45,8.067,15,1,0,0,0,0,1,0
3.174,38,55.854,16,4,1,1,0,0,1,0
20.399,36,24.867,16,2,1,0,0,1,1,0
30.0,55,8.85,4,2,0,0,0,0,1,0
-4.0,40,50.076,18,2,1,1,1,0,1,0
-1.775,25,32.409,12,3,1,1,0,0,0,0
4.107,48,28.017,12,1,0,0,0,0,0,0
54.247,52,22.488,12,3,1,0,0,1,1,0
-1.0,44,25.5,12,5,1,1,0,0,0,0
0.12,50,10.902,12,2,0,0,0,0,1,0
11.422,57,11.82,12,2,0,0,1,0,1,0
0.1,31,38.802,12,6,0,0,1,0,0,0
10.699,28,19.011,8,3,1,0,0,0,1,0
-0.917,25,37.692,12,3,1,1,0,0,1,0
63.648,40,54.261,16,5,1,1,0,1,1,0
-17.0,47,4.86,16,1,0,0,0,0,1,0
6.5,40,47.463,15,2,1,1,1,0,1,0
0.0,36,8.7,3,1,1,0,0,0,0,0
0.799,49,9.228,7,1,0,0,0,0,0,0
-10.4,32,47.688,15,3,1,1,0,0,0,0
-3.15,32,6.315,10,6,1,1,0,0,0,0
-9.7,55,34.2,12,3,0,0,0,0,1,0
-0.5,55,14.352,10,2,0,0,0,0,1,0
0.0,26,10.626,9,1,0,0,0,0,0,0
11.999,30,48.111,14,3,1,0,0,0,1,0
2.599,61,10.728,12,2,0,0,0,0,1,0
9.999,56,39.117,12,5,1,1,0,0,1,0
0.5,34,6.537,12,4,1,0,0,0,0,0
7.5,40,12.576,12,2,0,0,0,0,1,0
-0.21,62,9.213,7,1,0,0,0,0,1,0
25.0,44,30.408,12,2,0,0,0,1,0,0
-14.729,38,14.1,18,5,1,0,0,0,0,0
0.0,48,26.604,12,3,1,1,0,0,1,0
0.23,36,17.274,14,4,1,0,0,0,1,0
-5.851,36,15.045,12,7,1,0,0,0,1,0
-1.398,28,43.596,14,2,1,1,0,0,1,0
39.6,60,13.245,12,1,0,0,0,0,1,0
0.4,64,36.798,15,2,1,1,0,0,1,0
-1.184,44,34.89,13,5,1,1,0,0,1,0
4.47,57,24.561,12,3,1,0,0,0,1,0
0.0,50,30.6,15,3,0,0,1,0,0,0
73.351,41,51.591,14,4,1,0,0,1,1,0
0.825,43,14.172,12,4,0,0,1,0,1,0
0.34,32,20.811,7,3,1,1,0,0,0,0
80.154,63,30.639,12,4,1,0,0,0,1,0
0.075,47,33.933,12,5,1,1,0,0,1,0
0.826,47,16.956,12,2,1,0,0,0,1,0
-0.175,64,21.792,12,2,1,0,0,0,1,0
0.75,30,47.124,11,1,0,0,0,0,0,0
41.9,61,22.32,8,1,0,0,0,1,1,0
-4.5,34,24.0,17,2,0,0,0,0,0,0
-1.596,27,6.78,12,5,1,0,0,0,1,0
-1.078,30,13.35,12,4,1,0,0,0,1,0
18.899,35,21.702,15,2,0,0,1,0,0,0
62.0,57,82.29,14,2,1,0,0,1,1,0
0.9,38,16.11,12,6,0,0,0,0,0,0
-16.826,34,15.12,10,5,1,0,0,0,1,0
0.0,30,31.2,13,5,1,1,0,0,1,0
13.0,57,19.26,9,3,1,0,0,0,0,0
0.0,42,26.4,12,3,1,0,0,0,0,0
5.3,40,36.0,13,2,0,0,1,0,1,0
-0.15,53,10.2,12,1,0,0,0,0,0,0
-5.79,48,21.066,14,2,0,0,0,0,1,0
58.1,63,74.199,17,2,1,0,1,0,1,0
-5.0,46,17.1,13,1,0,0,0,0,1,0
-1.4,28,22.68,12,4,1,1,0,0,1,0
9.428,48,8.475,17,1,0,0,0,0,0,0
-0.9,53,13.029,8,5,0,0,0,0,1,0
19.6,37,94.929,16,4,1,1,1,1,1,0
0.5,25,18.39,9,2,0,0,0,0,1,0
-8.597,34,31.833,12,4,1,1,0,1,0,0
-5.85,36,19.17,6,4,1,1,0,0,1,0
0.167,39,21.435,12,2,0,0,0,0,1,0
-1.875,54,26.136,12,4,1,1,0,0,0,0
189.0,53,56.997,18,3,1,0,0,1,1,0
0.09,40,20.94,3,7,1,1,0,0,0,0
96.15,57,22.317,11,2,1,0,0,1,0,0
37.999,50,62.13,14,4,1,1,1,0,1,0
11.489,61,42.246,12,2,1,1,1,1,1,0
7.559,35,27.603,12,4,1,0,0,0,1,0
0.75,28,24.69,18,1,0,0,0,0,1,0
15.299,50,14.391,12,1,0,0,0,0,1,0
237.95,59,25.185,14,1,0,0,0,1,1,0
15.1,52,26.91,18,1,1,0,0,1,0,0
24.993,37,41.358,16,5,1,0,0,1,1,0
-0.5,50,8.454,12,1,0,0,1,0,0,0
0.0,31,25.845,11,1,0,0,0,0,0,0
0.11,41,22.8,9,4,1,0,0,0,1,0
-14.523,29,45.612,15,2,1,1,0,0,0,0
2.51,37,38.34,13,5,1,0,0,1,1,0
-3.2,43,25.056,13,4,1,0,0,0,1,0
27.209,44,34.794,12,2,1,0,0,0,1,0
0.2,30,36.45,13,5,1,1,1,0,1,0
1.7,25,13.266,14,2,1,0,0,0,0,0
3.4,36,42.33,12,5,1,1,0,1,1,0
-0.33,33,17.745,12,5,1,1,0,1,0,0
13.758,39,37.71,13,2,1,0,0,1,1,0
-5.774,44,12.501,14,2,0,0,0,0,1,0
0.0,46,14.04,12,2,0,0,1,0,0,0
0.0,30,10.932,12,4,1,0,0,0,0,0
1.601,28,18.234,8,3,1,0,0,0,1,0
0.0,27,4.275,12,5,1,0,0,0,0,0
0.0,26,47.016,16,1,0,0,0,0,0,0
-2.5,26,33.093,12,2,1,1,0,0,0,0
-0.5,26,25.815,16,1,0,0,0,0,0,0
0.0,49,9.051,12,1,0,0,0,0,1,0
4.0,34,20.478,16,2,0,0,0,0,0,0
1.0,58,14.637,14,1,0,0,0,0,0,0
0.0,42,18.0,14,2,0,0,0,0,0,0
-0.4,33,90.306,17,4,1,1,1,0,1,0
7.19,34,35.184,12,1,0,0,1,0,1,0
-1.16,31,24.3,16,3,1,0,0,0,0,0
5.5,39,72.36,18,2,1,1,1,0,0,0
0.0,36,21.405,12,4,1,1,0,0,0,0
1.6,32,12.885,12,2,1,0,0,0,1,0
0.899,35,42.54,16,5,1,0,0,0,0,0
-1.3,40,38.205,13,6,1,1,0,0,1,0
-0.5,63,20.322,14,1,0,0,0,0,1,0
-1.995,31,22.56,14,5,1,0,0,0,0,0
0.0,39,5.469,12,2,0,0,0,0,0,0
215.121,61,45.444,13,2,1,0,0,1,1,0
0.02,32,12.243,12,1,0,0,0,0,0,0
-1.795,48,10.338,12,3,1,0,0,0,1,0
0.0,34,4.548,12,2,0,0,0,0,0,0
-1.501,35,43.134,13,4,1,1,0,0,1,0
-0.5,43,51.447,12,5,1,1,0,0,1,0
10.4,28,13.41,14,1,0,0,0,0,0,0
62.818,38,53.925,18,4,1,1,0,1,1,0
9.8,50,28.65,16,2,0,0,1,0,1,0
-2.051,32,20.205,13,5,1,0,0,0,0,0
-1.346,55,29.634,16,2,0,0,0,0,1,0
0.4,63,24.096,6,2,1,0,0,0,1,0
109.1,35,23.973,12,1,0,0,0,1,0,0
2.3,29,18.168,10,4,0,0,0,0,0,0
49.45,51,105.396,16,1,1,0,0,0,1,0
-5.15,47,23.01,12,4,1,0,0,0,0,0
49.7,27,147.996,16,2,1,1,0,0,0,0
10.181,45,54.15,14,3,1,1,0,1,1,0
1.5,31,44.868,12,4,1,1,0,0,0,0
0.2,29,18.336,14,1,0,0,1,0,0,0
1.5,42,24.345,12,3,1,1,0,0,0,0
40.0,46,160.2,14,6,1,1,0,1,1,0
0.0,50,20.4,12,2,1,0,0,0,1,0
10.7,42,40.5,16,4,1,0,0,0,1,0
5.3,37,54.621,18,4,0,0,0,1,1,0
0.999,53,21.888,12,1,0,0,0,0,1,0
61.898,59,37.92,12,3,1,0,0,1,1,0
3.3,37,52.821,16,5,1,0,0,1,1,0
0.0,28,3.15,11,2,0,0,0,0,0,0
0.99,45,14.427,14,3,1,0,1,1,1,0
33.0,31,41.376,16,3,1,0,0,0,0,0
-0.45,25,34.794,12,3,1,1,1,0,1,0
28.3,55,55.752,18,2,0,0,1,1,1,0
-4.25,43,25.131,15,5,1,1,0,0,0,0
-4.25,52,12.966,12,2,0,0,0,0,1,0
-2.0,30,40.389,14,5,1,1,1,0,1,0
0.2,42,30.6,11,4,1,0,0,0,1,0
-5.2,40,25.506,12,1,0,0,0,1,0,0
4.2,57,27.366,12,2,1,0,0,0,1,0
14.999,46,40.95,16,5,1,1,0,0,1,0
0.0,54,8.478,5,5,0,0,0,0,0,0
8.26,47,37.932,12,2,1,1,1,1,1,0
11.137,62,17.403,12,1,0,0,0,0,1,0
-40.0,46,40.224,12,1,0,0,1,0,0,0
3.2,49,39.801,11,1,0,0,0,0,0,0
3.441,26,44.205,15,2,1,1,0,0,1,0
-4.501,36,19.251,12,3,1,0,0,0,0,0
1.744,64,30.108,12,2,1,1,1,0,1,0
-0.295,42,12.213,12,5,1,1,0,0,0,0
5.071,62,29.616,12,2,0,0,0,1,1,0
-0.158,32,29.244,18,1,0,0,0,0,1,0
-27.77,34,17.022,18,1,0,0,0,0,0,0
-0.3,43,3.825,9,5,1,0,0,0,0,0
0.0,29,10.176,11,2,0,0,0,0,0,0
74.999,50,18.186,12,3,0,0,1,0,1,0
0.0,36,17.928,14,3,0,0,0,0,0,0
-2.0,40,3.696,12,3,0,0,0,0,1,0
17.556,26,5.004,12,3,0,0,1,0,1,0
18.545,54,35.28,13,2,1,1,0,1,0,0
0.5,51,13.473,10,2,0,0,0,0,1,0
19.242,44,45.816,16,3,0,0,0,1,1,0
0.0,36,24.0,14,1,0,0,0,0,1,0
0.3,56,38.382,9,2,1,1,0,0,0,0
11.234,54,8.58,10,1,0,0,0,0,1,0
0.0,34,11.52,12,3,0,0,0,0,0,0
0.915,45,25.527,14,2,0,0,0,1,1,0
-0.23,38,11.919,10,2,0,0,0,0,1,0
2.75,35,13.2,16,4,1,0,0,0,1,0
0.0,44,30.6,14,1,0,0,0,0,0,0
13.3,39,34.509,12,1,0,0,0,0,0,0
-10.002,64,49.365,14,2,1,0,1,1,1,0
0.0,40,28.095,3,5,1,1,0,0,1,0
0.0,37,22.95,7,7,1,1,0,0,0,0
15.0,40,41.535,12,4,1,0,0,1,1,0
1.15,37,12.852,12,2,0,0,0,0,1,0
-0.1,35,32.208,13,2,1,1,0,0,0,0
0.9,50,13.443,12,4,1,0,0,0,0,0
-4.5,33,21.06,12,1,0,0,1,1,1,0
-5.186,49,47.748,14,3,1,1,0,0,1,0
0.0,33,6.9,3,4,1,0,0,0,0,0
40.2,35,39.48,12,3,1,1,0,1,1,0
12.0,62,48.6,16,4,1,0,0,0,1,0
-5.71,53,15.3,13,1,0,0,0,0,0,0
12.2,32,17.58,12,2,1,0,0,1,0,0
14.071,32,28.572,14,1,0,0,1,1,1,0
0.0,30,20.31,16,1,0,0,0,0,0,0
-2.7,52,25.02,12,1,0,0,1,0,0,0
49.538,42,15.0,12,3,0,0,0,0,0,0
4.591,26,28.356,16,2,1,1,0,0,0,0
-0.98,32,24.0,14,3,0,0,0,0,0,0
-2.4,28,28.887,18,2,1,1,0,0,0,0
-5.701,49,16.95,14,3,1,0,0,0,1,0
-8.9,28,22.5,16,1,0,0,0,0,0,0
-32.4,30,66.0,13,5,1,0,0,0,1,0
2.4,61,4.146,12,1,0,0,0,0,0,0
41.899,45,28.5,18,4,1,0,0,1,0,0
-6.65,37,18.0,12,1,0,0,0,0,0,0
-2.61,40,38.76,14,5,1,1,0,0,1,0
-0.6,27,64.98,13,1,0,0,1,0,0,0
-0.501,30,7.336,12,1,1,0,0,0,1,0
1.0,28,25.2,12,1,0,0,0,0,0,0
-3.45,39,29.001,12,3,0,0,1,0,1,0
0.8,45,26.661,11,4,1,0,0,0,0,0
0.075,34,33.105,11,5,1,0,0,0,1,0
-5.77,30,29.82,12,4,1,0,0,0,1,0
12.0,56,77.43,16,5,1,1,0,1,1,0
1.299,43,23.13,8,4,1,0,0,0,1,0
0.0,38,8.67,12,7,0,0,0,0,0,0
24.999,58,22.62,12,2,0,0,0,1,1,0
-2.282,58,10.611,13,2,0,0,0,0,1,0
-21.7,38,42.378,14,4,1,1,0,0,1,0
-9.8,34,21.603,16,1,0,0,0,0,0,0
-1.1,46,9.12,10,5,1,0,0,0,0,0
39.4,56,76.5,14,3,1,1,0,1,1,0
0.399,61,19.557,12,4,0,0,1,0,0,0
-5.8,28,22.806,14,3,1,1,0,0,0,0
-2.101,32,19.638,9,4,0,0,0,0,0,0
0.0,60,17.4,14,3,1,0,0,0,0,0
0.0,36,19.407,12,5,1,0,0,0,0,0
-2.85,27,22.2,16,1,0,0,0,0,0,0
10.535,49,26.679,12,1,0,0,1,0,1,0
-0.9,36,47.385,12,6,1,1,0,0,1,0
3.35,26,18.09,15,1,0,0,0,0,0,0
3.899,33,32.16,10,4,1,1,0,0,0,0
0.0,32,36.21,10,4,1,1,0,0,1,0
2.899,47,33.0,14,1,0,0,0,0,1,0
0.0,31,21.828,12,4,1,0,0,0,0,0
0.0,30,12.36,10,3,0,0,0,0,1,0
-1.65,53,38.988,12,4,1,1,1,1,1,0
-3.75,31,24.486,12,5,1,1,0,0,0,0
0.0,40,25.5,12,6,1,0,0,0,1,0
0.02,44,55.8,12,4,0,0,0,0,1,0
19.599,47,28.182,18,1,0,0,0,0,0,0
0.02,49,7.5,14,4,0,0,0,0,1,0
0.0,38,8.289,10,3,0,0,1,0,0,0
-3.8,28,39.609,14,3,1,1,0,0,1,0
-3.15,36,24.975,14,2,0,0,1,0,0,0
47.28,55,36.198,12,3,1,1,1,1,1,0
21.356,30,37.161,12,2,1,1,0,0,1,0
0.0,40,40.662,16,3,0,0,1,0,0,0
-3.2,28,55.83,14,2,1,1,0,0,1,0
0.0,43,4.836,11,5,1,0,0,0,1,0
-15.1,42,30.0,16,2,1,0,1,0,0,0
0.0,45,28.152,12,3,1,1,0,0,1,0
0.8,51,21.969,12,2,1,0,0,0,1,0
1.449,42,25.068,12,7,1,0,0,0,1,0
0.367,60,30.99,14,2,1,1,0,0,1,0
0.04,47,13.644,10,3,0,0,0,0,1,0
17.498,41,161.55,18,2,1,1,1,1,1,0
84.4,59,25.248,12,2,0,0,0,1,1,0
0.0,31,26.862,12,3,0,0,0,0,0,0
0.0,40,4.107,9,2,0,0,0,0,0,0
-4.7,25,21.15,18,1,0,0,0,0,0,0
-11.27,36,78.549,18,2,1,1,0,0,1,0
-1.1,37,14.85,16,1,0,0,0,0,0,0
-2.4,25,6.138,12,3,1,0,0,0,0,0
-5.49,40,28.044,13,4,1,1,1,0,1,0
30.592,63,35.547,15,3,1,1,0,1,1,0
5.5,50,33.75,12,2,1,1,1,0,1,0
3.3,35,22.8,17,3,1,0,0,0,1,0
0.0,30,12.525,12,2,0,0,0,0,0,0
0.5,29,44.895,15,3,1,1,0,0,1,0
0.82,32,40.215,14,2,1,1,0,0,0,0
-7.6,25,28.335,12,3,1,1,0,0,0,0
10.011,43,26.463,14,1,0,0,1,1,1,0
0.2,32,15.216,3,10,1,0,0,0,0,0
-5.9,40,40.8,18,1,0,0,1,0,1,0
-0.9,28,39.618,13,3,0,0,0,0,1,0
2.608,53,20.406,12,3,1,0,0,1,1,0
0.0,31,21.42,8,4,1,0,0,0,0,0
-0.6,32,11.475,12,4,1,0,0,0,1,0
21.9,51,37.452,12,2,1,0,0,0,1,0
47.87,48,40.452,1,1,0,0,0,1,1,0
31.402,38,55.419,13,5,1,1,0,1,1,0
0.0,26,14.616,16,2,0,0,0,0,0,0
1.5,50,57.132,13,2,0,0,0,0,0,0
0.0,31,20.028,12,1,0,0,0,0,0,0
9.8,32,21.837,14,1,0,0,0,0,0,0
51.0,63,22.422,13,2,1,0,1,1,1,0
0.0,56,14.28,16,1,0,0,0,0,0,0
0.0,25,34.953,12,2,1,1,0,0,1,0
-3.188,28,19.542,12,4,1,1,1,0,1,0
18.149,40,31.785,14,6,1,0,0,0,1,0
-3.25,46,15.144,10,3,0,0,0,0,1,0
6.2,41,28.392,12,4,1,1,0,1,1,0
20.7,61,49.05,12,4,1,0,0,0,1,0
7.62,27,13.41,16,2,0,0,0,0,0,0
7.599,57,21.024,12,3,1,0,0,0,1,0
14.264,25,9.66,12,1,0,0,0,0,0,0
-3.16,42,29.298,15,4,1,1,1,0,1,0
6.049,47,32.568,17,4,1,1,0,1,1,0
0.0,57,23.28,12,1,0,0,1,0,0,0
0.5,48,53.412,12,2,1,1,1,0,1,0
-1.45,25,17.361,14,2,1,1,1,0,0,0
9.217,50,91.704,16,3,1,1,0,0,0,0
11.099,38,22.194,14,2,1,0,0,1,1,0
0.0,48,18.696,12,2,0,0,0,0,0,0
-9.5,25,26.94,12,4,1,0,0,0,0,0
4.65,35,45.42,14,3,1,1,0,1,1,0
0.35,47,34.059,12,3,1,0,0,0,1,0
0.0,46,61.11,12,3,1,1,0,0,1,0
-0.97,28,28.728,12,5,1,1,1,0,0,0
0.0,34,9.18,8,4,1,0,0,0,0,0
-3.073,26,43.275,13,2,1,1,0,0,1,0
-0.5,46,35.73,12,1,0,0,0,0,0,0
0.8,30,16.872,11,4,1,0,0,0,0,0
3.2,40,27.15,12,6,1,0,0,1,1,0
0.0,37,28.902,12,2,0,0,0,0,0,0
-6.376,27,29.598,18,1,0,0,0,0,0,0
10.52,43,65.526,14,4,1,1,0,0,1,0
28.0,34,105.246,14,2,1,1,0,1,1,0
0.0,28,5.28,14,3,0,0,0,0,0,0
102.598,48,17.55,12,1,0,0,0,1,1,0
-3.1,32,53.976,10,3,1,1,0,0,0,0
0.0,41,4.05,12,2,0,0,0,0,0,0
52.2,56,22.464,12,2,1,1,0,1,1,0
-11.55,43,40.428,13,5,1,1,0,0,1,0
46.5,48,78.918,17,2,1,1,0,1,0,0
0.0,36,8.4,12,2,0,0,0,0,0,0
-1.14,26,32.001,17,1,0,0,1,0,0,0
0.606,37,21.603,16,1,0,0,1,1,0,0
0.686,36,19.2,14,3,0,0,0,0,1,0
0.35,27,27.81,14,2,1,1,0,0,1,0
0.0,37,11.313,12,3,0,0,0,0,1,0
7.0,28,38.466,16,2,1,0,0,0,1,0
-0.275,35,29.91,12,5,1,1,0,0,1,0
6.399,39,91.98,13,3,1,1,0,1,1,0
17.565,50,42.759,12,4,1,0,0,1,1,0
0.05,32,9.144,12,1,0,0,0,0,1,0
0.0,51,11.88,6,5,1,0,0,0,0,0
0.0,26,21.99,12,5,1,1,1,0,1,0
10.95,48,30.87,12,3,0,0,0,1,1,0
-6.7,64,17.04,8,1,0,0,0,0,1,0
1.1,45,41.886,12,4,1,1,0,0,1,0
-4.311,44,39.114,12,5,1,1,1,0,1,0
86.399,50,18.981,18,2,0,0,1,1,1,0
0.0,43,31.254,12,4,1,1,0,0,1,0
0.35,28,12.75,12,4,0,0,0,0,0,0
1.907,31,58.98,1,4,1,1,0,1,1,0
7.5,47,33.93,12,4,1,0,0,0,1,0
-2.0,29,12.0,13,2,0,0,0,0,0,0
0.1,30,13.005,13,1,0,0,0,0,0,0
1.4,39,14.025,12,5,1,1,0,0,1,0
29.598,36,37.077,12,4,1,1,0,0,1,0
17.748,41,30.927,9,3,1,0,0,1,1,0
0.758,64,11.247,12,2,0,0,1,0,1,0
-1.37,28,10.71,12,2,0,0,0,0,0,0
21.0,58,30.528,17,1,0,0,0,0,0,0
-10.06,28,54.894,16,2,1,1,0,0,0,0
-0.991,34,42.429,13,2,1,1,1,1,1,0
2.0,58,49.29,16,6,1,0,1,0,1,0
18.46,46,49.431,12,4,1,1,0,1,1,0
6.0,39,41.475,12,1,0,0,1,0,0,0
-2.65,36,15.639,12,7,1,0,0,0,0,0
-9.5,46,25.773,12,2,1,1,0,0,1,0
-6.5,26,14.01,16,1,0,0,1,0,0,0
-2.551,41,48.273,14,3,0,0,1,0,1,0
0.015,28,18.36,16,1,0,0,0,0,0,0
0.0,46,9.18,6,5,0,0,0,0,0,0
4.0,31,100.356,16,1,0,0,0,0,1,0
2.6,28,29.16,12,1,0,0,0,0,0,0
-1.8,25,27.726,12,5,1,0,0,0,0,0
0.05,45,28.56,12,6,1,0,0,0,1,0
0.075,52,33.624,12,3,1,0,0,0,1,0
6.5,31,26.058,12,1,0,0,0,0,0,0
-2.731,37,20.004,12,4,1,1,0,0,1,0
0.09,52,23.625,16,1,0,0,0,0,0,0
3.3,50,34.164,12,4,1,0,0,1,1,0
4.0,33,31.2,16,5,1,0,0,0,1,0
2.691,36,36.045,12,4,1,0,0,1,1,0
0.0,40,17.136,7,4,0,0,0,0,0,0
1.2,32,34.788,12,2,1,0,0,0,1,0
-0.595,32,14.79,12,1,0,0,0,0,0,0
8.099,62,52.32,12,2,1,1,1,0,1,0
28.2,56,80.4,14,2,1,1,1,1,1,0
-0.122,44,66.579,15,3,0,0,0,0,1,0
2.0,33,63.969,13,4,1,1,0,0,1,0
-14.6,32,7.53,18,1,0,0,0,0,0,0
1.509,39,29.151,13,5,1,1,0,0,1,0
-13.93,44,15.603,7,2,1,0,0,0,1,0
13.0,48,28.422,8,6,1,0,0,0,1,0
10.999,47,56.976,12,3,1,1,1,0,1,0
-1.26,34,17.007,12,4,1,0,0,0,1,0
32.148,63,87.72,18,3,1,1,1,1,1,0
-0.25,46,26.172,12,4,1,1,0,0,0,0
-1.0,40,10.56,12,3,0,0,0,0,0,0
0.052,30,25.878,12,3,1,0,0,0,1,0
0.0,46,7.854,11,3,0,0,0,0,0,0
21.199,29,25.803,12,1,0,0,0,0,0,0
-0.15,33,13.326,10,5,1,1,0,0,1,0
0.0,26,2.805,6,5,1,0,0,0,0,0
21.8,44,98.88,15,2,1,1,0,0,1,0
-15.321,42,42.819,15,4,1,1,0,0,1,0
2.325,37,19.44,12,1,0,0,1,1,1,0
18.2,47,49.086,12,3,1,1,0,1,1,0
8.0,31,14.88,16,1,0,0,0,0,0,0
0.999,26,55.779,15,2,1,1,0,0,1,0
0.0,36,25.5,9,5,1,1,0,0,0,0
-5.2,31,46.05,16,3,1,0,0,0,0,0
18.75,52,29.865,12,2,1,0,0,1,0,0
-1.5,42,47.682,12,4,1,0,0,0,1,0
3.1,39,21.3,12,3,1,0,0,0,1,0
1.0,54,13.797,9,1,0,0,1,0,1,0
82.25,40,86.4,18,5,1,0,0,1,1,0
-0.4,35,7.86,14,2,0,0,0,0,0,0
-0.25,28,21.639,13,2,0,0,0,0,1,0
-2.5,42,123.246,16,3,1,1,1,0,0,0
3.222,53,29.169,12,4,1,0,0,1,1,0
13.259,35,60.897,12,1,0,0,0,0,1,0
-0.086,27,15.852,15,1,0,0,1,0,0,0
-4.975,27,26.259,15,1,0,0,0,0,0,0
50.4,38,74.724,18,2,1,1,0,1,1,0
102.981,40,36.177,12,2,1,1,0,1,1,0
-3.001,25,19.23,13,1,0,0,0,0,0,0
13.1,54,13.296,12,1,0,0,0,0,1,0
-2.3,31,37.524,12,7,1,0,0,0,1,0
2.5,59,19.872,12,1,0,0,0,0,1,0
-0.35,25,17.418,12,5,1,0,0,0,1,0
-14.091,39,48.138,16,4,1,1,0,0,1,0
3.137,37,14.085,14,2,1,1,0,0,0,0
0.1,25,14.79,12,1,0,0,0,0,1,0
-0.025,44,5.76,12,5,0,0,0,0,1,0
45.999,34,51.162,17,3,0,0,1,1,1,0
0.398,37,20.781,9,2,1,0,0,0,0,0
0.0,56,8.67,9,3,0,0,0,0,1,0
-16.225,35,31.191,14,2,0,0,0,0,1,0
-1.0,27,17.34,5,5,1,0,0,0,0,0
0.0,33,16.062,12,3,0,0,0,0,0,0
-0.425,37,48.0,17,3,0,0,0,0,0,0
3.078,47,66.021,14,4,1,1,1,0,0,0
8.043,50,54.981,12,2,1,1,0,0,1,0
-1.8,57,19.44,12,5,0,0,1,0,1,0
-6.4,31,26.235,14,5,1,1,0,0,0,0
0.5,27,18.006,13,1,0,0,0,0,0,0
18.999,55,27.6,17,3,0,0,1,0,0,0
0.95,27,34.704,14,5,1,1,0,0,1,0
0.374,33,17.229,9,2,0,0,0,0,1,0
-2.24,44,31.53,14,2,0,0,0,0,1,0
10.4,52,44.271,15,6,1,1,0,1,1,0
0.024,50,7.923,9,1,0,0,0,0,1,0
-0.6,56,15.48,10,4,0,0,0,0,0,0
-0.734,42,17.814,13,3,1,0,0,0,0,0
20.0,62,30.381,11,2,1,0,0,0,1,0
-2.0,46,15.54,12,1,0,0,1,0,0,0
105.0,36,85.437,12,5,1,0,0,1,1,0
20.0,44,22.5,18,1,0,0,0,0,0,0
19.947,58,38.949,12,2,1,0,0,1,1,0
-0.2,55,36.924,12,2,1,1,1,0,1,0
-0.3,29,33.6,14,4,1,1,0,0,0,0
0.3,29,5.283,12,1,0,0,0,0,1,0
10.9,41,14.064,12,1,0,0,0,1,1,0
-0.501,31,24.81,17,1,0,0,0,0,0,0
-1.5,39,13.104,12,1,0,0,1,0,1,0
0.6,32,17.646,14,3,1,0,0,0,1,0
-14.701,47,42.69,18,1,0,0,0,0,0,0
-1.301,25,24.177,13,1,0,0,1,0,0,0
0.0,26,10.71,12,1,0,0,0,0,0,0
0.0,32,2.43,12,5,1,1,0,0,0,0
5.2,44,45.573,14,4,1,1,0,0,1,0
57.852,38,80.085,16,3,1,1,1,1,1,0
0.0,48,8.67,10,1,0,0,0,0,0,0
-0.44,44,41.556,16,4,1,1,1,0,1,0
-10.2,25,61.83,16,2,1,1,0,0,0,0
0.1,31,28.8,12,8,1,0,0,0,0,0
-0.986,47,21.3,16,6,1,0,0,0,0,0
-1.36,40,15.045,15,1,0,0,0,0,1,0
2.9,50,26.64,5,4,1,0,0,0,1,0
-2.0,25,23.004,14,3,0,0,0,0,0,0
20.0,62,14.1,12,3,1,0,0,0,1,0
4.199,38,42.906,12,4,1,0,0,0,1,0
-3.158,41,14.04,12,2,0,0,0,0,1,0
0.0,42,2.838,12,1,0,0,0,0,0,0
0.0,33,30.6,9,6,1,0,0,0,0,0
38.0,39,99.345,14,1,0,0,0,1,1,0
-1.0,35,4.395,9,4,1,0,0,0,0,0
0.0,36,2.31,12,1,0,0,0,0,0,0
1.444,31,27.162,13,2,1,1,0,0,0,0
4.629,28,48.9,14,3,1,0,0,0,1,0
0.0,32,6.03,8,3,0,0,0,0,0,0
16.2,52,30.099,14,2,0,0,1,1,1,0
122.499,61,60.15,18,2,0,0,0,0,1,0
-0.44,33,23.4,12,3,0,0,0,0,0,0
-1.067,59,6.684,12,5,1,1,0,0,0,0
-8.4,33,31.392,12,3,1,1,0,0,0,0
-6.7,32,54.0,12,2,1,1,0,0,1,0
1.0,34,18.975,16,3,1,1,0,0,0,0
83.999,44,20.64,13,3,1,0,0,0,1,0
7.2,28,36.075,14,2,1,1,0,1,0,0
3.718,31,27.9,16,1,0,0,0,0,1,0
11.4,37,35.226,15,6,1,1,0,0,1,0
-3.72,34,28.935,12,3,1,0,0,0,1,0
0.0,29,6.573,12,4,0,0,0,0,0,0
-0.5,29,13.272,14,1,0,0,0,0,0,0
-2.3,29,46.839,16,3,1,1,0,0,1,0
0.0,43,10.668,17,1,0,0,0,0,0,0
14.06,38,94.503,18,5,1,1,0,0,1,0
10.05,40,60.498,12,2,1,1,0,1,1,0
-0.9,49,4.218,12,1,0,0,0,0,1,0
2.4,42,37.851,12,6,0,0,1,0,0,0
2.223,50,10.362,12,1,0,0,0,0,0,0
0.0,37,10.8,4,7,1,0,0,0,0,0
-5.15,43,17.52,12,2,0,0,0,0,0,0
-3.0,49,14.631,14,2,0,0,0,0,0,0
-3.8,64,26.946,14,2,0,0,0,0,1,0
0.0,28,5.55,12,1,0,0,0,0,0,0
0.0,29,7.29,12,3,1,0,0,0,0,0
10.398,42,51.492,16,4,1,1,0,0,1,0
-2.95,50,53.94,11,3,1,1,0,0,1,0
0.0,35,1.596,12,1,0,0,0,0,0,0
113.595,58,59.952,12,2,1,1,0,1,1,0
8.249,63,17.733,10,2,1,0,0,0,1,0
2.758,34,96.174,16,5,1,1,0,0,0,0
0.3,52,22.848,12,1,0,0,0,0,0,0
-0.5,53,21.0,12,3,1,1,0,0,1,0
0.04,54,15.594,15,4,0,0,0,0,1,0
12.633,25,49.026,12,3,1,1,0,0,1,0
-2.9,46,28.605,15,2,1,1,0,0,0,0
-3.88,25,31.803,13,1,0,0,0,0,0,0
-1.025,46,85.065,12,4,1,1,0,0,1,0
23.898,54,71.604,13,2,1,0,0,0,1,0
0.05,46,19.233,12,5,1,0,0,0,1,0
1.5,32,53.664,16,2,1,1,1,0,1,0
-1.6,29,19.848,11,4,1,1,1,0,1,0
0.0,29,11.721,12,3,0,0,0,0,0,0
5.9,31,27.906,16,3,1,0,0,1,1,0
0.2,63,36.252,12,2,1,0,0,0,1,0
4.6,31,33.036,16,1,0,0,0,1,1,0
-3.075,26,21.456,13,1,0,0,0,0,0,0
9.95,50,45.015,12,6,1,1,1,1,1,0
1.499,38,31.674,15,1,0,0,1,0,1,0
33.199,52,75.126,13,2,1,1,0,0,1,0
-0.4,28,0.921,13,1,0,0,0,0,0,0
24.6,32,62.385,14,3,1,1,0,1,1,0
0.0,30,16.8,12,1,0,0,0,0,0,0
120.5,59,84.159,14,2,1,0,0,0,1,0
-2.617,52,9.0,12,2,0,0,1,0,1,0
23.549,29,19.491,18,1,0,0,0,0,0,0
4.575,40,13.17,12,1,0,0,0,1,0,0
-3.725,27,27.657,12,2,1,1,0,0,0,0
-1.005,38,38.313,16,4,1,1,0,0,1,0
0.0,45,21.048,14,4,0,0,1,0,1,0
1.099,42,26.406,10,5,1,0,0,0,1,0
4.175,36,63.288,15,2,1,1,0,0,0,0
-1.2,44,42.024,12,4,1,1,1,0,0,0
30.523,63,36.429,11,2,1,0,1,1,1,0
-8.8,46,26.52,12,1,0,0,1,0,1,0
1003.126,64,43.272,12,2,1,0,0,1,1,0
1.791,28,30.936,12,4,1,1,0,1,1,0
0.9,48,13.05,13,1,0,0,1,0,0,0
0.35,29,18.0,15,2,0,0,1,0,0,0
26.9,32,38.808,12,2,1,1,0,0,0,0
20.6,59,33.36,17,2,1,1,0,1,1,0
-0.8,39,22.095,16,1,0,0,0,0,0,0
0.831,27,6.732,12,1,0,0,0,0,0,0
-8.8,35,23.88,12,3,1,1,0,0,0,0
20.269,33,13.44,12,4,0,0,1,0,1,0
0.0,46,36.072,12,5,1,1,0,0,1,0
-3.099,32,16.758,12,3,0,0,1,0,0,0
-4.4,36,18.138,12,2,0,0,0,0,1,0
0.799,32,24.024,18,1,0,0,0,0,0,0
-3.44,28,19.152,14,3,1,1,0,0,0,0
0.0,46,18.0,12,3,1,0,0,0,0,0
0.01,55,15.186,12,2,0,0,0,0,0,0
2.7,40,47.355,14,4,1,1,0,0,1,0
0.0,29,16.491,15,5,1,0,0,0,0,0
-4.1,34,37.428,10,4,1,1,0,0,0,0
-37.074,30,44.184,14,4,1,0,0,0,0,0
-0.5,34,13.32,10,4,1,1,0,0,1,0
3.0,53,43.521,14,2,1,1,0,1,1,0
0.11,30,25.38,10,3,1,1,0,0,0,0
-2.48,45,17.616,14,1,0,0,1,0,1,0
2.6,37,28.236,12,1,0,0,1,0,0,0
-5.154,41,79.434,16,4,1,0,0,0,1,0
-3.345,41,7.797,12,5,1,0,0,0,0,0
50.5,44,90.483,15,6,1,0,0,1,1,0
-7.9,52,22.5,14,5,1,0,0,0,1,0
-0.4,43,5.766,14,3,0,0,0,0,0,0
0.0,34,20.4,13,3,0,0,0,0,0,0
-0.501,38,60.096,12,4,1,0,0,0,1,0
12.4,31,23.55,12,3,1,0,0,0,1,0
16.8,55,28.893,13,4,1,1,0,0,0,0
9.999,45,63.366,12,4,1,1,0,0,1,0
4.499,30,69.75,16,3,1,1,0,1,1,0
0.013,39,17.424,9,6,1,1,1,0,1,0
3.795,27,22.047,14,1,0,0,0,1,0,0
0.6,38,24.462,14,4,1,1,1,0,0,0
26.0,47,55.557,12,3,1,1,0,0,1,0
1.0,35,24.15,12,2,1,0,0,0,1,0
1.0,40,56.994,12,3,1,1,0,0,1,0
2.245,32,4.608,12,4,0,0,0,0,0,0
0.0,38,99.996,12,4,1,0,0,0,1,0
19.099,56,39.18,7,2,0,0,1,1,0,0
-2.0,29,22.539,11,4,0,0,0,0,0,0
0.0,48,10.581,14,1,0,0,0,0,0,0
18.9,62,25.92,13,2,1,1,0,1,1,0
-9.151,45,114.048,12,4,1,1,0,0,1,0
248.4,57,45.015,16,2,1,0,0,1,0,0
1.6,33,51.222,18,3,0,0,1,0,0,0
-1.5,53,21.15,12,2,0,0,1,0,1,0
100.0,54,31.512,12,2,0,0,0,1,1,0
-8.752,39,55.191,12,2,1,1,1,0,0,0
0.0,50,13.326,6,2,1,1,0,0,1,0
-4.9,47,41.769,16,1,0,0,1,0,1,0
14.42,42,47.01,18,3,0,0,1,1,1,0
0.35,32,14.925,14,1,0,0,0,0,0,0
0.0,35,37.548,12,5,1,1,0,0,1,0
30.18,33,26.448,16,3,1,1,0,0,0,0
0.15,34,14.982,12,2,0,0,0,0,1,0
2.0,55,32.34,14,2,1,1,0,0,0,0
29.498,39,54.315,16,5,1,1,0,1,1,0
-4.355,25,33.843,14,3,1,1,1,0,0,0
11.3,56,49.866,12,3,1,0,0,1,1,0
-0.335,40,14.373,13,2,0,0,1,0,1,0
-0.8,58,4.242,12,1,0,0,0,0,0,0
-1.895,31,28.362,17,4,1,0,1,0,1,0
0.0,29,18.705,12,1,0,0,0,0,1,0
-0.5,29,89.28,13,1,0,0,1,0,0,0
16.209,55,23.346,12,3,1,0,0,0,1,0
-31.845,41,80.439,12,2,1,1,0,0,0,0
-12.951,34,29.166,18,2,1,0,0,0,0,0
0.23,30,31.725,12,6,1,0,0,0,1,0
2.2,29,8.379,12,2,0,0,0,0,1,0
0.3,32,21.42,11,4,1,0,0,0,1,0
3.0,38,6.966,14,3,0,0,1,0,1,0
-15.001,33,31.236,12,6,1,1,0,0,1,0
0.33,54,53.475,12,2,1,1,0,0,1,0
-9.7,54,53.961,12,4,1,1,0,0,1,0
0.0,32,22.44,12,3,1,1,0,0,1,0
-7.5,27,43.518,12,3,1,1,0,0,0,0
0.0,26,16.983,12,1,0,0,1,0,0,0
1.3,35,24.0,16,1,0,0,0,0,1,0
1.319,56,4.398,10,1,0,0,0,0,1,0
37.65,61,13.893,12,1,0,0,0,1,1,0
0.006,26,15.219,12,2,0,0,0,0,0,0
0.0,57,9.417,7,4,0,0,0,0,0,0
74.0,52,97.299,16,4,1,1,1,1,1,0
-4.0,36,17.136,12,3,1,0,0,0,0,0
0.0,50,16.728,11,1,0,0,0,0,1,0
63.0,27,15.66,12,3,1,0,0,1,1,0
4.1,52,20.7,16,1,0,0,1,0,0,0
28.15,43,117.342,16,5,1,1,1,0,1,0
3.0,41,43.41,12,4,1,1,0,0,0,0
0.0,53,12.24,12,2,1,0,0,0,0,0
-2.4,48,25.692,8,5,1,1,0,0,1,0
6.75,36,22.815,13,2,0,0,0,1,1,0
6.499,41,20.535,12,3,0,0,0,1,1,0
2.249,42,33.015,14,2,1,1,1,0,1,0
24.999,47,35.814,12,3,1,1,0,1,1,0
0.0,53,12.852,6,8,1,0,0,0,0,0
0.356,33,31.575,12,2,1,1,1,0,1,0
1.574,52,45.135,12,2,1,0,0,1,1,0
41.9,47,123.69,14,2,1,1,0,0,1,0
0.0,64,13.122,12,2,1,0,0,0,1,0
20.75,54,21.948,18,1,0,0,1,1,0,0
-0.095,27,15.6,13,3,0,0,1,0,0,0
-0.2,30,21.66,12,2,0,0,0,0,0,0
-0.765,33,11.952,12,6,1,0,0,0,0,0
-3.475,37,33.366,14,2,0,0,0,0,0,0
0.0,40,9.69,5,5,1,0,0,0,1,0
-1.688,55,9.888,8,1,0,0,0,0,1,0
30.1,63,26.055,12,2,1,0,1,1,1,0
0.04,44,17.85,12,1,0,0,0,0,1,0
0.176,35,9.702,13,2,0,0,0,0,0,0
0.7,46,34.938,12,3,1,1,0,0,0,0
0.0,59,12.96,12,4,1,0,0,0,1,0
0.0,41,13.572,12,2,0,0,0,0,0,0
74.0,31,105.567,16,1,0,0,0,1,1,0
57.499,44,33.774,14,3,1,0,0,1,1,0
-12.188,34,39.303,16,1,0,0,0,0,0,0
0.999,27,12.66,14,3,0,0,0,0,0,0
-6.586,48,18.537,14,2,0,0,0,0,0,0
0.0,32,18.756,12,2,0,0,0,0,1,0
0.015,47,12.24,11,1,0,0,0,0,0,0
-4.2,40,60.846,16,3,1,0,0,0,0,0
-1.9,29,12.216,16,1,0,0,0,0,0,0
16.0,42,36.6,18,1,0,0,0,0,1,0
-0.45,64,17.619,12,5,1,0,0,0,1,0
-2.85,39,15.72,13,4,0,0,0,0,0,0
12.527,37,36.852,16,4,1,1,0,1,1,0
-5.75,28,55.305,15,3,1,1,0,0,1,0
-0.045,31,12.666,15,2,0,0,0,0,0,0
-0.205,32,15.552,12,5,0,0,0,0,0,0
-1.3,30,2.52,15,3,1,0,0,0,1,0
-6.901,38,55.434,12,4,1,1,0,0,1,0
0.2,34,19.35,12,3,0,0,0,0,0,0
36.799,63,40.824,15,2,1,0,0,1,1,0
0.0,55,45.384,10,13,1,0,0,0,0,0
-3.592,31,16.02,16,1,0,0,0,0,0,0
-2.2,26,17.88,12,1,0,0,0,0,1,0
0.3,36,40.05,12,5,1,1,0,0,1,0
8.1,50,84.6,16,7,1,1,1,0,1,0
-9.716,33,24.84,12,7,1,1,0,0,0,0
62.0,59,36.696,14,1,0,0,1,1,0,0
119.2,60,52.767,18,3,1,1,0,1,1,0
0.15,40,50.742,12,3,0,0,0,0,1,0
-4.1,26,61.71,11,5,1,0,0,0,1,0
20.694,56,47.877,10,2,1,1,0,1,1,0
-1.6,38,12.312,12,1,0,0,0,0,0,0
0.02,36,8.976,12,1,0,0,0,0,0,0
0.4,44,15.135,12,5,1,1,0,0,0,0
0.0,41,12.471,12,1,0,0,1,0,0,0
1.667,39,25.728,14,3,0,0,0,0,0,0
-3.15,33,36.549,17,1,0,0,1,1,1,0
18.15,51,58.245,12,2,1,1,0,0,1,0
1.148,46,9.72,12,1,0,0,1,1,0,0
-1.5,40,86.781,16,2,1,1,0,0,1,0
-0.7,34,22.8,12,2,0,0,0,0,0,0
15.645,29,31.548,15,6,1,0,0,0,1,0
-2.249,38,10.614,13,3,0,0,0,0,1,0
48.0,53,11.538,13,2,0,0,0,0,1,0
-4.5,29,18.0,12,1,0,0,0,0,0,0
29.771,33,30.966,13,3,1,0,0,0,1,0
7.5,48,29.496,18,2,0,0,0,1,1,0
-0.4,42,24.408,12,1,0,0,0,0,0,0
0.205,56,14.73,11,1,0,0,1,0,0,0
1.1,52,27.465,16,4,1,0,1,0,1,0
-0.46,46,7.767,12,5,1,0,0,0,1,0
0.0,38,21.6,14,1,0,0,0,0,0,0
0.0,45,9.096,12,1,0,0,0,0,0,0
7.0,28,30.879,16,1,0,0,0,1,1,0
0.0,28,21.6,15,2,0,0,0,0,0,0
-121.472,33,40.902,12,4,1,0,0,0,0,0
-1.1,28,12.306,15,1,0,0,0,0,0,0
0.399,39,25.224,12,3,0,0,1,0,0,0
51.299,43,85.575,16,4,1,1,0,0,1,0
-53.916,46,79.392,16,3,1,1,1,0,1,0
-4.75,33,38.073,12,3,1,1,1,0,1,0
0.3,35,54.75,12,5,1,1,0,0,1,0
0.9,51,36.06,12,3,1,1,0,0,1,0
-3.3,27,35.745,17,2,1,1,0,0,0,0
2.4,28,25.5,12,4,1,0,0,0,0,0
-10.642,35,8.649,13,5,1,0,0,0,0,0
0.0,43,9.747,3,6,1,0,0,0,1,0
-15.6,30,57.996,12,2,1,1,0,0,1,0
0.085,31,8.088,17,1,0,0,1,0,0,0
50.02,52,43.341,16,2,1,0,0,1,1,0
0.5,47,36.0,18,2,0,0,0,1,0,0
0.45,57,49.29,12,4,1,1,0,0,0,0
0.25,30,54.744,13,4,1,1,1,0,1,0
3.172,43,29.898,15,4,1,1,0,1,1,0
-0.105,38,42.684,14,5,1,1,0,0,0,0
0.3,38,31.875,12,4,1,1,1,0,1,0
2.956,51,48.216,18,2,0,0,0,0,1,0
0.3,28,28.806,15,3,1,1,0,0,0,0
-3.0,26,3.45,8,1,1,0,0,0,0,0
5.3,27,23.55,12,3,1,0,0,0,0,0
25.29,34,66.0,15,1,0,0,0,0,1,0
-0.205,26,15.699,12,1,0,0,1,0,0,0
-0.501,30,22.641,18,1,0,0,1,0,0,0
12.0,34,19.11,17,1,0,0,0,0,0,0
-1.025,35,16.977,13,2,0,0,1,0,0,0
0.288,29,14.274,10,1,0,0,0,0,0,0
-3.65,43,18.24,13,2,0,0,0,0,0,0
1.2,29,18.54,14,3,1,1,0,0,1,0
0.85,59,18.564,16,4,0,0,1,0,1,0
0.0,25,3.876,12,2,0,0,0,0,0,0
0.2,47,20.4,12,6,1,0,0,0,1,0
-3.3,32,27.96,12,1,0,0,0,0,0,0
0.0,28,7.92,13,1,0,0,0,0,0,0
79.999,45,66.0,13,2,0,0,1,0,1,0
-17.5,48,72.81,12,3,1,1,0,0,0,0
10.5,62,57.33,8,3,1,1,0,0,1,0
-3.9,25,14.307,14,1,0,0,0,0,0,0
1.488,63,18.6,12,2,1,0,0,0,1,0
0.0,31,8.031,10,1,0,0,0,0,0,0
-8.0,37,28.5,12,3,0,0,0,0,1,0
-1.0,52,28.191,11,3,1,0,1,0,1,0
-3.5,43,84.0,16,1,0,0,0,0,1,0
0.44,41,32.472,14,2,0,0,1,0,0,0
4.5,40,26.073,12,1,0,0,1,0,1,0
-1.985,29,22.44,12,2,1,0,0,0,1,0
4.498,55,54.729,12,4,1,1,0,0,1,0
2.7,36,40.392,14,6,1,0,0,1,1,0
1.059,41,38.538,12,4,1,1,0,0,1,0
31.699,28,39.336,16,3,1,0,0,0,1,0
-1.715,31,14.4,14,3,0,0,1,0,0,0
-7.551,42,13.2,14,1,0,0,0,0,1,0
0.3,49,45.15,12,4,1,0,0,1,1,0
-5.8,34,25.392,12,2,1,0,0,0,1,0
9.514,29,36.666,14,3,1,1,0,1,0,0
111.7,50,70.902,15,4,1,1,0,1,1,0
0.263,43,11.452,13,1,0,0,1,0,0,0
-3.37,63,28.908,16,1,0,0,1,0,0,0
3.178,34,17.337,9,4,1,0,0,0,1,0
0.4,48,33.921,12,2,0,0,0,0,1,0
1.1,25,33.27,17,4,0,0,0,0,0,0
-9.998,36,56.19,12,4,1,1,0,1,1,0
-17.975,26,59.199,14,2,1,1,0,0,1,0
0.0,25,1.56,11,1,0,0,0,0,1,0
2.6,39,27.354,18,3,0,0,1,1,1,0
44.159,52,33.489,13,2,1,1,0,1,1,0
0.0,26,6.0,12,4,1,0,0,0,0,0
63.7,41,58.8,16,2,1,1,0,1,1,0
3.33,45,15.441,8,4,1,1,0,0,1,0
1.4,25,14.85,12,1,0,0,0,0,0,0
0.0,48,3.6,12,4,0,0,0,0,0,0
0.16,38,26.52,16,4,1,1,1,0,0,0
42.5,57,87.063,13,3,1,0,0,0,1,0
0.0,25,11.865,12,5,1,1,0,0,0,0
-0.93,31,12.6,13,3,0,0,0,0,0,0
-1.57,38,5.607,12,3,0,0,0,0,1,0
3.116,46,12.945,13,3,1,0,0,1,1,0
0.293,30,32.931,12,4,1,1,0,0,0,0
5.899,43,34.608,12,4,1,0,0,0,0,0
0.0,57,20.091,13,3,1,0,0,0,1,0
-5.3,39,52.416,12,6,1,1,0,0,1,0
0.876,47,10.848,12,5,0,0,0,0,1,0
-0.7,53,20.412,9,2,1,0,0,0,1,0
12.199,27,25.386,16,1,0,0,0,1,0,0
-0.95,39,58.65,16,6,1,1,0,0,1,0
97.759,46,68.085,14,2,1,0,0,1,1,0
28.0,40,29.22,17,1,0,0,0,0,0,0
0.0,26,30.6,12,1,0,0,1,0,1,0
0.0,31,13.77,12,1,0,0,0,0,1,0
2.0,40,28.68,12,4,1,0,0,0,1,0
-11.055,42,55.041,14,4,1,1,0,0,0,0
-0.29,34,15.6,13,4,1,0,0,0,0,0
0.0,32,12.828,11,5,0,0,0,0,0,0
-0.25,49,14.226,8,3,1,0,0,0,1,0
-4.5,38,38.349,12,4,1,1,0,0,1,0
0.1,41,45.624,13,4,1,0,0,0,1,0
-2.58,62,15.051,10,2,1,0,0,0,1,0
3.999,28,25.815,18,3,1,0,0,0,0,0
0.004,47,17.172,12,7,1,1,0,0,1,0
5.248,51,105.843,14,3,1,1,0,1,0,0
-2.0,47,7.8,12,1,0,0,0,0,0,0
0.5,34,44.688,15,4,1,0,0,0,1,0
-1.19,34,9.792,12,2,0,0,0,0,1,0
-2.0,30,17.967,11,4,0,0,0,0,1,0
3.6,45,29.4,16,2,0,0,0,0,0,0
-1.7,26,32.748,12,4,1,1,0,0,1,0
-0.6,34,8.322,12,2,1,0,0,0,0,0
4.0,25,34.17,16,1,0,0,0,0,0,0
21.199,39,50.283,16,4,1,1,1,0,1,0
19.9,45,31.995,14,4,1,0,0,1,0,0
-10.3,25,19.926,18,1,0,0,0,0,0,0
26.549,60,27.42,11,2,1,0,0,1,1,0
-1.501,25,36.168,12,3,1,1,1,0,1,0
-0.661,57,18.132,11,4,1,0,0,0,0,0
2.559,34,24.915,12,7,1,0,0,0,1,0
1.6,29,45.975,14,4,1,1,0,0,0,0
-8.593,29,30.495,15,6,1,0,0,0,1,0
2.6,61,16.056,8,5,0,0,0,0,1,0
-24.4,30,45.18,18,1,0,0,1,0,1,0
1.5,49,23.271,18,2,0,0,1,0,0,0
-5.8,43,37.215,16,2,0,0,1,0,1,0
8.7,53,14.124,10,3,0,0,1,1,0,0
19.747,36,1.137,16,5,1,0,0,1,1,0
0.0,35,9.102,15,2,0,0,0,0,0,0
0.0,37,9.828,12,3,0,0,0,0,0,0
-3.1,27,24.651,14,1,0,0,0,0,1,0
-0.1,28,16.59,15,1,0,0,0,0,0,0
23.149,60,22.512,12,1,0,0,0,0,1,0
-0.45,30,16.413,14,3,1,1,0,0,0,0
2.349,46,59.631,13,2,0,0,0,0,1,0
3.499,56,14.748,12,1,0,0,0,0,1,0
0.0,56,30.96,12,3,1,0,0,0,1,0
-4.146,32,17.034,12,7,1,0,0,0,0,0
-4.928,33,33.18,13,5,1,1,0,0,1,0
1.499,39,31.86,12,2,0,0,1,0,0,0
15.499,44,56.25,12,4,1,0,0,1,1,0
202.747,36,48.573,18,3,1,0,0,1,1,0
-0.784,41,22.8,12,1,0,0,0,0,0,0
-0.4,47,13.635,6,7,1,1,0,0,1,0
5.35,43,52.803,14,4,1,1,1,0,1,0
-2.1,33,22.764,11,4,1,1,0,0,1,0
-5.0,50,57.024,13,4,1,1,0,0,0,0
0.0,31,4.38,5,5,0,0,0,0,0,0
1.8,52,27.939,7,7,0,0,1,0,1,0
-3.151,29,46.575,14,2,1,1,0,1,1,0
53.7,26,36.309,16,4,1,1,0,0,0,0
0.0,40,10.902,15,4,0,0,0,0,0,0
0.3,33,28.56,12,4,1,1,0,0,0,0
0.0,25,30.651,15,1,0,0,0,0,1,0
12.0,30,22.074,12,1,0,0,0,0,1,0
-9.36,44,24.057,12,5,1,1,0,0,1,0
-0.473,31,9.024,12,3,0,0,0,0,0,0
2.823,40,41.568,12,2,1,1,0,0,1,0
-2.551,64,12.069,12,4,1,0,0,0,1,0
5.8,49,57.615,14,2,1,1,0,0,1,0
0.55,34,65.505,13,4,1,1,0,0,1,0
0.95,35,27.624,12,5,1,0,0,0,1,0
24.0,37,48.18,18,4,1,0,0,1,1,0
54.719,61,27.654,14,1,0,0,0,1,1,0
3.8,43,44.934,12,3,1,1,0,0,1,0
189.4,58,39.15,13,2,1,0,0,1,1,0
0.84,59,12.921,9,1,0,0,0,0,1,0
-0.6,37,13.38,12,3,0,0,0,0,0,0
0.0,30,15.69,9,5,1,1,0,0,0,0
10.8,43,37.392,16,6,1,1,0,1,0,0
0.2,32,21.399,10,1,0,0,0,0,0,0
-1.0,45,13.26,12,1,0,0,0,0,1,0
-1.3,52,27.36,13,4,1,0,0,0,1,0
-1.64,32,35.955,6,2,1,0,0,0,1,0
14.9,44,78.099,17,5,1,1,1,1,1,0
-0.128,32,22.08,10,3,1,1,0,0,0,0
0.0,37,7.563,12,5,1,1,0,0,0,0
1.2,50,28.254,9,5,1,1,0,0,0,0
8.03,48,47.637,13,2,0,0,0,1,1,0
3.975,61,57.06,12,2,1,1,1,0,1,0
-1.7,41,17.1,18,1,0,0,0,0,0,0
5.98,59,64.956,18,3,1,1,0,1,1,0
0.0,34,34.68,12,1,0,0,0,0,1,0
99.76,62,57.081,18,3,1,0,0,1,1,0
-0.285,37,13.464,12,5,1,0,0,0,1,0
-9.3,27,97.95,12,1,0,0,1,0,0,0
-8.301,39,28.836,18,2,0,0,0,0,0,0
38.678,32,93.954,16,4,1,1,0,1,0,0
0.0,28,16.32,12,2,1,0,0,0,0,0
25.85,42,63.858,17,3,1,1,1,1,1,0
2.5,40,-0.009,14,7,1,0,0,0,1,0
-0.85,31,35.856,12,5,1,0,0,0,0,0
0.0,60,7.452,9,4,0,0,0,0,1,0
5.756,53,70.374,18,2,1,1,1,0,1,0
19.2,51,30.516,12,3,1,0,0,0,1,0
-5.3,25,13.254,15,1,0,0,1,0,0,0
-0.96,33,19.2,6,6,1,0,0,0,0,0
0.173,57,14.292,12,1,0,0,0,0,1,0
1.6,45,25.32,12,2,0,0,0,0,1,0
0.0,31,14.28,12,1,0,0,0,0,1,0
1.2,28,12.672,16,2,0,0,1,0,0,0
0.2,46,19.44,12,4,0,0,0,0,1,0
-3.151,43,17.88,12,3,0,0,0,0,1,0
-0.98,55,10.59,12,3,0,0,1,0,1,0
12.0,30,37.101,12,4,1,0,0,0,1,0
-0.273,39,7.806,9,4,1,0,0,0,1,0
0.0,25,10.2,9,1,0,0,0,0,0,0
18.5,58,22.443,12,2,1,0,0,1,1,0
0.2,41,12.9,9,1,0,0,0,0,0,0
-3.6,34,21.816,14,4,0,0,0,0,0,0
2.22,59,7.164,11,1,0,0,1,1,1,0
0.0,25,26.268,10,3,1,1,0,0,0,0
0.0,61,0.0,16,3,1,0,0,0,1,0
0.0,35,12.42,12,2,0,0,1,0,0,0
-1.2,29,30.489,12,4,1,1,0,0,1,0
-2.43,35,26.64,12,3,1,1,0,0,1,0
0.499,29,20.43,12,1,0,0,0,0,0,0
79.998,57,38.04,12,1,0,0,0,1,1,0
6.75,55,55.32,12,3,1,1,1,1,1,0
0.0,30,5.214,12,3,0,0,0,0,0,0
38.8,44,61.455,12,4,1,1,1,1,1,0
377.5,54,110.892,12,2,1,1,0,1,1,0
5.3,42,33.075,16,3,0,0,1,1,1,0
-13.95,37,27.33,13,4,1,0,0,0,0,0
18.85,36,52.29,12,4,1,1,0,1,1,0
-1.0,29,10.35,16,6,1,0,0,0,0,0
-39.915,44,34.686,15,5,1,0,0,0,1,0
9.9,30,73.458,18,1,0,0,1,0,0,0
3.599,54,19.02,9,1,0,0,1,0,0,0
-1.801,27,14.286,10,2,0,0,0,0,0,0
-3.016,59,12.906,13,1,0,0,0,0,0,0
0.0,52,10.599,10,5,1,1,0,0,0,0
-2.5,34,27.294,9,2,0,0,0,0,0,0
0.0,32,6.24,11,2,0,0,0,0,0,0
13.1,39,30.825,15,1,0,0,0,1,1,0
0.0,36,8.67,11,2,0,0,0,0,0,0
77.0,35,31.398,17,4,1,0,0,1,1,0
67.0,52,27.78,15,1,0,0,0,0,0,0
166.113,54,92.28,17,3,1,0,0,1,1,0
0.014,25,3.723,12,2,0,0,0,0,1,0
4.0,58,19.89,8,2,1,0,0,0,1,0
207.012,60,56.712,16,2,1,0,0,1,1,0
6.93,60,36.966,13,2,1,1,0,0,1,0
3.0,28,32.034,12,2,1,0,0,0,1,0
0.0,49,18.153,12,4,1,0,0,0,0,0
0.31,26,19.074,13,1,0,0,0,0,0,0
1.0,34,102.996,18,3,1,1,0,0,1,0
-5.45,28,30.21,12,1,0,0,0,0,0,0
-16.91,28,9.624,12,4,1,0,0,0,0,0
3.203,48,25.662,12,2,1,0,0,0,1,0
0.6,61,11.424,9,1,0,0,1,0,1,0
34.883,62,13.836,12,2,0,0,0,1,1,0
-11.65,33,59.172,13,5,1,1,1,1,1,0
0.0,40,24.687,18,1,0,0,0,0,0,0
0.499,40,18.03,12,3,0,0,0,0,0,0
-2.67,36,21.525,13,1,0,0,0,1,1,0
0.0,29,8.4,10,4,0,0,0,0,0,0
-0.2,43,11.931,6,7,1,1,0,0,0,0
-6.451,33,34.269,13,4,1,1,0,0,1,0
24.2,32,22.392,16,1,0,0,0,1,0,0
0.01,29,18.48,12,2,0,0,0,0,0,0
29.599,51,28.659,14,1,0,0,1,0,0,0
61.01,52,32.634,16,5,0,0,0,0,1,0
11.7,46,30.492,11,4,0,0,0,0,1,0
-0.15,35,14.61,12,1,0,0,0,0,0,0
1.93,25,16.032,14,2,0,0,0,0,0,0
-0.45,53,21.6,12,1,0,0,0,0,0,0
0.75,63,26.58,11,2,0,0,0,0,0,0
-5.371,60,5.436,6,2,0,0,0,0,0,0
3.199,39,16.167,12,4,1,0,0,0,1,0
50.7,50,76.26,17,3,1,1,1,1,1,0
-4.0,30,34.041,12,2,1,1,0,0,1,0
4.998,30,44.502,12,5,1,1,0,0,1,0
-3.5,42,71.046,13,6,1,1,0,0,0,0
54.869,49,18.729,12,5,1,0,0,0,1,0
0.499,41,26.022,15,2,0,0,1,0,0,0
-3.201,34,35.868,13,4,1,1,0,0,1,0
0.9,41,28.62,12,4,1,0,1,0,1,0
-4.3,36,10.944,13,4,1,1,0,0,0,0
7.799,57,12.516,14,4,1,1,0,0,1,0
9.885,53,22.872,12,6,1,1,0,0,1,0
11.899,49,39.681,13,3,0,0,0,0,0,0
0.0,28,42.78,12,3,1,1,1,0,1,0
-2.602,32,52.602,16,4,1,1,1,0,1,0
1.635,32,25.494,18,1,0,0,1,0,0,0
-2.8,28,17.7,12,3,0,0,0,0,0,0
0.999,45,44.94,12,3,1,1,0,0,1,0
1.825,28,30.9,12,4,1,1,0,1,1,0
15.499,38,93.63,18,4,1,1,1,0,1,0
-46.5,46,19.704,16,3,0,0,0,0,1,0
0.1,58,12.255,7,1,0,0,0,0,0,0
-0.19,43,47.4,18,3,0,0,1,0,1,0
0.173,62,14.904,12,1,0,0,0,0,1,0
-17.3,49,33.567,12,3,1,0,0,0,1,0
0.0,25,36.546,15,1,1,0,0,0,0,0
0.5,28,24.258,13,3,1,1,0,0,1,0
11.199,37,43.968,12,4,1,1,1,1,1,0
-1.55,34,33.543,12,4,1,1,0,0,1,0
16.61,54,33.267,13,1,0,0,0,0,0,0
0.0,41,21.096,12,5,1,1,0,0,1,0
-0.42,30,30.951,6,3,1,1,0,0,0,0
-1.208,60,10.665,16,2,0,0,1,0,1,0
-2.55,47,21.612,14,3,0,0,0,0,1,0
0.27,41,36.162,16,1,0,0,1,0,0,0
-4.915,33,20.736,13,1,0,0,1,0,0,0
-0.551,49,21.648,12,3,0,0,0,0,1,0
0.007,51,33.474,12,2,1,1,1,0,1,0
-3.348,43,43.962,13,3,1,1,0,0,1,0
0.0,54,10.44,8,2,0,0,0,0,0,0
0.095,52,48.45,12,4,1,0,0,0,1,0
13.0,30,67.125,16,2,1,1,0,1,0,0
1.9,28,20.73,14,4,1,1,0,0,0,0
-0.475,26,28.2,10,4,1,1,0,0,0,0
-4.975,37,37.668,16,3,1,0,0,0,1,0
-1.3,38,66.3,12,5,1,1,1,0,1,0
22.474,40,126.75,18,3,1,1,1,1,1,0
-0.69,45,33.084,10,2,0,0,0,0,1,0
12.759,60,13.788,12,1,0,0,1,0,1,0
10.7,31,47.154,16,3,1,0,0,0,1,0
0.0,61,11.844,15,3,1,0,0,0,0,0
-0.075,27,8.103,12,1,0,0,0,0,0,0
53.5,32,69.63,16,1,0,0,0,1,1,0
1.75,52,28.776,12,5,1,1,0,0,1,0
8.724,33,77.007,18,2,1,1,1,0,1,0
-5.919,35,22.473,15,4,1,1,0,0,1,0
0.0,33,6.375,12,1,0,0,0,0,1,0
24.999,28,33.9,15,1,0,0,0,0,0,0
0.949,27,25.782,12,1,0,0,0,0,1,0
11.03,54,13.872,16,2,0,0,1,0,0,0
-0.17,31,12.138,12,2,0,0,0,0,0,0
6.0,46,58.992,18,1,0,0,1,1,1,0
-1.149,37,22.68,14,4,1,0,0,0,1,0
0.0,47,48.954,18,1,0,0,1,0,0,0
0.25,30,6.45,13,1,0,0,0,0,0,0
-0.12,27,10.725,12,5,1,0,0,0,0,0
55.0,46,80.22,18,5,1,1,1,1,1,0
-8.3,42,17.952,12,3,0,0,1,0,0,0
-5.0,51,26.106,13,2,1,1,1,0,1,0
-1.9,26,19.251,16,2,1,1,0,0,0,0
0.0,25,8.67,3,10,0,0,0,0,0,0
-0.494,51,29.235,13,2,1,1,1,0,1,0
4.35,26,23.04,18,1,0,0,0,0,0,0
-6.875,44,27.411,12,6,1,1,0,0,1,0
0.695,48,34.941,12,3,1,1,0,0,1,0
-0.3,28,10.698,14,5,1,0,0,0,0,0
125.199,56,57.984,16,2,1,1,1,1,1,0
52.85,52,51.03,13,3,1,0,1,1,1,0
158.206,53,40.827,12,4,1,1,0,1,1,0
-6.6,34,34.932,14,5,1,1,0,0,0,0
0.515,31,32.871,12,4,1,0,0,0,1,0
31.7,35,51.372,15,3,1,1,0,1,1,0
0.5,60,2.55,8,2,0,0,0,0,1,0
69.1,52,62.526,14,2,1,1,1,1,1,0
-6.7,25,60.495,13,2,1,1,0,0,0,0
-143.5,34,63.6,17,1,0,0,0,0,0,0
0.5,61,23.64,10,2,1,1,0,0,1,0
0.71,31,39.891,15,2,1,0,0,0,0,0
0.2,63,14.754,1,5,0,0,0,0,1,0
0.0,33,9.855,9,5,1,0,0,0,0,0
-25.1,38,36.924,10,3,1,1,0,0,1,0
28.359,47,36.768,16,2,0,0,1,1,1,0
-0.79,42,14.64,13,1,0,0,0,0,0,0
3.5,33,19.236,17,1,0,0,1,0,0,0
-0.5,64,26.424,10,3,1,0,0,0,1,0
-9.176,37,35.73,13,3,1,1,0,0,1,0
0.3,60,7.116,8,1,0,0,0,0,0,0
15.15,31,28.248,14,1,0,0,1,0,1,0
9.75,43,22.578,14,2,1,1,1,1,0,0
-2.7,28,0.51,16,1,0,0,0,0,0,0
13.0,51,34.656,16,3,0,0,0,0,0,0
-1.1,61,17.46,8,3,1,1,0,0,0,0
2.47,52,39.186,12,2,1,1,0,0,1,0
2.01,62,20.796,14,2,1,0,0,0,1,0
46.85,50,40.578,16,2,1,0,0,1,1,0
15.932,35,17.877,16,1,0,0,0,1,0,0
0.0,40,10.2,11,1,0,0,0,0,0,0
68.248,44,103.455,14,1,0,0,1,0,1,0
6.263,35,16.113,12,5,1,0,0,1,1,0
0.0,41,41.04,14,1,0,0,0,0,0,0
48.25,38,44.754,12,4,1,1,0,1,1,0
34.798,55,38.73,12,2,1,0,0,1,1,0
-5.0,28,20.94,12,4,1,1,0,0,0,0
4.0,41,46.719,18,5,1,1,0,0,1,0
0.0,45,11.766,7,5,1,0,0,0,1,0
-1.501,57,27.927,7,4,1,1,0,0,1,0
1.25,37,19.455,12,1,0,0,1,1,0,0
13.75,38,113.508,18,3,1,1,0,1,1,0
-1.98,28,18.525,12,5,1,0,0,0,1,0
4.499,51,40.011,12,2,1,0,0,0,0,0
1.142,27,38.442,17,2,1,1,1,0,0,0
0.02,34,12.0,12,5,0,0,0,0,0,0
-10.9,30,16.5,11,3,1,0,0,0,0,0
0.035,57,22.44,6,5,1,1,0,0,1,0
3.1,60,17.124,12,2,0,0,0,0,0,0
4.42,41,104.4,12,2,1,1,0,0,1,0
0.0,58,11.433,12,2,1,0,0,0,0,0
14.999,44,27.411,16,4,1,1,0,1,1,0
1.4,43,28.005,16,3,0,0,1,1,1,0
4.5,42,94.455,18,5,1,1,1,1,1,0
-1.0,37,14.172,12,6,1,0,0,0,0,0
4.3,41,31.56,12,3,1,1,0,0,1,0
14.499,42,50.835,12,4,1,1,0,1,1,0
0.0,34,48.9,12,4,1,1,0,0,1,0
0.0,26,15.45,12,4,1,0,0,0,0,0
-2.088,61,6.132,11,2,0,0,0,0,0,0
0.164,28,3.711,12,2,0,0,0,0,0,0
0.0,36,11.4,11,2,0,0,0,0,0,0
0.482,25,13.182,16,3,1,0,0,0,0,0
0.27,55,21.765,12,1,0,0,0,0,0,0
89.328,43,96.336,18,4,1,1,0,1,1,0
0.5,56,39.375,12,3,1,0,0,0,1,0
16.0,46,51.96,12,12,1,0,0,0,1,0
6.5,60,10.368,12,1,0,0,0,0,0,0
0.0,58,20.016,5,2,1,0,0,0,0,0
-0.1,33,42.183,14,1,0,0,0,0,0,0
60.593,59,76.899,12,2,1,0,0,1,1,0
-4.95,45,30.246,14,3,0,0,1,0,0,0
7.499,55,-2.652,12,4,0,0,0,0,1,0
0.0,32,3.504,12,5,1,0,0,0,0,0
-4.0,30,53.04,15,4,1,1,1,0,1,0
91.099,61,39.645,14,2,1,0,0,1,1,0
-2.171,31,26.175,13,5,1,1,0,0,0,0
4.6,63,27.585,16,2,1,0,1,1,1,0
100.099,57,30.84,12,2,1,0,0,0,1,0
3.1,30,30.21,16,2,0,0,0,1,0,0
0.0,51,12.75,11,2,0,0,0,0,0,0
-13.0,27,19.962,12,2,0,0,0,0,0,0
-2.384,36,17.883,16,1,0,0,0,0,1,0
20.27,33,56.808,18,1,0,0,1,1,1,0
-0.3,35,16.815,13,1,0,0,0,0,0,0
-1.7,28,11.688,12,3,0,0,0,0,0,0
0.4,28,25.014,12,1,0,0,0,0,0,0
-2.0,44,44.268,14,3,1,1,0,0,1,0
-3.05,34,16.977,14,5,1,0,0,0,1,0
13.399,28,5.412,12,1,0,0,0,0,0,0
3.4,28,17.07,10,4,1,1,0,0,1,0
0.2,40,30.012,9,5,1,1,0,0,0,0
3.3,49,20.082,16,4,1,0,0,1,1,0
-3.899,25,65.262,14,2,1,1,0,0,1,0
-10.99,26,52.497,16,2,1,1,0,0,0,0
0.0,25,19.8,9,1,0,0,1,0,1,0
73.509,35,47.76,12,5,1,0,0,1,1,0
-0.04,49,15.57,7,1,0,0,0,0,0,0
-4.135,29,19.206,12,5,1,0,0,0,0,0
0.5,30,89.55,18,2,1,1,0,0,1,0
0.25,44,7.962,3,6,1,0,0,0,0,0
-0.15,64,23.832,8,4,1,1,0,0,1,0
15.671,44,60.201,13,3,1,1,1,1,1,0
7.5,40,32.88,12,5,1,0,0,0,1,0
-0.6,30,36.066,10,2,1,1,0,0,1,0
15.037,64,42.864,12,2,1,0,0,1,1,0
-1.0,49,36.72,16,2,1,0,0,0,1,0
33.499,41,30.0,16,3,0,0,0,1,1,0
0.0,25,11.112,12,4,1,0,0,0,0,0
-1.2,27,58.32,12,3,1,1,1,1,0,0
0.0,32,12.24,12,2,0,0,0,0,0,0
0.0,31,28.467,11,3,1,1,1,0,0,0
-0.6,27,32.436,12,4,1,1,0,0,1,0
9.145,35,52.641,18,4,1,0,1,0,0,0
-3.0,38,42.552,16,3,1,1,1,0,1,0
-5.7,35,31.62,14,3,1,1,0,0,0,0
10.7,39,42.12,15,4,1,1,0,1,1,0
4.5,31,14.712,12,1,0,0,0,0,0,0
56.919,37,37.302,12,2,1,1,0,1,1,0
1.4,59,18.936,8,3,1,0,1,0,1,0
-20.001,43,65.973,12,6,1,1,0,0,1,0
17.9,43,23.082,17,1,0,0,1,1,1,0
24.5,44,52.065,12,5,1,1,0,0,1,0
0.35,35,17.913,17,1,0,0,0,0,0,0
-3.0,54,14.871,12,2,0,0,0,0,0,0
-1.6,36,8.004,12,5,1,0,0,0,0,0
0.0,27,12.24,6,4,1,0,0,0,1,0
15.999,55,22.74,4,7,1,0,0,0,1,0
7.8,56,32.148,12,2,1,1,0,1,1,0
16.6,30,27.192,14,3,1,0,0,0,1,0
18.0,39,63.135,18,3,1,1,0,0,0,0
-1.8,59,14.28,12,1,0,0,1,0,1,0
37.5,59,20.769,11,2,1,1,0,1,0,0
-0.5,44,30.84,8,3,1,1,0,1,1,0
-19.301,45,8.43,12,2,0,0,0,0,1,0
0.499,30,19.446,13,4,1,0,0,0,0,0
0.0,51,12.324,12,7,1,1,0,0,1,0
23.027,37,30.507,12,3,1,1,0,1,1,0
3.1,32,15.009,16,4,1,0,0,0,0,0
-4.9,42,39.3,13,5,1,0,0,0,1,0
-3.0,49,24.882,11,3,1,1,1,0,1,0
-0.743,61,20.256,9,1,0,0,0,0,1,0
21.6,37,56.085,16,2,1,1,0,0,1,0
5.899,57,38.595,12,2,1,1,0,0,1,0
6.299,48,30.45,16,1,1,0,0,0,0,0
210.8,25,50.1,16,1,0,0,0,0,1,0
-0.45,48,35.97,14,4,1,0,0,1,1,0
12.7,47,71.316,16,3,1,1,1,0,1,0
0.4,25,32.58,12,1,0,0,0,0,0,0
1.8,32,29.52,13,3,1,1,0,0,0,0
1.865,46,68.823,12,4,1,1,0,1,1,0
-7.795,28,23.883,12,3,1,1,0,0,1,0
9.599,49,143.067,16,1,0,0,0,0,1,0
-15.9,28,29.604,12,3,0,0,0,0,0,0
-4.631,33,31.536,14,6,1,1,0,0,0,0
0.0,37,8.694,12,7,0,0,0,0,0,0
-16.122,47,23.067,10,4,1,1,0,0,1,0
-14.45,32,29.55,14,3,0,0,0,0,1,0
-4.8,52,26.4,12,4,1,1,0,0,1,0
-6.7,26,8.148,14,3,0,0,0,0,0,0
-8.84,45,21.15,16,2,0,0,1,0,0,0
3.947,47,32.544,15,3,0,0,1,0,1,0
11.168,37,43.053,16,2,1,0,0,0,1,0
8.35,46,43.59,17,5,1,1,1,1,1,0
2.1,61,22.341,18,2,1,0,0,0,1,0
-10.515,37,20.406,18,4,1,0,0,1,0,0
-38.89,52,15.909,12,5,1,0,0,0,1,0
137.0,46,90.141,18,1,0,0,0,1,0,0
-1.85,32,17.55,13,2,1,0,0,0,0,0
12.65,32,24.624,14,4,1,0,0,1,1,0
-7.8,28,42.051,14,2,0,0,0,0,1,0
3.199,46,36.39,12,4,1,1,0,0,1,0
45.7,55,27.39,12,2,1,0,0,1,1,0
-1.2,31,21.969,6,10,1,1,0,0,0,0
0.0,46,17.091,12,5,1,0,0,0,0,0
0.5,27,30.6,12,4,1,0,0,0,0,0
1.0,29,28.8,14,1,0,0,1,0,0,0
397.0,46,94.38,12,4,1,0,0,1,1,0
0.0,61,19.176,12,4,1,0,0,0,1,0
-24.8,56,31.548,14,6,1,1,0,0,1,0
89.774,61,29.982,12,1,0,0,0,1,0,0
195.0,61,55.446,13,3,1,1,1,1,1,0
-0.2,28,26.493,6,5,1,1,0,0,0,0
-6.0,38,31.02,10,4,1,1,0,0,1,0
-3.73,27,19.38,16,3,0,0,0,0,1,0
0.3,36,8.964,12,3,0,0,0,1,1,0
-12.5,27,39.408,16,4,1,1,0,0,1,0
-2.425,36,31.752,12,5,1,1,0,0,1,0
0.0,45,4.59,12,1,0,0,0,0,0,0
55.0,64,34.932,15,3,1,1,0,0,1,0
10.378,39,21.996,14,1,0,0,0,0,1,0
-1.2,56,37.755,12,2,1,1,0,0,1,0
10.56,36,21.021,11,1,0,0,0,0,0,0
9.004,42,28.554,14,3,1,0,0,0,1,0
2.0,44,43.47,17,3,1,0,0,0,0,0
9.0,46,139.137,18,2,1,1,1,0,0,0
10.571,40,63.225,12,6,1,0,0,1,1,0
-4.693,29,29.532,16,4,1,1,0,0,1,0
1.13,26,26.409,13,1,0,0,0,0,0,0
0.05,40,42.633,16,5,1,1,0,0,1,0
-4.7,26,45.9,13,5,1,1,0,0,1,0
-0.8,29,12.6,14,1,0,0,0,0,0,0
0.0,55,6.564,8,5,0,0,0,0,1,0
4.4,37,19.14,16,4,1,1,0,0,1,0
-1.7,37,32.964,12,4,1,1,1,0,0,0
-5.4,44,63.627,18,2,1,1,0,0,1,0
197.469,50,76.395,17,3,1,1,0,1,1,0
6.0,25,15.66,14,1,0,0,0,0,0,0
-1.301,40,47.184,12,3,1,1,1,0,1,0
-6.0,26,36.0,15,1,0,0,0,0,0,0
0.0,55,16.71,12,1,0,0,0,0,1,0
30.999,41,39.15,18,1,0,0,1,1,0,0
0.0,57,18.63,4,1,0,0,0,0,1,0
-4.49,26,32.46,12,1,0,0,0,0,1,0
-0.875,57,20.094,8,2,1,0,0,0,1,0
0.0,28,16.32,11,1,0,0,0,0,1,0
12.999,35,16.14,12,1,0,0,0,0,1,0
-2.4,35,47.676,17,4,1,1,1,0,1,0
0.0,52,14.04,12,1,0,0,0,0,0,0
0.325,57,15.93,5,1,0,0,0,0,0,0
0.0,33,31.749,12,6,1,0,0,0,1,0
0.0,40,12.597,12,1,0,0,0,0,1,0
0.257,33,11.997,9,2,0,0,0,0,0,0
-0.37,46,57.513,12,4,1,1,0,0,1,0
0.949,48,13.215,12,3,0,0,1,0,1,0
-1.58,47,53.856,16,4,1,1,1,0,1,0
0.0,28,10.2,11,2,0,0,0,0,0,0
0.1,50,35.496,12,4,1,0,0,0,1,0
4.8,40,26.208,12,1,0,0,1,0,0,0
-0.5,45,9.456,14,1,0,0,0,0,1,0
0.9,30,27.045,13,4,1,0,0,0,0,0
-1.4,27,25.5,14,1,0,0,0,0,0,0
-5.0,47,42.15,13,4,1,0,0,0,1,0
-0.89,52,10.806,13,4,1,0,0,0,0,0
7.399,26,32.844,12,3,1,0,0,0,0,0
187.5,58,62.79,17,1,0,0,1,1,1,0
-2.205,33,42.942,13,4,1,1,0,0,1,0
0.2,47,21.813,12,4,1,0,0,0,0,0
3.0,31,8.784,12,5,0,0,0,1,0,0
1.459,34,36.09,12,4,1,0,0,0,1,0
15.4,39,50.4,16,2,1,1,0,1,0,0
8.048,25,34.893,12,1,0,0,1,0,0,0
6.6,44,37.5,13,1,0,0,0,1,1,0
-3.8,25,51.207,15,2,1,1,0,0,0,0
0.0,33,13.56,12,2,0,0,0,0,0,0
0.0,37,9.6,12,2,0,0,0,0,1,0
17.139,58,34.089,12,4,1,1,0,0,1,0
0.0,35,17.226,16,6,1,1,0,0,0,0
16.0,28,21.21,14,3,1,1,0,0,1,0
0.4,41,24.498,12,2,1,1,0,0,1,0
8.24,54,12.825,14,2,0,0,1,0,1,0
2.607,26,16.557,12,2,0,0,0,0,0,0
-0.33,35,20.787,12,3,1,1,0,0,0,0
-7.751,34,36.051,12,5,1,0,0,0,0,0
-7.151,33,76.08,15,4,1,1,0,1,1,0
0.0,27,11.454,10,5,1,0,0,0,0,0
27.5,40,19.704,16,1,0,0,0,0,1,0
-3.404,64,104.919,17,2,1,0,0,1,1,0
80.0,52,92.904,18,1,1,0,0,1,1,0
-4.1,45,27.648,8,3,1,1,0,0,1,0
16.55,45,25.728,18,5,1,1,1,1,1,0
7.1,32,34.059,12,3,1,1,0,0,0,0
30.499,26,46.431,17,1,0,0,0,0,0,0
-5.101,37,32.631,11,4,1,1,0,0,1,0
5.0,50,34.47,12,2,0,0,1,0,0,0
-1.136,49,21.03,6,6,1,0,0,0,1,0
33.199,49,53.919,18,1,0,0,0,0,0,0
-2.252,42,20.331,12,3,0,0,1,0,1,0
0.0,33,54.144,12,6,1,1,0,0,0,0
0.0,48,9.18,13,1,0,0,0,0,1,0
7.0,25,24.48,12,1,0,0,0,0,0,0
0.0,33,18.621,12,1,0,0,0,0,1,0
-9.05,26,11.1,18,1,0,0,0,0,0,0
10.69,48,43.05,18,4,1,1,0,0,1,0
-4.5,27,28.56,12,1,0,0,0,0,0,0
44.75,31,68.04,17,5,1,1,0,1,1,0
0.025,56,24.744,1,2,1,0,0,0,0,0
36.8,30,75.222,16,2,1,1,1,0,1,0
0.0,40,19.125,12,2,0,0,0,0,0,0
-1.1,36,7.536,14,1,0,0,0,0,0,0
8.499,48,40.41,9,4,1,1,0,0,1,0
-1.401,28,54.456,12,2,1,1,0,0,1,0
37.794,55,36.117,12,2,1,1,0,1,1,0
10.7,52,32.511,12,2,1,0,0,1,1,0
11.8,63,26.736,11,3,1,0,0,0,1,0
21.7,48,32.325,12,3,1,0,1,1,1,0
276.15,60,53.277,13,2,1,0,0,1,1,0
0.525,46,22.17,18,2,0,0,0,0,1,0
0.0,45,50.883,12,6,1,1,0,0,1,0
0.0,48,28.053,9,6,1,0,0,0,0,0
0.8,31,25.158,13,3,1,0,0,0,1,0
0.25,54,24.714,6,3,1,1,0,0,1,0
-0.2,30,30.342,12,5,1,1,0,0,0,0
0.0,43,19.074,14,1,0,0,0,0,0,0
3.499,37,66.96,12,2,1,1,0,0,0,0
2.05,38,24.888,13,1,0,0,1,0,1,0
-0.307,37,53.151,16,4,1,1,1,1,1,0
0.05,44,28.83,12,3,1,1,1,0,1,0
0.7,38,18.9,12,2,0,0,0,0,1,0
28.42,51,14.574,12,1,0,0,0,0,1,0
0.5,25,7.164,11,2,0,0,0,0,0,0
-0.96,42,23.313,12,3,0,0,0,0,0,0
0.2,36,39.942,13,5,1,0,0,0,1,0
6.75,28,28.383,18,1,0,0,0,0,1,0
22.35,37,55.56,13,4,1,1,0,1,1,0
5.999,61,50.919,18,3,1,1,1,0,1,0
0.225,27,7.332,12,1,0,0,0,0,0,0
-9.168,41,14.484,12,3,1,0,0,0,1,0
134.584,47,106.62,12,2,1,1,1,1,1,0
-0.651,52,10.968,9,4,1,0,0,0,1,0
41.0,40,110.16,16,3,1,1,1,1,1,0
-4.4,46,25.2,17,2,0,0,0,0,1,0
1.95,52,47.7,12,2,1,1,1,0,1,0
5.704,41,61.353,12,2,1,0,0,1,1,0
0.05,28,13.77,14,1,0,0,0,0,1,0
37.998,60,81.618,12,3,1,1,0,0,1,0
0.0,29,4.872,12,2,0,0,0,0,0,0
-1.886,37,23.193,12,7,1,1,0,0,1,0
-28.2,33,6.855,12,3,0,0,0,0,0,0
-3.422,29,23.127,12,2,1,1,1,0,1,0
-5.0,54,19.62,14,1,0,0,1,0,0,0
27.6,63,12.804,12,5,0,0,1,0,1,0
-0.948,57,13.608,11,2,0,0,1,0,0,0
0.4,31,19.14,12,1,0,0,1,0,1,0
-1.6,27,16.53,10,3,0,0,0,0,0,0
-0.315,31,11.364,12,4,1,0,0,0,0,0
-3.752,34,22.044,12,6,1,1,1,0,0,0
0.21,29,20.313,12,3,1,0,0,0,0,0
35.0,56,23.7,14,2,0,0,0,1,1,0
-0.8,27,20.385,16,1,0,0,0,0,0,0
0.1,31,10.755,12,1,0,0,0,0,0,0
-9.72,41,40.467,14,2,0,0,1,0,0,0
6.0,51,23.364,12,2,1,0,0,0,1,0
-1.17,32,24.99,12,5,1,0,0,0,1,0
-3.4,27,21.0,12,5,1,0,0,0,0,0
28.974,36,9.933,18,4,1,1,0,1,1,0
-6.983,37,15.882,15,4,0,0,0,0,1,0
13.499,48,65.37,14,4,1,1,0,0,1,0
-0.838,49,25.641,12,5,1,1,0,0,1,0
20.0,51,53.67,13,2,1,1,0,1,1,0
0.041,48,37.848,17,4,1,1,0,0,1,0
-0.449,36,8.64,12,3,0,0,0,0,1,0
40.8,54,74.04,16,2,1,1,0,0,1,0
29.35,25,18.582,12,2,0,0,0,1,1,0
2.499,47,23.883,11,3,0,0,1,0,0,0
0.0,33,12.0,16,2,0,0,1,0,1,0
-5.559,29,31.74,12,5,1,0,0,0,1,0
11.0,57,26.01,12,4,1,1,1,1,1,0
-0.276,48,52.836,12,3,1,1,0,0,1,0
-3.775,41,32.703,18,1,0,0,0,0,1,0
7.723,34,64.347,14,4,1,1,0,0,1,0
-2.0,28,28.911,11,1,0,0,0,0,0,0
2.5,64,21.111,14,1,0,0,0,0,1,0
59.5,61,22.659,12,2,1,1,0,1,1,0
0.0,33,13.38,12,1,0,0,0,0,0,0
28.599,38,90.045,18,4,1,0,0,1,1,0
21.862,46,44.22,12,3,1,1,0,1,1,0
0.0,50,10.65,6,1,0,0,0,0,1,0
-3.3,27,22.296,16,1,0,0,0,0,0,0
-5.122,38,37.197,12,4,1,1,1,0,1,0
0.05,56,1.596,12,2,0,0,0,0,0,0
0.0,25,27.03,12,1,0,0,1,0,1,0
0.05,34,17.883,6,5,1,1,0,0,0,0
3.0,38,18.54,12,5,1,0,0,0,0,0
0.05,45,10.77,12,3,0,0,0,0,1,0
-4.609,27,39.003,15,2,1,1,1,0,0,0
144.5,53,104.235,12,2,1,1,0,1,1,0
6.249,34,45.045,16,4,1,0,0,1,1,0
1.636,26,180.858,16,3,1,1,0,0,1,0
85.56,49,17.169,18,6,1,1,1,1,0,0
-2.4,39,30.75,12,4,1,1,0,0,1,0
-4.8,42,23.4,13,2,0,0,0,0,0,0
13.6,30,17.16,13,1,0,0,0,0,1,0
-0.4,55,32.4,16,4,0,0,1,0,1,0
0.0,46,5.589,12,2,0,0,0,0,0,0
0.017,48,16.665,12,3,1,0,0,0,1,0
59.16,45,43.131,18,2,1,1,0,1,1,0
-7.6,36,13.824,12,1,0,0,0,0,0,0
-4.35,36,46.842,14,2,1,0,0,1,0,0
-62.0,58,16.8,6,2,1,0,0,1,1,0
-2.316,26,24.621,15,2,1,1,0,0,1,0
4.05,33,52.8,12,3,1,1,1,1,0,0
-2.643,36,38.061,12,4,1,0,0,0,0,0
11.661,40,24.261,12,4,1,1,0,1,1,0
0.1,39,21.24,17,4,1,1,0,0,0,0
-2.5,31,5.358,12,5,1,0,0,0,0,0
6.4,50,5.766,14,1,0,0,0,1,0,0
0.05,49,15.741,12,2,0,0,0,0,1,0
0.0,32,12.75,10,1,0,0,0,0,0,0
-301.75,38,54.183,11,4,1,1,0,0,0,0
-2.5,29,36.885,12,4,1,1,0,0,1,0
1.249,27,28.575,12,1,0,0,0,0,0,0
18.55,46,25.8,14,2,1,1,0,1,1,0
11.243,41,63.939,17,4,1,1,1,0,1,0
3.55,52,20.838,17,1,0,0,1,0,0,0
6.03,33,16.452,13,1,1,0,0,0,0,0
0.0,42,2.952,4,3,0,0,0,0,0,0
135.496,36,61.446,12,3,1,0,0,1,1,0
1.5,60,32.481,12,4,1,0,0,0,1,0
3.0,31,60.81,16,4,1,0,0,0,1,0
-0.13,51,4.137,6,3,1,0,0,0,1,0
-5.0,28,36.06,14,1,0,0,1,0,0,0
-3.9,48,31.506,13,5,1,1,0,0,1,0
5.0,58,24.3,14,4,0,0,1,0,1,0
3.5,29,130.296,18,2,1,1,0,0,1,0
0.0,46,43.2,12,1,0,0,0,0,0,0
0.3,34,26.49,12,1,0,0,1,0,1,0
0.0,26,37.476,13,2,1,1,1,0,0,0
0.0,48,23.634,14,2,0,0,1,0,1,0
1.6,35,39.861,16,2,1,1,0,1,1,0
-1.0,30,17.1,16,3,1,1,1,0,0,0
-3.25,29,14.556,14,1,0,0,0,0,0,0
-3.05,25,18.999,13,2,0,0,0,0,0,0
-2.168,29,29.994,12,4,1,1,0,0,0,0
-2.84,40,15.306,12,2,0,0,0,0,0,0
0.8,54,24.654,13,2,0,0,1,0,1,0
32.649,53,32.049,16,1,0,0,0,0,0,0
1.799,34,73.764,18,1,0,0,0,0,1,0
96.6,44,127.2,18,2,1,1,1,1,1,0
-9.09,50,31.974,18,4,0,0,1,0,0,0
0.34,30,29.133,12,4,1,0,0,0,1,0
2.6,53,58.155,12,1,0,0,0,1,1,0
0.099,42,15.306,10,1,1,0,0,0,0,0
1.999,38,69.27,18,4,1,1,0,0,1,0
-1.251,60,5.472,12,1,0,0,0,0,0,0
-4.242,46,30.6,6,4,1,0,0,0,1,0
0.249,42,40.035,12,7,1,1,0,0,0,0
-8.0,35,29.925,12,2,1,1,0,0,1,0
-0.45,36,10.2,13,2,0,0,0,0,0,0
37.623,52,17.106,12,4,1,1,0,1,1,0
81.668,40,34.563,18,2,1,0,0,1,1,0
0.5,42,58.629,16,4,1,1,0,0,1,0
1.2,31,12.24,5,1,0,0,0,0,1,0
-8.225,35,21.132,18,1,0,0,0,0,1,0
4.2,28,11.616,11,1,0,0,0,0,0,0
9.279,37,32.37,16,4,1,1,0,0,1,0
5.2,28,38.058,12,1,0,0,1,0,1,0
0.0,33,21.96,16,1,0,0,0,0,0,0
0.0,45,11.25,12,1,1,0,0,0,0,0
3.5,32,43.521,14,4,1,1,0,0,1,0
0.0,61,10.2,5,1,0,0,1,0,0,0
0.0,45,7.5,18,1,0,0,0,0,0,0
33.458,63,33.951,12,5,1,0,0,1,1,0
23.944,32,38.376,17,3,1,1,0,1,1,0
7.322,37,20.142,14,1,0,0,0,0,0,0
9.035,49,38.7,16,4,1,0,0,1,1,0
-3.82,33,25.782,14,2,1,1,1,0,1,0
2.75,60,58.83,16,2,1,0,1,0,1,0
-47.08,44,41.961,13,4,1,0,0,0,0,0
0.0,45,17.403,10,8,0,0,0,0,0,0
0.555,54,25.5,10,6,1,0,0,0,0,0
54.5,50,27.516,13,2,1,0,0,1,1,0
16.61,61,25.233,12,1,0,0,0,1,1,0
4.959,36,26.64,12,4,1,0,0,1,1,0
1.3,30,32.43,14,3,1,1,0,0,1,0
1.733,54,51.654,13,3,1,1,1,0,1,0
-4.165,28,26.931,12,2,1,1,0,0,1,0
2.115,27,35.205,11,5,1,0,0,0,0,0
-3.45,45,23.67,10,12,1,0,0,0,1,0
-2.069,26,5.919,12,3,0,0,0,0,0,0
0.0,38,12.75,4,2,0,0,0,0,1,0
0.6,34,46.386,16,4,1,1,1,0,0,0
0.0,52,6.282,9,2,0,0,0,0,1,0
-1.5,34,40.8,12,4,1,1,0,0,0,0
0.13,27,11.898,13,4,0,0,0,0,0,0
2.073,37,26.688,12,4,1,1,0,0,1,0
0.0,33,1.56,8,5,1,0,0,0,0,0
42.245,39,57.201,16,5,1,0,0,1,0,0
170.056,53,72.108,12,2,1,1,0,1,1,0
13.108,50,55.314,12,2,1,0,0,0,1,0
37.894,48,27.66,12,1,0,0,0,1,1,0
9.249,57,16.305,13,3,1,0,1,0,1,0
0.145,50,15.414,8,4,0,0,0,0,0,0
0.2,61,18.36,9,1,0,0,0,0,0,0
43.2,42,53.1,17,6,1,0,0,1,1,0
0.2,33,17.454,13,1,0,0,0,0,0,0
0.3,46,21.936,2,6,1,1,0,0,1,0
8.4,29,39.321,12,2,1,1,1,1,1,0
0.0,31,9.15,12,2,0,0,0,0,0,0
-1.2,52,5.742,12,1,0,0,0,0,1,0
35.0,43,38.49,12,3,1,1,1,0,1,0
-1.925,57,14.232,9,1,0,0,0,0,1,0
0.008,50,3.684,12,3,0,0,0,0,0,0
132.671,52,38.832,17,2,0,0,0,1,1,0
2.0,42,17.034,12,1,1,0,0,1,0,0
126.15,50,49.83,8,1,0,0,0,1,1,0
-3.45,31,22.575,10,3,1,1,0,0,1,0
-1.9,38,25.164,12,6,1,1,0,0,0,0
204.0,35,54.3,16,2,1,0,0,1,1,0
-2.745,35,36.0,13,5,1,0,0,0,1,0
37.1,48,29.067,17,5,1,1,0,1,1,0
-8.801,57,24.612,10,3,1,0,0,0,1,0
13.498,40,48.24,17,6,1,0,1,0,1,0
2.0,44,30.861,15,4,0,0,0,0,1,0
0.35,26,14.28,12,3,1,0,0,0,0,0
-0.671,28,24.99,12,4,1,1,0,0,0,0
-22.794,44,60.903,11,3,1,1,0,0,0,0
50.572,25,57.147,16,2,1,1,1,1,0,0
-1.48,33,12.501,12,2,0,0,1,0,0,0
0.0,45,17.442,11,5,0,0,0,0,0,0
13.176,33,52.476,16,1,0,0,1,0,1,0
-8.68,26,19.785,12,4,1,0,0,0,0,0
85.3,45,41.352,16,4,1,0,0,0,1,0
0.199,33,10.14,12,1,0,0,0,0,0,0
-5.0,56,41.466,12,4,1,1,0,0,1,0
-6.05,37,28.038,12,6,0,0,0,0,1,0
10.129,45,104.814,18,4,1,1,1,0,1,0
0.0,44,10.2,12,3,0,0,0,0,0,0
4.2,31,21.546,16,1,0,0,0,1,0,0
-0.995,29,15.555,9,2,0,0,0,0,0,0
-5.4,55,19.548,12,4,1,1,0,0,1,0
0.02,53,9.744,12,1,1,0,0,0,0,0
176.0,57,66.96,15,4,1,0,0,1,1,0
14.851,27,55.683,17,2,1,0,0,0,0,0
-11.3,34,50.4,12,5,1,1,0,0,0,0
-4.306,52,30.639,8,4,1,0,0,1,1,0
-0.3,39,7.836,15,4,1,0,1,0,1,0
0.0,37,9.45,12,8,1,0,0,0,1,0
0.0,49,11.898,14,2,0,0,0,0,1,0
-4.64,47,49.176,12,4,1,1,0,0,1,0
72.607,55,36.552,14,5,1,0,0,1,1,0
-9.0,37,28.32,14,3,0,0,0,0,0,0
0.399,49,36.336,11,6,1,1,0,0,1,0
0.059,37,12.003,12,1,0,0,0,0,0,0
-0.2,42,6.297,13,2,0,0,0,0,1,0
-1.0,30,14.625,12,1,0,0,0,0,0,0
14.5,44,51.078,12,5,1,1,1,0,1,0
0.0,53,7.113,12,5,1,1,0,0,0,0
9.5,41,30.0,12,3,0,0,1,1,0,0
46.5,34,40.554,16,3,0,0,1,0,1,0
-6.001,26,23.64,12,5,1,0,0,0,0,0
-3.887,42,33.021,18,1,0,0,1,0,0,0
47.488,48,26.916,16,1,0,0,1,1,0,0
-14.995,52,23.307,12,3,1,1,0,0,1,0
0.0,38,19.8,12,6,1,1,0,0,0,0
16.999,26,33.651,14,1,0,0,0,0,0,0
4.199,44,15.87,12,2,0,0,0,0,0,0
62.535,36,46.71,14,5,1,0,0,1,1,0
1.674,41,21.645,12,1,0,0,0,0,1,0
9.77,33,50.862,10,4,1,0,0,1,1,0
91.999,40,60.36,18,3,1,0,0,1,1,0
-5.85,40,36.015,18,1,0,0,1,0,0,0
3.3,36,73.578,12,5,1,0,0,0,1,0
-0.829,25,18.447,12,4,1,1,1,0,1,0
-0.4,38,33.192,16,2,0,0,0,0,0,0
-2.8,43,54.648,12,4,1,1,0,0,1,0
-1.675,32,58.167,12,5,1,1,0,0,1,0
33.449,62,28.2,12,3,1,0,0,1,1,0
4.124,33,16.458,12,1,0,0,0,0,0,0
0.0,32,15.834,12,5,1,0,0,0,0,0
-1.008,29,15.312,12,3,1,0,0,0,1,0
4.35,39,46.104,14,3,1,1,0,0,1,0
0.889,56,32.007,17,2,1,0,1,0,1,0
35.0,48,41.25,16,1,0,0,1,0,0,0
-1.302,36,28.476,13,4,1,1,1,0,1,0
33.6,37,32.394,12,3,0,0,0,0,0,0
8.0,40,24.36,14,1,0,0,0,0,0,0
0.0,44,18.6,9,5,1,0,0,0,1,0
28.499,43,52.26,14,5,1,0,0,1,0,0
0.05,39,10.5,12,3,1,0,0,0,0,0
81.798,53,100.596,14,2,1,0,0,1,0,0
0.0,28,11.376,13,1,0,0,0,0,0,0
8.22,58,27.264,12,3,1,1,0,0,0,0
-2.21,28,21.3,11,3,1,1,0,0,0,0
184.474,34,83.274,14,5,1,0,0,1,1,0
0.45,36,26.472,10,3,1,1,0,0,1,0
2.55,64,8.172,8,3,0,0,1,1,0,0
-2.16,35,23.073,12,3,0,0,0,1,1,0
0.0,25,8.925,1,3,0,0,0,0,0,0
-6.0,42,30.0,18,4,1,0,0,0,0,0
-1.74,50,23.148,14,3,1,1,0,0,1,0
39.8,49,77.466,12,2,1,1,1,1,1,0
-3.15,26,23.556,16,4,1,0,0,0,0,0
0.8,37,18.048,14,1,0,0,0,0,0,0
15.1,53,73.218,18,4,1,1,0,1,1,0
3.0,63,5.982,12,3,1,0,0,1,1,0
-5.872,29,28.005,12,5,1,0,0,0,0,0
-33.88,27,61.125,16,2,1,1,0,0,0,0
-0.8,38,7.968,7,4,1,0,0,0,0,0
-1.5,38,11.4,12,2,0,0,0,0,0,0
1.0,28,28.554,15,4,1,0,0,0,1,0
0.5,34,15.33,10,1,0,0,0,0,0,0
-3.4,54,6.711,10,2,0,0,0,0,0,0
-15.9,45,53.01,16,4,1,1,1,0,0,0
18.43,48,45.618,14,4,1,1,0,1,1,0
0.0,26,12.75,3,1,0,0,0,0,0,0
-6.159,25,0.63,15,2,0,0,0,0,0,0
72.475,48,43.866,9,2,1,0,0,0,1,0
-3.42,31,7.293,12,1,0,0,0,0,0,0
4.4,32,34.233,15,4,1,1,0,0,0,0
0.0,41,25.674,12,7,1,0,0,0,0,0
-4.918,42,28.377,12,4,1,1,0,0,1,0
0.55,46,32.895,11,1,0,0,1,0,1,0
0.0,39,9.6,12,5,1,0,0,0,0,0
-0.451,28,13.65,12,5,1,1,0,0,1,0
-8.653,50,37.437,13,2,1,1,1,0,1,0
0.3,42,6.903,5,2,0,0,0,0,0,0
-6.2,34,36.12,12,3,1,1,0,0,0,0
23.85,33,34.806,13,3,0,0,1,0,1,0
-0.98,34,18.573,13,5,1,0,0,0,0,0
1.0,37,52.02,12,4,1,0,0,0,1,0
0.757,26,15.615,16,1,0,0,0,0,0,0
0.45,44,37.26,16,4,1,0,0,0,1,0
5.158,30,47.046,16,3,1,1,0,0,0,0
-5.008,40,36.621,6,5,1,0,0,0,1,0
-2.0,28,37.296,15,3,1,1,0,0,0,0
0.0,46,20.199,8,1,0,0,0,0,0,0
-3.89,46,11.64,12,2,0,0,0,0,0,0
-10.0,46,71.988,18,1,1,0,1,1,0,0
-3.2,26,52.386,12,3,1,1,0,0,0,0
2.25,26,40.608,12,2,1,1,0,1,1,0
287.746,62,57.159,12,2,1,0,0,1,1,0
1.02,48,32.595,11,4,1,0,0,0,1,0
0.0,43,7.14,12,3,0,0,0,0,0,0
-0.8,27,8.364,10,1,0,0,0,0,0,0
-2.6,45,9.315,14,2,0,0,0,0,1,0
-9.6,34,13.509,11,3,1,0,0,0,1,0
-0.181,37,15.156,12,4,0,0,0,0,0,0
-1.435,33,18.6,15,3,0,0,0,0,0,0
3.8,33,10.215,14,1,0,0,0,0,0,0
54.849,55,26.193,10,2,1,0,0,1,1,0
-17.0,52,23.76,13,1,0,0,1,0,0,0
0.0,29,17.856,3,9,1,1,1,0,0,0
0.0,27,18.156,12,4,1,1,0,0,0,0
21.2,39,51.123,12,2,1,1,0,0,0,0
7.3,31,50.346,12,4,1,1,0,0,1,0
0.006,49,5.61,12,2,0,0,1,0,0,0
-21.25,25,13.026,18,1,0,0,0,0,0,0
46.992,37,51.798,15,3,1,1,0,1,1,0
93.97,45,34.644,8,3,1,0,0,1,1,0
-1.935,56,22.14,14,7,0,0,1,0,0,0
1.0,41,70.905,14,6,1,1,1,0,1,0
-4.88,31,27.729,6,6,1,1,0,0,1,0
-8.9,61,26.982,13,1,0,0,1,0,0,0
-13.144,44,21.0,18,7,0,0,0,0,0,0
-0.9,45,11.868,5,3,0,0,0,0,1,0
-59.97,42,13.5,9,1,0,0,0,0,0,0
0.0,46,19.371,6,6,1,0,0,0,0,0
2.0,38,20.478,12,3,0,0,0,0,0,0
0.0,37,6.309,6,7,1,0,0,0,0,0
-2.6,41,48.615,15,4,0,0,1,0,1,0
0.0,53,7.44,12,1,0,0,0,0,0,0
-13.486,53,27.336,6,6,1,1,0,0,1,0
0.92,31,32.37,16,1,0,0,0,0,0,0
55.5,37,12.483,12,1,0,0,0,0,1,0
-1.25,32,45.78,14,3,1,1,0,0,1,0
-6.5,28,15.294,16,1,0,0,0,0,0,0
1.799,44,23.787,13,5,1,0,0,0,1,0
1.925,41,36.435,12,6,1,0,0,0,1,0
2.9,43,44.418,18,1,0,0,0,1,1,0
-8.827,32,13.242,12,3,1,1,0,0,1,0
20.3,53,55.218,13,2,1,1,0,1,1,0
58.19,49,30.42,16,3,0,0,0,1,1,0
2.804,42,19.413,12,3,0,0,0,1,1,0
0.0,52,15.096,12,7,1,0,0,0,0,0
19.798,36,24.297,12,2,1,1,0,0,1,0
-2.1,25,24.12,12,1,0,0,0,0,0,0
-4.255,30,5.046,12,4,1,0,0,0,1,0
0.0,39,12.132,12,4,1,0,0,0,1,0
5.249,30,31.098,16,1,0,0,0,0,0,0
1.003,40,23.988,14,2,0,0,0,0,0,0
1.05,40,56.505,14,4,1,1,0,0,1,0
4.55,26,13.32,18,1,0,0,0,0,0,0
11.999,35,31.2,12,1,0,0,0,1,1,0
27.4,44,43.2,18,1,0,0,1,1,1,0
13.139,42,32.142,14,5,1,1,0,1,1,0
-10.0,41,21.081,11,1,0,0,1,0,0,0
1.877,40,27.684,12,3,1,1,1,0,0,0
2.475,33,35.4,12,2,0,0,0,0,1,0
-4.001,57,12.792,16,1,0,0,1,0,1,0
0.6,36,44.805,13,2,1,1,0,0,0,0
-0.7,36,23.595,13,2,0,0,1,0,0,0
3.81,36,28.464,12,3,0,0,0,0,0,0
23.31,30,74.217,16,3,1,1,0,1,1,0
12.175,36,39.579,12,4,1,1,0,0,1,0
0.013,34,15.876,6,8,1,0,0,0,1,0
0.75,25,27.657,12,1,0,0,0,0,0,0
2.8,29,41.031,18,1,0,0,0,0,0,0
-19.175,30,28.716,15,4,1,0,0,0,0,0
2.049,38,30.003,13,4,1,1,0,1,1,0
0.03,26,39.846,16,4,1,1,0,0,0,0
9.675,53,50.439,12,3,1,1,1,1,1,0
0.0,33,17.76,6,11,1,0,0,0,0,0
17.265,28,70.323,17,2,1,1,0,1,1,0
9.998,33,40.47,14,3,1,0,0,0,1,0
82.5,58,34.8,18,1,0,0,1,1,1,0
1.4,45,43.197,14,3,1,1,0,0,1,0
0.0,40,9.3,5,9,1,0,0,0,0,0
9.613,40,70.602,16,4,1,1,1,0,1,0
-14.8,44,15.513,15,4,1,1,0,0,0,0
-0.2,26,31.488,16,2,1,1,0,0,0,0
35.4,42,85.086,12,4,1,1,0,1,1,0
-1.15,36,26.094,9,5,1,1,0,0,1,0
58.386,48,30.438,1,3,1,0,0,1,0,0
0.42,32,16.38,11,5,1,1,0,0,1,0
-15.495,42,17.856,10,5,1,1,0,0,0,0
0.0,33,10.464,11,1,0,0,0,0,0,0
2.425,31,21.939,18,1,0,0,0,0,0,0
0.0,35,9.6,10,3,0,0,1,0,0,0
-2.97,25,31.698,17,1,0,0,0,0,0,0
51.299,46,52.44,13,3,1,1,0,1,0,0
42.0,32,67.59,18,4,1,0,0,1,0,0
2.15,48,31.905,12,2,1,0,0,1,1,0
-0.25,34,100.029,13,5,1,1,0,0,1,0
4.999,44,42.3,13,1,0,0,1,0,1,0
0.051,43,39.12,12,4,0,0,1,0,1,0
-0.312,34,24.678,14,3,1,1,0,0,1,0
0.5,55,21.552,11,8,1,1,0,0,1,0
-1.5,42,11.253,12,5,0,0,1,0,1,0
11.425,27,36.639,14,4,1,1,0,1,1,0
0.8,30,18.0,15,4,0,0,0,0,1,0
12.0,62,21.78,14,2,1,0,0,0,1,0
22.498,43,26.367,16,2,0,0,0,1,1,0
-0.5,35,19.287,12,3,0,0,0,0,0,0
-13.901,42,34.227,16,4,1,0,0,0,0,0
37.878,52,108.87,18,2,1,1,1,1,1,0
110.4,59,46.5,12,3,1,0,0,1,1,0
-1.7,58,29.724,12,3,1,1,1,0,1,0
-1.6,60,31.605,12,1,0,0,1,0,1,0
-6.5,44,19.56,17,1,0,0,0,0,0,0
-1.8,42,15.786,12,4,0,0,0,0,0,0
-4.0,52,20.07,8,2,1,1,0,0,0,0
-0.601,46,22.41,12,3,0,0,0,0,1,0
2.65,58,15.42,12,2,1,0,0,0,0,0
0.01,26,8.049,9,5,0,0,0,0,0,0
7.055,37,26.391,17,1,0,0,0,1,0,0
0.0,38,8.16,6,4,1,0,0,0,1,0
-0.112,52,11.751,12,1,0,0,0,0,0,0
59.115,46,80.079,16,3,1,1,0,1,1,0
0.199,40,3.618,18,1,0,0,1,0,1,0
0.0,25,26.52,11,4,0,0,0,0,0,0
12.2,53,46.932,1,4,1,0,0,1,1,0
-0.8,33,28.554,12,3,1,0,0,0,0,0
142.5,46,83.085,18,2,0,0,0,1,1,0
20.248,50,11.451,12,3,1,0,0,0,1,0
17.704,60,14.442,14,4,1,1,0,0,1,0
58.1,45,32.25,14,2,0,0,0,1,1,0
40.872,32,2.814,15,1,0,0,0,0,1,0
-1.7,35,42.393,12,4,1,0,0,0,0,0
0.5,35,8.7,12,2,0,0,0,0,1,0
-3.0,53,9.705,12,6,0,0,0,0,1,0
-3.8,44,34.965,17,3,0,0,0,0,1,0
1317.947,40,113.199,17,4,1,1,0,1,1,0
33.0,47,33.687,16,4,1,0,0,1,1,0
5.55,35,37.776,12,2,1,1,0,0,0,0
-5.59,42,23.004,12,4,1,0,0,0,0,0
10.5,38,41.982,14,4,0,0,1,0,1,0
5.0,32,54.948,17,4,1,1,0,0,1,0
2.0,27,31.308,12,1,0,0,0,0,0,0
-4.391,38,18.93,12,4,0,0,0,0,0,0
0.426,60,4.038,8,1,0,0,0,0,1,0
4.0,55,39.216,16,3,0,0,0,1,1,0
1.371,34,30.534,12,2,1,1,0,0,1,0
-14.578,54,32.076,3,3,0,0,0,0,0,0
6.848,64,32.817,13,2,1,1,0,0,1,0
5.01,50,32.94,12,3,1,0,1,0,0,0
-5.3,54,40.32,12,6,1,1,1,0,1,0
-0.6,47,7.419,6,1,0,0,0,0,0,0
-0.1,32,17.04,12,4,1,0,0,0,0,0
1.2,37,18.0,12,4,0,0,0,0,0,0
26.0,61,54.192,14,2,1,0,1,1,1,0
15.0,34,62.436,18,1,0,0,0,0,1,0
-7.545,27,26.94,18,1,0,0,0,0,0,0
9.999,64,18.45,6,5,1,0,0,0,1,0
-9.5,26,17.919,12,4,1,0,0,0,0,0
-3.0,42,16.83,12,7,1,0,0,0,1,0
0.0,63,39.174,11,1,0,0,0,0,0,0
13.9,47,47.496,13,3,1,1,1,1,1,0
5.155,36,35.154,12,2,1,1,0,1,1,0
-6.901,37,38.112,12,3,0,0,0,0,1,0
35.599,35,114.3,14,2,1,1,0,1,1,0
6.1,26,37.65,12,2,1,1,0,0,1,0
-4.9,38,18.927,12,2,0,0,0,0,0,0
1.099,36,57.675,14,2,0,0,0,0,1,0
-11.276,46,51.339,12,4,1,1,0,0,1,0
-0.75,64,15.6,12,2,1,0,0,0,1,0
0.072,29,51.879,16,3,1,1,1,0,1,0
6.65,64,17.616,12,1,0,0,0,1,0,0
358.4,61,179.373,12,2,1,0,0,1,1,0
4.05,31,17.715,13,1,0,0,0,0,1,0
2.0,58,14.46,12,2,1,0,0,0,1,0
-0.25,47,41.67,10,6,1,0,0,0,1,0
-4.75,50,17.49,13,2,0,0,0,0,1,0
-4.609,36,72.069,15,4,1,1,0,0,0,0
-11.4,28,21.891,13,5,1,1,1,0,1,0
4.1,49,17.631,12,3,0,0,0,0,1,0
0.0,60,15.0,10,3,1,0,0,0,1,0
0.0,32,18.861,10,5,1,1,0,0,0,0
0.0,31,2.16,12,5,1,0,0,0,0,0
0.059,47,8.019,12,1,0,0,0,0,0,0
3.5,27,42.291,16,2,1,1,0,0,0,0
2.136,26,22.182,11,8,1,1,0,0,0,0
0.0,38,16.344,12,4,1,0,0,0,1,0
40.548,60,29.1,11,2,1,1,0,0,1,0
1.97,39,41.088,18,5,1,1,0,0,1,0
0.2,32,12.192,13,4,0,0,1,0,1,0
-4.3,30,31.086,12,4,1,1,0,0,0,0
5.43,55,20.547,12,2,0,0,0,1,1,0
-0.296,27,32.154,13,3,1,1,0,0,0,0
9.999,25,5.7,15,2,0,0,0,0,0,0
-0.075,33,7.8,17,3,0,0,0,0,0,0
502.0,48,112.989,16,4,1,0,0,1,1,0
-0.71,37,10.566,11,6,1,0,0,0,1,0
-0.651,45,54.255,17,4,1,1,0,0,0,0
2.3,41,28.05,16,4,0,0,0,1,1,0
1.08,49,19.392,13,3,1,1,1,0,1,0
19.0,56,77.979,12,2,1,0,0,1,1,0
-0.7,31,8.4,12,4,0,0,0,0,0,0
-0.501,45,15.561,12,2,0,0,0,0,0,0
-0.1,26,32.016,12,3,1,1,0,0,1,0
0.499,32,43.146,9,3,1,1,0,0,1,0
-1.15,37,17.76,12,4,1,0,1,0,1,0
12.434,61,103.449,18,2,1,1,1,1,1,0
0.0,40,15.402,7,5,1,0,0,0,0,0
0.0,39,21.216,11,1,0,0,0,0,0,0
149.601,53,48.732,12,2,1,0,0,1,1,0
36.699,47,47.178,14,5,1,1,1,1,1,0
-2.75,60,33.987,12,2,1,0,0,0,1,0
5.19,42,43.173,13,3,1,0,0,0,0,0
-1.2,33,58.428,12,4,1,0,0,0,1,0
1.792,47,21.24,14,1,0,0,0,0,1,0
-1.0,30,7.65,12,4,1,0,0,0,0,0
138.1,61,59.946,18,2,1,0,1,1,1,0
0.0,49,14.28,12,1,0,0,0,0,0,0
4.599,37,47.643,12,3,1,1,0,1,1,0
6.649,61,14.76,15,2,0,0,1,0,1,0
4.6,34,31.839,18,2,1,1,0,1,1,0
11.7,33,47.802,14,6,1,1,1,0,0,0
-1.5,34,10.371,12,2,0,0,0,0,0,0
80.802,43,99.153,18,2,1,1,1,1,1,0
-17.71,38,42.054,14,4,1,1,0,0,1,0
-2.0,34,7.374,13,2,0,0,0,0,0,0
24.1,49,45.6,15,2,0,0,1,0,0,0
-4.757,33,41.13,14,3,1,1,0,0,1,0
-14.65,37,25.488,12,4,1,1,0,0,1,0
-1.5,30,11.256,13,1,0,0,0,0,0,0
0.005,45,13.911,10,2,0,0,0,0,0,0
0.0,41,11.202,9,2,0,0,0,0,0,0
2.204,33,51.912,12,3,1,1,0,0,1,0
39.0,47,21.996,12,2,0,0,1,1,1,0
0.0,50,43.5,13,6,1,0,0,0,0,0
-1.75,29,14.892,14,2,1,1,0,0,1,0
0.2,30,29.772,12,4,1,1,0,0,1,0
-14.0,29,16.02,10,4,1,1,0,0,1,0
0.355,32,10.512,12,4,0,0,0,0,0,0
6.799,34,12.36,16,1,0,0,0,0,0,0
0.645,43,12.24,12,3,0,0,1,0,0,0
-0.369,49,25.704,13,1,0,0,1,0,1,0
0.0,56,4.08,3,7,1,0,0,0,1,0
-0.745,29,44.511,13,5,1,1,0,0,1,0
1.34,41,29.715,15,1,0,0,1,0,1,0
7.7,32,21.915,17,2,0,0,1,1,1,0
1.9,39,48.027,17,1,0,0,1,1,1,0
-336.789,55,46.221,12,3,1,1,0,1,1,0
1.1,26,26.475,16,1,0,0,0,0,0,0
0.005,31,28.356,12,5,1,1,0,0,0,0
-4.968,29,19.14,12,2,0,0,0,0,0,0
-5.4,31,39.567,12,4,1,1,1,0,0,0
-5.8,45,17.685,12,1,0,0,0,0,0,0
-1.502,29,21.021,16,3,1,1,0,0,0,0
3.3,40,19.548,16,3,0,0,1,1,1,0
-4.827,26,47.652,14,2,1,1,0,0,0,0
-7.5,33,31.26,12,4,1,1,0,0,0,0
1.0,27,54.0,12,1,0,0,0,0,0,0
-22.065,48,26.952,13,6,1,0,0,0,1,0
-0.5,54,9.072,10,1,0,0,0,0,1,0
0.0,34,8.199,11,1,0,0,0,0,0,0
0.4,56,32.376,12,2,1,0,0,0,1,0
-5.5,49,74.31,12,6,1,1,0,0,1,0
6.399,56,25.761,16,2,1,0,0,0,1,0
-0.95,38,15.36,12,4,1,0,0,0,1,0
6.005,29,21.66,14,1,0,0,0,0,0,0
0.34,49,41.154,12,4,1,1,0,0,1,0
-0.79,49,40.512,12,3,1,0,0,0,0,0
-1.875,27,13.215,13,1,0,0,0,0,0,0
12.211,39,65.172,16,2,1,1,0,1,1,0
0.169,27,18.909,12,2,0,0,0,0,0,0
0.0,33,17.16,13,6,1,0,0,0,1,0
-0.775,44,23.1,12,1,0,0,0,0,0,0
0.0,32,9.78,12,1,1,0,0,0,0,0
0.0,60,5.52,13,1,0,0,0,0,0,0
2.4,42,21.6,12,3,0,0,1,0,0,0
4.924,48,11.244,14,1,0,0,0,0,0,0
3.999,34,14.976,12,1,0,0,0,0,0,0
0.1,47,32.043,14,1,0,0,0,0,0,0
6.85,40,51.198,14,2,1,1,0,0,1,0
0.9,44,15.198,6,3,0,0,0,0,1,0
0.8,48,37.08,12,4,1,1,0,0,1,0
24.32,31,42.336,14,5,1,1,0,0,0,0
-4.0,41,21.735,12,4,1,1,0,0,1,0
-4.5,39,24.375,12,3,0,0,0,0,1,0
-24.9,35,40.005,17,1,0,0,0,0,0,0
0.1,37,32.427,12,2,1,1,0,0,0,0
15.575,59,15.588,9,1,0,0,0,0,1,0
12.0,55,34.542,12,4,1,1,0,0,1,0
1.7,40,33.066,8,4,1,0,0,0,0,0
15.149,63,36.978,14,1,0,0,0,0,1,0
29.319,47,87.72,12,2,1,0,0,1,1,0
0.0,35,26.217,15,1,0,0,0,0,1,0
-14.201,50,66.36,18,4,1,1,0,0,0,0
3.9,55,12.6,8,3,0,0,0,0,1,0
1.849,28,29.934,14,2,1,0,0,0,0,0
5.241,34,28.41,15,2,0,0,1,0,0,0
0.0,62,12.036,10,1,0,0,0,0,0,0
-0.095,34,13.509,3,7,1,0,0,0,1,0
51.2,42,26.016,14,2,0,0,0,0,1,0
0.3,26,16.095,12,3,1,0,0,0,0,0
-2.431,31,37.317,16,2,0,0,0,0,1,0
0.499,30,20.43,13,1,0,0,0,0,0,0
-3.85,60,8.85,11,1,0,0,0,0,1,0
-14.361,31,52.185,16,4,1,1,0,0,1,0
-1.85,37,28.065,14,4,1,1,0,0,1,0
-2.5,57,26.832,12,2,1,0,1,0,1,0
1.0,40,16.218,16,1,0,0,0,0,0,0
0.0,45,5.277,7,3,0,0,0,0,0,0
1.65,34,21.348,2,4,1,1,0,0,1,0
-58.901,26,17.7,14,2,1,1,0,0,1,0
0.8,29,17.595,14,1,0,0,0,1,0,0
7.749,26,31.395,16,2,1,1,0,0,1,0
17.3,61,58.68,12,2,1,1,1,1,1,0
5.5,33,38.85,12,5,1,0,0,0,1,0
-2.719,27,25.971,14,3,1,1,0,0,1,0
0.55,28,45.045,16,1,0,0,0,0,0,0
-1.0,38,30.54,11,4,1,1,0,0,1,0
-1.5,40,60.699,13,3,1,1,0,0,1,0
26.0,46,60.396,16,3,1,0,0,0,1,0
8.6,38,14.415,12,1,0,0,0,1,1,0
-6.072,30,39.957,12,4,1,1,0,0,1,0
0.699,42,64.176,12,4,1,1,0,0,1,0
-5.951,47,16.407,11,2,1,1,0,0,1,0
-5.1,48,35.7,12,4,1,0,0,0,1,0
0.634,32,17.94,12,1,0,0,0,0,0,0
0.0,44,7.704,12,2,0,0,0,0,1,0
-0.18,28,28.572,12,1,0,0,0,0,0,0
3.0,53,28.98,12,1,0,0,0,0,1,0
-47.5,42,63.207,12,5,1,1,0,0,1,0
-7.606,49,26.4,10,2,1,0,0,1,1,0
6.1,60,21.72,12,1,0,0,0,0,0,0
0.448,30,15.3,12,1,0,0,1,0,0,0
-0.09,50,15.0,13,4,0,0,0,0,1,0
-2.88,32,9.033,12,4,1,1,0,0,0,0
18.0,27,11.799,18,1,0,0,0,0,0,0
9.249,29,16.827,16,3,1,0,0,1,1,0
3.484,38,25.29,14,5,1,0,0,0,1,0
0.075,42,19.512,14,1,0,0,0,0,0,0
-5.4,47,51.96,10,3,1,1,0,0,1,0
0.1,36,34.386,12,4,1,1,0,0,1,0
3.3,34,26.991,13,4,1,1,0,1,1,0
10.3,35,41.733,12,5,1,1,0,1,1,0
15.0,45,11.712,12,4,0,0,0,0,0,0
-1.6,36,36.0,12,4,1,0,0,0,1,0
1.174,25,30.219,14,4,1,1,0,0,1,0
0.05,38,53.658,14,3,1,1,0,0,0,0
-3.98,54,27.87,12,4,1,0,0,0,1,0
14.999,62,55.524,13,3,1,1,0,0,0,0
-2.364,46,12.954,12,5,0,0,0,0,1,0
0.0,25,14.013,13,1,0,0,0,0,0,0
-11.0,28,31.824,12,5,1,1,0,0,1,0
-2.2,32,22.314,12,7,1,0,0,0,0,0
-3.248,27,25.995,12,5,1,1,0,0,0,0
15.0,33,50.751,16,4,1,0,0,1,1,0
-5.6,31,20.88,13,2,1,1,0,0,0,0
0.0,27,8.286,12,1,0,0,0,0,0,0
9.4,31,32.202,11,3,1,1,0,0,0,0
-18.0,26,37.608,18,1,0,0,0,0,0,0
-0.9,35,28.755,12,7,1,1,1,0,1,0
-0.1,51,16.968,13,4,0,0,1,0,1,0
-0.2,35,12.96,14,4,1,0,0,0,0,0
4.19,52,7.704,12,1,0,0,0,0,0,0
5.099,37,21.078,15,1,1,0,1,0,1,0
-0.81,36,38.061,14,4,1,1,0,0,1,0
0.0,31,14.4,12,1,0,0,0,0,0,0
15.8,32,86.28,12,4,1,1,1,0,0,0
7.049,30,36.693,12,4,1,1,0,0,1,0
0.0,40,19.2,14,2,0,0,0,0,0,0
-8.4,31,46.8,16,3,1,1,0,0,0,0
-4.2,40,31.86,16,3,0,0,0,0,1,0
0.2,37,17.85,12,4,1,0,0,0,1,0
-3.088,45,28.944,12,3,1,0,0,0,0,0
-18.0,40,18.9,9,6,1,0,0,0,0,0
-4.4,37,38.601,12,5,1,1,0,0,1,0
19.499,49,21.09,13,1,0,0,0,1,0,0
0.3,27,19.8,12,1,0,0,0,0,0,0
-4.85,39,28.125,14,4,1,1,1,0,0,0
-17.051,64,39.339,12,2,1,1,1,1,1,0
-7.6,27,16.83,14,1,0,0,0,0,0,0
7.499,63,24.708,11,2,1,1,0,1,1,0
84.248,62,92.598,18,2,1,1,1,1,1,0
11.997,51,30.456,12,3,1,1,0,0,1,0
-8.9,30,28.443,16,1,0,0,0,0,0,0
-1.05,33,9.288,10,3,0,0,0,0,1,0
0.0,33,20.4,12,1,0,0,0,0,0,0
0.699,35,22.113,13,1,0,0,1,1,1,0
-2.996,33,11.376,12,3,0,0,0,0,1,0
-0.275,27,17.04,12,3,1,0,0,0,1,0
0.0,40,8.262,4,5,1,0,0,0,1,0
-8.55,30,10.56,12,5,1,0,0,0,1,0
13.4,26,32.07,16,2,1,1,0,1,0,0
15.5,39,52.077,12,5,1,1,0,1,1,0
-20.8,30,41.412,14,3,1,1,0,0,1,0
0.0,64,30.174,18,1,0,0,0,0,0,0
0.1,60,17.328,14,2,0,0,0,0,1,0
1.8,56,24.672,12,1,0,0,0,0,0,0
0.442,27,15.735,16,1,0,0,0,1,1,0
0.3,41,49.98,12,5,1,1,0,0,0,0
3.9,28,42.801,13,2,1,1,0,0,1,0
0.65,61,30.513,11,2,1,0,0,0,1,0
-8.952,29,21.405,14,3,0,0,0,0,0,0
99.899,56,53.847,12,2,1,0,0,1,1,0
-8.77,30,25.422,12,4,1,1,1,0,1,0
0.096,42,18.54,12,3,1,0,0,0,1,0
-4.001,38,13.278,12,4,0,0,0,0,1,0
34.45,31,42.75,12,2,1,1,0,0,1,0
236.331,50,65.901,15,4,1,1,0,1,1,0
-21.45,41,26.901,15,2,0,0,0,0,0,0
0.0,55,32.64,13,3,1,1,0,0,0,0
0.0,45,7.752,1,1,0,0,0,0,1,0
17.2,56,20.31,12,2,0,0,0,0,0,0
2.7,34,21.672,9,5,1,0,0,0,1,0
-1.025,39,37.431,12,4,1,1,0,0,0,1
0.1,25,18.258,12,1,0,0,0,0,0,1
0.977,43,47.946,12,3,1,1,1,0,1,1
80.02,46,99.372,12,5,1,0,0,1,1,1
0.583,44,24.678,12,3,0,0,1,0,0,1
215.6,53,111.282,18,4,1,1,0,1,1,1
5.731,40,44.73,12,1,0,0,0,0,1,1
48.684,59,39.609,14,2,1,0,0,1,1,1
0.964,37,18.54,12,5,0,0,1,0,0,1
21.948,57,54.723,14,2,1,1,1,0,1,1
182.5,50,104.4,18,3,1,1,0,1,1,1
-18.89,48,37.338,13,7,1,1,0,1,1,1
-7.061,50,45.762,12,4,1,1,0,0,1,1
46.987,64,60.06,12,2,1,0,0,0,1,1
10.96,42,34.764,18,3,0,0,0,1,1,1
9.675,39,38.856,12,4,1,1,0,0,1,1
7.6,51,37.965,12,4,1,1,0,0,0,1
7.0,30,20.64,12,4,1,0,0,0,1,1
5.696,33,36.963,14,1,0,0,1,0,1,1
0.7,37,24.333,12,5,1,0,0,0,0,1
8.52,46,47.655,16,2,1,1,1,0,1,1
3.49,37,26.895,12,1,0,0,1,0,1,1
60.249,60,20.796,8,2,0,0,1,0,1,1
-0.5,31,32.412,12,8,1,1,0,0,1,1
19.205,55,37.026,12,2,1,1,1,1,1,1
1.675,31,69.537,17,3,1,0,0,0,1,1
-1.0,43,29.544,12,4,1,0,0,0,1,1
24.25,37,93.09,13,4,1,1,0,1,1,1
11.055,48,21.42,12,3,0,0,0,0,1,1
36.0,56,25.143,13,3,0,0,0,0,1,1
29.8,34,50.442,17,1,0,0,1,1,1,1
20.6,61,32.49,10,3,0,0,1,0,0,1
50.299,32,90.729,18,2,1,1,0,1,1,1
42.6,28,42.54,18,1,0,0,0,1,0,1
0.35,29,35.67,12,4,1,1,1,0,1,1
75.554,35,86.472,16,4,1,1,1,1,1,1
-5.825,34,79.269,16,2,1,1,0,0,0,1
0.399,36,64.971,12,4,1,0,0,0,1,1
-0.802,41,35.772,12,4,1,1,0,0,1,1
-2.91,50,24.114,11,6,1,0,0,0,0,1
-11.892,41,37.242,8,4,1,1,0,0,1,1
34.0,30,62.652,16,1,0,0,1,0,1,1
34.3,63,41.991,12,2,1,0,0,0,1,1
3.748,33,58.026,12,3,1,1,0,0,1,1
18.699,55,34.77,12,5,1,1,1,1,1,1
-2.25,31,19.506,14,3,0,0,0,0,0,1
123.639,43,29.466,18,2,0,0,0,1,1,1
0.2,45,29.838,8,4,1,0,0,0,1,1
0.0,42,29.07,1,2,0,0,0,0,1,1
73.999,61,31.017,12,1,0,0,1,1,1,1
105.151,41,39.78,12,2,1,1,0,1,0,1
-4.0,40,35.718,12,2,1,1,0,0,0,1
22.44,57,52.632,12,2,1,0,0,1,1,1
-4.4,25,27.615,14,1,0,0,0,0,0,1
20.05,31,58.275,15,1,0,0,1,1,1,1
37.75,57,53.004,18,1,0,0,1,1,1,1
0.55,26,29.58,16,1,0,0,1,0,1,1
123.365,56,42.417,8,3,1,1,0,1,1,1
0.015,49,24.45,13,1,0,0,1,0,0,1
-21.901,30,100.302,18,1,0,0,0,0,1,1
-0.055,36,15.78,12,2,0,0,1,0,0,1
24.0,29,60.6,16,1,0,0,0,0,0,1
-7.6,28,28.764,16,1,0,0,0,0,0,1
10.381,38,23.79,12,5,1,0,0,0,1,1
102.799,64,103.431,12,2,1,0,0,1,1,1
-3.78,26,42.222,18,2,1,1,1,0,1,1
1.0,43,5.379,11,1,0,0,0,0,0,1
-19.0,26,22.695,16,1,0,0,1,0,0,1
-27.7,40,46.026,12,3,1,1,1,1,1,1
15.2,29,53.172,18,3,1,1,1,0,1,1
130.229,50,58.176,12,2,1,0,0,0,1,1
17.519,41,109.587,14,5,1,1,0,1,1,1
322.0,62,64.545,18,1,0,0,1,1,1,1
37.92,33,42.816,13,4,1,1,0,0,1,1
26.874,32,112.5,14,2,1,1,0,1,1,1
-30.0,62,21.276,9,2,1,0,0,0,1,1
8.345,38,35.718,12,3,1,1,0,0,1,1
4.325,32,22.872,15,1,0,0,1,0,0,1
13.034,51,53.7,12,4,1,0,0,0,1,1
0.05,59,30.0,12,3,1,0,0,0,1,1
31.848,38,57.48,16,4,1,1,0,1,1,1
-4.602,59,36.864,12,2,1,0,0,1,1,1
-0.19,46,27.9,16,1,0,0,1,0,1,1
-5.55,27,21.921,10,4,1,1,0,0,1,1
7.989,58,19.878,14,3,1,0,1,0,0,1
31.23,43,45.798,18,4,1,1,0,1,1,1
-0.75,27,24.603,12,2,1,1,0,0,0,1
-32.5,44,57.306,13,1,0,0,1,0,1,1
0.4,28,30.129,12,1,0,0,1,0,0,1
-30.48,51,9.435,16,3,0,0,1,0,0,1
42.05,38,76.941,15,4,1,1,0,1,0,1
36.5,56,34.743,12,4,1,1,0,1,1,1
3.038,30,47.001,16,2,1,1,0,1,1,1
1.449,36,44.175,12,3,1,1,0,0,0,1
0.115,32,17.52,14,5,1,0,0,0,0,1
18.8,27,43.275,18,3,1,1,1,0,1,1
19.689,30,64.944,12,4,1,0,0,0,1,1
2.859,35,27.6,12,3,1,1,0,1,1,1
36.54,43,59.757,14,2,1,1,0,0,1,1
-4.408,38,29.391,12,1,0,0,1,0,1,1
-1.5,35,41.526,12,2,1,1,1,0,0,1
2.425,41,51.981,12,4,1,1,0,0,1,1
-26.67,34,36.411,18,2,0,0,1,0,1,1
27.0,37,66.303,12,4,1,1,1,1,1,1
0.1,30,23.112,12,3,1,1,0,0,0,1
97.3,47,116.001,15,3,1,1,0,1,1,1
5.1,35,27.6,16,1,0,0,1,0,1,1
5.335,54,31.098,12,2,1,0,0,0,1,1
3.02,43,24.63,12,2,1,0,0,0,1,1
0.8,31,23.235,14,1,0,0,1,0,0,1
11.0,54,66.018,14,2,1,1,0,0,1,1
37.049,46,44.154,12,3,1,1,1,1,1,1
96.498,40,86.292,16,4,1,0,0,0,1,1
-3.015,33,23.73,12,4,1,1,0,0,1,1
250.863,63,98.712,16,3,1,1,1,0,1,1
-19.28,27,21.729,12,1,0,0,0,0,0,1
17.047,55,20.898,14,1,0,0,1,0,0,1
30.2,50,42.78,12,1,0,0,1,0,0,1
13.374,50,39.24,9,3,1,0,1,0,1,1
22.499,53,28.896,9,3,1,1,0,0,1,1
-10.55,25,31.635,12,3,1,1,1,0,1,1
54.0,42,46.659,17,1,0,0,0,1,1,1
-8.44,31,20.853,13,1,0,0,1,0,1,1
-9.893,41,39.162,16,1,0,0,1,0,0,1
42.558,35,36.234,16,1,0,0,0,0,0,1
3.7,44,26.88,13,1,0,0,1,0,0,1
10.2,27,82.068,16,2,1,1,1,0,1,1
14.538,48,115.527,15,3,1,1,1,1,1,1
7.5,37,38.208,12,4,1,1,0,1,1,1
7.1,26,59.1,16,1,0,0,0,1,1,1
7.286,53,40.125,12,2,1,0,0,0,1,1
-37.504,27,17.364,12,2,1,1,0,0,0,1
-16.351,38,49.704,12,4,1,1,0,0,1,1
1.4,44,24.996,12,1,0,0,1,0,0,1
39.41,36,38.136,12,4,1,0,0,0,1,1
7.05,41,25.707,16,1,0,0,1,1,0,1
5.3,38,38.4,18,4,1,0,0,0,1,1
4.0,29,25.059,8,7,1,1,0,0,1,1
50.3,37,36.417,12,5,1,1,0,1,1,1
4.9,29,18.315,12,1,0,0,1,0,0,1
16.255,38,40.362,16,4,1,1,0,0,1,1
79.9,47,102.63,16,4,1,1,0,1,1,1
-1.122,42,32.439,13,1,0,0,0,1,1,1
45.423,40,81.216,12,4,1,1,1,0,1,1
7.0,25,33.63,16,1,0,0,0,0,0,1
5.78,36,44.13,12,1,0,0,0,0,0,1
81.0,43,76.581,12,3,1,1,0,1,1,1
49.37,43,33.636,18,2,0,0,1,0,0,1
-1.111,31,50.52,13,3,1,1,0,0,1,1
43.3,53,60.282,13,3,1,1,1,1,1,1
13.4,45,32.973,17,1,0,0,1,0,0,1
61.0,32,59.667,18,2,1,1,0,0,1,1
-5.687,44,67.428,18,4,1,1,1,1,1,1
56.6,35,102.705,16,2,1,1,1,0,1,1
83.199,60,25.542,18,3,1,0,1,1,1,1
25.7,54,68.76,13,5,1,1,1,0,1,1
14.709,42,58.182,16,4,1,0,0,0,1,1
6.299,34,32.226,12,3,0,0,0,0,0,1
3.728,52,32.973,12,1,0,0,1,0,1,1
1.252,25,37.194,16,1,0,0,0,0,0,1
16.749,46,61.044,12,2,1,1,1,1,1,1
49.75,46,58.611,12,4,1,1,1,0,1,1
1.68,33,20.13,14,3,0,0,0,0,1,1
54.249,61,13.596,13,2,1,0,0,1,1,1
5.16,49,23.976,12,2,0,0,0,0,1,1
-0.6,53,61.407,16,4,0,0,0,0,0,1
2.3,30,29.958,16,1,0,0,0,0,0,1
49.043,64,27.0,16,1,0,0,1,1,1,1
8.19,27,38.64,16,2,1,1,1,0,0,1
0.0,39,28.05,12,5,1,1,1,0,0,1
46.15,43,46.857,16,3,1,1,0,1,1,1
37.857,39,69.009,14,1,0,0,0,1,0,1
11.669,31,64.038,16,2,1,1,0,0,1,1
1.25,33,27.033,12,4,1,0,0,0,1,1
48.2,27,30.015,17,1,0,0,0,0,0,1
21.019,32,46.665,15,2,1,0,0,1,1,1
7.349,58,33.471,10,3,1,0,0,0,1,1
11.9,42,26.718,18,1,0,0,0,1,1,1
-0.365,35,27.84,14,2,0,0,0,0,0,1
-3.24,34,45.6,13,5,1,1,0,0,1,1
15.999,58,45.285,11,2,1,1,0,1,1,1
-1.96,38,49.56,16,4,1,1,1,0,1,1
281.1,62,58.848,12,2,1,0,0,0,1,1
13.4,36,26.136,12,5,1,0,0,0,1,1
5.8,44,31.833,16,2,0,0,1,1,1,1
0.05,44,41.298,17,4,1,1,0,0,1,1
105.15,33,73.308,12,3,1,0,0,1,1,1
-3.76,33,49.776,12,3,1,1,1,0,1,1
13.47,30,54.594,18,1,0,0,1,0,1,1
72.97,63,37.374,12,2,1,0,1,0,1,1
37.099,64,30.432,16,1,0,0,0,1,1,1
2.85,38,24.945,12,1,0,0,0,0,1,1
-1.9,42,27.231,13,1,0,0,1,0,0,1
17.269,47,37.962,12,3,1,1,1,1,1,1
55.999,39,32.253,18,1,0,0,1,0,0,1
0.275,33,45.624,12,5,1,0,0,1,1,1
39.323,56,20.208,12,2,1,0,1,1,1,1
5.518,35,75.603,16,4,1,1,1,0,1,1
-5.702,40,38.922,14,3,1,1,0,0,0,1
102.705,54,139.854,12,2,1,1,1,1,1,1
-0.036,45,11.43,10,4,1,0,0,0,1,1
15.0,46,31.719,18,3,0,0,1,1,0,1
9.298,30,14.643,16,1,0,0,1,0,1,1
23.0,38,66.036,18,2,1,1,0,1,1,1
-1.052,52,23.64,16,2,0,0,0,0,0,1
19.304,43,28.716,17,2,0,0,0,0,1,1
20.8,40,63.678,12,3,1,1,1,0,1,1
5.315,40,75.402,12,2,1,1,0,0,1,1
2.167,42,73.341,12,4,1,1,1,0,1,1
6.1,31,43.026,15,3,0,0,1,0,1,1
34.849,51,63.363,18,3,1,1,0,1,1,1
17.419,49,45.753,14,4,1,1,1,1,1,1
19.299,61,86.442,18,2,1,1,0,1,1,1
401.936,54,69.318,12,3,1,1,1,1,1,1
30.626,38,36.243,16,6,1,0,0,1,1,1
18.224,43,21.672,12,4,1,0,0,0,1,1
-4.711,40,68.661,16,5,1,0,1,0,1,1
21.099,43,104.232,13,4,1,1,1,0,1,1
18.576,40,45.693,16,2,1,1,0,1,0,1
-4.15,28,48.162,12,3,1,1,0,0,0,1
93.0,52,106.896,12,6,1,0,0,1,1,1
10.7,54,27.39,12,6,1,1,0,0,1,1
-1.863,43,69.693,12,4,1,0,0,0,1,1
0.3,33,30.438,14,4,1,0,0,0,1,1
96.2,39,62.763,16,2,1,1,0,1,1,1
1.309,53,47.919,12,3,1,1,0,0,1,1
82.665,34,91.209,12,2,1,1,0,1,1,1
152.29,51,52.41,16,1,0,0,1,1,1,1
44.364,48,34.275,12,6,1,1,1,1,1,1
27.798,50,34.47,13,5,1,0,0,0,1,1
94.571,55,90.978,13,3,1,1,1,1,1,1
-1.465,42,76.527,18,4,1,1,0,0,1,1
0.0,29,52.944,16,2,1,1,1,0,0,1
3.95,53,25.257,12,6,0,0,0,1,0,1
-16.0,50,33.69,12,1,0,0,1,0,0,1
-11.0,42,24.0,16,2,1,0,1,0,0,1
43.5,44,46.89,12,4,1,1,1,1,1,1
68.943,51,44.658,12,3,1,0,0,1,1,1
-0.5,37,94.53,16,3,1,0,0,0,1,1
-13.115,30,25.533,14,6,1,0,0,0,0,1
19.8,36,23.409,12,2,0,0,1,1,1,1
2.2,32,18.789,13,1,0,0,1,0,1,1
10.65,28,44.976,17,2,1,1,1,1,0,1
5.696,56,101.19,13,3,1,1,0,0,1,1
-4.95,44,18.939,1,2,0,0,1,0,1,1
16.05,46,45.486,14,1,0,0,0,0,1,1
11.638,27,36.474,14,4,1,0,0,0,0,1
-0.9,40,51.96,14,4,1,1,0,0,1,1
234.2,54,92.046,12,3,1,1,1,1,1,1
9.687,42,27.948,16,2,0,0,1,1,0,1
15.0,34,31.902,15,2,0,0,0,0,0,1
55.471,41,104.169,17,4,1,1,0,1,1,1
16.75,36,64.815,16,3,1,1,1,0,1,1
105.0,61,140.13,1,2,1,1,1,1,1,1
4.799,49,76.896,16,4,1,1,1,0,1,1
8.849,31,72.957,16,2,1,1,0,0,1,1
-1.2,34,40.062,18,3,1,1,1,0,1,1
13.2,53,23.7,12,2,1,1,0,0,0,1
-29.1,48,28.713,12,5,1,1,1,0,1,1
-17.674,47,70.101,13,4,1,1,1,0,1,1
135.9,63,49.257,16,5,1,0,0,1,1,1
-4.1,42,20.898,12,1,0,0,1,0,0,1
35.0,32,69.327,16,1,0,0,1,0,0,1
242.0,47,100.53,12,4,1,1,1,1,1,1
3.5,40,76.866,16,4,1,1,1,0,1,1
6.42,58,13.275,12,2,1,0,1,0,1,1
2.6,36,72.9,15,3,1,1,0,0,1,1
4.0,41,39.351,12,5,1,1,0,1,1,1
14.599,49,107.559,14,4,1,1,1,0,1,1
1.249,37,34.359,12,2,1,1,1,1,0,1
40.056,42,51.648,12,4,1,1,1,1,1,1
36.725,40,54.816,12,4,1,1,0,1,1,1
3.2,35,25.731,12,3,0,0,1,0,0,1
53.0,60,85.2,12,2,1,1,0,1,1,1
1.96,29,27.096,12,5,1,1,0,0,1,1
28.457,48,50.781,13,3,1,1,1,0,1,1
-1.436,27,37.815,12,4,1,1,0,0,0,1
-3.6,37,24.312,15,3,1,1,0,0,1,1
2.5,51,10.8,9,1,0,0,0,0,1,1
80.548,38,59.397,12,4,1,1,1,1,1,1
8.5,41,50.064,18,5,1,1,0,1,1,1
2.08,28,64.137,12,4,1,1,1,0,1,1
29.6,45,29.1,15,1,0,0,0,1,1,1
10.8,33,65.529,14,5,1,0,0,1,1,1
0.9,59,49.839,12,3,1,1,0,0,1,1
0.32,55,7.65,10,1,0,0,1,0,0,1
28.405,59,51.489,18,3,1,1,1,0,1,1
6.999,37,43.05,14,5,1,1,0,0,0,1
90.149,36,69.636,12,4,1,1,1,0,1,1
2.099,31,0.06,16,1,0,0,1,0,1,1
15.248,50,16.521,13,1,0,0,1,1,1,1
130.7,47,85.968,14,3,1,1,1,1,1,1
9.0,35,22.521,12,2,0,0,0,1,1,1
14.238,45,23.415,13,1,0,0,0,0,1,1
-0.225,29,21.42,15,3,1,0,0,0,0,1
84.649,45,16.182,12,1,0,0,1,0,0,1
11.009,45,20.943,12,2,0,0,1,0,0,1
32.29,48,98.034,18,4,1,1,0,1,1,1
6.7,35,35.358,16,1,0,0,1,0,0,1
45.1,43,86.4,16,4,1,0,0,1,1,1
83.0,32,40.26,16,1,0,0,0,0,1,1
10.2,36,33.96,4,13,1,0,0,0,0,1
-8.69,28,30.897,18,2,0,0,0,0,0,1
12.7,57,26.94,12,3,1,0,1,0,1,1
67.999,43,51.816,12,3,1,1,0,1,1,1
3.0,29,31.842,18,1,0,0,0,0,1,1
58.019,47,43.854,18,2,0,0,1,0,1,1
165.065,50,125.766,18,2,1,1,1,1,1,1
63.499,46,78.654,16,4,1,0,0,1,1,1
55.694,58,44.373,18,1,0,0,1,1,0,1
15.1,37,36.984,12,5,1,1,0,0,1,1
3.85,29,17.4,14,2,0,0,1,0,0,1
5.552,45,41.1,15,2,1,1,0,0,1,1
51.2,36,64.104,16,5,1,1,0,0,1,1
38.9,46,66.396,16,4,1,0,0,1,1,1
4.149,38,48.327,15,5,1,1,0,0,1,1
1.0,43,38.205,16,2,0,0,1,0,1,1
-3.4,48,15.3,16,1,0,0,0,0,1,1
7.3,30,44.04,18,2,1,1,0,1,1,1
2.93,38,40.29,12,4,1,1,0,0,1,1
64.954,45,43.179,18,1,0,0,1,1,1,1
50.0,51,69.786,16,3,0,0,0,1,1,1
0.506,42,23.451,16,1,0,0,1,0,0,1
0.0,35,14.805,13,1,0,0,1,0,1,1
3.95,29,77.133,14,2,1,1,0,0,1,1
-4.8,32,53.109,14,2,1,1,1,0,1,1
0.0,62,32.616,12,3,1,1,1,0,1,1
-6.0,39,25.647,16,1,0,0,0,0,0,1
9.1,51,80.265,12,1,0,0,0,1,1,1
0.35,47,17.562,14,1,0,0,0,0,1,1
3.0,36,10.386,16,1,0,0,0,0,0,1
28.209,44,51.717,12,1,0,0,1,0,1,1
23.05,46,99.597,16,3,1,1,1,1,1,1
23.3,34,106.782,18,3,1,1,1,1,1,1
23.0,27,44.1,16,1,0,0,0,0,1,1
2.214,28,45.621,12,4,1,1,1,0,0,1
-0.001,41,27.786,16,3,1,1,1,0,1,1
72.0,38,102.396,16,1,0,0,1,1,1,1
6.2,34,53.1,16,4,1,1,0,0,1,1
-25.402,37,56.784,14,3,1,1,1,0,1,1
-9.358,52,32.073,12,5,1,0,0,0,1,1
1.7,43,29.604,14,1,0,0,1,0,1,1
241.045,46,64.449,17,5,1,1,0,1,1,1
11.0,38,47.616,18,3,0,0,1,0,1,1
-8.95,29,49.572,16,2,1,1,0,0,0,1
-87.501,58,72.15,14,2,1,0,0,0,1,1
41.297,47,66.405,16,4,1,1,1,0,1,1
-7.5,46,35.31,13,4,0,0,1,1,1,1
12.048,48,17.214,11,1,0,0,0,0,0,1
25.293,49,34.047,12,3,1,1,0,0,1,1
35.3,43,105.156,16,3,1,1,1,1,1,1
-0.117,37,35.175,9,5,1,1,0,0,1,1
-0.04,46,20.796,11,4,1,0,0,0,1,1
6.0,30,36.72,8,3,1,1,1,0,1,1
5.473,34,43.89,17,6,1,1,0,1,1,1
8.7,44,19.5,15,2,0,0,0,0,0,1
11.255,38,37.8,12,4,0,0,1,0,0,1
15.348,56,23.415,16,3,1,1,0,1,1,1
18.799,57,32.1,12,2,1,1,0,0,1,1
141.125,46,35.304,12,4,1,1,0,0,1,1
-9.165,49,36.63,14,4,1,1,1,1,1,1
2.0,50,29.784,7,4,1,1,1,0,1,1
11.887,45,71.118,13,12,1,1,1,1,1,1
10.666,38,42.597,13,4,1,0,0,1,1,1
-0.9,42,32.1,13,1,0,0,0,0,0,1
46.931,44,69.156,12,3,1,1,1,0,1,1
-5.325,48,22.65,12,2,0,0,1,0,0,1
73.4,34,51.78,14,4,1,0,0,0,1,1
5.0,56,31.131,12,3,1,1,0,0,1,1
36.309,60,58.056,12,3,1,0,0,0,1,1
-11.945,43,110.82,14,4,1,1,0,0,1,1
-2.0,52,100.041,16,4,1,0,0,0,1,1
21.0,41,66.588,15,2,1,1,0,0,1,1
-0.29,44,20.652,13,2,0,0,1,0,0,1
52.568,38,26.268,12,3,0,0,0,0,1,1
161.843,48,132.009,18,2,1,1,1,1,1,1
9.399,44,60.6,16,3,0,0,0,0,1,1
62.769,46,75.687,12,3,1,1,1,0,1,1
34.7,42,75.249,16,5,1,0,0,0,1,1
-4.7,55,87.663,14,4,1,1,0,0,1,1
53.8,45,61.8,18,4,1,0,0,1,1,1
21.135,46,74.625,15,4,1,1,0,0,1,1
-7.3,42,45.273,15,4,1,1,0,0,1,1
3.7,35,44.205,17,1,0,0,1,1,0,1
78.6,57,63.045,12,2,1,0,0,1,1,1
49.5,33,72.678,17,3,1,0,0,0,1,1
62.0,55,51.051,12,2,1,0,0,0,1,1
14.9,40,40.44,16,1,0,0,0,0,0,1
61.475,47,17.28,15,2,0,0,0,0,1,1
-4.4,52,25.128,12,4,1,0,0,0,0,1
3.125,44,22.83,12,1,0,0,0,0,1,1
9.249,62,31.059,12,2,1,0,0,1,1,1
-2.09,38,45.786,12,4,1,1,0,0,1,1
-7.5,25,31.215,17,1,0,0,1,0,0,1
351.62,42,98.292,12,4,1,0,0,1,1,1
12.549,56,52.245,12,2,1,1,0,0,1,1
1.953,45,28.539,12,3,1,1,0,0,1,1
-0.5,40,24.927,16,4,1,0,1,0,0,1
-10.0,31,42.51,18,2,1,1,1,0,0,1
35.85,31,48.522,16,4,1,0,0,1,1,1
14.0,33,30.0,14,1,0,0,0,0,0,1
37.144,37,42.975,15,4,1,1,1,0,1,1
-0.837,49,7.296,12,3,0,0,0,0,0,1
4.7,30,33.435,12,4,1,0,0,0,0,1
-0.739,33,8.415,12,3,0,0,0,0,1,1
118.5,42,97.494,16,2,1,1,0,1,1,1
-5.0,28,32.16,11,5,1,1,0,0,1,1
-3.49,39,31.878,13,5,1,1,1,0,0,1
50.55,42,75.573,18,3,1,1,1,1,1,1
62.699,64,19.464,12,2,1,1,0,1,1,1
27.17,62,51.099,10,2,1,1,0,0,1,1
12.0,42,91.776,14,5,1,1,1,0,1,1
61.749,51,22.902,16,1,0,0,1,1,1,1
1.216,43,13.248,11,1,0,0,1,0,0,1
0.249,50,15.318,13,4,1,1,0,0,1,1
18.487,28,57.441,16,1,0,0,1,0,1,1
23.5,37,34.032,16,1,0,0,1,1,1,1
44.599,61,68.889,12,2,1,1,0,1,1,1
36.0,46,119.196,12,4,1,1,1,1,1,1
44.275,59,55.02,6,3,1,0,0,1,1,1
-9.0,30,52.923,18,1,0,0,0,0,1,1
-0.9,43,36.612,14,2,1,1,1,0,1,1
22.7,30,36.486,9,5,1,0,0,0,1,1
7.121,49,18.177,10,2,0,0,0,0,1,1
-1.9,39,31.95,14,5,1,0,0,0,1,1
-0.066,32,22.881,15,4,0,0,1,0,0,1
1.0,36,45.168,14,1,0,0,1,0,0,1
26.5,37,106.068,16,2,1,1,1,0,1,1
87.92,38,35.982,16,4,1,0,0,1,1,1
0.499,42,32.418,13,1,0,0,0,0,0,1
3.0,51,37.098,12,4,1,1,0,0,1,1
35.199,50,32.805,12,6,1,0,0,0,1,1
94.9,52,69.726,13,2,1,1,1,1,1,1
1.5,47,33.819,12,3,1,1,1,0,1,1
0.749,35,18.837,11,1,0,0,0,0,0,1
96.6,42,111.978,18,4,1,1,1,1,1,1
6.52,52,38.46,14,3,1,0,0,0,1,1
8.174,47,31.89,7,4,1,1,0,0,1,1
1.0,41,24.3,12,1,0,0,1,0,1,1
0.45,27,44.4,12,3,1,1,0,0,0,1
0.75,31,30.918,12,4,1,0,0,0,1,1
-9.087,38,84.504,18,3,1,1,0,0,1,1
23.3,36,69.783,16,3,1,1,0,0,1,1
2.08,34,31.983,13,4,1,0,0,0,1,1
-1.26,46,50.157,12,3,1,1,1,0,1,1
5.709,35,28.407,11,4,1,1,0,0,0,1
-0.48,28,25.749,12,4,1,1,0,0,1,1
12.575,43,20.724,16,1,0,0,0,0,1,1
117.699,50,107.802,12,2,1,1,0,1,1,1
100.7,52,58.5,16,3,1,1,0,1,1,1
-18.866,45,59.616,16,2,0,0,0,0,0,1
-0.975,38,24.21,5,6,1,1,0,0,1,1
79.825,63,23.952,8,2,1,0,1,1,1,1
4.6,36,46.467,12,3,1,1,1,0,1,1
30.74,53,31.35,12,1,0,0,0,1,1,1
-5.184,32,24.315,16,3,1,0,0,0,1,1
30.425,38,57.03,16,4,1,1,1,1,1,1
-8.0,40,33.714,12,3,1,1,0,0,0,1
6.45,39,40.98,18,1,0,0,1,0,1,1
87.775,38,45.948,17,1,0,0,1,1,1,1
9.388,26,39.582,13,2,1,1,0,0,1,1
7.652,35,64.983,13,5,1,1,1,0,1,1
8.699,44,54.06,12,7,1,1,0,0,1,1
6.199,28,44.925,14,2,1,1,0,1,1,1
166.999,51,37.98,13,2,0,0,1,0,0,1
14.3,41,68.13,12,4,1,1,0,0,1,1
51.315,52,42.27,12,4,1,0,0,0,1,1
1.243,43,27.048,12,4,1,1,0,0,1,1
120.248,33,146.076,16,2,1,1,1,1,1,1
13.0,34,57.372,12,6,1,1,0,0,1,1
10.901,42,66.852,12,3,1,1,1,0,1,1
-2.29,53,20.52,13,2,0,0,0,1,1,1
0.0,40,16.995,12,3,0,0,1,0,0,1
9.3,25,65.049,13,2,1,1,0,1,1,1
130.238,43,101.856,16,4,1,1,0,1,1,1
39.65,42,65.262,12,4,1,1,0,1,1,1
39.627,39,45.819,14,4,1,1,0,1,1,1
138.999,54,57.063,12,4,1,0,0,1,1,1
-6.132,50,21.792,14,3,1,1,1,0,1,1
56.698,42,44.133,18,4,1,1,1,1,1,1
-11.261,30,25.488,14,4,1,1,0,0,0,1
7.58,49,19.167,15,1,0,0,1,0,1,1
11.749,47,64.011,18,3,1,1,0,1,1,1
11.0,27,39.9,18,1,0,0,1,0,0,1
100.0,62,66.453,12,2,1,1,1,0,1,1
-1.894,37,29.523,13,4,1,0,0,0,1,1
-11.15,32,57.441,18,3,1,1,0,1,1,1
11.73,43,35.331,8,3,1,1,0,0,0,1
9.145,34,65.556,13,4,1,0,0,0,1,1
25.449,56,33.717,12,2,1,1,0,1,1,1
0.0,62,44.361,12,1,0,0,1,0,1,1
10.5,55,39.378,12,2,1,0,1,0,1,1
8.6,36,50.484,14,4,1,1,0,0,0,1
11.6,26,36.972,17,1,0,0,1,0,0,1
295.136,50,61.158,14,2,1,0,1,1,1,1
3.15,31,24.39,14,1,0,0,1,0,1,1
46.729,47,31.908,17,3,0,0,0,0,1,1
16.201,29,39.396,18,1,0,0,0,0,1,1
-3.12,31,43.95,15,4,1,1,0,0,1,1
53.45,35,60.303,16,4,1,1,0,0,1,1
2.02,27,27.657,14,1,0,0,1,0,0,1
6.33,48,76.68,18,1,0,0,1,0,1,1
2.75,37,50.07,12,4,1,0,0,0,1,1
73.149,54,84.279,18,2,1,1,0,1,0,1
36.068,46,62.691,16,4,1,0,0,0,1,1
2.09,43,23.85,12,1,0,0,1,0,1,1
6.95,54,66.945,18,3,1,1,1,0,1,1
0.42,32,28.374,16,2,1,0,1,0,0,1
15.45,26,104.373,16,2,1,1,0,0,1,1
56.8,44,28.125,11,4,1,0,0,1,1,1
0.0,45,19.176,12,4,1,0,0,0,1,1
-0.95,32,16.848,12,1,0,0,0,0,0,1
-1.801,31,31.971,12,4,1,1,0,0,1,1
-3.45,35,91.761,12,4,1,1,0,0,0,1
89.0,49,96.0,12,2,1,1,0,1,1,1
26.0,43,56.154,18,5,1,0,1,1,1,1
-17.531,52,30.078,4,2,1,1,0,0,1,1
154.2,47,75.939,18,4,1,0,1,1,1,1
-3.029,52,27.711,12,4,1,1,0,0,0,1
13.37,30,55.242,14,3,1,1,1,1,1,1
-15.9,26,27.693,16,1,0,0,0,0,0,1
0.272,27,31.068,12,4,1,1,1,0,0,1
36.728,44,63.222,12,2,1,1,0,1,1,1
2.899,36,34.962,12,5,1,0,0,0,1,1
43.756,54,49.881,15,5,1,1,0,1,1,1
475.632,51,69.987,14,3,0,0,0,0,1,1
45.0,61,16.8,12,4,0,0,0,0,1,1
4.944,27,54.339,16,2,1,1,0,0,1,1
23.5,41,91.902,18,5,1,1,0,1,1,1
6.15,34,62.616,16,4,1,1,0,0,1,1
4.73,44,53.844,12,4,1,1,1,1,1,1
9.94,28,41.517,14,2,1,1,1,1,0,1
-38.171,26,47.73,12,4,1,0,0,0,0,1
22.3,30,92.904,16,2,1,1,0,0,0,1
0.5,49,26.031,12,2,0,0,0,0,0,1
0.0,33,15.165,12,1,0,0,1,0,0,1
-3.143,36,13.824,12,6,1,1,0,0,1,1
4.6,25,58.05,16,2,1,1,1,0,0,1
1.961,40,27.117,12,4,1,0,0,0,1,1
197.75,62,63.786,12,4,1,0,0,1,1,1
61.8,40,102.762,6,2,1,1,1,1,1,1
3.22,46,48.528,12,3,1,1,1,0,1,1
-6.347,36,17.385,11,3,0,0,0,0,1,1
0.0,38,49.368,16,2,0,0,1,0,0,1
11.2,34,86.7,16,4,1,0,0,0,1,1
-0.3,56,30.294,11,6,0,0,0,0,1,1
-1.0,51,11.703,11,6,0,0,1,0,1,1
8.884,48,45.6,13,3,1,1,1,0,1,1
-24.557,26,38.16,16,4,1,0,0,0,0,1
0.0,40,22.008,12,4,1,0,1,0,0,1
6.599,40,65.844,17,3,1,1,0,1,1,1
0.7,40,62.136,18,5,1,1,1,0,1,1
75.45,44,61.869,12,2,1,1,1,0,1,1
14.8,35,52.743,12,5,1,1,0,0,1,1
19.55,42,91.383,12,4,1,1,0,0,1,1
0.55,36,33.462,12,4,1,1,0,0,1,1
61.283,46,45.063,15,1,0,0,1,1,1,1
0.1,41,19.2,9,5,1,0,0,0,1,1
1.85,34,19.044,12,3,0,0,1,0,1,1
3.673,29,28.122,13,2,0,0,0,0,1,1
15.0,29,33.375,13,4,1,0,0,0,1,1
611.9,55,137.451,13,3,1,0,0,1,1,1
71.6,56,34.002,12,2,0,0,1,0,1,1
5.905,36,48.819,15,5,1,0,0,0,1,1
150.499,53,45.27,12,2,1,0,0,1,1,1
15.075,53,46.683,12,3,1,0,0,1,1,1
-2.158,38,17.928,12,3,1,1,0,0,1,1
25.654,37,26.781,16,1,0,0,0,1,1,1
4.999,43,6.45,10,2,1,0,1,0,1,1
20.1,41,50.268,18,1,0,0,1,0,0,1
4.126,37,60.927,13,3,1,1,1,0,1,1
48.7,51,57.39,12,4,1,1,0,1,1,1
68.165,39,44.586,18,3,1,0,0,1,1,1
-0.79,53,28.041,16,1,0,0,1,0,1,1
1.4,28,30.381,16,3,1,1,1,0,0,1
12.4,30,9.225,15,4,1,0,0,1,0,1
-3.24,36,47.892,12,3,1,1,0,0,0,1
52.55,56,39.405,12,1,0,0,1,1,1,1
13.6,37,41.994,13,5,1,1,1,0,1,1
8.7,37,58.053,16,2,1,1,0,0,0,1
106.649,46,144.666,17,2,1,1,0,1,1,1
30.859,33,39.096,17,1,0,0,1,0,0,1
39.799,63,39.039,11,2,1,1,1,1,1,1
-25.0,54,50.94,10,3,1,1,1,0,1,1
-5.82,30,33.585,16,1,0,0,0,1,0,1
3.049,39,16.614,10,8,0,0,1,0,1,1
-0.613,43,26.877,8,3,1,1,0,0,0,1
-0.63,25,15.627,14,1,0,0,0,0,0,1
48.725,39,48.888,12,1,0,0,1,1,1,1
5.4,60,50.622,12,4,1,1,0,1,1,1
53.539,36,35.136,16,4,1,0,0,0,1,1
12.999,49,37.182,16,2,1,0,0,0,1,1
-0.251,30,80.109,16,2,1,1,0,0,0,1
115.24,63,43.326,12,2,1,0,1,1,1,1
45.698,43,88.062,12,5,1,1,0,0,1,1
0.25,42,24.132,11,6,1,1,0,0,1,1
38.845,43,33.312,17,4,1,1,0,1,1,1
-0.474,26,18.225,12,3,1,1,0,0,0,1
-7.18,55,38.964,12,2,0,0,1,0,1,1
22.118,30,38.457,16,4,1,0,0,0,1,1
18.325,29,15.87,16,1,0,0,1,0,0,1
1462.115,61,169.896,15,2,1,0,0,1,1,1
26.7,40,9.498,15,2,0,0,0,0,0,1
70.05,35,54.96,16,4,1,0,0,1,1,1
60.024,47,40.2,14,3,1,1,1,0,1,1
3.0,61,35.292,10,1,0,0,0,0,0,1
-11.777,30,66.123,18,2,1,1,1,0,1,1
82.9,64,25.704,12,2,1,0,0,1,1,1
0.765,35,18.384,12,4,1,1,1,0,1,1
23.3,57,46.605,14,4,1,1,0,1,1,1
-1.884,38,35.757,12,2,1,1,0,0,0,1
23.969,35,55.125,18,4,1,1,0,1,1,1
22.3,62,23.514,12,2,1,0,0,1,1,1
19.102,51,74.613,12,5,1,1,0,0,1,1
-1.375,39,21.558,15,1,0,0,0,0,1,1
24.082,45,34.095,18,2,0,0,0,1,1,1
4.1,38,70.692,14,3,1,1,1,0,0,1
-4.497,35,32.4,13,2,0,0,0,0,0,1
3.3,43,41.148,13,2,1,1,0,0,1,1
0.2,31,24.006,11,2,1,0,0,0,1,1
-2.3,37,36.384,16,3,1,1,1,0,1,1
-9.8,33,52.962,12,3,1,1,1,0,1,1
-75.652,40,69.321,17,4,1,1,0,1,1,1
-3.029,46,44.949,17,4,1,0,0,0,1,1
-0.8,43,29.373,16,4,0,0,1,0,1,1
-8.259,53,23.55,12,2,1,0,0,0,1,1
1.183,28,15.159,12,2,0,0,0,1,0,1
1.55,55,11.049,12,6,0,0,1,0,0,1
84.196,62,108.588,14,2,1,0,0,0,1,1
-25.925,39,66.813,13,3,1,1,1,0,1,1
26.447,51,45.051,17,4,1,1,1,0,1,1
-8.79,38,37.14,18,1,0,0,1,0,1,1
0.172,31,14.61,18,1,0,0,1,0,0,1
-0.485,44,21.855,12,2,0,0,1,0,1,1
-1.1,54,19.539,14,1,0,0,1,0,1,1
10.9,39,41.793,14,5,1,1,1,0,1,1
27.0,31,58.5,16,1,0,0,1,0,1,1
-2.586,38,33.606,12,7,1,0,0,0,1,1
8.352,27,62.496,16,2,1,1,1,0,1,1
-0.975,36,21.615,16,1,0,0,0,0,0,1
-0.7,30,33.111,12,5,1,0,0,0,1,1
1.256,47,30.645,16,3,0,0,1,0,1,1
0.7,36,24.09,14,1,1,0,0,0,0,1
14.299,48,41.565,14,2,1,1,0,0,1,1
36.942,42,69.081,15,5,1,1,0,1,1,1
7.0,52,29.1,12,1,0,0,1,0,0,1
0.434,40,74.418,12,2,1,1,0,0,1,1
10.734,39,62.025,12,4,1,1,0,0,1,1
12.309,51,37.77,11,7,1,1,0,1,1,1
45.01,38,60.228,12,5,1,1,0,0,1,1
77.0,51,89.964,12,3,1,1,1,1,1,1
11.881,40,66.573,16,2,1,1,1,1,1,1
63.779,33,77.76,14,2,1,1,0,0,1,1
-3.3,32,24.564,12,1,0,0,0,0,1,1
42.4,39,74.814,12,4,1,1,1,0,1,1
18.9,32,49.542,14,3,1,1,0,0,1,1
29.0,44,36.966,13,3,1,1,1,1,1,1
10.649,57,9.462,12,1,0,0,1,1,1,1
1.029,32,15.84,14,1,0,0,1,0,0,1
181.5,59,67.482,12,2,1,0,0,1,1,1
4.55,26,20.46,15,1,0,0,0,0,0,1
249.5,64,56.871,14,2,1,0,0,1,1,1
67.606,58,95.34,18,4,1,1,1,1,1,1
2.95,54,46.125,12,4,1,1,1,0,1,1
-0.28,47,42.12,12,4,1,0,0,0,1,1
-8.701,41,75.45,16,3,1,1,0,0,1,1
0.619,34,23.532,12,2,0,0,1,0,0,1
39.75,45,67.455,13,3,1,1,0,1,1,1
-0.3,30,39.636,12,4,1,1,1,0,1,1
0.4,25,20.4,12,4,0,0,1,0,0,1
19.449,35,49.23,12,5,1,0,0,1,1,1
77.2,47,90.45,12,2,1,1,1,1,1,1
-6.1,40,52.263,7,4,1,1,0,0,0,1
-1.7,31,58.809,18,5,1,0,0,1,1,1
5.699,56,20.22,12,2,0,0,1,0,1,1
62.2,53,47.478,12,2,0,0,1,1,1,1
5.749,42,57.852,14,3,1,1,0,0,1,1
136.899,63,49.44,16,4,1,0,0,0,1,1
24.68,43,33.15,17,2,0,0,1,0,1,1
3.6,37,57.72,16,2,1,1,0,0,1,1
-0.054,49,36.684,12,3,1,1,1,0,1,1
19.46,35,33.834,13,4,1,1,0,0,1,1
-0.927,30,36.144,16,4,1,0,0,0,1,1
76.0,50,91.887,18,4,1,1,0,1,1,1
-0.5,35,18.744,12,1,0,0,0,0,0,1
-5.9,36,77.469,12,2,1,1,1,0,1,1
-5.301,52,51.06,14,5,1,1,0,0,1,1
1.312,26,29.344,12,3,0,0,0,0,0,1
3.0,48,36.528,6,6,1,1,0,0,1,1
-7.402,33,19.65,12,2,0,0,1,0,1,1
23.173,48,126.396,18,4,1,1,1,1,0,1
-14.0,54,25.5,12,1,0,0,0,0,1,1
5.45,45,45.309,14,1,0,0,1,1,0,1
-7.0,33,11.349,13,4,0,0,0,0,0,1
9.75,40,74.022,12,5,1,1,1,0,1,1
-2.9,31,24.762,16,1,0,0,1,0,0,1
-6.7,44,55.401,12,4,1,1,0,0,1,1
-4.9,37,35.976,13,4,0,0,1,0,1,1
45.6,41,21.222,17,2,0,0,1,0,1,1
31.499,55,15.225,10,1,0,0,1,0,1,1
-4.49,36,22.749,13,1,0,0,1,0,1,1
2.907,54,19.116,13,1,0,0,1,0,0,1
41.2,29,36.192,16,1,0,0,1,0,0,1
5.1,28,54.3,12,4,1,1,0,0,1,1
5.498,38,54.165,16,3,1,1,0,0,0,1
-0.35,32,27.285,12,8,1,1,0,0,0,1
18.8,50,72.09,12,2,1,1,0,0,1,1
64.0,28,96.339,18,2,1,1,0,1,1,1
42.155,49,65.583,12,4,1,1,0,1,1,1
7.3,28,60.27,16,2,1,1,0,0,1,1
-6.6,29,39.396,12,3,1,1,0,0,1,1
14.719,49,41.685,16,6,1,1,0,1,1,1
3.0,32,32.427,13,3,1,1,0,1,1,1
-8.729,31,52.254,12,4,1,1,1,0,1,1
0.275,32,15.705,15,3,0,0,1,0,0,1
1.011,31,18.171,12,5,1,1,0,0,1,1
-1.724,33,28.083,13,3,1,1,0,0,0,1
10.5,63,23.604,3,3,1,1,0,1,0,1
3.648,61,45.492,12,2,1,1,1,0,1,1
522.3,40,131.796,14,4,1,0,0,1,1,1
50.0,59,49.245,15,4,1,0,0,0,1,1
-5.6,27,28.464,16,4,1,0,0,0,1,1
0.725,34,53.556,14,4,1,1,1,0,1,1
36.3,34,59.232,16,3,0,1,0,0,1,1
4.6,29,36.801,16,3,1,0,0,0,1,1
2.565,36,21.366,12,3,1,1,0,1,1,1
30.957,27,92.898,18,1,0,0,0,1,0,1
3.55,49,43.206,12,3,1,0,0,0,1,1
131.599,55,74.523,12,2,1,1,0,1,0,1
6.5,26,45.312,16,1,0,0,0,0,1,1
26.135,32,66.84,12,4,1,1,1,0,1,1
7.255,27,23.913,18,1,0,0,1,0,0,1
4.975,47,63.45,16,4,1,1,0,1,1,1
65.5,53,44.778,14,1,0,0,1,0,1,1
5.0,31,28.635,12,1,0,0,1,0,1,1
-1.35,31,30.198,14,1,0,0,1,0,0,1
29.2,57,66.84,14,4,1,1,1,1,1,1
-0.15,34,22.17,13,3,0,0,1,0,0,1
49.549,50,30.189,9,3,1,1,0,0,1,1
0.35,46,17.112,12,2,0,0,1,0,1,1
69.0,35,68.655,12,2,1,1,1,0,1,1
-0.382,49,47.64,12,3,1,1,0,0,0,1
18.1,29,53.685,12,7,1,1,0,0,1,1
-0.4,35,26.37,12,4,1,1,1,0,1,1
4.5,43,21.96,16,1,0,0,1,0,1,1
90.798,41,41.751,12,5,1,0,0,0,1,1
37.0,30,80.25,14,1,0,0,1,0,0,1
-9.3,43,21.675,16,2,0,0,1,0,0,1
0.201,34,16.065,12,3,0,0,0,0,1,1
23.983,42,61.683,16,5,1,1,1,0,1,1
84.981,52,46.818,12,3,1,1,1,0,1,1
-0.851,40,33.615,17,4,0,0,1,0,1,1
-7.35,26,35.244,15,2,1,1,1,0,0,1
2.0,48,39.321,13,1,0,0,0,0,0,1
16.585,42,74.646,16,3,1,1,0,1,1,1
29.19,34,38.736,18,2,1,1,1,1,1,1
8.0,43,54.735,12,3,1,1,0,0,1,1
-0.03,34,30.231,13,4,1,1,0,0,0,1
-2.625,29,32.985,14,5,1,1,1,0,1,1
50.7,41,57.36,18,4,1,1,1,0,1,1
131.85,51,59.907,16,5,1,0,0,1,1,1
37.599,56,55.503,14,3,1,1,1,0,1,1
13.499,41,41.703,16,2,0,0,0,1,1,1
-15.345,32,36.015,12,6,1,0,0,0,1,1
5.06,53,47.586,11,3,1,1,1,0,1,1
0.06,38,37.2,13,4,1,1,1,0,1,1
14.4,35,50.628,18,1,0,0,1,0,1,1
153.731,33,99.699,17,4,1,1,1,1,1,1
5.7,36,24.75,16,1,0,0,1,0,0,1
-1.95,39,24.015,15,3,0,0,1,0,1,1
2.075,38,27.684,12,3,0,0,0,0,1,1
0.8,44,23.67,11,4,1,1,1,0,1,1
55.69,51,67.431,17,3,1,1,1,1,1,1
1.124,29,39.522,18,1,0,0,0,0,0,1
-3.4,39,30.324,16,3,0,0,1,0,0,1
175.787,56,93.069,15,2,1,1,0,1,1,1
-2.371,40,43.818,13,3,1,1,0,0,1,1
-2.039,30,17.901,11,4,1,1,0,0,1,1
-1.087,29,10.791,12,4,1,0,1,0,1,1
21.048,25,39.102,16,1,0,0,0,1,0,1
1.325,39,54.48,17,5,1,1,0,0,1,1
100.8,37,57.0,18,3,1,1,1,1,1,1
21.85,46,14.7,11,4,1,1,0,0,0,1
2.36,26,22.95,14,1,0,0,0,0,0,1
-3.52,36,54.768,16,5,1,1,1,0,1,1
9.2,55,42.6,16,1,0,0,0,0,0,1
18.85,38,38.664,18,3,0,0,1,0,1,1
29.13,38,64.974,18,2,1,1,0,1,1,1
-7.2,44,26.232,14,3,0,0,1,0,1,1
-0.472,42,26.37,12,1,0,0,1,0,1,1
12.75,37,9.96,12,1,0,0,0,1,1,1
-2.15,30,34.413,12,2,1,1,1,0,0,1
80.248,48,50.772,12,4,1,0,0,0,1,1
4.412,36,28.5,12,3,0,0,1,0,0,1
3.41,37,24.486,12,5,1,1,1,0,1,1
-5.1,50,14.544,16,1,0,0,0,0,1,1
73.499,33,68.481,17,2,1,1,0,1,1,1
-5.4,28,26.205,12,4,1,1,0,0,0,1
120.6,33,100.575,16,3,1,1,1,1,1,1
55.0,36,57.543,14,4,1,1,0,1,1,1
-0.101,38,57.219,12,4,1,1,1,0,0,1
-0.7,37,26.526,12,3,0,0,0,0,1,1
5.98,27,31.893,14,3,1,0,0,0,1,1
-0.998,28,9.042,17,1,0,0,1,0,0,1
1.9,49,36.642,12,6,1,0,0,0,1,1
94.0,44,109.095,17,4,1,1,0,0,1,1
1.407,51,76.263,12,6,1,1,1,0,1,1
39.271,54,36.012,12,1,0,0,0,1,1,1
93.28,54,61.194,13,4,1,1,1,1,1,1
40.0,48,48.276,16,1,0,0,0,1,0,1
-20.93,27,39.255,17,3,1,1,0,0,1,1
4.6,59,14.292,12,1,0,0,1,0,0,1
0.2,45,14.625,12,1,0,0,0,0,0,1
-283.356,44,155.415,18,3,1,1,0,1,1,1
9.02,56,46.911,12,4,1,1,1,1,1,1
4.5,46,49.692,12,3,1,1,0,0,1,1
-2.0,41,19.527,11,5,1,0,0,0,0,1
-2.5,31,26.925,12,1,0,0,0,0,0,1
159.248,55,53.91,16,3,1,0,1,1,1,1
5.513,33,29.325,12,4,1,1,0,0,1,1
35.025,32,73.5,14,4,1,1,0,0,0,1
0.6,48,19.152,12,2,0,0,1,0,0,1
-1.4,33,35.7,10,6,1,1,0,0,0,1
26.55,39,30.024,12,2,0,0,0,0,1,1
-21.13,33,45.3,12,3,1,1,1,0,0,1
-2.0,32,60.15,13,4,1,1,0,0,1,1
176.0,54,113.013,14,2,1,0,0,0,1,1
123.598,47,110.457,16,4,1,1,1,1,1,1
-0.125,25,20.169,12,1,0,0,0,0,0,1
65.34,42,61.8,12,4,1,1,1,1,1,1
4.57,32,8.664,13,2,0,0,0,0,0,1
44.007,45,66.3,17,4,0,0,1,1,1,1
-5.736,26,13.77,14,1,0,0,0,0,0,1
39.4,33,45.846,18,5,1,0,0,0,1,1
184.448,64,72.558,16,2,1,0,0,1,1,1
-1.251,44,21.273,12,1,0,0,0,0,1,1
-10.3,37,59.817,14,5,1,1,0,0,1,1
-0.15,40,46.215,14,2,1,1,1,0,0,1
39.7,41,85.638,12,4,1,0,0,1,1,1
89.15,52,67.059,12,5,1,0,0,1,1,1
62.899,45,45.012,12,3,1,1,0,0,1,1
45.65,42,52.758,12,5,1,1,1,0,1,1
4.7,26,36.492,12,4,1,1,0,1,1,1
24.5,53,60.741,12,3,1,1,0,0,0,1
239.2,40,75.297,18,5,1,0,0,1,1,1
47.459,51,33.585,18,1,0,0,1,1,0,1
20.5,34,79.374,16,3,1,1,0,0,1,1
-0.011,42,5.409,11,1,0,0,1,0,0,1
25.299,40,56.778,14,4,1,1,0,1,1,1
-7.1,38,35.157,12,4,1,0,0,0,0,1
-9.68,28,15.45,16,2,0,0,1,0,0,1
42.568,53,76.686,12,2,1,1,0,0,1,1
17.966,44,37.62,12,2,1,1,0,1,1,1
-14.16,37,37.407,16,1,0,0,1,1,0,1
12.0,59,47.7,16,6,1,1,1,0,1,1
7.0,29,37.452,16,1,0,0,1,0,0,1
401.3,43,58.236,18,5,1,1,1,1,1,1
19.598,42,37.236,16,2,1,1,0,1,1,1
82.152,37,83.274,16,4,1,0,0,1,1,1
83.9,48,92.991,18,5,1,1,1,1,1,1
30.65,35,67.767,16,4,1,1,0,0,1,1
399.946,39,160.701,12,6,1,0,0,1,1,1
1.18,37,37.275,12,6,1,1,0,1,1,1
9.6,34,45.912,12,4,1,1,0,0,1,1
219.948,53,45.447,12,2,1,1,0,1,1,1
8.088,55,28.92,14,1,0,0,0,0,1,1
22.999,40,37.827,13,5,1,1,0,0,1,1
4.51,39,38.208,12,7,1,1,0,1,1,1
7.0,35,39.327,12,1,0,0,1,0,1,1
0.0,57,40.086,11,2,1,1,0,0,1,1
-7.4,36,9.027,16,1,0,0,1,0,0,1
0.0,39,24.582,11,3,1,0,0,0,1,1
-3.62,29,23.325,18,1,0,0,0,1,0,1
115.402,52,46.998,10,2,1,0,0,1,1,1
21.0,45,34.986,14,1,0,0,1,1,1,1
139.629,54,102.435,12,2,1,0,0,1,1,1
2.309,26,15.228,12,2,0,0,0,0,0,1
2.5,34,40.545,17,3,1,1,1,0,1,1
-7.15,59,46.722,12,5,1,0,0,0,1,1
16.775,36,34.14,16,3,1,1,0,1,1,1
10.004,57,23.4,16,1,0,0,1,0,0,1
7.676,39,29.577,12,5,1,0,0,0,1,1
42.399,31,75.861,13,3,1,1,0,1,1,1
71.427,39,66.165,12,4,1,0,0,0,1,1
10.25,30,22.32,6,4,1,0,0,0,0,1
9.0,50,35.754,12,2,0,0,1,0,1,1
-2.2,37,28.443,12,4,1,0,0,0,1,1
3.67,35,18.882,18,1,0,0,1,1,0,1
110.8,37,71.001,16,5,1,1,1,0,1,1
22.398,57,46.236,10,3,1,0,0,1,1,1
31.199,36,95.823,18,3,1,1,0,1,1,1
-4.624,53,52.11,12,3,1,1,1,0,1,1
-3.7,34,26.526,12,1,0,0,1,0,0,1
7.598,37,42.0,14,2,1,1,1,0,1,1
-4.75,52,45.246,12,3,1,1,0,1,0,1
-13.9,60,39.684,14,1,0,0,1,0,0,1
25.364,38,60.882,12,4,1,0,0,1,1,1
-4.2,30,40.974,15,5,1,1,0,0,1,1
24.558,36,16.794,12,2,1,0,0,0,0,1
128.0,45,79.485,13,4,1,1,1,1,1,1
-0.5,53,47.658,12,3,1,1,1,0,1,1
15.0,34,50.262,1,4,1,1,0,0,1,1
10.0,40,84.36,16,4,1,1,1,0,0,1
0.05,46,21.576,17,1,0,0,1,0,0,1
1.0,58,29.472,12,2,1,0,0,0,1,1
-9.345,44,48.339,12,6,1,1,1,0,1,1
27.5,54,36.375,15,1,0,0,1,0,1,1
0.0,25,28.05,12,3,1,0,0,0,0,1
43.0,49,10.2,13,2,0,0,1,0,0,1
14.699,26,28.95,12,3,1,0,0,0,1,1
0.0,50,17.28,10,4,0,0,1,0,1,1
-2.4,34,66.396,12,4,1,1,0,0,1,1
-2.364,53,16.2,15,2,0,0,1,0,1,1
21.1,32,58.71,13,1,0,0,1,0,1,1
24.335,44,33.852,10,5,1,1,1,0,1,1
39.296,30,70.962,14,3,1,0,0,1,1,1
-33.848,38,41.4,12,5,1,0,0,0,1,1
-0.151,59,37.95,10,3,0,0,1,0,1,1
260.872,48,73.086,14,3,1,1,0,1,1,1
0.3,41,23.043,12,4,0,0,0,0,1,1
-17.351,42,56.883,14,4,1,1,0,0,1,1
3.405,56,24.243,13,3,1,0,1,0,1,1
6.6,43,55.473,13,3,1,1,0,1,1,1
18.825,29,50.367,12,5,1,1,1,1,1,1
-3.8,42,50.46,15,1,0,0,1,0,1,1
15.55,48,42.825,12,3,1,1,0,0,1,1
81.5,45,63.411,12,3,1,1,0,1,1,1
10.316,35,32.265,17,5,1,1,1,0,1,1
0.94,39,37.662,12,4,1,1,0,0,0,1
-2.7,53,31.47,12,7,1,0,1,0,1,1
3.761,51,17.496,12,3,0,0,1,0,1,1
-8.948,54,52.521,16,4,1,1,0,0,0,1
2.95,60,23.325,8,4,1,0,0,0,1,1
12.625,27,65.847,16,2,1,1,0,0,1,1
-0.504,38,28.056,12,1,0,0,0,0,0,1
-0.4,53,31.386,12,3,0,0,0,0,0,1
-1.42,55,25.761,15,1,0,0,1,0,0,1
76.84,38,100.452,18,2,1,1,1,0,1,1
68.449,41,54.075,18,1,0,0,0,0,1,1
16.7,31,28.047,12,1,0,0,1,0,0,1
-2.765,48,30.846,15,1,0,0,1,0,1,1
30.96,35,30.09,14,3,0,0,1,0,1,1
22.599,29,26.064,14,1,0,0,0,0,0,1
3.57,53,27.3,10,2,1,0,0,0,1,1
41.5,44,80.904,13,4,1,1,1,1,1,1
-2.0,46,20.4,12,3,1,0,1,0,1,1
-2.18,26,27.423,12,4,1,0,0,0,1,1
43.779,51,79.665,18,2,1,0,0,0,1,1
19.444,62,64.662,13,2,1,1,1,1,1,1
52.475,51,31.65,17,1,0,0,0,1,1,1
-2.7,31,97.914,17,3,1,1,0,0,1,1
9.7,31,45.093,18,1,0,0,0,1,1,1
4.02,46,28.491,10,3,0,0,0,0,1,1
40.97,42,62.889,15,4,1,1,1,0,1,1
-7.69,27,14.76,15,1,0,0,1,0,0,1
1.0,41,27.54,12,6,1,1,0,0,1,1
1.47,28,42.579,14,4,1,1,0,0,1,1
41.828,41,48.612,14,4,1,0,0,0,1,1
2.7,27,22.95,13,2,0,0,1,0,0,1
-1.337,45,38.187,12,4,1,1,0,0,1,1
-0.075,46,13.125,4,8,1,0,1,0,0,1
2.182,30,20.964,12,4,0,0,1,0,0,1
6.8,45,43.68,14,1,0,0,1,0,0,1
120.318,40,49.8,12,1,0,0,1,0,1,1
2.7,39,45.564,11,4,1,1,0,0,1,1
4.025,41,41.55,16,5,1,0,0,0,1,1
-6.545,26,45.651,12,3,1,1,1,0,0,1
-6.4,43,45.069,17,1,0,0,1,0,1,1
42.939,47,72.6,15,2,1,1,1,1,1,1
21.671,34,35.412,16,2,1,0,0,1,0,1
73.75,63,18.33,12,1,0,0,1,0,1,1
88.028,53,36.399,12,4,1,0,0,1,1,1
75.298,41,61.428,12,3,0,0,0,0,1,1
64.6,49,54.315,18,2,0,0,1,1,1,1
0.0,47,10.125,12,1,0,0,1,0,0,1
1.9,30,14.928,10,4,1,1,0,0,1,1
-11.641,33,33.849,12,5,1,0,0,0,1,1
14.97,59,67.104,18,4,1,1,0,1,1,1
7.273,53,41.976,12,2,1,1,0,0,1,1
6.899,56,34.35,18,1,0,0,1,0,0,1
-1.736,35,23.295,16,1,0,0,0,0,1,1
-0.531,54,33.573,13,2,1,1,1,0,0,1
13.5,31,30.576,18,1,0,0,1,0,0,1
2.362,34,37.62,12,4,1,1,0,0,1,1
4.0,30,28.659,17,3,1,1,1,0,0,1
351.3,51,77.85,12,5,1,0,0,1,1,1
14.204,56,44.22,13,3,1,0,0,0,1,1
8.4,39,39.168,12,1,0,0,1,0,0,1
1.283,34,20.445,12,1,0,0,0,0,0,1
0.1,53,12.588,10,2,0,0,1,0,1,1
16.6,29,51.051,12,4,1,1,0,0,1,1
16.4,39,22.338,15,4,1,0,0,0,0,1
15.614,32,54.183,16,2,1,1,1,0,0,1
-0.128,27,12.18,14,4,0,0,1,0,0,1
26.8,39,47.025,12,5,1,1,1,1,1,1
21.22,36,45.855,12,5,1,1,1,0,1,1
70.498,42,63.333,18,4,1,1,1,1,1,1
-2.606,47,36.222,12,5,1,1,0,0,1,1
77.396,32,98.607,17,1,0,0,0,0,1,1
0.64,27,19.143,12,2,0,0,0,0,0,1
0.0,58,9.744,4,3,1,0,1,0,1,1
3.22,51,43.824,15,3,0,0,0,0,1,1
30.0,34,146.25,18,3,1,1,1,1,1,1
3.399,30,26.43,16,1,0,0,1,0,0,1
32.699,51,43.404,13,3,1,1,0,0,0,1
74.8,41,90.261,12,4,1,0,0,1,1,1
4.5,34,67.8,16,4,1,0,0,0,1,1
2.006,59,8.454,10,2,0,0,0,0,1,1
59.5,62,31.338,18,1,0,0,1,0,1,1
45.584,40,50.646,17,2,0,0,1,1,1,1
64.785,50,58.572,12,3,1,1,1,0,1,1
0.05,29,25.155,14,3,1,0,0,0,0,1
25.1,52,52.05,12,2,1,1,0,0,1,1
1.1,59,40.2,18,1,0,0,0,0,1,1
32.0,29,56.844,1,1,0,0,1,1,1,1
18.853,50,44.172,15,5,1,1,1,1,1,1
40.4,26,23.235,18,1,0,0,1,0,0,1
-13.7,28,21.216,12,4,1,0,0,0,0,1
17.099,39,59.616,18,1,0,0,0,1,0,1
14.6,55,60.267,12,3,1,1,1,0,1,1
115.75,36,108.276,16,4,1,0,0,0,1,1
-0.2,32,42.024,16,5,1,1,1,0,0,1
138.0,56,100.365,18,2,1,1,1,1,1,1
-3.4,31,19.302,17,1,0,0,1,0,1,1
163.3,53,9.294,16,1,0,0,1,1,1,1
206.5,49,77.244,12,4,1,1,0,0,1,1
1.05,42,17.244,10,3,1,0,0,0,1,1
-3.651,40,27.915,16,1,0,0,0,0,0,1
2.473,28,14.118,12,3,0,0,0,0,0,1
10.329,64,37.242,14,2,1,0,0,0,1,1
1.2,38,44.409,15,4,1,0,0,0,1,1
22.35,41,32.61,15,2,0,0,1,1,1,1
-1.6,27,54.444,17,1,0,0,0,0,1,1
1.099,34,24.3,1,4,1,1,1,0,0,1
13.9,28,60.09,12,4,1,0,0,0,1,1
-6.45,29,37.812,18,4,1,1,1,0,1,1
18.7,41,75.321,18,1,0,0,1,0,0,1
53.421,36,42.834,12,4,1,0,0,0,1,1
59.348,43,63.813,15,2,1,1,0,1,1,1
12.818,36,43.437,16,3,1,1,1,1,1,1
6.15,39,10.14,12,1,0,0,0,1,1,1
241.442,46,48.0,12,4,1,1,1,1,1,1
8.0,44,17.88,11,1,0,0,0,0,1,1
-6.5,31,32.58,12,3,0,0,1,0,0,1
0.5,26,34.275,15,1,0,0,0,0,1,1
4.16,42,18.375,12,7,1,1,1,0,1,1
-1.6,45,46.812,18,4,1,1,0,0,0,1
12.398,32,45.933,16,2,1,1,0,0,1,1
3.199,53,39.666,14,2,1,0,1,0,1,1
2.248,38,45.729,13,3,1,1,1,0,0,1
25.012,48,39.246,17,2,0,0,1,1,0,1
-16.5,36,23.82,16,4,0,0,0,0,1,1
20.733,42,44.52,12,3,1,1,0,1,1,1
46.5,39,68.949,13,5,1,0,0,1,1,1
-26.6,41,51.3,11,3,0,0,0,0,1,1
71.438,57,100.026,12,4,1,0,0,1,1,1
19.85,25,37.953,12,4,1,1,0,0,1,1
7.983,64,38.991,17,2,0,0,1,0,1,1
34.475,34,61.35,16,3,1,0,0,0,1,1
4.3,45,20.01,13,4,0,0,1,1,1,1
4.116,31,57.918,16,3,1,1,0,0,1,1
1.226,64,34.035,12,3,1,1,1,0,1,1
10.44,51,46.98,12,3,1,1,1,1,1,1
0.1,32,42.231,12,4,1,1,1,0,0,1
2.5,39,57.33,12,4,1,1,0,0,1,1
3.0,42,51.9,16,3,1,1,1,0,1,1
-4.496,42,44.016,12,4,1,1,0,1,0,1
43.612,57,39.921,12,2,1,0,0,0,1,1
2.06,41,34.794,12,4,1,1,0,1,1,1
108.8,56,108.621,13,4,1,0,0,1,1,1
-1.55,39,16.392,12,4,1,1,0,0,1,1
-1.034,35,39.915,14,1,0,0,0,0,1,1
9.855,42,35.244,18,1,0,0,1,1,1,1
88.998,53,39.6,16,2,1,0,0,1,1,1
55.608,43,46.596,16,4,1,0,1,1,1,1
83.7,30,41.535,14,1,0,0,1,1,1,1
3.695,54,50.859,12,2,1,1,1,0,1,1
-21.8,45,28.584,15,3,1,1,0,0,1,1
40.8,38,76.212,18,2,1,1,1,1,1,1
22.7,51,30.537,13,1,0,0,0,0,1,1
-0.1,42,42.678,12,5,1,1,1,0,1,1
4.9,52,45.09,12,4,1,1,1,0,1,1
14.55,27,62.895,13,2,1,1,0,1,1,1
2.5,39,45.717,17,4,0,0,0,0,0,1
2.947,56,16.671,12,1,0,0,1,0,1,1
0.6,38,33.579,16,1,0,0,0,0,0,1
1.1,28,32.034,16,1,0,0,0,0,0,1
-0.34,26,31.689,12,2,1,1,0,0,0,1
0.427,36,76.566,15,5,1,1,1,0,1,1
0.836,33,39.027,12,3,1,0,1,0,1,1
5.059,45,36.06,13,3,0,0,1,0,1,1
8.206,37,59.028,16,4,1,1,1,0,1,1
79.7,43,69.0,13,2,1,0,0,0,1,1
109.25,36,100.125,16,4,1,1,1,1,1,1
31.5,46,32.637,15,1,0,0,0,0,1,1
-9.301,39,38.511,15,4,1,1,0,0,1,1
14.2,51,58.338,12,4,1,1,0,1,1,1
-3.5,34,49.515,16,2,0,0,1,0,1,1
1.2,40,56.037,16,4,1,1,1,0,1,1
0.0,30,14.58,12,1,0,0,0,0,0,1
-4.01,35,33.762,14,2,1,0,0,0,1,1
-6.572,37,46.05,15,4,1,1,0,0,1,1
148.0,47,74.196,18,4,1,1,1,0,1,1
11.0,38,21.36,4,1,0,0,0,1,0,1
34.2,46,100.587,18,2,0,0,0,0,1,1
1.62,43,26.214,12,4,1,0,0,0,1,1
3.2,37,26.868,12,4,0,0,1,0,1,1
6.775,51,28.902,12,2,1,1,0,0,1,1
20.95,38,155.967,18,2,1,1,0,0,1,1
36.35,46,41.949,16,1,0,0,1,1,1,1
3.0,26,36.93,12,3,1,1,0,0,0,1
3.4,37,40.362,14,4,1,1,0,0,1,1
64.306,60,41.985,11,2,1,0,0,1,1,1
8.916,36,16.233,10,3,0,0,0,0,1,1
5.528,28,31.203,16,2,0,0,1,0,1,1
80.5,52,78.48,12,2,1,1,0,0,1,1
0.226,28,14.415,13,1,0,0,1,0,0,1
17.42,30,36.75,14,1,0,0,0,0,0,1
3.768,36,39.066,12,3,1,1,1,0,1,1
-0.8,32,60.36,13,2,1,1,0,0,1,1
14.33,39,94.86,12,5,1,1,0,1,1,1
-1.801,35,72.42,16,4,1,1,0,0,1,1
13.059,29,43.047,17,1,0,0,1,0,1,1
25.431,34,65.907,15,3,1,1,1,1,1,1
-4.5,32,53.322,16,5,1,1,0,0,1,1
-3.201,47,61.602,13,2,1,1,0,0,1,1
1.575,52,16.644,10,2,1,0,0,0,1,1
79.0,34,59.922,16,3,1,0,0,1,1,1
16.006,41,43.299,12,3,1,1,0,1,1,1
-7.4,44,51.18,17,4,0,0,0,0,0,1
0.0,55,76.566,16,2,0,0,1,0,1,1
-0.41,42,34.44,1,1,0,0,1,0,0,1
25.6,49,25.77,12,1,0,0,1,0,1,1
-0.701,32,15.384,7,6,1,0,0,0,1,1
-0.566,32,42.255,14,5,1,1,0,0,1,1
6.6,52,37.791,14,2,1,1,0,1,0,1
1.499,44,32.91,12,5,1,1,0,0,1,1
7.744,37,36.882,12,4,1,0,0,0,1,1
12.34,27,17.628,12,4,1,1,0,0,1,1
3.509,54,38.25,10,2,1,1,0,1,1,1
7.504,44,38.835,13,2,1,0,0,0,1,1
-1.6,32,93.12,12,3,1,1,0,0,1,1
62.0,33,100.296,18,4,1,0,0,1,1,1
-13.325,34,33.669,12,3,0,0,0,0,1,1
21.548,62,39.342,8,5,1,0,0,0,1,1
-5.75,42,37.914,12,5,1,1,0,0,1,1
40.3,38,49.284,16,2,1,1,1,0,1,1
4.2,42,44.76,17,3,1,1,1,0,1,1
5.269,49,29.013,12,3,0,0,1,0,1,1
73.98,56,44.247,15,2,1,0,0,0,1,1
5.633,44,21.99,16,4,1,1,0,0,1,1
21.86,35,54.06,18,1,0,0,0,1,0,1
21.549,34,83.496,17,4,1,1,0,0,1,1
-14.76,39,42.6,14,3,1,1,0,0,1,1
14.5,28,143.346,18,2,1,1,0,0,1,1
51.8,36,78.765,18,2,1,1,0,1,0,1
4.5,32,36.408,14,2,1,1,1,0,1,1
0.0,33,28.2,12,3,1,1,0,0,0,1
7.0,45,27.6,17,1,0,0,0,1,1,1
-1.8,48,16.68,15,1,0,0,0,0,0,1
31.25,37,67.056,16,3,1,1,1,0,1,1
1.7,42,54.597,16,4,1,1,0,0,1,1
162.741,59,104.121,15,3,1,0,0,1,1,1
196.25,37,95.175,16,3,1,1,0,1,1,1
0.2,35,14.85,6,8,1,1,1,0,0,1
8.152,38,21.015,18,1,0,0,1,0,1,1
-5.675,32,22.425,13,4,1,0,0,0,0,1
141.55,53,114.396,14,2,1,1,1,1,1,1
2.5,42,27.99,12,4,1,1,0,0,1,1
222.999,46,54.0,14,2,1,1,0,1,1,1
-2.2,51,46.008,10,5,1,1,1,1,1,1
58.85,30,56.757,16,4,1,1,0,1,1,1
-14.0,32,44.703,18,5,1,1,0,0,1,1
5.454,30,39.249,11,4,1,1,0,0,1,1
1.402,59,22.455,12,2,0,0,0,0,1,1
72.762,52,82.278,15,4,1,0,0,1,0,1
-3.0,41,25.8,10,3,1,1,0,0,1,1
5.099,33,110.25,16,3,1,1,0,0,1,1
114.0,48,103.65,16,3,1,1,1,1,1,1
38.307,39,44.46,16,2,1,1,1,1,1,1
-0.13,35,43.689,12,4,1,1,0,0,1,1
3.44,49,30.246,18,2,1,0,0,1,1,1
48.799,41,37.254,12,3,1,1,0,1,1,1
0.0,26,10.827,12,2,0,0,0,0,0,1
7.485,37,31.416,12,5,1,1,0,0,1,1
171.7,35,73.8,16,4,1,0,0,0,1,1
-1.6,41,24.66,12,1,0,0,0,0,0,1
107.954,55,52.527,17,2,1,1,1,1,1,1
2.5,37,89.319,15,7,1,1,1,0,1,1
33.2,36,90.318,16,4,1,1,0,1,1,1
40.5,61,74.091,18,3,1,0,1,1,1,1
20.25,45,76.008,12,2,1,1,0,0,1,1
9.16,60,30.735,12,2,1,1,0,1,1,1
1.3,37,25.245,14,1,0,0,0,0,0,1
3.126,41,30.813,18,2,0,0,1,1,1,1
-10.93,29,57.393,13,4,1,1,0,0,0,1
28.0,49,45.9,18,2,1,0,0,1,1,1
17.5,42,39.9,17,2,0,0,1,0,1,1
58.616,59,29.619,18,2,1,0,0,1,1,1
5.45,34,41.13,14,3,1,1,0,0,1,1
61.999,56,33.696,15,5,0,0,1,1,1,1
0.0,38,22.806,5,1,0,0,0,0,0,1
74.0,46,65.88,17,3,1,0,0,1,1,1
2.999,48,37.38,12,1,0,0,0,0,1,1
52.248,60,78.432,18,2,1,0,0,1,1,1
67.115,44,55.833,14,3,1,1,0,1,1,1
4.3,25,19.8,12,4,1,0,0,0,0,1
89.664,47,42.84,12,2,1,0,0,0,1,1
7.149,33,38.88,14,1,0,0,1,0,0,1
12.0,32,28.74,15,1,0,0,1,0,1,1
-3.775,50,22.35,12,6,1,1,0,0,1,1
33.8,29,96.18,16,5,1,1,1,1,1,1
49.099,48,10.149,12,1,0,0,1,1,1,1
-3.165,43,17.418,12,2,0,0,1,0,0,1
-4.1,38,45.6,14,2,0,0,1,0,1,1
2.882,40,36.174,12,2,1,1,0,0,1,1
-5.25,31,28.272,16,1,0,0,1,0,1,1
-1.502,49,40.494,16,4,1,1,0,0,1,1
190.026,41,88.992,18,2,1,1,0,1,1,1
257.6,60,71.028,12,2,1,1,0,1,1,1
39.099,43,27.546,12,3,1,0,0,1,1,1
20.0,41,42.615,16,3,0,0,1,1,1,1
3.0,49,58.05,18,2,0,0,1,0,1,1
4.66,54,37.32,14,1,0,0,1,0,1,1
32.789,33,53.436,16,3,1,1,1,1,1,1
0.3,47,20.406,9,2,1,0,0,0,0,1
19.952,60,35.202,12,3,1,0,1,1,1,1
16.0,43,56.67,11,4,1,1,0,0,1,1
12.148,36,58.026,17,4,1,1,0,1,1,1
24.0,52,80.565,14,2,1,1,0,1,1,1
6.55,52,51.57,14,3,1,1,1,0,1,1
4.8,54,29.31,18,1,0,0,1,0,1,1
-12.8,28,57.9,18,1,0,0,1,0,0,1
1.3,27,18.27,12,1,0,0,0,0,0,1
0.8,35,19.023,12,5,1,0,0,0,1,1
7.748,60,14.523,10,5,1,0,0,0,1,1
0.0,30,14.28,13,1,0,0,0,0,0,1
1.73,26,20.724,13,1,0,0,1,0,0,1
32.2,30,85.386,18,2,1,1,0,1,1,1
22.425,54,65.025,12,3,1,1,0,0,1,1
-15.25,37,27.027,16,4,0,0,1,0,1,1
0.0,55,29.25,12,3,1,0,0,0,0,1
75.149,50,50.742,8,2,1,0,0,0,1,1
6.33,29,93.357,18,1,0,0,1,0,1,1
0.899,51,19.164,12,2,1,0,0,0,1,1
-0.853,49,43.224,12,4,1,0,1,0,1,1
-5.0,34,22.812,16,1,0,0,1,0,0,1
-0.17,27,14.4,12,1,0,0,0,0,0,1
26.333,52,19.107,18,2,1,1,0,1,0,1
8.6,34,70.59,12,2,1,1,0,0,1,1
22.61,41,37.245,16,1,0,0,1,0,1,1
1.05,45,24.018,14,3,1,0,0,0,1,1
20.8,50,36.21,13,2,1,1,0,0,1,1
5.85,50,37.635,12,2,1,1,0,0,1,1
16.571,51,25.95,16,4,0,0,0,1,1,1
3.99,53,38.262,12,2,1,0,0,0,1,1
-3.135,30,36.54,14,2,1,1,0,0,0,1
0.272,38,15.813,12,2,0,0,0,0,0,1
43.9,31,81.0,17,3,1,0,0,1,1,1
0.0,51,22.5,9,1,0,0,0,0,1,1
0.849,54,18.756,12,3,0,0,1,0,1,1
22.635,41,56.22,17,2,1,1,0,0,1,1
36.274,59,34.875,18,1,0,0,1,1,1,1
-38.523,40,44.493,16,3,1,1,1,0,0,1
-1.1,38,33.048,15,2,0,0,0,0,0,1
14.126,29,50.433,14,2,1,1,1,0,1,1
13.4,46,40.83,14,4,1,1,0,1,1,1
6.5,37,73.665,16,2,1,1,1,0,0,1
-14.18,36,100.356,18,1,0,0,0,0,0,1
96.6,47,60.3,12,4,1,1,0,0,1,1
155.312,60,90.39,14,2,1,0,0,1,1,1
-2.8,34,12.96,12,4,0,0,0,0,0,1
5.5,60,9.9,9,1,0,0,0,0,0,1
5.86,62,58.68,13,2,1,1,0,0,1,1
8.5,52,19.638,10,1,0,0,1,0,0,1
80.049,52,76.806,13,2,1,1,0,0,1,1
10.817,43,52.425,13,4,1,1,0,0,1,1
40.0,32,13.68,13,1,0,0,1,0,0,1
5.5,38,24.15,14,5,0,0,1,0,1,1
34.75,39,36.06,16,1,0,0,0,1,1,1
-3.4,54,22.287,8,2,1,0,0,0,1,1
5.26,50,20.484,12,3,1,0,0,0,1,1
38.0,40,68.271,17,4,1,1,0,1,1,1
-3.2,35,39.522,16,2,1,1,0,0,0,1
60.196,44,97.887,16,4,1,1,0,1,1,1
8.099,30,20.46,12,2,1,0,0,0,1,1
44.098,43,48.468,12,6,1,0,0,0,1,1
-17.631,38,74.457,12,5,1,1,0,0,1,1
-3.6,43,52.347,16,2,0,0,1,0,1,1
0.0,37,25.92,14,5,1,0,0,0,0,1
-0.751,43,32.046,12,4,1,1,0,0,1,1
-4.783,46,51.426,13,4,1,1,0,0,1,1
38.0,48,30.804,12,2,0,0,1,0,1,1
65.633,53,34.584,14,1,0,0,1,1,0,1
6.9,26,19.56,18,1,0,0,1,0,0,1
2.785,36,28.872,12,3,1,0,0,0,1,1
27.343,33,64.878,16,1,0,0,0,0,1,1
3.836,25,33.174,13,3,1,0,0,0,0,1
72.596,63,53.757,12,2,1,0,0,1,1,1
46.059,37,57.768,14,1,0,0,1,1,0,1
52.436,34,31.242,16,2,1,1,0,1,1,1
0.5,46,36.003,9,2,1,1,1,0,1,1
150.64,52,30.93,18,5,1,1,1,0,1,1
9.999,54,21.45,12,3,0,0,1,0,1,1
0.072,31,33.258,12,4,1,1,0,0,1,1
0.599,29,24.156,16,1,0,0,1,0,0,1
3.35,44,17.991,12,3,1,0,0,1,1,1
1.9,37,49.965,13,5,1,1,1,0,0,1
-3.7,40,52.173,14,6,1,1,1,0,0,1
0.2,52,53.43,18,2,0,0,0,0,1,1
161.0,62,66.24,16,2,1,0,0,1,1,1
33.637,37,37.476,16,4,1,0,0,1,0,1
-1.597,39,32.139,13,5,1,1,0,0,1,1
7.886,34,45.528,16,3,0,0,0,0,1,1
79.699,49,51.213,14,3,1,1,1,1,1,1
69.849,47,34.149,12,3,1,1,0,1,1,1
66.9,36,55.2,10,3,1,1,0,0,0,1
-7.128,41,58.293,16,4,1,1,0,0,0,1
13.369,49,69.312,15,5,1,1,1,1,0,1
3.4,33,52.659,13,4,1,1,1,0,1,1
-0.451,51,11.835,12,3,0,0,0,0,1,1
80.6,36,39.168,12,4,1,1,0,0,1,1
-20.0,59,53.172,16,1,0,0,1,0,1,1
-2.58,28,10.455,15,2,0,0,0,0,0,1
-2.85,59,18.894,12,4,1,0,0,0,1,1
249.6,54,81.711,12,5,1,1,0,1,1,1
8.295,40,77.1,14,4,1,1,0,0,1,1
-4.187,34,40.224,14,3,0,0,0,0,0,1
32.5,37,47.664,14,3,1,1,0,0,1,1
7.714,43,40.842,12,4,1,1,0,1,1,1
0.538,27,28.704,14,3,0,0,0,0,0,1
181.667,50,66.876,17,4,1,1,0,1,1,1
2.906,42,26.856,14,1,0,0,0,0,1,1
2.449,59,49.95,12,2,1,1,1,0,1,1
50.899,61,18.669,8,2,1,0,0,0,1,1
16.0,58,30.3,18,1,0,0,1,1,0,1
4.43,33,29.712,14,4,1,0,0,0,0,1
4.6,59,58.716,12,2,1,1,0,1,1,1
19.328,30,9.894,17,1,0,0,0,1,1,1
25.124,49,54.492,12,2,1,1,1,1,1,1
51.5,45,145.854,12,4,1,1,1,0,1,1
61.788,45,34.488,12,4,1,1,0,0,1,1
-16.0,40,42.048,16,4,1,1,0,0,1,1
22.5,31,68.73,16,3,1,1,1,0,1,1
-1.45,26,35.583,14,2,1,1,1,0,1,1
4.15,47,38.772,13,2,1,1,0,0,0,1
5.75,42,16.467,12,3,0,0,1,0,0,1
1.7,35,23.064,12,2,0,0,0,0,0,1
2.4,30,30.6,12,1,0,0,1,1,1,1
4.725,32,111.972,18,2,1,1,1,0,1,1
13.23,30,48.0,17,3,1,1,0,1,1,1
94.399,63,56.7,18,2,1,1,1,1,1,1
78.0,39,57.192,18,1,0,0,1,1,1,1
-2.46,36,40.725,17,4,1,1,0,0,1,1
15.2,62,50.304,18,2,1,0,0,0,1,1
21.5,33,45.75,17,1,0,0,0,0,1,1
1.209,31,31.017,16,5,1,1,1,1,1,1
1.009,30,51.711,16,2,1,1,1,0,1,1
-0.95,48,75.798,16,4,1,1,1,0,0,1
56.0,49,61.893,17,3,0,0,1,1,1,1
33.0,34,33.258,15,1,0,0,1,0,1,1
13.704,37,81.432,14,4,1,1,0,0,1,1
46.2,33,80.724,16,1,0,0,1,1,1,1
-2.7,36,48.615,18,4,1,1,1,0,1,1
-0.55,48,89.376,13,6,1,1,0,1,1,1
28.269,40,12.6,8,2,1,0,0,0,1,1
5.599,57,13.692,12,1,0,0,0,1,1,1
23.648,35,40.092,12,4,1,0,0,0,1,1
0.5,38,20.388,12,4,1,0,0,0,0,1
36.5,46,58.317,18,3,1,1,0,1,1,1
1.35,42,47.073,14,4,1,1,0,1,1,1
8.774,44,41.124,12,3,1,1,0,0,1,1
5.0,42,48.18,12,2,0,0,1,0,0,1
49.25,35,48.18,13,2,1,1,0,1,1,1
-4.2,27,35.736,12,1,0,0,0,0,1,1
18.5,51,24.087,9,5,1,1,0,0,1,1
7.857,29,55.851,17,2,1,1,0,0,0,1
2.2,50,40.905,12,2,0,0,1,0,1,1
14.037,36,54.06,16,3,1,0,0,0,0,1
1.5,51,19.866,12,3,0,0,1,0,0,1
388.0,49,152.49,18,4,1,1,1,1,1,1
122.5,57,45.39,18,2,1,0,1,1,1,1
-1.8,35,28.47,13,6,1,1,0,0,1,1
1.72,30,58.155,14,6,1,1,0,0,1,1
27.36,42,51.0,12,5,1,0,0,0,1,1
9.199,40,67.5,16,5,1,0,0,0,1,1
-1.665,44,57.396,12,4,1,1,0,0,1,1
0.132,26,14.415,13,1,0,0,0,0,0,1
40.4,39,61.44,14,3,0,0,1,0,1,1
141.223,60,136.389,1,2,1,1,0,1,1,1
-11.76,25,23.481,12,2,1,1,0,0,1,1
54.365,44,63.291,12,4,1,1,1,1,1,1
14.35,43,15.3,12,3,0,0,0,0,1,1
18.8,43,116.94,18,4,1,1,0,1,1,1
-3.452,41,23.661,12,4,1,1,1,0,1,1
1.3,44,32.796,15,2,0,0,1,0,1,1
3.2,33,30.0,17,1,0,0,0,0,1,1
-23.701,33,26.04,13,4,1,1,1,1,0,1
52.0,52,37.512,12,4,1,0,0,0,1,1
2.249,38,40.425,14,4,1,0,0,0,1,1
20.803,57,23.565,14,1,0,0,1,1,1,1
-0.39,31,51.051,12,4,1,1,0,0,1,1
2.499,31,25.311,14,1,0,0,1,0,1,1
0.25,56,16.44,12,1,0,0,0,0,0,1
17.0,53,68.196,16,1,0,0,0,1,0,1
43.949,47,64.653,16,4,1,1,1,1,1,1
10.849,44,46.275,12,2,1,1,0,0,1,1
22.0,29,52.467,15,3,1,1,0,1,1,1
3.874,56,56.343,12,3,0,0,1,0,1,1
0.0,51,20.4,12,1,0,0,1,0,0,1
46.622,44,57.828,16,4,1,0,0,1,1,1
-10.05,48,37.347,13,2,1,1,0,0,0,1
5.0,33,12.486,12,1,1,0,0,0,0,1
2.999,53,54.486,12,2,1,1,0,0,1,1
65.75,57,55.635,14,2,1,0,0,1,1,1
0.6,27,41.256,18,1,0,0,0,1,0,1
5.59,44,24.21,14,6,1,0,0,0,1,1
21.011,53,29.046,18,1,0,0,0,1,1,1
91.5,38,39.291,13,2,1,0,0,0,1,1
53.999,58,48.882,12,2,1,1,1,1,1,1
1.6,51,25.5,12,2,0,0,0,0,1,1
-10.03,37,38.292,13,4,1,1,0,0,1,1
0.25,54,51.105,14,3,1,1,1,0,1,1
-1.295,39,64.092,14,5,1,1,0,0,0,1
28.9,54,67.431,13,4,1,1,0,1,1,1
54.902,49,55.428,14,3,1,1,0,1,1,1
25.885,49,13.53,12,2,0,0,0,1,1,1
0.4,39,28.425,12,1,0,0,1,0,1,1
24.499,37,29.4,12,3,1,1,0,1,1,1
-5.38,34,16.704,6,6,1,1,1,0,1,1
-6.201,46,31.116,12,3,1,1,1,0,1,1
41.1,59,73.116,12,6,1,1,0,0,1,1
1.599,31,36.201,14,5,1,1,0,1,0,1
-0.733,55,17.196,14,2,1,0,1,0,1,1
67.908,40,44.778,12,2,1,1,1,1,0,1
7.0,41,38.88,18,2,1,1,1,0,1,1
52.836,47,51.294,13,4,1,1,0,0,1,1
-7.0,46,40.335,12,7,1,1,1,1,1,1
13.8,36,35.52,18,1,0,0,1,0,1,1
-8.501,39,8.04,14,3,0,0,1,0,0,1
30.35,40,41.196,16,2,0,0,1,0,1,1
8.709,64,34.536,8,2,1,0,0,0,1,1
-0.011,25,38.496,12,3,1,1,0,0,1,1
6.305,36,43.593,15,4,1,0,0,0,1,1
-6.239,56,56.676,12,2,1,1,1,0,1,1
52.025,41,43.992,14,3,1,1,0,1,1,1
3.7,33,57.78,15,4,1,1,0,0,1,1
1.4,27,14.895,17,1,0,0,1,0,0,1
71.0,43,54.75,18,1,0,0,1,1,1,1
-4.7,36,35.73,16,1,0,0,1,0,0,1
-4.985,48,39.846,12,5,1,0,0,0,1,1
83.8,42,74.646,12,4,1,1,0,1,1,1
13.485,37,63.885,12,4,1,1,0,0,1,1
10.074,36,35.364,18,2,1,0,0,0,0,1
30.9,33,77.355,18,4,1,1,0,1,1,1
20.7,29,54.69,13,2,1,1,0,0,0,1
5.911,30,24.15,16,4,1,0,0,0,1,1
11.9,27,112.35,16,2,1,1,0,0,1,1
4.636,33,48.174,18,1,0,0,0,0,0,1
14.2,64,49.167,12,2,1,1,0,0,1,1
24.278,43,49.044,12,6,1,1,0,1,1,1
48.446,44,78.783,18,4,1,1,1,0,1,1
-1.0,43,19.104,8,3,0,0,0,0,1,1
10.733,34,44.661,15,5,1,0,0,0,1,1
-72.8,28,31.2,16,2,1,1,1,0,0,1
22.538,48,63.438,13,4,1,1,0,1,1,1
2.4,42,36.939,16,1,0,0,1,0,1,1
-10.2,46,71.4,14,3,1,1,0,0,1,1
137.4,50,75.12,12,4,1,1,1,0,1,1
-1.5,29,23.1,12,3,1,1,0,0,1,1
2.0,25,31.992,12,1,0,0,1,0,0,1
17.172,33,64.926,16,2,1,1,0,1,1,1
2.8,32,23.628,12,3,0,0,0,0,0,1
21.1,41,86.097,12,2,1,1,0,0,1,1
106.3,44,72.0,16,8,1,0,0,0,1,1
5.899,44,63.849,15,5,1,1,0,0,1,1
132.425,45,80.85,13,5,1,0,0,1,1,1
-14.675,42,35.112,15,2,0,0,0,0,1,1
-5.28,32,30.36,14,3,0,0,1,0,0,1
-12.45,38,98.85,14,4,1,1,0,1,1,1
3.006,49,53.649,18,3,1,1,1,0,1,1
33.515,45,39.168,12,2,1,1,0,1,1,1
21.35,36,33.03,11,5,1,1,0,1,1,1
54.5,39,97.935,17,4,1,1,0,1,1,1
16.11,40,51.54,14,4,1,1,0,0,1,1
-2.0,25,10.059,14,3,0,0,0,0,0,1
11.29,39,50.145,16,6,1,0,0,0,1,1
10.161,27,36.432,16,1,0,0,1,1,0,1
102.3,45,42.174,8,4,1,1,0,0,0,1
16.925,34,42.006,13,4,1,0,1,0,1,1
14.875,37,36.09,16,1,0,0,0,1,0,1
-0.456,53,34.653,12,1,1,0,1,0,1,1
5.47,28,47.55,16,2,1,1,1,0,0,1
-4.24,31,28.035,13,2,0,0,0,0,0,1
-4.635,41,48.312,12,4,1,1,0,0,1,1
90.295,46,51.15,15,4,1,1,1,1,1,1
42.39,27,30.792,17,1,0,0,0,0,1,1
44.25,44,90.747,14,3,1,0,0,1,1,1
16.025,29,74.07,18,1,0,0,0,1,1,1
36.299,44,59.826,17,4,1,0,0,1,1,1
2.5,51,30.144,12,2,0,0,0,0,1,1
33.399,32,87.54,16,3,1,1,1,1,1,1
39.8,42,57.861,14,3,1,1,0,0,1,1
-0.2,54,31.203,11,5,1,1,1,0,1,1
-7.3,27,58.362,18,2,1,1,0,0,0,1
97.0,28,60.033,18,2,1,1,1,1,1,1
47.0,37,41.784,18,4,1,0,0,0,1,1
16.799,39,38.07,14,1,0,0,1,0,1,1
-2.7,52,35.496,12,4,1,0,0,0,0,1
0.954,57,23.079,12,1,0,0,0,0,1,1
-1.673,43,19.293,12,5,1,0,0,0,1,1
44.762,47,38.256,16,2,1,1,1,1,1,1
90.2,41,119.133,18,2,1,1,1,1,1,1
-2.629,28,26.01,12,3,1,0,0,0,0,1
5.81,51,59.904,12,4,1,1,1,1,1,1
-22.652,41,50.547,16,4,1,1,0,0,0,1
14.256,55,40.959,12,3,1,1,0,1,0,1
2.732,45,36.294,16,3,0,0,0,1,0,1
-13.937,62,44.124,14,3,1,0,1,1,1,1
6.6,27,39.288,18,1,0,0,0,0,1,1
21.5,59,40.59,18,3,0,0,1,1,1,1
23.999,40,87.03,15,4,1,1,0,0,0,1
27.0,29,78.417,16,3,1,1,1,1,1,1
34.3,36,36.876,16,4,1,0,0,1,1,1
-9.25,39,19.833,14,1,0,0,1,0,0,1
10.2,38,43.26,14,4,1,1,0,1,1,1
6.6,42,70.635,13,4,1,1,0,0,1,1
75.2,42,79.134,16,3,1,1,0,1,1,1
33.0,35,47.25,12,4,1,0,0,1,1,1
18.5,43,24.06,16,1,0,0,1,1,0,1
36.8,40,37.68,10,5,1,0,0,0,1,1
100.7,54,47.646,13,3,1,1,1,1,1,1
3.7,39,32.55,16,3,0,0,1,0,1,1
39.75,54,41.799,12,2,1,1,0,0,1,1
3.499,48,50.904,12,3,1,1,1,0,1,1
31.536,34,34.698,12,2,0,0,1,0,0,1
21.998,43,72.03,18,2,1,1,1,1,1,1
79.999,48,58.944,16,3,1,1,0,1,1,1
8.973,29,55.83,18,4,1,1,1,1,1,1
1.7,60,31.275,12,2,1,0,0,0,1,1
169.8,53,44.277,17,1,0,0,1,1,0,1
14.249,48,49.746,14,1,0,0,1,1,1,1
50.355,40,49.095,18,5,1,1,1,1,1,1
-2.85,36,16.59,12,2,0,0,0,0,0,1
8.0,46,43.158,10,2,1,1,1,0,1,1
85.0,51,49.566,13,2,1,0,0,0,1,1
6.5,48,79.311,18,1,1,0,1,0,0,1
8.325,57,84.927,12,3,1,1,0,1,1,1
-11.53,43,34.404,12,4,1,1,0,0,1,1
-4.607,44,31.911,9,1,0,0,0,0,0,1
59.94,64,15.891,12,1,0,0,0,1,1,1
4.75,42,71.376,12,4,1,1,0,0,1,1
-0.15,30,10.455,12,3,1,0,0,0,0,1
14.0,45,41.814,12,5,1,1,0,1,1,1
15.05,56,15.882,3,2,1,1,1,0,1,1
34.98,45,96.945,18,2,1,1,0,1,0,1
43.799,46,30.933,12,1,0,0,0,0,0,1
11.5,31,76.704,16,2,1,1,0,0,1,1
2.0,44,96.816,17,4,1,1,1,0,1,1
61.957,62,110.646,16,2,1,0,1,1,1,1
-5.45,26,57.519,12,3,1,1,0,0,1,1
-0.375,26,19.206,12,4,1,0,0,0,0,1
-48.6,35,51.384,18,1,0,0,1,0,0,1
1.645,51,68.172,12,5,1,1,0,0,1,1
-1.175,30,16.596,12,7,1,1,0,0,1,1
45.6,45,63.288,16,5,1,1,1,0,1,1
83.1,48,58.296,12,4,1,1,1,1,1,1
81.75,64,69.9,14,2,1,0,0,0,1,1
2.8,44,45.744,12,5,1,1,0,0,1,1
-1.3,35,40.56,14,5,1,1,0,0,1,1
17.105,50,24.624,12,1,0,0,1,1,1,1
18.027,44,52.893,18,2,0,0,0,1,1,1
136.0,44,67.8,16,5,1,0,0,1,1,1
17.95,42,74.529,16,4,1,1,0,0,1,1
0.7,48,20.439,14,1,0,0,1,0,0,1
10.853,45,28.602,13,2,0,0,1,0,0,1
16.0,31,120.3,18,2,1,1,1,0,1,1
45.942,52,61.2,12,2,1,1,1,0,1,1
45.155,32,59.658,12,2,1,1,1,0,0,1
14.2,56,73.305,18,1,0,0,1,1,1,1
-0.695,39,31.608,12,1,0,0,1,0,0,1
51.0,45,31.047,12,4,1,1,1,0,0,1
252.999,60,24.114,15,1,0,0,1,1,1,1
167.0,44,64.17,12,4,1,1,0,0,1,1
8.999,29,47.178,16,2,1,1,1,0,1,1
-2.0,43,23.307,12,1,0,0,0,0,0,1
0.949,42,32.727,12,2,0,0,1,0,0,1
-23.162,32,31.644,12,4,1,1,1,0,1,1
0.571,31,28.359,13,3,1,1,1,0,0,1
-3.7,37,78.63,14,2,1,1,1,0,1,1
19.4,31,26.1,16,1,0,0,1,0,0,1
-4.2,44,21.12,12,3,0,0,0,0,0,1
157.973,62,41.106,12,2,1,0,0,1,1,1
-16.2,41,40.32,14,5,1,1,0,0,1,1
-7.575,36,47.658,18,3,1,1,0,1,1,1
1.0,31,35.586,12,3,1,1,0,0,1,1
35.0,56,67.212,18,2,0,0,1,0,1,1
-2.4,35,39.36,14,4,1,0,0,0,0,1
38.65,32,47.628,12,2,1,1,1,0,0,1
2.195,51,23.634,12,4,1,0,1,0,0,1
86.3,41,59.58,16,3,1,0,0,1,1,1
-10.8,42,38.316,15,3,0,0,1,0,1,1
34.28,37,74.85,12,3,1,1,1,0,0,1
4.35,30,27.753,14,1,0,0,0,0,1,1
25.949,56,27.492,12,1,0,0,0,0,1,1
4.0,40,35.19,16,4,1,0,0,0,1,1
10.0,43,15.3,11,1,0,0,0,0,0,1
6.599,53,51.018,14,3,1,0,0,1,1,1
4.7,38,42.135,12,5,1,0,0,1,1,1
46.045,36,94.245,16,4,1,1,1,1,1,1
26.918,38,43.599,12,4,1,1,0,0,1,1
11.987,29,43.533,15,2,1,1,0,0,0,1
81.312,59,71.568,12,2,1,1,0,1,1,1
2.78,27,17.85,12,6,1,0,0,0,0,1
-5.9,29,41.886,1,2,1,1,1,0,1,1
122.448,46,29.526,16,1,0,0,1,1,1,1
-8.5,27,49.2,18,1,0,0,1,0,1,1
-1.58,41,14.679,16,1,0,0,1,0,0,1
18.0,52,44.25,12,4,1,1,0,0,1,1
139.4,40,100.455,18,3,1,1,1,1,1,1
14.06,31,48.177,16,4,1,1,0,1,1,1
6.228,52,53.295,12,3,1,1,0,0,1,1
9.249,29,39.774,16,3,1,1,0,0,0,1
20.57,43,13.065,13,1,0,0,0,0,1,1
-1.851,45,135.024,12,4,1,1,1,0,1,1
-0.8,45,39.717,16,3,0,0,1,0,0,1
9.5,36,20.562,12,1,0,0,0,1,1,1
0.2,31,39.672,16,4,1,1,0,0,0,1
47.5,46,35.64,16,1,0,0,1,1,0,1
43.959,45,37.893,12,2,1,1,0,0,1,1
0.0,43,30.0,14,1,1,0,1,0,0,1
47.922,54,107.097,16,2,1,1,1,0,1,1
94.0,42,103.05,12,4,1,1,1,0,1,1
-10.55,32,73.707,14,5,1,1,1,0,1,1
-0.35,28,17.928,12,4,0,0,1,0,0,1
-0.655,37,16.092,12,4,0,0,1,0,0,1
33.5,47,43.068,13,2,1,1,1,1,1,1
1.0,51,13.005,14,5,0,0,0,0,0,1
54.86,40,65.346,16,6,1,1,0,1,1,1
12.5,37,50.619,17,1,0,0,1,1,1,1
4.4,64,22.983,14,2,0,0,1,1,1,1
105.95,54,70.179,16,2,1,1,0,0,1,1
6.405,25,51.315,14,2,1,1,0,0,1,1
135.8,46,72.54,12,4,1,1,0,1,1,1
-8.6,36,40.308,17,5,1,1,0,1,1,1
3.872,54,26.301,14,2,1,0,0,0,0,1
0.4,43,25.5,13,2,0,0,0,0,1,1
-1.8,43,27.354,12,3,0,0,0,0,1,1
66.9,39,47.838,18,3,0,0,0,0,1,1
125.179,45,22.953,12,1,0,0,1,1,1,1
12.414,36,59.112,12,5,1,1,1,0,1,1
-1.425,32,24.678,12,5,1,1,0,0,1,1
-4.331,38,27.693,16,1,0,0,1,0,1,1
-1.55,35,16.371,14,3,0,0,1,0,1,1
86.872,30,51.993,16,3,1,0,0,1,1,1
0.8,54,45.9,15,2,1,1,1,0,1,1
59.8,61,47.1,12,2,0,0,0,0,1,1
-1.395,47,48.375,12,4,1,1,1,0,1,1
-3.0,48,13.845,12,2,0,0,0,0,1,1
5.2,37,24.0,14,3,1,0,0,0,0,1
-8.41,25,22.11,12,4,1,1,0,0,1,1
28.08,61,48.9,12,1,0,0,1,1,1,1
0.0,27,31.005,12,1,0,0,1,0,0,1
67.1,29,98.1,16,3,1,0,0,1,1,1
-7.031,48,96.837,12,2,1,1,1,1,1,1
107.0,44,44.79,18,3,0,0,0,1,1,1
1.3,26,38.145,12,2,1,1,1,0,0,1
-0.7,60,70.2,12,2,1,1,1,0,0,1
21.75,62,19.206,15,2,0,0,1,0,0,1
45.418,48,45.702,12,4,1,1,0,1,1,1
0.772,30,15.486,14,3,0,0,1,0,0,1
-4.675,32,62.382,12,3,1,1,1,0,1,1
10.15,61,20.826,14,1,0,0,1,1,0,1
0.4,40,16.374,12,2,0,0,0,0,0,1
358.2,48,143.787,18,2,1,0,0,1,1,1
38.7,42,89.253,12,5,1,1,1,0,1,1
62.6,39,50.979,12,4,1,1,0,1,1,1
25.599,37,35.916,18,1,0,0,1,0,0,1
15.3,46,58.347,12,4,1,1,1,1,1,1
162.1,36,70.878,13,4,1,1,0,1,1,1
-2.981,29,28.05,10,4,1,1,1,0,0,1
-7.438,36,1.962,14,1,0,0,0,0,0,1
21.1,28,29.97,16,2,1,0,1,1,0,1
14.248,43,80.49,14,4,1,1,0,1,1,1
0.4,47,15.0,10,6,1,1,0,0,1,1
-0.45,36,17.736,12,3,0,0,0,0,0,1
15.4,41,59.937,14,4,1,1,1,0,1,1
0.9,44,14.592,13,2,0,0,0,0,1,1
3.549,31,13.326,15,5,1,0,0,0,1,1
-4.5,27,14.43,12,1,0,0,0,0,0,1
1.449,33,42.66,12,3,1,1,0,0,1,1
14.0,45,48.663,12,4,1,1,0,0,1,1
62.5,61,48.828,12,2,1,0,0,1,1,1
21.299,63,59.34,12,2,1,1,1,1,1,1
-0.2,34,47.547,12,4,1,1,0,1,1,1
9.9,35,40.86,16,3,0,0,1,0,0,1
0.48,32,39.453,12,3,1,1,1,1,1,1
4.899,27,36.201,12,5,1,1,0,0,1,1
44.5,40,62.7,17,8,1,1,1,0,0,1
22.749,35,34.854,12,2,1,1,1,0,1,1
46.603,54,101.826,12,7,1,1,0,1,1,1
7.249,54,88.689,12,3,1,1,0,1,1,1
4.42,29,50.367,12,4,1,1,0,0,1,1
-4.384,43,34.752,16,1,0,0,1,0,1,1
0.5,27,37.626,17,2,1,1,0,0,1,1
0.334,44,10.65,12,2,0,0,0,0,0,1
18.0,34,33.084,14,4,1,0,0,0,1,1
125.17,31,58.095,14,1,0,0,1,1,0,1
39.036,42,29.289,14,3,0,0,1,0,1,1
-1.456,28,57.36,15,2,1,1,1,0,1,1
2.3,32,27.405,13,2,0,0,1,0,1,1
-2.667,44,38.862,14,3,1,1,1,0,1,1
50.7,42,80.4,18,4,1,1,0,1,1,1
20.15,33,25.752,12,1,0,0,0,0,1,1
-0.29,30,48.363,17,4,1,1,0,0,1,1
0.945,43,16.866,15,1,0,0,1,0,1,1
-0.2,37,19.644,14,3,0,0,1,0,1,1
15.5,49,23.67,12,5,1,0,0,0,1,1
36.998,37,78.45,12,3,1,1,0,0,1,1
124.0,41,28.35,14,4,1,1,0,1,1,1
106.15,25,25.275,16,1,0,0,0,1,0,1
5.999,31,39.126,16,3,1,1,0,0,1,1
17.9,28,70.071,16,2,1,1,0,0,0,1
12.452,43,33.954,16,5,1,0,0,1,1,1
1.855,30,25.95,13,3,1,0,0,0,0,1
-4.569,42,51.252,17,5,1,1,0,1,1,1
3.9,31,49.41,14,4,1,1,1,0,0,1
34.9,54,85.86,16,6,1,1,0,1,1,1
-1.7,26,18.378,13,4,0,0,1,0,0,1
2.76,42,25.257,16,1,0,0,0,0,0,1
-0.601,36,39.45,12,5,1,1,1,0,1,1
6.442,31,23.481,14,2,0,0,1,0,0,1
12.95,58,37.068,8,2,1,0,0,0,1,1
259.198,39,100.287,18,1,0,0,1,1,0,1
2.4,28,52.248,17,4,1,1,1,0,1,1
6.043,40,44.736,14,4,1,1,0,0,1,1
7.8,38,22.011,5,5,1,0,0,0,1,1
-1.05,31,31.434,18,1,0,0,1,0,0,1
9.0,59,102.15,13,4,1,1,0,0,1,1
4.5,30,43.314,16,2,1,1,1,0,0,1
4.339,38,28.131,16,3,0,0,0,0,0,1
-1.3,35,24.924,9,3,1,0,0,0,1,1
62.149,49,60.069,12,4,1,0,0,1,1,1
8.2,32,20.64,12,1,0,0,1,0,1,1
-13.67,55,33.738,17,2,1,0,0,0,0,1
-3.751,38,45.027,14,5,1,1,0,0,1,1
62.679,28,26.646,16,1,0,0,1,0,0,1
2.329,44,26.844,12,2,1,1,1,1,1,1
7.196,26,38.604,16,2,1,1,0,1,1,1
3.3,44,20.646,12,1,0,0,1,0,0,1
35.45,28,38.889,16,1,0,0,0,1,1,1
5.866,31,20.922,16,1,0,0,1,1,0,1
12.049,43,32.712,14,4,1,1,1,0,1,1
9.4,30,59.748,16,1,0,0,1,0,0,1
-2.95,39,37.815,11,1,0,0,1,0,1,1
2.0,36,30.45,12,2,1,1,1,1,0,1
52.4,47,92.931,16,4,1,1,1,1,1,1
0.1,35,14.556,15,4,0,0,1,0,0,1
16.17,46,36.525,12,2,0,0,1,0,0,1
9.7,39,46.029,10,2,1,1,0,1,1,1
0.0,60,14.64,10,1,0,0,0,0,0,1
3.5,41,40.05,18,2,0,0,1,0,1,1
47.3,53,30.9,12,2,0,0,0,0,1,1
9.0,36,59.046,12,2,1,1,0,0,1,1
188.7,55,87.735,1,2,1,1,1,1,1,1
20.084,38,33.921,16,4,1,1,0,1,0,1
7.5,35,33.69,12,3,1,1,0,0,0,1
8.5,30,20.43,14,1,0,0,0,0,1,1
40.05,32,47.691,14,2,1,1,1,1,1,1
2.312,60,14.181,12,1,0,0,0,0,1,1
24.566,38,47.316,12,4,1,1,0,1,1,1
373.556,59,43.317,16,1,0,0,0,1,1,1
3.749,27,25.689,13,2,1,1,0,1,0,1
10.15,29,36.294,14,4,1,1,0,1,1,1
46.232,38,69.714,12,3,1,1,1,1,1,1
-5.83,42,21.156,12,6,1,0,0,0,1,1
77.2,36,33.312,12,2,0,0,1,0,1,1
2.85,38,15.0,12,1,0,0,1,0,1,1
5.0,43,4.605,17,5,1,0,0,0,0,1
41.75,50,35.7,18,1,0,0,1,0,0,1
4.55,34,48.501,16,4,1,1,0,1,0,1
2.718,40,39.165,13,4,1,1,0,0,1,1
1.049,37,33.489,18,1,0,0,0,1,1,1
47.598,46,69.78,12,5,1,1,0,1,1,1
23.312,41,27.111,12,4,1,1,0,0,1,1
-0.05,41,41.415,12,4,1,1,0,0,1,1
5.93,44,43.914,16,2,0,0,1,0,0,1
12.596,36,36.552,12,4,1,1,0,0,1,1
46.0,48,60.0,18,1,0,0,0,1,1,1
-3.1,46,27.0,16,2,1,0,1,0,1,1
-6.7,33,48.705,12,3,1,1,0,0,0,1
132.1,43,103.08,12,3,1,0,0,0,1,1
18.5,42,14.16,12,3,1,0,0,0,0,1
5.199,46,90.3,18,3,1,1,1,0,1,1
0.785,43,26.298,12,2,1,1,0,0,0,1
108.359,53,70.923,12,2,1,1,0,1,1,1
3.75,43,28.08,12,4,0,0,0,0,0,1
1.534,51,40.683,12,4,1,0,0,0,1,1
2.75,45,44.067,10,4,1,1,0,0,1,1
4.847,33,32.739,15,3,0,0,0,0,1,1
30.8,27,73.02,16,2,1,1,1,1,1,1
18.5,35,29.97,12,2,0,0,0,0,0,1
26.8,30,59.685,16,3,1,1,1,0,1,1
0.749,33,46.245,12,4,1,0,0,0,1,1
23.21,35,54.963,12,4,1,1,1,0,1,1
-6.943,34,22.779,15,3,1,0,0,0,0,1
8.0,42,65.28,13,3,1,1,1,0,1,1
1.158,54,10.374,12,2,1,0,0,0,1,1
32.754,34,74.472,14,3,1,1,0,1,1,1
-6.051,45,25.353,12,1,0,0,0,0,1,1
21.9,44,29.913,12,1,0,0,1,0,0,1
70.682,42,89.52,13,5,1,1,0,0,1,1
-2.542,34,27.213,12,4,1,1,1,0,1,1
17.6,38,99.645,18,3,1,1,1,0,1,1
34.9,46,70.374,12,5,1,1,0,0,1,1
8.42,26,22.992,1,2,1,1,0,0,0,1
32.92,32,76.992,16,5,1,0,0,1,0,1
43.5,51,57.783,13,2,1,1,1,0,1,1
0.0,58,25.497,15,3,0,0,1,0,0,1
3.274,29,20.175,12,2,0,0,0,0,1,1
-4.201,28,37.17,18,2,1,1,0,0,1,1
80.85,49,71.691,12,3,1,1,0,0,1,1
38.399,43,48.471,16,4,0,0,0,1,1,1
131.844,32,39.882,14,5,1,0,0,1,1,1
4.1,41,69.84,12,2,1,1,0,0,1,1
1018.238,45,71.358,18,2,0,0,1,0,1,1
131.408,48,34.29,16,2,1,0,1,1,1,1
1.072,60,39.675,12,2,1,1,0,0,1,1
53.749,52,35.424,12,3,1,0,0,0,1,1
45.5,35,50.4,17,2,1,1,0,0,1,1
4.45,39,48.054,12,3,1,1,0,0,1,1
95.7,34,102.666,16,3,1,1,1,0,1,1
24.699,56,34.803,14,2,1,1,1,1,0,1
-2.6,64,36.693,12,8,1,1,0,0,1,1
115.0,59,69.435,13,2,1,1,1,1,1,1
22.05,37,30.504,12,2,0,0,0,0,1,1
5.299,27,26.901,12,2,1,1,0,1,0,1
6.24,43,20.43,12,4,1,0,0,0,1,1
5.6,39,61.986,18,4,1,1,0,0,1,1
20.6,44,46.869,14,2,1,1,1,1,0,1
-6.0,29,52.8,15,4,1,1,0,0,1,1
-8.95,29,29.997,12,4,1,0,0,0,0,1
65.48,42,75.948,12,2,1,1,1,0,1,1
36.983,54,73.311,12,2,1,0,0,1,1,1
5.25,30,26.877,8,1,0,0,0,0,0,1
0.158,41,23.454,12,1,0,0,1,0,1,1
-13.96,27,22.05,16,1,0,0,0,0,0,1
66.674,37,35.328,16,6,1,0,0,1,1,1
32.292,32,79.206,16,2,1,1,0,0,0,1
6.32,38,40.35,12,4,1,1,1,0,1,1
72.65,45,67.425,12,3,1,1,0,1,1,1
5.162,36,36.354,12,1,0,0,1,0,1,1
51.0,46,80.7,14,4,1,1,0,1,1,1
21.9,42,44.874,12,4,1,1,0,0,1,1
6.7,52,75.612,16,2,1,1,1,0,1,1
41.725,37,83.868,13,3,1,1,1,0,1,1
19.375,44,108.795,18,3,1,1,0,1,0,1
42.15,61,16.092,12,2,0,0,1,0,1,1
6.25,45,19.2,12,4,1,0,0,0,1,1
72.475,41,91.689,15,5,1,1,1,1,1,1
23.833,34,53.7,14,4,1,1,1,0,1,1
10.475,30,42.78,18,1,0,0,1,0,1,1
63.7,41,47.238,18,1,0,0,1,1,1,1
-2.95,41,35.772,15,4,1,1,0,0,1,1
17.95,41,77.457,18,4,1,1,0,0,1,1
0.035,25,9.666,12,1,0,0,1,0,1,1
2.406,25,21.042,12,1,1,0,1,0,0,1
-6.594,32,36.012,18,1,0,0,0,0,0,1
10.7,42,38.091,12,4,1,1,1,0,1,1
43.352,49,47.727,12,5,1,0,0,0,1,1
0.0,30,19.497,6,1,0,0,0,0,0,1
34.908,43,31.239,12,3,1,0,0,0,0,1
15.0,33,72.3,12,4,1,0,0,0,1,1
14.5,33,79.86,16,2,1,1,0,0,1,1
2.57,31,33.693,13,1,0,0,1,0,0,1
23.152,48,77.523,18,4,1,1,0,0,1,1
79.565,35,79.818,14,2,1,1,0,1,1,1
21.419,41,44.883,14,2,0,0,1,1,1,1
-9.0,39,63.69,16,1,0,0,1,0,0,1
53.95,52,103.563,18,4,1,1,0,1,1,1
-1.9,37,23.802,12,3,1,1,1,0,1,1
2.6,58,11.325,12,2,0,0,1,0,0,1
10.275,33,61.029,15,5,1,1,0,0,1,1
-0.75,28,31.926,12,2,1,1,0,0,0,1
19.6,31,36.936,16,1,0,0,0,0,0,1
102.132,53,82.971,13,2,1,1,0,1,1,1
21.81,38,45.741,14,5,1,1,0,0,1,1
5.1,44,46.593,14,1,0,0,0,0,1,1
41.119,35,75.372,17,4,1,1,1,0,1,1
-0.24,27,23.097,12,4,1,0,0,0,0,1
-6.6,44,58.428,12,4,1,1,1,1,1,1
6.4,34,47.928,18,3,1,0,0,1,1,1
65.5,54,51.99,13,2,1,1,0,1,1,1
10.41,33,26.943,14,2,0,0,0,0,0,1
-9.1,39,62.184,18,1,0,0,0,1,0,1
46.85,43,43.788,13,3,0,0,1,1,1,1
37.51,47,70.926,18,3,1,1,0,1,1,1
84.228,56,29.556,12,2,1,0,0,1,1,1
85.0,34,48.27,16,2,0,0,0,1,1,1
1.56,35,16.395,15,1,0,0,1,0,0,1
30.8,63,75.804,16,4,1,1,1,0,1,1
1.049,29,23.409,16,1,0,0,0,0,0,1
27.332,52,70.392,12,2,1,1,0,1,1,1
3.0,33,41.283,12,4,1,0,0,0,1,1
53.948,43,65.7,14,5,1,1,1,0,1,1
19.679,49,58.92,13,4,1,1,1,0,1,1
5.168,50,64.026,12,2,1,1,1,0,0,1
59.4,38,29.22,15,3,1,1,0,0,1,1
4.799,62,30.558,12,4,1,1,1,0,1,1
1.574,38,33.345,12,4,1,1,0,0,1,1
0.049,26,20.34,14,1,0,0,1,0,0,1
77.875,58,66.987,12,2,1,1,1,1,1,1
7.804,47,44.244,12,5,1,1,0,1,0,1
73.3,47,55.107,16,4,1,1,1,1,1,1
-1.388,34,17.955,12,4,1,1,0,0,1,1
16.7,31,29.562,17,1,0,0,0,0,0,1
3.2,41,11.106,12,1,0,0,0,0,0,1
167.0,45,101.496,16,1,0,0,1,1,0,1
0.043,46,38.061,13,1,0,0,0,0,0,1
26.877,49,56.877,12,3,1,1,1,1,1,1
398.241,35,153.018,16,2,1,1,0,1,1,1
79.5,41,89.952,18,4,1,1,1,1,1,1
4.9,50,38.595,14,4,1,1,0,1,1,1
27.999,57,17.484,12,3,0,0,0,0,1,1
-21.548,27,39.981,14,2,1,1,0,0,0,1
144.498,62,50.373,12,2,1,0,0,1,1,1
92.375,57,26.142,12,1,0,0,0,1,1,1
0.579,32,22.383,12,4,1,1,1,0,0,1
0.264,60,20.388,11,2,1,0,0,1,1,1
25.13,35,49.92,12,2,1,1,1,1,1,1
51.011,55,74.688,13,4,1,1,0,1,1,1
4.85,35,26.241,12,1,0,0,0,1,1,1
-8.86,38,50.07,14,5,1,1,0,0,1,1
5.0,28,68.142,16,3,1,1,0,0,1,1
-13.201,27,54.708,18,2,1,1,1,0,0,1
6.227,52,30.15,8,2,1,1,1,0,1,1
141.3,53,139.938,18,4,1,1,0,1,1,1
10.074,50,63.846,17,5,1,1,1,0,1,1
0.06,63,22.299,12,3,0,0,1,0,1,1
0.6,25,25.2,12,4,1,1,0,0,1,1
114.0,44,48.966,12,4,1,1,0,1,1,1
3.71,42,24.237,12,1,0,0,0,0,0,1
36.8,48,68.673,12,3,1,1,1,0,1,1
7.955,55,20.76,12,1,0,0,1,0,0,1
9.614,43,45.384,12,4,1,1,1,0,0,1
30.9,26,36.459,14,4,1,1,0,0,0,1
17.499,54,21.3,12,1,0,0,1,0,1,1
11.0,38,60.225,12,4,1,1,0,0,1,1
-5.2,50,23.136,12,1,0,0,1,0,0,1
2.547,37,57.234,12,3,1,1,1,0,1,1
5.5,29,36.0,16,1,0,0,0,1,0,1
1.38,41,42.213,9,5,1,0,0,1,1,1
15.1,40,74.22,12,5,1,1,0,0,1,1
35.05,37,17.286,16,3,0,0,0,0,1,1
-0.05,27,38.322,12,3,1,1,1,0,1,1
14.5,39,21.576,18,1,0,0,1,1,1,1
52.624,55,53.454,13,2,1,1,1,1,1,1
33.91,42,82.035,12,5,1,1,0,0,0,1
14.0,36,104.661,16,3,1,1,0,1,1,1
4.015,60,29.148,13,3,1,1,0,0,1,1
-10.115,34,49.2,12,3,1,1,0,0,1,1
15.9,41,52.845,14,2,1,1,0,0,1,1
132.8,60,49.944,16,1,0,0,1,1,0,1
44.6,46,24.906,17,1,0,0,1,0,1,1
12.23,33,63.36,18,5,1,1,0,0,1,1
9.0,33,58.572,12,4,1,1,1,0,1,1
13.705,33,43.2,14,3,1,1,0,0,1,1
17.147,46,41.58,16,2,0,0,1,1,0,1
5.8,39,50.4,18,2,0,0,0,0,0,1
44.31,53,16.002,13,1,0,0,0,0,0,1
40.527,29,61.161,14,1,0,0,1,0,1,1
13.1,39,64.359,16,4,1,1,0,0,1,1
21.589,59,25.56,12,1,0,0,0,0,1,1
-7.5,34,13.101,12,1,0,0,1,0,0,1
-9.705,35,59.187,13,3,1,1,0,0,1,1
120.7,54,31.896,17,1,0,0,0,0,1,1
81.5,61,51.288,12,2,1,0,0,1,1,1
-7.61,29,43.521,13,3,1,1,0,0,1,1
2.2,27,29.76,16,4,1,1,0,0,0,1
42.114,41,58.368,17,5,1,1,1,1,1,1
-5.0,50,12.24,12,2,0,0,0,0,1,1
2.1,26,16.203,14,1,0,0,1,0,0,1
227.0,35,135.3,17,3,1,1,0,1,1,1
-0.541,26,13.275,13,3,1,1,0,0,0,1
65.0,64,39.537,10,2,1,0,1,0,1,1
-14.8,56,72.129,18,4,1,1,1,0,1,1
27.24,45,46.521,14,1,0,0,1,1,0,1
99.329,58,89.988,16,2,1,1,1,1,1,1
62.707,45,55.446,14,4,1,1,0,0,1,1
6.0,37,18.03,12,1,1,0,1,0,0,1
-0.25,40,35.064,12,5,1,1,1,0,1,1
-6.4,38,47.784,11,4,1,1,1,0,1,1
13.84,39,64.797,12,6,1,1,1,0,1,1
-0.105,35,86.811,14,4,1,1,0,0,1,1
0.835,47,41.361,13,2,1,1,0,0,0,1
11.509,29,44.805,14,3,1,1,0,1,1,1
15.63,48,121.701,15,2,1,1,1,0,1,1
-0.2,28,23.316,18,1,0,0,1,0,1,1
-5.5,26,18.666,12,3,1,1,0,0,0,1
80.06,42,71.478,16,1,0,0,1,1,1,1
22.772,53,55.725,12,2,1,1,0,0,1,1
5.3,58,38.979,12,2,1,1,0,0,1,1
124.1,35,32.874,16,1,0,0,0,0,1,1
4.626,39,12.444,12,2,1,0,0,1,0,1
0.045,29,14.4,11,4,1,0,0,0,0,1
10.708,29,73.65,14,2,1,1,0,0,1,1
-3.2,44,35.652,18,2,0,0,1,0,1,1
41.4,44,73.56,12,4,1,1,1,0,1,1
8.42,41,57.252,12,4,1,1,0,0,1,1
35.077,35,69.789,14,3,1,1,1,0,1,1
18.0,50,20.373,13,2,0,0,1,0,1,1
-8.219,43,48.426,8,3,1,1,0,0,1,1
0.95,30,27.927,12,4,1,1,0,0,0,1
108.6,43,47.796,11,4,1,0,0,1,1,1
7.64,25,14.028,12,2,1,1,0,1,0,1
1.5,25,30.96,12,1,0,0,0,0,0,1
-16.2,29,17.88,16,2,1,1,0,0,0,1
36.5,34,69.942,16,3,1,1,1,0,1,1
-5.3,42,21.612,12,2,0,0,1,0,0,1
23.198,38,55.992,14,5,1,1,0,1,1,1
16.05,51,42.606,11,2,1,1,1,0,1,1
-0.758,49,37.833,12,3,1,1,1,0,1,1
-1.801,28,20.1,12,1,0,0,1,0,0,1
58.249,27,45.963,13,2,1,1,0,0,1,1
27.65,34,20.37,15,3,0,0,1,0,1,1
2.0,28,47.79,13,3,1,1,0,0,1,1
27.407,54,39.888,18,1,0,0,1,1,1,1
6.0,46,52.365,12,2,1,1,0,0,1,1
-2.05,48,21.969,14,1,0,0,1,0,1,1
6.4,50,50.013,12,2,1,1,1,1,1,1
12.6,39,31.53,16,1,0,0,0,0,1,1
-6.19,49,31.176,12,1,0,0,1,0,1,1
-1.72,42,41.607,16,3,1,1,1,1,1,1
37.292,53,80.676,12,2,1,0,0,1,1,1
28.0,36,67.8,17,2,1,1,0,0,1,1
1.334,54,69.282,18,2,1,1,1,0,1,1
10.269,35,29.427,12,1,0,0,1,0,0,1
18.45,46,70.815,14,4,1,1,1,1,1,1
3.306,28,42.411,12,2,0,0,0,0,1,1
19.7,56,32.52,2,3,1,1,0,1,1,1
38.8,47,45.87,14,2,1,1,0,1,1,1
-11.01,25,34.2,13,3,1,1,0,0,1,1
106.825,42,113.076,17,4,1,0,0,1,1,1
35.86,36,48.135,16,4,1,0,0,0,1,1
1.3,37,6.168,12,5,0,0,0,0,1,1
124.6,53,73.278,14,2,1,0,0,1,1,1
0.5,56,11.49,13,2,0,0,0,0,1,1
22.5,50,58.896,16,3,0,0,1,1,1,1
-30.0,30,33.27,17,3,1,1,0,0,1,1
4.7,30,44.352,13,4,1,1,0,1,1,1
3.88,26,34.518,12,3,1,1,0,0,1,1
37.8,57,11.52,14,3,0,0,1,1,1,1
1.0,38,20.163,15,1,0,0,1,0,0,1
45.5,33,46.035,18,1,0,0,0,0,1,1
-2.801,36,33.27,10,8,1,0,0,0,1,1
65.398,60,33.663,12,2,1,1,1,1,1,1
17.08,32,77.43,12,4,1,1,0,1,1,1
-2.8,34,44.043,17,4,1,1,0,0,1,1
37.1,38,27.06,13,3,0,0,1,0,1,1
-0.05,52,14.805,12,1,0,0,1,0,1,1
14.74,39,44.88,12,4,1,1,1,0,1,1
15.0,37,94.98,15,2,1,1,0,0,1,1
14.12,56,74.385,12,3,1,1,1,1,1,1
11.76,27,26.523,16,3,1,0,0,1,1,1
-1.43,27,12.789,16,2,0,0,1,0,1,1
-5.9,47,40.8,12,1,0,0,0,0,0,1
-5.075,52,31.998,12,2,1,1,1,0,0,1
3.675,28,24.348,12,3,0,0,1,1,0,1
-3.6,54,29.37,8,4,1,0,0,0,1,1
15.399,29,40.776,16,4,1,1,0,0,1,1
-4.735,25,22.104,14,1,0,0,0,0,0,1
66.3,42,43.032,13,1,0,0,0,1,0,1
10.8,36,110.985,16,4,1,1,0,0,1,1
0.9,39,9.6,10,3,0,0,1,0,1,1
13.6,62,90.726,14,2,1,1,1,1,1,1
34.85,44,66.381,12,3,1,1,0,0,1,1
56.56,39,49.689,12,4,1,0,0,0,1,1
1.249,58,15.207,8,1,0,0,1,0,1,1
-12.0,37,49.2,18,4,1,1,0,0,1,1
-3.8,30,62.7,18,4,1,1,1,0,1,1
21.349,54,53.184,12,2,1,1,1,0,1,1
74.6,38,51.528,18,6,1,1,1,0,1,1
-3.1,29,25.908,13,3,1,0,0,0,1,1
13.999,31,40.2,12,3,1,1,0,0,1,1
-148.5,29,18.15,12,2,1,0,0,0,0,1
1.0,38,99.789,15,4,1,1,0,0,1,1
42.711,38,54.081,12,4,1,0,0,1,1,1
74.7,60,42.432,12,3,0,0,1,1,1,1
110.35,50,99.084,14,2,1,1,1,1,1,1
27.5,59,68.79,16,5,1,1,1,1,1,1
-15.72,27,30.0,18,1,0,0,0,0,0,1
-11.4,33,34.671,16,1,0,0,0,0,0,1
13.515,52,41.184,10,2,1,1,1,1,1,1
-4.245,26,33.363,12,4,1,1,0,0,1,1
8.85,52,30.102,16,3,1,1,1,0,1,1
61.698,49,67.764,12,3,1,0,0,1,1,1
81.348,34,88.77,16,4,1,1,1,0,1,1
35.4,39,36.93,14,3,0,0,0,0,0,1
102.619,43,54.15,14,3,1,1,0,1,1,1
7.1,41,72.6,17,4,1,1,1,0,1,1
8.814,25,36.531,17,1,0,0,1,0,0,1
278.303,40,104.502,16,5,1,0,0,1,1,1
29.5,31,62.64,16,2,1,1,0,1,1,1
74.289,36,85.689,13,2,1,1,1,1,1,1
57.775,36,69.003,16,4,1,1,1,0,1,1
112.361,48,68.538,16,1,0,0,1,0,1,1
23.38,33,45.201,17,4,1,1,0,0,1,1
-3.675,46,44.553,13,2,1,1,1,0,1,1
12.15,32,43.62,14,3,1,0,0,0,1,1
55.8,30,78.174,18,3,1,1,1,1,1,1
0.2,42,28.245,18,2,1,1,1,0,0,1
-2.055,26,17.619,14,1,0,0,1,0,0,1
78.559,58,62.766,13,2,1,1,1,1,1,1
83.3,43,77.7,12,5,1,1,1,0,1,1
19.5,59,67.488,12,4,1,1,0,0,1,1
9.549,55,44.184,9,3,1,1,0,0,1,1
135.196,44,158.721,16,3,1,1,1,1,1,1
-3.9,43,18.246,12,5,1,0,0,0,1,1
-1.0,35,41.886,12,2,0,0,0,0,1,1
22.1,42,77.706,12,5,1,0,0,0,1,1
38.5,41,24.594,18,1,0,0,0,0,0,1
1098.624,37,55.263,16,3,0,0,1,1,1,1
7.6,36,40.515,12,3,1,0,0,1,1,1
1.865,40,45.279,13,3,1,1,1,0,0,1
30.949,31,53.1,12,1,0,0,1,1,1,1
64.337,49,111.372,15,2,1,1,0,1,1,1
-9.38,42,96.864,12,3,1,1,0,0,0,1
19.4,54,40.5,15,2,0,0,0,0,1,1
8.111,55,18.375,12,3,1,0,0,0,1,1
202.075,29,148.77,16,2,1,1,1,1,1,1
98.175,57,90.525,12,4,1,0,1,1,1,1
5.6,52,12.954,12,5,0,0,1,0,1,1
19.949,48,26.925,14,4,0,0,1,1,1,1
49.0,44,50.25,18,2,0,0,0,1,1,1
-10.559,32,53.364,12,4,1,1,0,0,0,1
24.55,46,66.576,18,1,0,0,1,0,1,1
20.1,52,91.992,13,8,1,1,1,0,1,1
13.202,39,40.392,11,6,1,1,0,0,1,1
47.999,28,57.3,18,4,1,1,1,0,1,1
5.1,35,34.08,8,6,1,1,0,0,1,1
10.3,32,55.602,16,4,1,1,1,0,1,1
9.04,44,31.665,9,4,1,1,0,0,1,1
35.914,33,100.563,18,3,1,1,0,1,1,1
-0.578,36,34.392,13,4,1,1,1,0,0,1
6.505,41,30.321,12,6,1,1,1,0,1,1
-0.3,43,39.261,12,3,1,1,0,0,1,1
34.999,38,14.85,12,5,1,0,0,0,1,1
79.1,30,47.43,16,2,0,0,1,1,1,1
13.25,44,45.927,14,3,1,1,1,0,1,1
484.198,49,169.2,17,2,1,1,0,1,1,1
1.606,31,23.367,14,3,0,0,1,0,0,1
-4.96,58,14.67,12,2,1,0,0,0,1,1
0.35,34,24.891,18,3,1,1,1,0,0,1
52.499,38,29.952,16,1,0,0,0,1,0,1
51.499,61,28.08,12,4,0,0,1,1,1,1
2.0,34,31.722,12,3,1,1,0,0,1,1
12.999,54,18.144,12,3,0,0,1,1,1,1
27.7,51,103.848,17,4,1,1,1,1,1,1
4.0,35,117.9,12,3,1,1,1,0,0,1
32.0,44,70.125,16,2,0,0,0,1,1,1
55.2,42,50.064,13,3,1,0,0,0,1,1
104.856,59,99.318,15,6,1,1,1,1,1,1
28.3,30,35.94,13,4,1,0,0,0,1,1
99.9,50,84.069,12,4,1,1,0,1,1,1
7.65,27,28.458,16,1,0,0,0,0,0,1
12.203,35,39.876,12,3,1,1,1,0,1,1
8.2,38,50.574,12,6,1,1,0,0,1,1
-12.4,39,40.5,12,1,0,0,1,0,0,1
14.499,48,36.9,18,1,0,0,0,0,1,1
69.0,34,107.94,16,4,1,0,0,1,1,1
26.499,49,7.209,16,1,0,0,1,0,0,1
-0.064,47,20.568,14,2,1,0,0,0,1,1
69.0,51,107.64,16,2,1,1,1,1,1,1
1.2,27,18.03,12,2,0,0,0,0,0,1
30.34,41,26.316,14,3,0,0,0,0,1,1
-4.15,44,45.468,12,7,1,1,0,0,1,1
3.05,48,34.452,9,6,1,1,0,0,1,1
17.5,46,36.12,12,3,1,0,0,0,1,1
-0.2,43,24.378,12,4,0,0,1,0,1,1
31.9,41,58.2,16,6,1,1,0,1,1,1
7.5,40,15.387,12,1,0,0,1,0,0,1
12.4,45,36.39,16,1,0,0,0,1,0,1
-0.813,45,42.534,12,3,1,1,0,1,1,1
0.0,43,22.8,12,2,1,0,0,0,0,1
2.0,36,86.403,14,3,1,1,1,0,1,1
43.536,62,55.128,18,2,1,0,1,1,1,1
-4.85,36,23.1,16,2,0,0,1,0,0,1
11.6,31,30.0,15,2,1,1,0,1,0,1
0.2,35,38.94,16,2,1,1,0,0,1,1
43.15,58,42.888,12,3,0,0,1,0,1,1
69.3,58,54.516,12,4,1,1,1,0,1,1
2.75,30,30.12,18,1,0,0,0,0,1,1
0.95,35,31.626,16,1,0,0,0,0,0,1
15.348,42,53.391,16,1,0,0,1,1,1,1
9.266,42,42.192,13,4,1,1,0,1,1,1
15.9,28,41.46,12,4,1,1,1,0,1,1
0.502,38,15.126,12,1,0,0,1,0,0,1
43.175,45,54.15,18,1,0,0,1,1,1,1
-0.985,43,14.01,12,2,1,1,0,0,1,1
9.2,32,48.18,16,1,0,0,0,0,1,1
19.099,34,48.219,12,3,1,1,0,0,1,1
4.2,61,38.412,12,4,1,0,0,0,1,1
-3.75,42,28.845,16,2,1,0,1,0,1,1
120.097,55,40.641,12,2,1,1,0,1,1,1
22.2,49,42.915,18,1,0,0,1,0,1,1
-3.0,38,52.236,16,6,1,1,0,0,1,1
-14.7,35,66.225,12,4,1,1,0,0,1,1
3.049,38,26.964,14,4,1,0,0,0,1,1
4.499,34,34.557,16,2,1,1,0,0,1,1
50.5,47,78.0,16,5,1,1,1,0,1,1
-10.5,31,129.621,18,2,1,1,0,0,1,1
24.1,37,32.865,16,3,1,1,0,1,1,1
-16.9,40,86.868,16,3,1,1,1,0,1,1
1.972,26,59.139,16,2,1,1,1,0,1,1
2.799,60,14.85,8,1,0,0,1,0,1,1
57.599,36,74.1,16,3,1,0,0,1,1,1
-2.1,52,21.675,12,3,1,1,0,0,1,1
20.24,33,46.002,16,7,1,0,0,1,1,1
42.3,43,29.688,12,5,1,1,1,0,1,1
-2.825,36,56.88,12,1,0,0,1,0,1,1
108.998,53,53.49,10,3,1,1,0,0,1,1
8.4,38,31.077,14,4,0,0,1,0,1,1
15.65,58,16.2,13,2,0,0,1,0,1,1
29.122,55,21.216,13,1,0,0,1,1,0,1
11.75,39,71.829,12,4,1,0,0,0,1,1
-10.475,32,28.434,16,4,1,1,0,0,1,1
-3.8,41,19.14,17,2,0,0,0,0,1,1
-1.907,39,23.259,12,4,1,1,1,0,1,1
-42.964,43,23.412,16,1,0,0,1,0,0,1
44.5,36,47.556,14,4,1,1,1,1,1,1
14.4,49,38.31,14,1,0,0,1,0,0,1
6.778,43,54.84,16,4,1,1,0,0,1,1
8.799,36,65.097,18,4,1,1,1,0,1,1
8.412,46,33.42,16,2,0,0,1,0,0,1
1.999,33,31.203,12,4,1,1,0,0,1,1
177.0,44,133.596,12,3,1,0,0,1,1,1
5.4,32,34.215,16,4,1,0,0,0,0,1
-5.119,31,18.909,12,1,0,0,0,0,0,1
0.3,38,42.06,14,1,0,0,1,0,0,1
29.925,45,48.72,12,3,1,1,0,0,1,1
371.901,50,107.301,14,3,1,1,1,1,1,1
81.323,44,51.294,16,4,1,0,0,1,1,1
9.799,44,42.09,13,3,1,1,0,0,1,1
-2.0,26,26.4,14,1,0,0,0,0,0,1
-1.0,38,28.32,14,3,1,0,0,0,1,1
33.7,54,53.862,18,3,1,1,0,0,1,1
15.627,34,58.881,12,5,1,0,0,0,1,1
-5.547,38,20.97,12,3,0,0,0,0,1,1
4.2,41,36.975,13,6,1,0,0,0,1,1
2.699,41,37.917,12,4,1,1,1,0,1,1
29.65,33,71.25,15,4,1,1,1,1,1,1
9.325,36,43.305,12,4,1,1,1,1,1,1
4.766,33,52.737,13,2,1,1,0,1,0,1
-5.5,37,44.754,18,1,0,0,0,0,1,1
242.674,52,70.872,12,2,1,1,0,1,1,1
26.95,34,54.879,14,5,1,1,0,1,1,1
0.413,51,40.581,12,4,1,1,0,0,1,1
-5.8,36,52.557,13,4,1,1,0,0,1,1
0.005,34,17.55,16,1,0,0,1,0,0,1
2.75,36,28.8,12,4,1,0,0,0,0,1
7.92,36,45.21,14,6,1,0,1,0,1,1
-3.49,36,35.196,10,2,0,0,1,0,1,1
112.749,39,31.845,13,3,1,0,0,0,0,1
19.799,61,28.194,12,2,1,1,0,0,1,1
-1.3,26,16.068,13,2,0,0,1,0,0,1
4.499,50,30.138,12,4,1,1,1,0,1,1
0.6,30,24.21,16,1,0,0,0,0,0,1
-5.501,33,63.66,13,2,1,1,0,0,0,1
0.499,55,17.913,14,1,0,0,1,0,0,1
0.249,33,31.014,14,1,0,0,1,0,1,1
-18.0,55,13.26,12,1,0,0,1,0,0,1
-8.3,38,29.046,12,5,1,0,0,0,1,1
36.5,37,25.002,13,3,0,0,0,0,0,1
-0.301,29,57.096,14,3,1,1,0,1,1,1
34.0,34,29.376,14,1,0,0,1,0,1,1
-0.268,41,20.028,16,2,0,0,0,0,0,1
16.2,36,33.738,12,5,1,1,0,0,1,1
50.248,50,34.545,13,2,1,1,0,0,0,1
-0.451,42,27.261,12,4,1,1,0,0,1,1
42.8,45,68.61,17,4,1,1,0,0,1,1
0.0,51,16.32,12,10,1,0,0,0,0,1
31.847,29,52.236,17,4,1,1,1,1,1,1
151.548,56,55.167,1,4,1,0,0,1,1,1
3.899,49,75.384,12,5,1,1,1,1,0,1
4.25,52,85.839,16,2,0,0,1,0,1,1
14.5,49,52.59,12,2,1,1,1,0,1,1
0.1,32,36.0,12,3,1,0,1,0,0,1
144.426,45,138.441,16,2,1,1,1,1,1,1
12.65,41,64.245,12,4,1,1,1,1,1,1
1.4,36,36.75,18,4,0,0,1,0,0,1
1.934,34,30.543,14,3,0,0,1,0,1,1
20.0,39,59.7,18,3,1,1,1,0,1,1
15.999,61,24.18,8,2,0,0,1,0,1,1
72.0,37,67.509,17,5,1,0,0,1,1,1
79.7,56,54.132,17,1,0,0,1,0,0,1
22.61,37,65.667,12,4,1,1,0,1,0,1
0.0,30,27.414,14,4,1,1,0,0,0,1
4.449,58,42.642,12,3,1,1,0,0,1,1
8.009,62,21.924,12,2,1,0,0,1,1,1
-4.452,27,45.747,12,4,1,1,0,0,0,1
38.3,31,62.865,16,2,1,1,0,1,1,1
2.64,32,18.45,12,1,0,0,0,0,0,1
16.0,60,0.0,4,6,1,1,0,0,1,1
-2.051,28,25.317,12,3,1,1,0,1,1,1
-2.65,28,20.529,12,1,0,0,1,0,0,1
7.456,30,66.123,16,4,1,1,1,0,1,1
37.4,55,57.672,12,3,1,1,0,0,1,1
-2.35,30,46.416,18,1,0,0,1,0,1,1
178.935,63,38.307,14,1,0,0,0,1,1,1
17.5,36,55.305,15,3,1,1,0,1,1,1
-1.6,54,13.362,10,1,1,0,1,0,1,1
26.5,34,55.782,16,1,0,0,0,1,1,1
1.323,34,24.12,9,3,0,0,0,0,1,1
19.431,38,56.028,14,4,1,1,1,0,1,1
18.93,43,28.08,12,5,1,0,0,0,1,1
0.327,26,28.683,12,3,1,0,0,0,0,1
298.0,58,200.997,17,3,1,1,1,1,1,1
19.515,47,52.437,17,4,1,0,0,0,1,1
5.636,43,62.778,12,4,1,1,1,0,1,1
171.85,47,62.553,12,6,1,0,0,1,1,1
37.348,55,36.72,8,2,1,1,0,1,1,1
15.899,38,20.796,14,1,0,0,1,1,0,1
38.1,35,90.3,18,3,1,1,1,1,1,1
0.725,41,12.75,13,6,1,1,1,0,0,1
15.25,35,31.05,15,3,1,0,0,0,1,1
-2.45,27,48.798,12,1,1,0,1,0,0,1
25.57,39,19.806,14,4,1,1,1,0,1,1
6.444,43,30.318,13,1,0,0,1,0,1,1
40.949,50,45.045,14,1,0,0,1,1,1,1
30.0,44,39.786,14,3,0,0,0,1,1,1
70.349,61,38.754,12,5,1,1,1,1,1,1
17.6,37,59.43,13,4,1,0,0,0,1,1
3.559,39,34.596,14,4,0,0,1,0,1,1
10.28,26,49.362,16,2,1,0,1,1,1,1
1.5,59,17.34,10,4,1,1,0,0,1,1
13.7,53,46.824,13,2,1,1,0,1,0,1
0.95,44,19.173,12,1,0,0,0,0,0,1
-3.07,43,15.444,16,7,0,0,1,0,1,1
28.361,37,41.439,14,1,0,0,0,0,0,1
25.6,32,57.363,18,3,1,1,1,0,1,1
3.3,48,19.263,12,5,1,0,0,0,0,1
33.5,34,80.694,10,3,1,0,0,0,1,1
70.899,49,91.362,16,3,1,1,0,1,1,1
26.299,46,57.678,12,2,0,0,0,0,0,1
94.05,48,17.547,10,2,0,0,1,1,1,1
74.972,41,86.847,16,5,1,1,0,1,1,1
0.2,26,19.548,12,1,0,0,1,0,0,1
-3.424,26,34.356,11,4,1,0,0,0,1,1
0.0,53,10.761,12,1,0,0,0,0,0,1
63.595,54,50.646,12,3,1,1,0,0,0,1
-1.126,36,39.366,13,4,1,1,0,0,0,1
9.223,56,27.276,12,1,0,0,0,0,0,1
43.999,42,33.336,13,5,1,0,0,1,1,1
-3.12,25,34.8,12,2,1,1,0,0,1,1
98.9,57,81.69,18,4,1,1,0,1,1,1
-0.47,27,27.966,16,2,1,1,0,0,1,1
20.3,44,48.12,15,4,1,1,1,1,1,1
45.399,52,49.107,12,3,1,1,1,1,1,1
5.999,56,54.582,12,2,1,1,1,0,1,1
6.1,30,18.75,12,4,0,0,1,0,0,1
0.5,29,12.81,12,1,0,0,0,0,0,1
-2.65,25,42.804,14,2,1,1,0,0,1,1
5.5,48,62.463,16,4,1,1,0,1,1,1
-2.751,50,41.715,12,4,1,0,0,0,1,1
-0.001,41,30.654,12,3,1,1,0,0,1,1
15.508,56,31.68,12,1,0,0,1,1,1,1
-3.5,31,29.937,12,6,1,0,0,0,1,1
70.15,43,54.585,18,2,0,0,0,0,1,1
-2.0,40,32.85,13,3,0,0,1,0,0,1
-3.682,40,45.546,18,4,1,0,0,0,1,1
26.421,45,30.225,14,2,0,0,1,0,0,1
36.27,56,47.79,12,3,1,1,1,1,1,1
44.1,39,44.529,18,1,0,0,1,0,1,1
10.08,59,13.14,4,4,1,0,0,0,0,1
25.8,46,41.781,12,4,1,1,0,1,1,1
36.199,45,30.12,12,1,0,0,1,0,1,1
-1.95,33,18.477,14,1,0,0,1,0,1,1
0.549,34,68.817,15,5,1,1,0,0,1,1
61.4,54,81.282,18,1,0,0,1,1,1,1
49.85,43,79.92,12,4,1,1,0,1,1,1
-4.27,38,40.488,16,4,1,0,0,0,1,1
1.905,51,44.292,12,8,1,1,0,0,1,1
-0.387,47,36.906,12,4,1,1,0,0,1,1
-0.4,34,24.144,12,3,1,0,1,0,1,1
0.828,47,44.838,11,3,1,1,0,0,1,1
10.9,42,24.78,18,3,0,0,1,0,1,1
2.15,46,22.638,12,2,0,0,1,0,0,1
-3.07,34,24.432,13,3,1,1,0,0,1,1
181.5,47,56.58,12,2,1,0,0,1,1,1
-7.001,45,72.3,14,5,1,1,0,0,1,1
76.4,32,55.542,16,2,1,1,1,1,1,1
13.45,44,59.235,12,4,1,1,0,1,1,1
8.8,48,39.312,10,2,1,1,0,0,1,1
3.5,60,29.784,12,1,0,0,1,0,1,1
0.69,49,27.675,12,3,1,0,0,0,1,1
0.299,43,39.204,12,2,0,0,1,0,0,1
-0.037,31,65.844,16,4,1,1,1,0,1,1
6.975,28,21.534,13,3,1,1,0,0,0,1
26.359,59,41.082,12,2,1,1,1,1,1,1
71.569,39,39.705,13,4,1,1,0,1,1,1
6.513,34,26.865,13,3,0,0,0,0,0,1
5.3,37,39.255,16,2,0,0,1,0,0,1
29.767,48,49.701,12,4,1,1,0,1,1,1
-0.18,51,30.78,14,5,1,1,1,0,1,1
33.35,46,15.699,12,3,1,1,1,0,1,1
10.25,27,53.34,13,2,1,1,1,0,1,1
6.8,31,90.996,18,1,0,0,0,1,0,1
522.38,48,84.063,16,5,1,1,0,1,1,1
3.0,45,25.5,12,2,1,1,0,0,0,1
5.249,35,23.892,14,1,0,0,1,0,0,1
-0.5,36,38.253,14,5,1,1,0,0,0,1
33.567,46,63.915,12,2,1,1,1,0,1,1
5.5,26,42.15,18,1,0,0,0,0,0,1
778.628,43,146.577,13,5,1,0,0,1,1,1
17.3,41,48.732,12,4,1,1,0,0,1,1
121.853,58,70.971,18,1,0,0,1,1,1,1
43.975,43,47.094,14,4,1,0,0,0,1,1
0.25,32,35.607,13,6,1,1,0,0,1,1
11.4,58,73.83,15,6,1,0,0,1,1,1
31.075,59,36.342,13,1,0,0,1,0,1,1
-7.85,48,27.0,13,2,1,0,0,0,0,1
-0.377,36,19.302,12,1,0,0,0,0,1,1
11.886,40,68.388,14,4,1,1,1,0,1,1
13.37,43,73.194,16,4,1,1,0,1,1,1
2.5,31,36.39,16,1,0,0,0,0,1,1
6.957,53,51.09,15,3,1,0,0,1,1,1
25.2,33,35.13,16,1,0,0,1,1,0,1
-6.393,47,64.656,17,4,1,1,1,0,1,1
-0.25,43,31.209,10,2,1,0,0,0,1,1
32.1,43,49.596,13,3,1,1,1,1,1,1
179.8,51,67.5,16,1,0,0,1,1,1,1
114.0,53,156.036,17,3,1,0,0,1,1,1
17.199,50,48.042,12,5,1,1,1,0,1,1
36.45,51,76.827,18,3,1,0,1,0,1,1
29.692,36,32.994,15,1,0,0,0,0,1,1
49.099,56,114.573,12,3,1,1,1,1,1,1
5.94,31,55.92,18,4,1,1,0,1,1,1
-9.5,34,51.96,13,2,1,0,0,0,1,1
-0.064,46,3.9,12,4,1,0,0,0,0,1
0.14,36,24.045,18,1,0,0,1,0,1,1
0.44,49,61.866,12,5,1,1,1,0,1,1
44.963,37,38.772,17,1,0,0,0,1,1,1
36.6,61,29.832,12,1,0,0,1,1,1,1
29.999,41,24.558,16,4,1,0,0,0,1,1
56.7,36,70.746,16,2,1,1,0,1,1,1
-11.7,34,63.606,13,2,1,1,1,0,1,1
117.999,60,66.921,12,2,1,1,0,1,1,1
-6.201,36,58.302,14,5,1,1,0,0,1,1
24.448,31,58.323,18,4,1,1,1,0,1,1
19.472,35,30.147,14,2,1,1,0,1,0,1
-0.025,26,18.594,12,3,0,0,0,0,0,1
92.81,49,35.142,16,1,0,0,1,0,0,1
205.385,54,73.89,12,2,1,0,0,0,1,1
-6.109,31,29.343,15,2,1,1,0,0,1,1
-4.564,33,20.196,12,4,1,0,0,0,1,1
87.2,33,54.954,12,2,1,1,0,0,1,1
139.56,43,135.114,14,2,1,1,1,1,1,1
46.15,32,46.5,18,2,1,1,0,1,0,1
0.9,43,27.204,12,1,0,0,1,0,0,1
7.9,27,37.218,16,1,0,0,0,1,0,1
0.172,34,13.5,14,1,0,0,1,0,0,1
110.0,56,27.945,12,2,0,0,1,1,1,1
56.053,37,55.563,16,2,1,0,0,1,1,1
3.4,34,33.27,12,4,1,1,1,0,0,1
0.0,31,21.6,12,1,0,0,1,0,1,1
43.0,38,11.604,5,4,1,1,0,0,1,1
3.2,42,73.722,12,5,1,1,1,0,1,1
90.762,60,73.614,12,2,1,1,0,0,1,1
266.499,36,67.47,18,3,1,0,0,0,1,1
0.1,41,28.143,12,4,1,0,0,0,0,1
23.25,50,49.848,18,3,0,0,1,1,1,1
24.21,50,24.54,12,4,1,0,0,0,1,1
10.02,35,33.15,12,5,1,1,1,0,1,1
4.0,45,120.069,18,4,1,1,0,0,1,1
-36.0,30,64.995,16,1,0,0,0,1,0,1
0.249,42,21.639,12,4,1,0,0,0,1,1
0.093,36,19.422,12,2,0,0,0,0,0,1
5.3,35,20.805,14,1,0,0,1,0,0,1
154.0,35,61.23,18,1,0,0,0,0,1,1
11.5,31,20.46,11,2,0,0,0,0,1,1
31.9,30,60.369,16,1,0,0,1,1,1,1
-3.074,44,12.774,13,1,0,0,1,0,0,1
6.2,51,25.488,15,1,0,0,1,0,1,1
23.998,43,46.872,13,4,1,1,0,0,1,1
-20.892,31,62.592,16,3,1,1,1,0,1,1
18.799,28,28.215,12,5,1,0,0,0,1,1
26.13,38,94.614,13,2,1,1,1,0,1,1
1.299,42,51.798,12,4,1,1,1,0,1,1
40.0,33,49.959,16,4,1,0,0,1,1,1
75.0,49,102.108,18,4,1,1,1,1,1,1
4.356,34,34.062,14,1,0,0,1,0,0,1
73.8,53,100.008,1,2,1,0,0,0,1,1
1.214,49,30.6,16,5,1,1,0,0,0,1
13.0,42,35.1,12,4,1,1,0,0,1,1
21.838,38,88.77,16,4,1,1,1,0,1,1
-3.23,52,78.243,14,4,1,1,1,0,1,1
0.0,30,21.384,13,1,0,0,0,0,0,1
34.948,40,38.859,16,4,1,1,0,0,1,1
-25.57,42,63.954,16,6,1,1,1,0,1,1
-0.68,38,42.6,13,3,1,1,0,0,1,1
58.11,53,63.63,18,1,0,0,1,1,1,1
41.899,44,22.668,12,6,1,1,0,0,1,1
-0.7,41,43.47,13,5,1,1,0,0,0,1
152.5,48,121.173,13,3,1,1,0,1,1,1
0.029,30,17.505,11,3,1,1,0,0,1,1
-4.875,31,27.12,12,2,1,1,0,0,1,1
7.0,45,20.4,12,2,1,0,0,0,1,1
242.658,48,56.754,16,3,1,1,0,1,1,1
1.4,41,29.121,12,4,1,1,1,0,1,1
25.136,35,53.154,16,2,1,1,0,1,1,1
105.798,36,104.19,16,4,1,0,1,0,1,1
39.197,33,44.466,16,5,1,0,0,0,1,1
1.349,26,30.06,16,1,0,0,1,0,0,1
8.5,36,36.18,14,1,0,0,0,0,0,1
13.499,61,26.484,12,4,1,1,0,0,1,1
79.4,53,110.643,12,2,1,1,1,1,1,1
3.5,33,19.488,12,4,1,0,0,0,1,1
3.0,44,33.06,12,3,0,0,1,0,1,1
0.0,63,19.38,12,3,1,0,0,0,1,1
3.249,45,50.235,16,2,0,0,0,0,0,1
-1.222,38,35.322,16,3,0,0,1,0,1,1
5.0,59,16.32,9,5,1,0,0,0,0,1
2.4,33,21.933,12,1,0,0,0,0,0,1
10.549,32,28.935,12,4,1,0,0,0,1,1
45.0,59,46.92,12,6,1,0,0,0,0,1
125.821,39,66.102,17,2,1,1,0,1,1,1
-2.13,31,7.938,16,1,0,0,1,0,0,1
99.0,44,64.2,18,1,0,0,1,1,1,1
11.8,33,32.361,12,1,0,0,1,0,1,1
0.35,34,28.98,12,6,1,0,0,0,1,1
28.0,37,50.082,16,3,1,0,0,0,0,1
-502.302,46,21.24,13,4,1,0,0,0,1,1
-1.6,48,55.743,12,4,1,1,0,0,1,1
6.53,32,33.498,18,2,1,0,0,0,0,1
92.446,53,62.4,12,3,1,0,0,1,1,1
0.2,36,24.009,12,1,0,0,1,0,0,1
62.198,44,54.627,14,1,0,0,1,1,1,1
-2.48,31,32.271,12,5,1,1,0,0,1,1
78.656,41,108.84,16,2,1,1,0,1,1,1
82.015,51,66.477,12,3,1,1,0,1,1,1
2.5,38,19.8,8,2,0,0,1,0,0,1
83.2,44,72.165,17,3,1,0,0,1,1,1
0.0,28,15.888,14,1,0,0,1,0,0,1
-2.347,41,21.0,14,1,0,0,1,0,0,1
-5.875,31,18.216,13,3,0,0,1,0,0,1
82.734,53,76.05,13,4,1,1,0,1,1,1
-4.493,27,29.916,8,4,1,0,0,0,1,1
21.9,40,54.591,16,1,0,0,1,0,1,1
32.55,26,73.902,16,2,1,1,1,0,1,1
164.0,54,51.804,12,3,1,0,0,1,1,1
-21.02,25,21.456,13,1,0,0,0,0,0,1
186.605,52,50.682,12,2,1,1,0,1,1,1
30.9,47,22.542,12,3,1,1,0,1,1,1
-3.0,43,18.168,9,7,1,1,0,0,1,1
9.649,44,22.044,12,4,1,0,1,0,1,1
15.123,38,42.561,12,9,1,0,0,1,1,1
0.6,37,30.408,12,4,1,0,1,0,1,1
0.0,31,28.83,12,2,0,0,1,0,0,1
-0.006,35,16.347,14,4,1,1,1,0,1,1
-2.384,30,43.728,13,4,1,1,1,0,1,1
66.947,46,52.248,13,3,0,0,0,1,0,1
-1.812,27,59.841,16,3,1,1,1,0,1,1
118.0,39,88.971,14,3,1,0,0,1,1,1
18.5,35,60.3,16,2,1,1,1,1,1,1
10.0,33,25.941,12,4,1,0,0,0,1,1
18.315,43,66.033,18,4,1,1,1,1,1,1
5.521,45,51.645,17,2,0,0,1,0,1,1
13.8,43,22.95,12,1,0,0,1,0,0,1
2.2,26,18.198,12,2,0,0,1,0,0,1
-0.52,31,25.08,14,4,1,1,0,0,1,1
56.943,47,61.575,18,3,1,1,0,1,1,1
2.798,30,54.906,18,5,1,1,1,0,1,1
45.598,36,39.597,13,4,1,1,0,0,1,1
-7.119,42,40.557,12,4,1,0,0,0,1,1
5.5,40,39.828,12,4,1,0,0,0,1,1
105.799,39,101.637,16,4,1,0,0,1,1,1
6.18,32,63.207,17,2,1,1,0,0,1,1
130.0,62,27.24,12,1,0,0,0,0,1,1
9.0,43,69.138,15,3,1,1,1,0,1,1
-1.951,31,27.015,13,1,0,0,0,0,0,1
42.0,36,21.3,12,6,1,1,1,0,1,1
1.575,38,40.596,14,4,1,1,0,0,0,1
24.972,49,43.92,12,2,0,0,1,0,1,1
114.2,36,85.755,16,1,0,0,1,0,1,1
12.55,44,27.291,12,1,0,0,0,0,1,1
127.18,53,63.0,15,4,1,1,0,1,1,1
2.119,42,31.596,12,4,1,0,0,0,1,1
3.4,34,26.739,12,1,0,0,1,0,0,1
106.0,57,77.28,18,2,0,0,1,0,1,1
2.0,33,37.056,12,4,1,0,0,0,0,1
13.2,27,15.6,12,1,0,0,1,0,1,1
17.6,44,78.762,18,4,1,1,1,1,1,1
9.5,43,36.42,17,1,0,0,1,0,0,1
2.3,33,34.308,12,4,1,1,0,0,0,1
1.031,25,10.545,13,1,0,0,0,0,0,1
10.699,53,20.646,12,3,1,0,0,0,1,1
95.3,56,79.404,18,1,0,0,1,1,1,1
18.3,35,86.814,17,4,1,1,1,1,1,1
99.199,58,101.946,14,2,1,0,0,1,1,1
2.85,30,59.4,16,4,1,1,1,0,0,1
-1.29,28,66.15,14,4,1,1,1,0,1,1
147.3,46,79.548,16,4,1,1,0,1,1,1
20.249,59,36.027,12,2,1,1,0,0,1,1
1.12,58,19.2,12,1,0,0,1,0,1,1
84.0,39,83.25,13,2,1,1,0,0,1,1
16.1,53,41.538,12,3,1,0,0,0,1,1
6.4,38,82.995,15,5,1,1,0,1,1,1
11.909,44,40.917,12,5,1,0,0,0,1,1
54.244,38,65.151,15,3,1,1,0,1,1,1
13.706,43,39.132,14,4,1,0,0,1,1,1
1.425,33,16.86,12,1,0,0,0,0,1,1
10.499,50,50.43,12,3,1,1,1,0,1,1
73.816,45,77.697,17,4,1,1,1,1,1,1
3.0,42,62.112,12,7,1,0,0,0,1,1
-6.29,36,17.1,13,5,1,0,0,0,1,1
384.15,63,70.779,16,3,1,0,0,1,1,1
-3.42,51,31.242,1,4,0,0,1,0,1,1
4.0,49,120.42,18,3,1,1,0,0,1,1
6.8,46,83.319,12,3,1,1,0,0,0,1
12.349,45,54.327,12,8,1,1,0,0,1,1
50.594,43,71.844,16,4,1,1,0,1,1,1
61.55,30,62.49,14,3,1,0,0,1,1,1
-2.218,49,32.43,14,1,0,0,0,0,1,1
1.0,36,12.156,12,3,0,0,0,1,0,1
79.15,40,61.176,13,5,1,0,0,1,1,1
0.158,42,43.707,12,5,1,1,0,0,1,1
2.225,32,20.901,15,5,1,0,0,0,0,1
43.502,39,67.836,18,6,1,1,0,1,1,1
4.2,36,20.16,12,5,0,0,1,0,1,1
39.95,51,95.178,14,3,1,1,0,1,1,1
26.7,38,71.346,12,3,1,1,0,0,1,1
21.0,50,67.335,16,4,1,1,1,1,1,1
-0.7,30,46.302,13,3,1,1,1,0,1,1
25.27,58,31.689,4,2,1,1,0,0,1,1
77.9,62,48.138,12,3,1,1,0,1,1,1
107.999,64,46.404,12,2,1,0,1,1,1,1
-4.3,31,29.664,12,3,1,1,1,0,0,1
-13.19,26,54.558,15,2,1,1,0,0,1,1
0.1,44,30.105,12,2,1,1,0,0,1,1
4.7,32,36.3,16,1,0,0,0,0,1,1
2.3,35,31.224,14,1,0,0,1,0,0,1
191.8,46,51.84,14,2,0,0,1,1,1,1
10.05,43,32.433,15,2,0,0,1,0,0,1
-3.0,40,39.816,16,5,0,0,0,0,1,1
41.3,34,57.774,16,4,1,0,0,0,1,1
2.799,53,43.887,12,2,1,1,0,0,1,1
11.2,30,23.55,16,1,0,0,0,0,0,1
7.47,43,62.856,18,4,1,1,0,0,1,1
-4.933,27,40.647,14,2,1,1,0,0,0,1
-1.2,32,47.361,12,5,1,1,0,0,1,1
0.0,52,71.421,18,1,0,0,1,1,1,1
65.95,50,51.897,14,2,1,0,0,1,1,1
44.237,62,29.88,11,1,0,0,1,0,1,1
148.6,48,54.6,18,2,0,0,1,1,1,1
361.99,54,76.899,15,2,1,1,0,1,1,1
25.999,53,30.765,18,1,0,0,0,0,1,1
5.3,32,135.447,18,4,1,1,0,0,1,1
60.398,51,35.472,4,2,0,0,0,0,0,1
2.591,28,39.6,16,2,1,1,0,0,1,1
16.05,34,46.2,16,1,0,0,1,1,1,1
-1.2,41,19.596,12,2,0,0,1,0,0,1
0.5,29,35.385,14,3,1,1,1,0,0,1
9.181,33,57.228,12,4,1,0,0,0,0,1
-5.0,26,44.442,15,3,1,1,1,0,1,1
17.25,37,46.929,12,4,1,1,1,1,1,1
-4.83,31,25.74,12,3,1,1,0,0,1,1
53.948,55,46.155,10,5,1,1,0,1,1,1
7.609,41,50.61,14,3,1,1,1,0,1,1
71.197,60,55.545,12,2,1,0,0,1,1,1
2.3,27,16.596,12,4,1,0,0,0,0,1
21.95,47,29.886,10,4,1,0,0,1,1,1
29.759,25,30.264,16,1,0,0,0,0,0,1
-1.678,29,33.744,15,2,1,1,0,0,0,1
1.679,56,10.83,12,2,0,0,1,0,1,1
0.075,26,20.403,12,1,0,0,1,0,0,1
-1.644,29,64.935,12,4,1,1,1,0,0,1
-4.81,27,25.605,1,1,0,0,0,1,0,1
-14.7,40,48.78,15,2,1,1,0,0,1,1
4.0,45,29.25,12,4,1,1,1,0,0,1
-1.565,32,41.724,9,2,1,1,0,0,0,1
9.334,44,27.39,14,4,1,1,1,0,1,1
17.45,34,28.74,13,6,1,0,0,0,1,1
10.3,34,43.563,15,2,0,0,1,0,1,1
5.327,42,31.131,13,3,0,0,0,0,0,1
-2.76,26,24.192,12,3,1,1,0,0,0,1
9.1,33,42.924,12,1,0,0,1,0,1,1
0.835,32,17.655,15,1,0,0,0,0,1,1
-20.7,41,38.973,13,3,0,0,0,0,1,1
171.738,33,94.737,16,5,1,1,1,1,1,1
0.314,44,50.304,15,3,1,1,0,0,1,1
107.669,64,70.974,12,4,1,1,1,1,0,1
14.1,48,37.986,12,3,1,1,1,0,1,1
21.2,49,63.012,13,4,1,0,0,1,1,1
71.0,59,38.418,12,2,1,0,0,1,1,1
7.507,34,17.76,12,1,0,0,1,0,1,1
8.137,44,20.325,12,1,0,0,1,0,0,1
33.546,34,43.887,18,1,0,0,0,1,0,1
82.249,39,60.12,15,3,1,1,1,1,1,1
1.5,38,25.5,12,1,0,0,0,0,0,1
136.7,54,44.052,14,2,1,1,0,1,0,1
21.844,36,50.025,16,4,1,0,0,0,1,1
-0.28,33,24.138,12,4,1,0,0,0,1,1
16.783,28,56.217,16,4,1,1,0,0,1,1
5.938,34,55.662,16,4,1,1,0,0,1,1
0.6,33,25.5,12,4,1,1,0,0,1,1
5.0,42,57.3,15,5,1,1,1,0,1,1
4.0,38,23.577,16,1,0,0,1,0,1,1
-0.66,46,20.406,12,5,1,1,0,0,0,1
109.399,35,99.48,18,3,1,1,1,1,1,1
24.745,52,28.233,12,3,1,0,0,1,1,1
3.15,28,42.345,16,3,1,0,0,0,0,1
983.0,47,179.1,16,2,1,1,1,0,1,1
19.8,44,42.84,12,6,1,1,0,0,1,1
46.583,42,65.334,12,4,1,1,1,0,1,1
11.749,37,39.744,12,3,1,1,0,0,1,1
2.1,39,45.69,12,5,1,1,0,1,1,1
-0.03,36,34.329,17,1,0,0,1,0,0,1
74.45,37,32.343,16,1,0,0,1,0,1,1
2.2,34,57.15,16,4,1,1,0,0,1,1
134.069,43,70.545,18,6,1,0,0,1,1,1
7.327,44,49.422,12,3,1,1,1,1,1,1
0.0,58,10.2,12,2,0,0,0,0,0,1
2.072,55,32.805,12,3,1,1,0,0,1,1
0.779,62,29.784,12,5,1,1,1,0,1,1
50.499,53,78.801,12,2,1,1,1,0,1,1
0.28,32,15.579,12,4,0,0,0,0,0,1
-9.925,28,54.846,18,3,1,1,0,0,1,1
8.565,49,101.532,14,2,1,1,1,1,1,1
93.783,39,59.952,16,4,1,0,0,1,1,1
-0.383,45,29.295,12,8,1,1,1,0,1,1
240.464,40,91.653,18,4,1,1,0,1,1,1
61.899,58,32.118,12,1,1,0,0,1,0,1
29.857,36,61.92,13,4,1,0,0,1,1,1
28.4,32,70.26,18,3,1,0,0,1,1,1
66.5,47,64.8,16,1,0,0,1,1,0,1
2.125,34,93.915,16,4,1,1,0,1,1,1
100.3,51,52.8,17,2,1,1,1,1,1,1
16.0,39,39.732,12,5,1,1,0,1,1,1
19.0,28,42.513,12,4,1,1,0,0,1,1
24.042,36,70.974,17,3,1,1,0,1,1,1
-3.301,36,48.921,14,5,1,1,1,0,1,1
1.25,57,75.144,12,3,1,1,1,1,1,1
41.588,44,48.252,14,1,0,0,1,1,0,1
1.1,58,10.863,12,4,1,0,0,0,1,1
4.0,46,16.86,12,4,1,0,1,0,0,1
65.323,41,50.4,16,4,1,1,1,1,1,1
-17.501,46,34.77,14,4,1,0,0,0,1,1
35.303,54,33.705,10,2,0,0,0,1,1,1
-0.2,37,10.203,9,1,0,0,1,0,0,1
22.484,36,39.627,14,3,1,1,0,0,1,1
31.971,55,123.111,18,2,1,1,1,1,1,1
12.7,38,48.996,15,3,1,1,0,1,1,1
99.3,41,84.759,12,4,1,0,0,1,1,1
10.0,42,52.434,14,1,0,0,1,0,1,1
15.0,56,31.35,12,3,1,0,0,1,1,1
17.049,51,70.092,18,5,1,1,1,0,1,1
-2.9,43,55.716,14,5,1,1,0,0,1,1
5.399,51,24.048,12,2,1,1,0,0,1,1
26.974,40,52.92,18,3,1,1,1,1,1,1
-4.3,37,54.996,12,4,1,1,0,0,1,1
1.3,34,38.94,15,4,1,0,1,0,1,1
10.4,44,57.42,12,2,1,1,0,0,1,1
9.406,29,43.302,11,4,1,1,0,0,0,1
2.699,43,39.255,14,5,1,0,0,0,1,1
8.25,29,143.781,17,3,1,1,1,0,1,1
-49.376,37,33.606,13,4,1,0,0,0,0,1
16.782,28,29.754,12,1,0,0,1,0,0,1
102.705,45,71.01,16,4,1,1,1,0,1,1
20.08,46,76.233,13,4,1,1,1,0,1,1
11.612,34,38.19,12,4,1,1,0,0,1,1
8.349,40,54.594,14,4,1,1,0,0,1,1
0.599,28,26.55,12,4,1,0,0,0,1,1
53.821,56,69.162,12,7,1,1,0,0,1,1
4.5,42,16.512,13,1,0,0,0,0,1,1
14.6,51,21.75,12,2,0,0,0,0,1,1
-17.818,33,38.484,15,3,1,1,0,0,1,1
2.399,40,37.188,16,3,0,0,0,0,0,1
1134.098,38,39.0,18,1,0,0,0,1,1,1
6.0,38,44.604,15,2,1,1,0,1,1,1
9.346,30,42.204,15,3,1,0,0,1,0,1
1.948,34,29.019,14,5,1,0,0,0,1,1
35.831,47,100.116,14,4,1,0,0,1,1,1
3.4,43,38.496,16,4,1,1,1,0,1,1
115.1,44,106.272,14,4,1,1,0,1,1,1
54.1,40,55.815,12,4,1,1,0,1,1,1
0.0,34,38.64,12,1,0,0,1,0,0,1
523.535,36,164.097,18,2,1,1,1,1,1,1
3.971,31,34.71,13,4,1,1,0,1,0,1
1.265,40,33.993,12,1,0,0,0,0,1,1
-5.6,45,55.986,13,6,1,1,1,0,0,1
-0.6,42,18.726,12,4,0,0,1,0,1,1
4.007,50,34.986,16,1,0,0,1,0,0,1
44.0,43,57.18,16,3,0,0,1,1,1,1
-5.25,38,44.472,12,5,1,1,1,0,1,1
-5.0,40,42.96,16,1,0,0,0,0,0,1
107.75,31,58.632,16,5,1,0,0,1,1,1
256.699,55,49.05,14,2,0,0,1,0,1,1
66.049,45,35.913,12,4,1,0,0,0,1,1
-10.1,35,31.242,12,3,1,1,0,0,0,1
6.259,37,36.531,12,5,1,1,0,0,1,1
116.632,39,93.12,18,2,0,0,0,1,1,1
133.6,53,83.46,16,4,0,0,0,1,1,1
28.0,47,80.211,12,2,1,1,0,1,1,1
23.915,42,27.171,13,2,0,0,1,1,1,1
37.699,50,69.87,12,4,1,0,0,1,1,1
-3.25,30,20.7,10,5,1,0,0,0,1,1
-2.001,35,32.364,12,1,0,0,0,0,1,1
16.5,38,38.61,17,1,0,0,1,0,1,1
-36.0,50,31.26,16,1,0,0,1,0,0,1
-0.567,26,22.914,1,4,1,1,0,0,1,1
152.5,63,76.104,18,2,0,0,0,1,1,1
630.632,50,101.331,17,1,0,0,1,1,1,1
1.5,33,35.535,12,2,1,1,0,0,1,1
3.6,43,26.682,12,5,1,0,1,0,1,1
0.0,44,21.48,12,1,0,0,1,0,0,1
-2.985,42,33.903,18,3,0,0,0,0,1,1
12.08,36,27.0,12,4,1,0,0,0,1,1
0.4,33,28.179,13,1,0,0,1,1,0,1
-59.45,25,40.8,16,1,0,0,1,0,0,1
13.32,36,25.647,13,1,0,0,1,0,1,1
-13.229,33,30.714,12,5,1,1,1,0,0,1
22.899,41,49.134,12,5,1,0,0,0,1,1
8.35,39,67.488,12,5,1,1,0,0,1,1
28.47,43,44.298,16,5,1,0,0,1,1,1
34.739,38,17.028,14,3,1,0,0,0,1,1
-1.42,54,38.304,12,1,0,0,1,0,0,1
-7.4,34,26.598,15,3,1,1,0,0,1,1
-12.396,37,85.32,17,3,1,1,0,1,1,1
4.07,30,34.842,16,2,1,1,1,1,1,1
302.594,49,77.424,18,2,1,0,0,0,1,1
145.139,47,86.7,12,2,1,1,0,1,1,1
-3.38,28,25.245,14,2,1,1,1,0,1,1
12.0,26,70.368,16,2,1,1,1,0,1,1
-0.68,34,21.81,10,5,1,1,1,0,1,1
7.85,35,28.71,14,1,0,0,0,0,0,1
0.0,26,14.985,11,8,1,0,0,0,0,1
39.98,36,19.296,12,2,0,0,1,0,0,1
91.999,41,40.296,12,4,1,0,0,1,1,1
13.263,45,43.326,16,5,1,1,1,0,1,1
3.149,34,16.884,14,1,0,0,0,0,0,1
47.509,43,50.25,12,4,1,1,0,0,1,1
139.998,61,45.75,12,2,1,0,0,1,1,1
63.6,60,57.678,14,2,1,1,1,1,1,1
18.09,41,34.692,15,1,0,0,0,0,0,1
7.5,51,27.132,12,4,1,0,0,0,1,1
-2.0,29,36.618,15,1,0,0,1,0,0,1
36.1,29,94.125,16,2,1,1,1,1,1,1
28.76,32,26.958,16,1,0,0,1,1,1,1
129.011,44,56.802,16,4,1,1,0,1,1,1
17.35,30,30.036,16,4,1,0,0,0,1,1
73.499,54,31.29,12,4,1,0,0,0,1,1
0.0,40,12.36,12,4,1,0,0,0,0,1
71.5,54,124.02,18,3,1,1,0,1,1,1
18.31,34,15.756,12,3,1,1,0,0,1,1
-2.551,46,54.045,18,1,0,0,1,1,1,1
1.0,40,14.04,12,2,0,0,1,0,0,1
38.355,35,74.556,15,2,1,1,0,1,1,1
50.1,42,52.416,13,4,1,1,1,1,1,1
184.549,39,128.793,18,4,1,1,0,1,1,1
-2.66,25,11.157,14,1,0,0,0,0,0,1
58.899,32,100.491,16,2,1,1,1,1,1,1
113.6,47,52.11,16,2,1,1,0,1,1,1
59.15,57,25.392,12,2,0,0,0,0,0,1
-0.875,32,31.23,17,1,0,0,1,0,0,1
2.927,31,51.6,13,2,1,1,1,0,0,1
5.7,32,36.6,12,2,1,1,0,0,1,1
13.5,42,66.21,18,3,1,1,1,1,0,1
46.099,61,59.166,16,5,0,0,0,1,1,1
169.1,44,109.653,16,4,1,1,0,1,1,1
23.11,34,39.45,16,4,1,1,0,1,1,1
4.999,50,51.234,9,2,1,1,1,1,1,1
13.1,32,16.59,12,1,0,0,0,0,0,1
16.998,56,33.414,11,3,1,1,1,0,1,1
5.8,34,41.415,16,5,1,1,1,1,1,1
27.029,56,42.144,15,2,1,1,1,1,1,1
28.6,43,73.641,14,2,1,1,0,1,1,1
22.849,38,47.826,14,1,0,0,0,0,0,1
32.992,40,80.664,15,4,1,0,0,1,1,1
6.302,26,37.641,17,1,0,0,0,0,1,1
10.225,30,64.731,18,2,1,1,1,0,1,1
0.881,26,29.655,12,2,0,0,0,1,0,1
4.15,46,63.24,18,2,1,1,0,1,0,1
5.617,34,54.819,16,2,1,1,1,0,1,1
6.457,44,88.074,18,4,1,1,1,1,1,1
44.0,50,52.11,17,2,0,0,1,1,1,1
12.51,38,31.8,12,5,1,1,0,0,1,1
2.3,45,13.77,12,8,0,0,0,0,0,1
-0.55,38,24.87,14,3,0,0,1,0,1,1
60.499,50,70.065,17,1,0,0,1,0,1,1
34.678,29,54.9,16,4,1,0,0,0,1,1
-4.1,36,30.972,12,4,1,1,1,0,0,1
11.5,54,36.0,15,2,0,0,0,0,0,1
70.7,33,30.762,13,2,0,0,0,0,1,1
0.0,39,17.037,12,1,0,0,1,0,0,1
-4.422,32,24.84,15,3,1,0,0,1,1,1
0.0,49,12.084,12,1,0,0,0,0,1,1
11.999,53,53.292,12,4,1,1,0,0,1,1
1.303,34,19.413,12,1,0,0,0,0,0,1
131.63,60,128.04,18,3,1,0,0,1,1,1
-9.312,37,25.443,15,2,0,0,1,0,0,1
2.475,30,13.503,12,2,0,0,1,0,1,1
84.0,42,61.5,15,4,1,0,0,1,1,1
52.3,36,68.772,13,4,1,1,0,0,1,1
48.856,37,48.966,12,3,1,1,1,1,1,1
77.0,46,59.769,16,4,1,1,1,1,1,1
1.199,28,54.993,16,2,1,1,0,0,1,1
-0.292,27,17.4,12,4,1,0,0,0,0,1
1.4,37,6.765,14,4,1,1,0,0,1,1
54.2,52,50.22,12,4,1,1,1,0,1,1
25.525,42,49.668,16,2,1,1,0,1,1,1
-0.65,40,27.768,12,5,1,0,0,0,1,1
7.7,28,72.648,17,2,1,1,0,0,1,1
66.049,52,42.252,14,2,0,0,1,0,1,1
-2.038,61,37.359,12,2,1,1,0,0,1,1
95.474,52,66.36,15,3,1,0,0,1,1,1
164.392,46,91.017,14,4,1,1,0,1,1,1
-7.25,41,29.739,17,1,0,0,1,0,1,1
41.6,41,18.24,12,3,0,0,0,0,1,1
7.999,45,57.843,12,2,1,1,0,0,0,1
5.325,47,38.82,12,5,1,1,1,0,1,1
4.668,30,54.015,13,3,1,0,0,0,1,1
7.7,59,45.27,12,2,1,0,1,0,1,1
0.015,39,17.079,9,5,1,1,0,0,0,1
2.976,30,38.454,13,4,1,1,1,0,1,1
131.663,61,38.076,11,2,0,0,1,1,1,1
3.487,26,44.394,14,2,1,1,0,0,1,1
1.411,31,23.208,16,1,0,0,1,0,0,1
2.6,34,73.59,13,4,1,1,0,0,1,1
-1.79,42,39.84,13,6,1,0,1,0,1,1
79.328,48,88.596,16,1,0,0,1,1,1,1
12.9,46,88.98,16,3,1,1,1,0,1,1
-6.64,35,35.124,15,2,0,0,0,0,0,1
445.5,62,135.072,17,4,1,1,1,1,1,1
9.057,32,14.121,12,1,0,0,1,1,1,1
182.01,41,74.532,18,2,1,1,0,1,1,1
38.25,44,96.774,15,3,1,1,0,0,1,1
22.8,47,48.423,12,2,1,1,0,0,1,1
5.545,62,27.684,14,2,1,0,0,1,0,1
1.0,60,32.64,13,2,1,0,0,0,1,1
53.8,60,28.44,12,2,1,1,0,1,1,1
14.825,52,37.356,13,3,1,1,0,0,1,1
24.45,42,35.733,12,5,1,0,0,0,1,1
55.906,51,69.873,12,4,1,1,0,0,1,1
-3.6,34,16.803,15,1,0,0,0,0,0,1
18.7,32,51.816,16,1,0,0,0,0,1,1
6.478,57,32.913,12,2,1,0,0,0,1,1
68.423,37,75.057,18,1,0,0,0,1,0,1
28.0,55,37.377,8,3,1,0,0,0,1,1
14.775,45,58.758,14,2,1,1,0,0,1,1
-6.46,40,34.425,12,4,1,1,0,0,1,1
-0.107,45,67.989,12,2,1,1,1,0,1,1
81.7,29,86.505,18,3,1,0,0,1,1,1
9.75,31,12.0,12,1,0,0,0,0,0,1
12.5,61,32.595,5,3,1,0,0,0,1,1
27.5,36,9.315,18,1,0,0,0,1,0,1
28.1,47,71.217,16,2,1,1,0,1,1,1
65.391,50,65.565,17,4,1,1,1,1,1,1
7.2,48,38.517,13,4,1,1,1,0,1,1
-0.124,45,41.292,13,5,1,1,1,1,1,1
56.3,57,43.398,16,2,1,0,0,1,1,1
0.3,34,18.018,14,3,1,0,0,0,1,1
28.6,38,51.15,18,1,0,0,1,1,1,1
0.301,37,31.5,15,6,1,1,0,0,0,1
13.499,31,24.75,16,1,0,0,0,0,0,1
6.465,39,21.888,12,2,0,0,1,0,0,1
5.863,40,40.677,12,4,1,1,1,1,1,1
84.05,52,48.639,14,5,0,0,0,0,1,1
23.799,48,89.94,14,5,1,1,0,1,1,1
105.0,40,101.226,16,6,1,0,0,1,1,1
9.305,39,37.944,12,4,1,0,0,0,1,1
0.161,28,38.478,16,3,1,1,0,1,0,1
6.499,36,43.164,12,4,1,1,0,0,1,1
-8.1,30,35.064,18,1,0,0,1,0,0,1
122.0,49,192.99,14,3,1,1,0,1,1,1
-12.0,27,29.301,12,3,1,1,1,0,0,1
59.0,58,28.56,12,3,1,0,0,1,1,1
56.227,56,61.524,15,2,1,1,1,1,1,1
142.1,37,191.715,18,3,1,1,0,1,1,1
27.999,57,34.791,12,4,1,1,0,1,1,1
1.45,36,20.094,7,4,1,1,0,0,1,1
-14.351,35,57.603,12,2,1,1,0,0,1,1
127.174,51,43.56,16,1,0,0,0,0,1,1
13.8,26,34.494,13,2,1,1,0,0,1,1
45.0,43,32.1,15,1,0,0,1,1,1,1
101.408,56,36.912,12,3,1,1,1,1,1,1
-0.55,35,40.674,10,2,1,1,1,0,0,1
0.715,33,43.572,12,4,1,1,1,0,0,1
8.846,32,49.635,16,3,1,1,0,0,1,1
-5.946,35,18.279,12,3,0,0,1,0,0,1
52.0,60,38.82,14,1,0,0,1,0,0,1
13.25,47,47.73,16,1,0,0,1,1,0,1
38.5,41,67.596,18,1,0,0,0,1,1,1
0.0,42,59.433,17,5,1,1,1,0,1,1
42.498,49,32.838,13,1,0,0,1,1,0,1
-2.5,42,33.804,13,2,0,0,1,0,1,1
14.549,47,92.583,18,3,1,1,0,0,1,1
63.176,37,69.264,16,4,1,0,0,0,1,1
26.8,61,27.702,12,8,1,1,0,1,1,1
80.799,53,47.19,13,1,0,0,0,1,1,1
-2.474,40,25.614,14,4,1,0,0,0,0,1
-2.485,48,35.082,12,4,1,1,0,0,0,1
40.999,53,102.6,16,5,1,1,0,1,1,1
7.28,38,30.51,14,2,0,0,0,0,0,1
6.701,36,23.331,15,3,0,0,0,1,1,1
0.45,47,30.0,13,3,0,0,1,0,0,1
14.91,31,48.588,13,4,1,1,1,0,1,1
60.459,37,41.031,18,2,1,0,0,1,1,1
87.0,43,155.196,17,4,1,1,1,1,1,1
4.509,45,70.668,18,6,1,1,0,0,1,1
1.749,27,86.574,18,1,0,0,0,0,0,1
0.45,36,20.4,12,4,1,0,0,0,1,1
1.149,43,22.527,13,1,0,0,1,0,0,1
0.728,39,28.614,16,3,1,1,0,0,1,1
3.842,27,25.26,16,1,0,0,0,0,0,1
8.5,29,44.697,12,1,0,0,1,0,1,1
-28.701,36,60.651,9,4,1,0,1,0,1,1
-4.14,38,13.668,13,3,0,0,0,0,0,1
35.3,39,36.9,13,3,1,0,0,0,1,1
7.5,30,37.995,12,3,1,0,0,0,1,1
22.6,40,68.175,12,5,1,1,1,1,1,1
18.25,64,36.036,13,1,0,0,1,0,1,1
1.55,29,46.383,12,2,1,1,1,0,1,1
-13.701,34,82.488,16,4,1,1,0,1,1,1
21.75,28,29.514,12,1,1,0,0,0,0,1
7.5,28,53.664,12,3,1,1,0,0,1,1
4.8,32,42.864,14,2,1,1,0,0,0,1
16.25,25,35.505,12,3,1,1,0,1,1,1
5.0,39,39.12,6,7,1,1,0,0,1,1
20.39,28,69.615,13,2,1,1,0,1,0,1
80.749,43,58.905,12,4,1,1,1,1,1,1
94.675,55,101.187,12,5,1,1,0,0,1,1
5.48,29,42.771,15,1,0,0,1,0,0,1
36.145,35,36.882,12,3,1,1,0,0,1,1
8.849,56,8.136,12,2,1,0,1,0,1,1
-6.15,53,22.215,6,1,0,0,1,0,0,1
-5.715,42,26.526,12,4,1,1,0,0,1,1
-1.9,36,18.768,14,3,0,0,0,0,0,1
15.5,25,26.73,12,1,0,0,0,0,1,1
-7.817,35,40.446,14,3,1,1,0,0,0,1
314.6,47,118.197,16,4,1,1,1,1,1,1
44.043,54,55.08,12,2,1,1,0,0,1,1
0.2,55,25.638,12,2,1,0,0,0,1,1
61.5,43,47.184,13,4,1,0,0,1,1,1
1.4,44,14.496,9,5,0,0,0,0,0,1
33.313,44,35.52,12,1,0,0,1,0,1,1
77.786,31,75.282,12,1,0,0,0,0,0,1
203.2,39,97.845,14,2,1,1,1,1,1,1
1.75,30,30.105,14,1,0,0,1,0,0,1
49.5,52,83.61,12,4,1,0,0,0,1,1
28.1,44,65.976,13,3,1,1,0,0,1,1
30.2,29,83.61,17,2,1,1,1,1,0,1
77.975,47,77.016,14,2,1,1,1,0,1,1
18.5,42,24.546,12,2,0,0,1,0,0,1
87.509,29,91.536,16,2,1,1,1,1,1,1
21.8,32,54.144,16,1,0,0,0,1,0,1
1.0,44,11.88,10,5,0,0,0,0,0,1
28.049,37,35.706,14,4,1,0,0,0,0,1
12.961,52,24.117,16,1,0,0,1,0,1,1
-1.645,35,14.076,12,4,1,0,0,0,0,1
4.763,27,24.693,12,3,1,1,1,0,1,1
58.675,42,53.496,13,4,1,1,1,1,1,1
-0.337,51,25.434,12,3,0,0,1,0,1,1
0.15,44,21.099,12,3,0,0,1,0,1,1
-4.77,47,61.8,12,5,1,1,1,0,1,1
65.612,57,73.815,17,3,1,1,1,1,1,1
19.0,38,99.03,16,3,1,1,0,1,1,1
14.95,35,30.48,16,1,0,0,1,0,1,1
5.8,33,31.857,12,4,1,1,1,0,0,1
4.947,41,40.308,12,5,1,1,1,0,0,1
9.5,33,31.623,18,1,0,0,0,1,0,1
2.2,29,29.235,18,2,0,0,1,0,0,1
-1.788,35,17.424,13,3,0,0,0,0,0,1
18.8,56,52.965,16,2,1,1,0,0,1,1
79.518,39,34.95,14,2,0,0,0,0,1,1
-5.373,44,91.725,14,3,1,1,0,0,1,1
109.8,37,67.512,13,4,1,0,0,1,1,1
16.5,55,13.653,14,2,0,0,0,0,1,1
34.03,34,73.071,12,4,1,1,1,1,1,1
-0.12,28,31.686,13,4,1,1,0,0,1,1
19.5,56,132.996,18,6,1,1,0,0,1,1
20.849,45,54.708,12,1,0,0,1,0,1,1
14.903,49,38.511,8,2,1,1,0,0,1,1
149.7,50,55.296,12,1,0,0,1,1,1,1
55.05,33,95.472,18,3,1,1,1,1,1,1
12.299,47,68.553,16,2,0,0,0,0,1,1
4.7,49,65.136,13,3,1,1,1,0,1,1
-6.258,40,50.292,16,4,1,1,1,0,1,1
17.285,44,54.252,14,4,1,1,1,1,1,1
24.961,54,68.01,13,2,1,1,1,1,1,1
9.55,43,40.854,12,4,1,1,0,1,1,1
-0.1,30,21.588,13,1,0,0,1,0,0,1
113.044,48,88.134,14,4,1,1,1,1,1,1
174.232,44,138.942,16,4,1,1,0,1,1,1
6.45,31,41.922,12,5,1,1,0,0,1,1
0.098,39,16.779,12,4,1,1,0,0,1,1
-10.0,27,12.48,12,2,1,1,1,0,1,1
177.331,47,59.331,18,4,1,1,0,1,1,1
2.075,32,58.689,17,5,1,1,1,1,1,1
52.475,44,68.352,12,5,1,0,0,1,1,1
0.375,41,51.141,12,4,1,1,0,0,1,1
5.4,51,24.48,14,1,0,0,0,1,0,1
9.322,27,49.428,16,2,1,1,0,0,0,1
21.068,33,26.526,12,1,0,0,1,1,1,1
-17.201,36,63.546,16,5,1,0,0,0,1,1
-26.18,33,3.78,16,4,1,0,0,0,0,1
49.949,56,23.319,12,5,1,0,0,1,1,1
-19.9,38,45.822,18,5,1,1,1,1,1,1
4.8,48,13.8,12,2,0,0,1,0,1,1
0.4,43,22.242,14,2,0,0,1,0,0,1
10.423,45,39.06,15,2,0,0,1,0,0,1
92.899,47,80.4,13,6,1,1,0,1,1,1
33.075,33,30.117,18,4,1,1,0,0,0,1
94.599,63,54.45,12,2,1,1,1,1,1,1
16.9,42,36.12,18,1,0,0,1,0,0,1
1.499,38,28.086,12,4,1,1,1,0,0,1
29.0,35,59.43,14,3,0,0,0,0,0,1
52.015,39,27.954,14,1,0,0,0,0,1,1
0.98,48,24.765,14,1,0,0,0,0,1,1
-14.3,36,46.533,14,6,1,1,0,0,0,1
4.0,49,23.319,13,5,0,0,0,0,1,1
0.003,28,21.765,16,1,0,0,0,0,0,1
14.362,56,75.477,16,2,1,1,1,0,1,1
17.934,45,53.856,13,1,0,0,0,0,0,1
4.9,44,52.17,15,1,0,0,1,0,1,1
-16.29,49,29.139,12,5,1,0,0,0,1,1
0.0,46,44.922,12,2,1,1,0,0,1,1
17.7,53,17.88,12,1,0,0,1,1,1,1
101.3,43,142.569,16,4,1,1,1,1,1,1
38.9,38,146.1,16,4,1,0,1,1,1,1
76.249,54,68.715,8,3,1,1,1,1,1,1
161.94,47,59.736,15,4,1,1,1,1,1,1
-1.0,35,39.162,13,5,1,1,1,0,1,1
74.8,40,84.687,18,2,1,1,1,1,1,1
2.006,53,16.32,12,2,0,0,1,0,0,1
6.225,37,42.318,12,5,1,1,1,0,0,1
69.699,54,53.895,12,2,1,0,0,1,1,1
18.549,55,33.54,12,2,1,1,1,1,1,1
5.112,40,38.466,14,4,1,0,0,0,1,1
6.1,56,26.1,12,3,1,0,0,0,1,1
-3.253,39,47.754,14,7,1,1,0,0,0,1
-3.501,43,34.95,12,2,0,0,0,0,1,1
42.817,30,31.221,15,1,0,0,1,1,0,1
27.4,35,54.009,16,5,1,0,0,1,1,1
1.45,31,17.31,12,6,0,0,1,0,0,1
81.55,38,89.388,16,2,1,1,1,0,1,1
-3.4,36,64.038,16,4,1,1,0,0,1,1
33.405,36,83.472,16,2,1,1,0,1,1,1
25.794,44,68.535,18,4,1,1,1,0,1,1
13.95,40,81.252,16,5,1,1,1,0,1,1
151.998,57,49.959,12,2,1,0,0,0,1,1
13.849,44,52.476,12,4,1,1,0,0,1,1
19.6,42,57.186,18,1,0,0,1,0,1,1
-5.931,46,24.03,15,2,0,0,0,1,1,1
6.4,33,71.061,15,5,1,0,0,0,1,1
53.65,43,64.659,16,1,0,0,1,1,1,1
9.05,55,37.242,1,3,1,1,1,1,1,1
92.7,46,53.775,14,2,0,0,1,0,1,1
5.8,33,21.72,15,1,0,0,1,0,1,1
-1.84,33,42.408,15,3,1,1,0,0,1,1
22.0,35,64.5,14,1,0,0,1,0,1,1
-1.5,42,16.224,12,6,0,0,0,0,0,1
55.38,43,68.808,16,4,1,1,0,1,1,1
-4.0,34,62.355,16,4,1,1,0,0,1,1
4.764,42,18.555,12,2,1,1,1,0,0,1
2.85,43,23.91,13,4,0,0,1,0,0,1
22.0,33,64.296,12,4,1,1,1,0,1,1
-9.438,33,23.415,14,1,0,0,1,1,0,1
107.257,44,102.189,12,2,1,1,1,1,1,1
41.241,42,48.9,14,3,1,0,1,1,1,1
0.0,40,22.56,14,1,0,0,0,0,0,1
23.55,39,44.04,18,3,0,0,1,1,0,1
2.14,35,32.244,12,2,1,1,0,1,1,1
8.025,34,25.068,12,5,1,1,0,0,1,1
16.247,50,71.205,17,2,1,1,1,0,1,1
32.3,43,78.18,13,5,1,1,0,1,1,1
16.04,45,48.747,12,5,1,1,0,1,1,1
-0.41,30,21.63,13,3,0,0,0,0,0,1
16.376,31,44.871,16,1,0,0,1,0,1,1
13.0,56,23.88,12,1,0,0,0,0,1,1
0.1,27,14.283,15,2,0,0,0,0,1,1
-2.0,44,36.6,12,4,1,1,0,1,1,1
9.6,44,43.92,18,1,0,0,1,1,1,1
81.849,59,67.35,12,2,1,1,0,0,1,1
-12.509,40,52.11,18,4,1,1,0,1,1,1
22.049,47,25.383,12,1,0,0,1,1,1,1
-1.5,42,16.2,14,4,1,0,0,0,0,1
5.3,37,58.164,12,3,1,1,0,0,1,1
9.55,31,43.281,16,3,1,1,1,1,1,1
2.757,35,40.719,14,3,1,1,0,0,0,1
2.28,41,29.706,16,2,0,0,1,0,1,1
-0.741,28,39.015,18,2,1,1,0,0,0,1
6.11,52,66.0,14,3,1,1,0,0,1,1
11.3,43,69.69,18,4,1,1,1,0,1,1
387.836,29,169.962,16,2,1,1,0,1,1,1
31.599,40,51.03,15,1,0,0,1,1,1,1
16.6,42,57.465,18,3,1,1,1,1,1,1
19.249,59,15.372,7,2,1,0,0,0,1,1
-8.0,36,62.37,16,6,1,1,0,0,0,1
21.25,47,51.15,13,5,1,1,1,0,1,1
33.748,37,47.703,12,4,1,1,0,0,1,1
5.9,40,38.376,12,2,0,0,1,0,0,1
171.0,50,103.896,14,2,1,0,0,1,1,1
-3.395,29,29.427,12,4,0,0,1,0,0,1
295.898,40,66.801,14,3,1,1,0,1,1,1
0.24,31,28.41,7,11,1,1,0,0,0,1
-3.67,25,16.878,16,1,0,0,0,0,0,1
43.432,47,34.236,12,5,1,1,1,1,0,1
6.0,33,39.996,17,2,1,0,0,1,1,1
15.0,45,78.663,15,4,1,1,0,0,1,1
70.05,45,23.64,9,3,1,1,1,0,1,1
29.4,40,40.65,16,1,0,0,0,0,0,1
5.5,30,67.824,12,4,1,1,0,0,1,1
62.03,41,57.642,16,1,0,0,1,1,1,1
-8.334,45,101.589,18,5,1,1,1,1,1,1
76.399,37,37.872,10,2,0,0,1,0,1,1
3.7,44,52.503,12,4,1,1,0,0,1,1
1.516,48,76.209,14,5,1,1,0,1,1,1
-0.1,36,28.032,12,1,0,0,1,0,0,1
-1.0,34,18.966,12,5,1,0,0,1,1,1
3.038,48,35.31,12,3,1,0,0,0,1,1
-4.65,35,44.379,13,5,1,1,1,1,1,1
2.3,27,28.635,12,1,0,0,0,1,0,1
-3.475,45,50.07,14,6,1,1,0,0,1,1
1.0,41,20.4,15,2,0,0,1,0,1,1
39.1,39,77.493,14,2,1,1,1,1,0,1
35.199,39,61.41,15,4,1,1,1,1,1,1
5.74,49,26.505,16,2,0,0,1,1,1,1
31.5,42,44.898,13,2,0,0,1,1,1,1
20.699,42,32.289,13,3,1,0,0,0,1,1
2.5,32,36.348,12,3,1,1,1,0,1,1
40.9,42,49.596,12,4,1,1,0,0,1,1
89.6,39,93.924,12,4,1,1,0,0,1,1
4.54,51,34.095,15,1,0,0,1,0,1,1
-1.3,43,23.541,14,1,0,0,1,0,0,1
-5.975,44,36.87,14,4,1,0,0,0,1,1
19.188,45,30.09,14,4,1,0,0,0,1,1
12.22,31,71.673,16,2,1,1,0,1,1,1
33.3,35,41.574,18,2,1,1,0,1,0,1
42.2,48,65.601,15,5,1,1,0,0,1,1
1.0,39,10.899,6,3,0,0,1,0,0,1
12.7,48,51.102,18,4,1,1,1,0,1,1
6.341,35,10.578,15,1,0,0,1,1,0,1
12.418,64,29.85,10,2,1,1,1,0,1,1
1.76,42,57.414,16,5,1,1,1,0,1,1
111.768,48,84.0,17,2,1,1,1,0,1,1
1.8,34,21.6,15,7,1,0,0,0,1,1
-0.5,40,39.045,12,3,1,1,1,0,1,1
94.5,48,65.94,18,2,1,1,1,1,1,1
61.567,60,46.071,12,3,1,0,0,1,1,1
8.0,48,18.297,12,2,0,0,0,0,1,1
78.019,43,77.496,18,4,1,1,1,1,1,1
87.75,53,73.35,12,2,1,1,1,1,1,1
0.829,28,15.363,12,3,0,0,1,0,1,1
58.95,50,45.453,16,3,0,0,1,1,1,1
1.198,53,29.772,10,2,1,0,0,0,1,1
41.26,57,79.29,16,4,1,1,0,1,1,1
224.4,59,68.346,16,2,1,0,0,1,1,1
0.5,43,63.894,18,2,1,1,0,1,1,1
7.575,53,40.494,14,2,0,0,1,0,1,1
3.1,33,33.363,14,4,1,0,0,0,1,1
-3.699,36,24.267,12,5,1,1,0,0,1,1
5.674,32,18.594,12,1,0,0,1,0,0,1
18.5,40,26.91,13,4,1,0,1,0,1,1
-2.258,35,29.586,9,5,1,0,0,0,1,1
18.885,34,112.509,16,3,1,1,0,0,1,1
2.16,30,23.07,12,1,0,0,0,0,0,1
11.1,32,49.92,12,3,1,1,0,0,1,1
-3.364,48,22.95,11,3,0,0,1,0,1,1
242.15,59,90.258,14,2,1,0,0,1,1,1
15.474,46,107.823,17,4,1,1,0,1,1,1
0.2,56,18.588,12,2,0,0,0,0,0,1
42.671,35,31.95,16,4,1,1,1,1,1,1
321.0,61,103.041,18,2,1,1,0,1,1,1
13.803,44,33.471,15,1,0,0,1,0,0,1
42.6,50,25.452,14,1,0,0,1,1,1,1
0.5,30,9.18,12,4,1,0,0,0,0,1
13.486,46,12.399,9,1,0,0,0,0,1,1
102.8,40,88.698,18,5,1,1,0,1,1,1
3.4,44,24.48,12,3,1,1,0,0,0,1
33.999,41,22.8,12,4,0,0,1,0,0,1
91.9,28,62.43,16,3,1,1,1,1,1,1
150.0,49,96.153,14,3,1,0,0,1,1,1
42.63,42,60.696,18,4,1,1,1,1,1,1
12.3,44,51.612,14,4,1,1,0,0,1,1
5.909,51,29.196,16,5,1,0,0,1,0,1
79.098,41,159.096,18,4,1,1,1,1,1,1
-0.069,28,53.598,16,2,1,1,0,0,0,1
15.815,45,50.889,12,1,0,0,1,0,0,1
4.5,44,74.277,14,4,1,1,0,0,1,1
24.217,50,54.54,12,4,1,1,1,1,1,1
8.1,30,55.908,17,2,1,1,1,0,1,1
17.15,36,38.481,13,4,1,1,1,0,1,1
10.2,46,61.086,14,3,1,0,0,0,1,1
-4.575,31,25.8,9,5,1,0,0,0,0,1
16.35,42,26.58,14,5,0,0,0,0,1,1
0.0,34,9.906,13,1,0,0,1,0,0,1
179.0,47,94.2,18,4,1,0,1,1,1,1
20.25,46,49.698,14,4,1,1,0,0,1,1
86.432,45,91.575,18,1,0,0,1,1,1,1
26.8,31,29.061,13,3,0,0,0,0,1,1
-2.55,37,35.07,12,5,0,0,0,1,1,1
0.73,29,13.59,12,1,0,0,0,0,1,1
3.205,29,44.226,14,4,1,1,0,0,1,1
100.469,61,37.38,8,2,1,0,0,1,1,1
-0.071,34,36.147,12,4,1,1,1,1,1,1
0.0,36,12.24,12,3,0,0,0,0,0,1
-0.23,43,13.395,8,2,0,0,1,0,1,1
18.175,50,51.732,13,4,1,1,1,1,1,1
8.0,49,50.232,12,1,0,0,1,0,0,1
0.7,42,50.031,12,6,1,0,0,0,1,1
324.0,62,95.43,16,3,1,0,0,1,1,1
-2.8,37,37.491,12,2,1,1,1,0,0,1
1.7,25,25.38,12,1,0,0,1,1,1,1
27.097,42,49.71,17,3,1,1,1,1,0,1
55.933,64,49.44,15,1,0,0,1,1,1,1
6.45,36,22.548,12,2,1,1,0,0,0,1
-1.845,30,22.413,12,4,1,1,1,0,1,1
34.574,52,75.759,18,2,1,1,1,1,1,1
21.275,39,46.11,14,4,1,1,0,1,1,1
36.8,54,57.603,16,1,0,0,1,0,1,1
43.036,38,41.334,18,1,0,0,1,1,0,1
9.3,27,40.134,12,2,1,1,0,1,1,1
108.221,42,9.408,12,6,1,0,0,1,1,1
61.115,49,96.369,14,4,1,1,0,1,1,1
5.65,33,49.572,16,4,1,1,1,0,1,1
271.859,60,78.99,17,3,1,1,1,1,1,1
28.9,35,52.572,16,2,1,1,0,1,1,1
19.257,50,38.112,12,2,1,0,1,1,1,1
18.3,60,38.337,12,5,1,0,0,1,1,1
253.705,41,111.636,18,4,1,0,0,1,1,1
0.0,48,54.57,18,3,1,1,1,0,0,1
6.425,47,58.548,16,3,1,1,0,0,1,1
-2.0,35,30.0,12,2,1,1,0,0,0,1
22.87,35,59.877,9,4,1,1,1,1,1,1
53.322,36,89.727,18,2,1,1,1,1,1,1
15.597,38,51.048,12,3,1,1,1,0,0,1
-8.0,37,34.827,18,2,0,0,1,0,0,1
24.199,46,54.729,12,3,1,1,0,0,1,1
94.4,55,51.0,14,3,1,0,0,0,1,1
-2.958,26,38.931,13,3,1,1,0,0,0,1
29.25,34,76.974,16,5,1,1,1,0,1,1
8.0,29,0.168,12,2,0,0,0,0,1,1
8.947,46,47.139,12,4,1,1,1,0,1,1
30.725,48,34.701,18,2,0,0,0,1,1,1
41.95,48,71.646,16,2,0,0,1,1,1,1
3.549,45,14.436,12,1,0,0,1,0,1,1
31.5,39,75.888,16,4,1,1,0,0,1,1
88.759,53,53.148,18,1,0,0,1,1,1,1
61.699,35,30.558,15,4,1,1,1,1,1,1
43.447,58,66.504,18,2,1,0,1,1,1,1
0.8,43,9.69,5,6,0,0,1,0,1,1
27.6,38,96.756,16,1,0,0,1,1,1,1
-5.967,35,26.202,12,5,1,1,0,0,1,1
5.8,41,36.0,16,5,0,0,0,0,1,1
0.976,36,21.753,8,6,1,1,0,0,0,1
-9.0,38,42.546,12,4,1,1,1,0,1,1
12.4,40,55.035,16,1,0,0,1,1,0,1
31.829,28,78.879,12,4,1,0,0,1,1,1
3.0,60,64.419,18,2,1,1,1,0,1,1
8.749,42,26.475,12,1,0,0,0,0,1,1
-15.532,37,41.763,16,2,0,0,1,0,1,1
60.7,37,25.641,10,4,0,0,1,0,1,1
18.4,30,57.381,16,2,1,1,0,0,0,1
7.099,39,63.999,14,4,1,1,1,1,1,1
7.32,41,21.726,12,4,1,1,0,1,1,1
0.7,48,31.404,12,3,1,1,0,0,0,1
12.365,51,15.303,15,1,0,0,1,1,0,1
12.0,50,25.395,11,1,0,0,0,0,1,1
36.108,38,42.03,14,1,0,0,0,0,1,1
21.047,41,92.514,17,2,1,1,0,0,0,1
49.642,45,39.018,18,2,0,0,1,0,1,1
7.299,40,37.02,12,3,1,1,0,0,1,1
35.749,63,51.975,10,2,1,0,1,1,1,1
14.006,37,33.174,15,4,1,1,0,0,1,1
65.2,59,32.196,13,2,0,0,1,1,1,1
11.3,35,41.85,14,5,1,0,0,0,1,1
26.4,51,61.233,12,3,1,1,1,1,1,1
350.7,32,53.88,12,4,1,1,0,0,1,1
-31.5,59,63.261,12,3,1,1,1,0,1,1
51.987,58,30.795,12,2,1,1,0,1,0,1
14.499,41,56.19,18,3,1,1,1,0,1,1
56.29,56,24.843,12,4,1,0,0,1,1,1
29.3,52,37.887,10,2,1,1,1,1,1,1
4.849,31,67.593,16,3,1,1,1,1,1,1
6.055,38,55.5,12,2,1,1,1,0,0,1
1.9,32,31.83,14,1,0,0,1,1,1,1
0.5,33,24.351,14,3,1,1,0,0,1,1
1.586,53,55.944,12,2,1,1,0,0,1,1
26.5,39,40.179,14,3,1,1,0,0,1,1
38.479,44,114.36,13,3,1,1,1,0,1,1
13.5,51,49.359,12,2,1,1,1,0,1,1
97.899,57,40.152,14,3,1,1,1,1,1,1
-1.94,57,20.43,18,1,1,0,0,0,0,1
6.975,26,62.475,2,2,1,1,0,0,1,1
156.498,54,75.003,14,2,1,1,0,1,1,1
2.6,29,36.03,16,1,0,0,1,0,0,1
218.4,55,117.6,14,4,1,1,1,1,1,1
20.89,46,43.452,12,5,1,1,0,1,1,1
6.0,52,40.329,14,2,1,0,0,0,1,1
164.7,59,28.785,15,1,0,0,1,1,0,1
29.0,31,46.05,18,1,0,0,1,1,0,1
5.296,30,18.915,12,1,0,0,0,0,0,1
28.579,36,57.282,16,1,0,0,0,0,1,1
53.01,60,51.489,12,2,1,1,1,1,1,1
13.18,31,50.676,12,4,1,1,0,0,1,1
8.601,34,25.965,14,1,0,0,0,0,0,1
0.0,53,13.497,11,2,1,0,0,0,1,1
1.75,44,38.82,9,2,0,0,1,0,1,1
187.271,60,94.758,18,2,1,1,1,1,1,1
17.9,42,39.279,18,4,1,0,0,0,0,1
-7.278,39,49.14,12,5,1,1,1,0,1,1
4.8,44,36.156,12,1,0,0,1,0,1,1
33.185,30,122.802,18,2,1,1,1,1,1,1
1.3,36,68.445,14,4,1,1,0,0,1,1
99.169,61,42.231,12,2,1,0,0,1,1,1
8.55,29,20.025,13,2,0,0,1,0,0,1
-2.245,32,40.8,12,5,1,1,0,0,0,1
44.148,37,44.502,13,4,1,0,0,0,1,1
-0.727,28,8.679,12,3,1,0,0,0,1,1
47.958,55,108.42,18,3,1,1,0,1,1,1
3.18,30,33.999,18,1,0,0,1,0,1,1
181.83,38,65.676,12,3,1,1,1,0,1,1
208.5,50,69.15,18,4,1,1,1,1,1,1
-0.278,28,12.684,12,3,0,0,1,0,0,1
3.35,28,36.084,18,3,0,0,0,0,0,1
10.95,27,74.37,12,3,1,1,1,0,0,1
-0.5,36,40.212,16,4,1,1,1,0,1,1
3.5,37,16.665,14,1,0,0,1,0,0,1
17.726,42,60.09,18,1,0,0,1,1,1,1
10.3,32,52.875,18,2,1,1,1,0,1,1
36.199,45,67.32,13,3,1,1,0,0,1,1
9.7,26,26.43,16,2,0,0,1,1,0,1
-2.5,46,10.404,12,1,0,0,1,0,1,1
22.62,35,34.758,12,1,0,0,0,0,1,1
76.585,43,74.439,14,4,1,1,0,1,1,1
119.678,33,119.46,18,6,1,1,1,1,1,1
8.924,48,29.952,12,1,0,0,1,1,1,1
59.35,57,37.104,10,2,1,0,0,1,1,1
0.765,30,57.834,16,2,1,1,1,0,1,1
0.9,30,36.402,11,5,1,1,0,0,1,1
30.1,52,42.54,12,2,1,1,1,0,1,1
29.4,45,56.304,14,4,1,1,1,0,1,1
78.818,50,53.112,12,2,1,1,0,1,1,1
112.0,41,61.5,17,4,1,0,0,1,1,1
47.449,47,57.492,12,6,1,1,0,1,1,1
53.0,38,42.75,14,4,1,1,0,0,1,1
23.3,46,17.994,12,4,0,0,0,0,1,1
81.37,37,115.812,14,3,1,1,1,1,1,1
160.2,32,53.946,14,3,1,1,0,0,1,1
37.923,63,40.203,12,4,1,0,0,1,1,1
13.09,35,48.9,14,3,1,0,0,0,1,1
-5.6,26,44.094,16,2,1,1,1,0,1,1
18.0,36,38.4,12,1,0,0,1,0,1,1
56.35,40,35.298,14,1,0,0,1,1,0,1
102.349,55,93.756,16,2,1,1,0,0,1,1
-8.0,33,35.832,12,4,1,1,1,0,1,1
10.847,30,35.046,14,1,0,0,0,0,0,1
13.0,58,36.0,12,7,1,0,0,0,1,1
24.2,55,47.328,10,5,1,1,1,0,0,1
4.151,30,36.447,13,1,0,0,1,0,1,1
119.25,37,74.013,18,3,1,0,0,0,1,1
10.999,39,27.615,12,4,1,1,0,0,1,1
4.975,49,42.915,18,3,0,0,0,1,1,1
-1.805,26,30.72,16,1,0,0,1,0,0,1
77.878,37,59.976,18,3,1,1,1,1,1,1
24.499,46,30.396,12,3,1,1,0,1,1,1
290.0,61,79.872,14,3,1,0,0,1,1,1
0.685,43,24.936,12,9,1,1,0,1,0,1
4.0,29,27.0,12,1,0,0,1,0,0,1
1.7,31,36.0,12,5,1,0,0,0,1,1
0.481,29,27.462,14,5,1,1,1,0,1,1
20.7,26,31.05,17,1,0,0,1,0,0,1
-14.995,33,71.1,12,5,1,0,0,0,1,1
1.1,42,38.007,12,5,1,1,1,0,1,1
6.05,32,39.996,13,5,1,0,0,1,1,1
25.3,46,23.985,12,1,0,0,1,1,1,1
2.1,55,116.199,14,2,1,1,1,1,1,1
-1.8,33,25.686,13,4,1,0,0,0,1,1
40.416,38,68.739,13,4,1,0,0,1,1,1
17.25,38,26.538,17,1,0,0,0,0,0,1
-4.609,31,30.636,18,4,1,0,0,1,1,1
73.15,48,62.43,18,6,1,0,1,0,1,1
28.247,54,40.767,12,2,1,1,1,1,1,1
108.47,53,41.238,12,2,1,0,0,1,1,1
0.23,28,7.914,12,3,1,0,0,0,0,1
-23.55,27,41.583,16,3,1,1,0,0,0,1
2.427,40,64.044,16,2,0,0,1,0,0,1
50.3,51,54.51,12,4,1,1,1,0,1,1
1.35,34,42.906,12,4,1,1,0,0,1,1
-13.517,52,31.368,12,3,1,0,0,1,1,1
10.307,46,18.507,13,2,1,1,0,0,1,1
-3.978,29,32.244,14,1,0,0,0,0,0,1
67.1,54,49.272,12,2,1,1,1,1,1,1
-11.199,40,33.177,12,1,0,0,1,0,0,1
17.46,50,34.935,18,1,0,0,1,0,1,1
0.425,47,16.719,12,3,0,0,0,0,1,1
5.64,47,31.056,9,6,1,1,0,0,1,1
48.33,57,35.7,11,3,1,0,0,0,1,1
0.84,34,56.058,12,3,1,1,1,0,1,1
63.249,46,100.011,18,1,0,0,0,1,1,1
81.27,30,53.55,16,2,1,1,0,0,1,1
132.5,41,131.781,17,4,1,1,1,1,1,1
52.5,63,17.442,12,2,0,0,1,0,1,1
-2.9,38,59.469,17,3,1,1,0,0,1,1
2.6,26,14.532,13,3,1,0,1,0,0,1
206.1,56,50.625,12,3,1,0,1,1,1,1
-1.255,30,25.758,17,2,1,1,0,0,1,1
5.9,44,37.53,14,4,1,0,0,0,1,1
-7.404,36,15.306,6,6,1,0,0,0,0,1
7.526,37,89.451,18,3,1,0,0,0,0,1
34.879,40,55.806,18,1,0,0,1,1,1,1
78.7,47,42.639,18,2,0,0,1,1,1,1
22.332,45,82.575,14,7,1,1,0,0,1,1
28.762,45,47.316,16,1,0,0,0,1,1,1
32.15,26,51.48,16,2,1,1,0,0,1,1
-2.135,49,41.592,12,4,1,1,0,0,1,1
7.465,38,38.712,12,4,1,1,0,0,1,1
39.15,44,81.0,12,2,1,1,0,1,1,1
2.999,35,21.63,14,1,0,0,0,0,1,1
36.025,60,10.755,12,1,0,0,1,0,0,1
-3.7,48,20.232,10,10,1,0,0,0,0,1
9.4,46,36.3,13,2,1,1,1,0,1,1
3.6,58,33.816,8,3,1,1,0,0,1,1
1536.798,53,81.948,14,2,1,0,0,1,1,1
26.168,43,49.728,12,3,1,1,1,0,1,1
-20.46,43,29.703,16,1,0,0,0,0,1,1
21.55,40,53.736,13,5,1,1,0,0,1,1
4.87,37,48.594,13,5,1,1,0,0,1,1
101.01,46,75.6,18,4,1,1,1,1,1,1
8.476,29,46.323,12,4,1,1,0,0,1,1
1.771,32,69.612,16,4,1,1,1,0,1,1
15.799,32,75.045,18,4,1,1,0,0,1,1
125.0,54,29.04,14,1,0,0,0,0,0,1
24.039,48,11.31,12,3,1,0,0,0,1,1
114.335,55,40.71,9,2,1,0,0,1,1,1
1.075,59,18.468,12,1,0,0,0,0,0,1
86.582,60,110.316,18,3,1,1,1,1,1,1
25.299,34,46.161,10,2,1,0,0,0,0,1
30.5,42,60.069,18,4,1,0,0,0,1,1
3.487,38,18.012,12,1,0,0,0,0,0,1
103.3,43,58.05,15,2,1,1,1,1,1,1
-0.997,60,35.676,13,4,1,1,0,0,1,1
6.14,26,31.47,14,4,1,0,0,1,1,1
37.6,27,44.16,16,1,0,0,1,0,1,1
22.45,31,58.173,16,2,1,1,0,0,1,1
37.65,50,52.836,13,2,1,1,0,0,1,1
-0.05,29,35.706,12,5,1,1,1,0,0,1
81.2,52,90.9,18,2,0,0,0,0,1,1
1.8,39,46.818,13,4,1,1,1,1,1,1
162.564,54,45.963,18,1,0,0,1,1,0,1
42.5,49,33.84,12,2,0,0,1,1,1,1
68.75,56,62.7,11,2,1,1,0,0,1,1
27.93,43,51.153,18,5,1,1,1,1,1,1
90.09,48,70.263,12,4,1,0,0,0,1,1
196.4,33,100.845,13,2,1,1,1,1,1,1
-4.2,26,73.212,12,2,1,1,0,0,1,1
-0.29,40,36.195,16,4,1,1,0,0,1,1
7.46,57,27.036,13,1,0,0,1,0,0,1
-4.401,40,43.536,17,3,0,0,1,0,0,1
-0.095,33,28.713,11,2,0,0,0,0,1,1
0.2,49,36.024,18,3,0,0,0,0,1,1
46.507,26,44.535,12,2,1,1,0,0,1,1
17.099,42,41.634,12,4,1,1,1,0,1,1
24.351,64,21.192,11,2,1,0,0,0,1,1
9.2,35,42.036,18,2,1,0,1,0,1,1
35.31,49,57.195,13,5,1,1,1,0,1,1
2.3,50,7.854,10,5,0,0,1,0,0,1
30.2,33,43.425,16,5,1,0,0,0,1,1
0.68,51,45.015,13,4,1,1,1,0,1,1
1.05,39,68.676,12,4,1,1,0,0,1,1
80.0,43,54.33,14,2,0,0,1,1,1,1
4.615,34,28.293,13,4,1,1,0,0,0,1
15.599,31,31.905,12,2,0,0,1,0,0,1
13.3,34,19.254,12,2,0,0,0,0,0,1
200.0,57,70.845,14,2,1,1,0,1,1,1
117.08,48,99.6,16,3,1,1,1,1,1,1
126.0,56,67.092,12,2,1,0,0,1,1,1
109.0,46,69.6,18,1,0,0,1,0,1,1
37.4,56,49.38,12,4,1,1,0,0,1,1
66.845,58,56.958,12,1,0,0,1,1,1,1
89.509,57,28.113,12,3,1,0,0,0,1,1
23.167,46,55.779,16,1,0,0,1,0,0,1
-8.34,44,33.645,18,1,0,0,1,0,1,1
38.4,31,41.058,18,1,0,0,0,0,0,1
19.25,35,58.911,16,3,1,1,0,1,1,1
57.7,38,88.764,15,2,1,1,1,0,1,1
75.422,52,70.047,18,3,1,1,0,1,1,1
2.03,47,26.103,12,2,0,0,1,0,1,1
-6.06,56,40.389,16,2,1,1,0,0,1,1
8.7,26,43.23,18,1,0,0,1,0,0,1
-5.52,42,27.105,14,2,0,0,1,0,1,1
17.399,46,39.894,12,3,1,1,1,1,1,1
12.9,52,79.701,13,6,1,0,0,0,1,1
140.397,48,85.158,15,2,1,1,0,1,1,1
33.749,29,43.605,16,2,1,1,0,1,0,1
24.4,47,44.4,12,3,0,0,0,0,1,1
1.821,44,43.536,12,4,1,1,1,0,1,1
26.0,42,54.456,12,3,1,1,0,1,1,1
1.998,52,46.14,18,2,1,1,1,0,1,1
62.25,32,40.503,12,4,1,0,0,0,1,1
7.1,27,54.996,15,3,1,1,1,0,1,1
6.25,32,52.404,13,4,1,1,0,1,0,1
9.034,39,17.592,14,1,0,0,1,0,0,1
4.947,40,10.368,12,3,1,0,0,1,1,1
2.167,34,51.288,16,4,1,1,0,0,0,1
129.998,57,40.581,18,2,1,0,1,1,1,1
10.799,50,100.002,12,1,0,0,1,0,1,1
-0.7,41,9.3,12,1,0,0,0,0,0,1
34.047,33,66.939,12,6,1,1,0,0,1,1
8.591,41,26.79,18,1,0,0,0,1,0,1
-6.472,26,16.854,14,3,0,0,0,0,1,1
17.0,60,66.759,13,2,0,0,0,0,1,1
14.099,54,28.047,18,1,0,0,1,0,1,1
57.184,62,24.966,15,1,0,0,1,1,1,1
67.703,40,55.464,12,5,1,1,0,0,1,1
5.8,26,61.41,13,2,1,1,1,0,1,1
6.999,47,42.147,12,4,1,1,1,0,0,1
61.887,58,25.977,18,2,1,0,0,1,1,1
28.2,32,100.296,17,2,1,1,1,0,1,1
5.248,46,33.639,12,4,1,1,1,0,1,1
-9.968,29,40.971,12,3,1,1,0,0,1,1
9.7,33,27.582,13,2,0,0,1,0,1,1
13.56,36,34.506,11,4,1,0,0,0,1,1
67.02,45,74.1,16,5,1,1,1,1,1,1
40.0,49,64.215,16,4,1,1,0,1,1,1
9.5,29,32.109,13,1,0,0,0,1,1,1
2.5,25,11.649,12,2,0,0,0,0,0,1
197.59,48,17.82,13,4,1,1,0,0,1,1
20.0,41,12.291,13,5,1,1,0,0,1,1
109.23,35,86.412,16,4,1,1,0,1,1,1
80.5,59,78.972,14,2,1,1,0,1,1,1
5.581,38,45.87,12,2,1,1,0,0,1,1
56.805,36,68.019,16,4,1,0,0,1,1,1
-5.6,45,15.3,14,2,0,0,0,0,0,1
3.15,32,28.725,10,5,1,1,0,0,1,1
66.484,50,32.436,16,2,0,0,1,1,0,1
63.249,50,26.19,12,2,1,0,0,1,1,1
0.068,53,10.2,6,4,1,0,0,0,0,1
-0.425,37,19.44,14,3,0,0,1,0,1,1
8.2,44,54.543,16,6,1,1,1,0,1,1
24.087,55,59.976,18,3,1,1,1,1,1,1
14.099,36,53.67,15,3,1,1,1,0,1,1
128.95,49,97.365,18,4,1,1,1,1,1,1
5.9,43,42.48,17,2,0,0,1,0,1,1
57.185,53,29.238,18,2,1,1,0,0,1,1
25.0,44,74.85,16,1,0,0,1,0,0,1
49.999,31,37.515,18,1,0,0,1,1,1,1
3.429,28,29.739,16,3,1,1,0,0,0,1
25.8,46,95.58,16,2,1,1,0,1,1,1
8.0,34,28.956,12,5,1,1,0,0,1,1
47.0,44,156.6,16,3,1,1,0,1,1,1
3.225,46,40.362,12,4,1,1,1,0,0,1
5.899,40,67.434,13,4,1,1,1,0,1,1
72.1,50,119.364,17,2,1,1,1,1,1,1
14.0,35,75.159,15,3,1,1,1,0,1,1
26.9,44,27.891,14,1,0,0,1,0,1,1
2.377,49,12.864,12,4,0,0,0,0,0,1
12.7,31,31.494,14,4,1,0,0,0,1,1
0.66,30,21.582,14,5,1,0,0,0,1,1
-0.31,31,29.637,14,3,1,1,0,0,0,1
92.384,46,58.659,12,3,1,1,0,0,1,1
5.27,53,66.0,15,2,0,0,0,0,0,1
15.7,39,42.975,14,2,1,1,0,0,0,1
0.514,35,64.737,18,4,1,1,1,0,1,1
-4.936,36,13.506,12,3,1,0,0,0,1,1
38.0,42,38.22,13,5,1,0,0,1,1,1
2.301,43,16.446,12,1,0,0,0,0,0,1
1.199,26,14.523,13,2,1,0,1,0,1,1
32.9,42,16.812,13,1,0,0,0,0,1,1
8.4,39,61.377,13,5,1,1,0,0,0,1
52.288,52,70.896,12,2,1,1,1,1,1,1
0.869,38,44.43,12,6,1,1,0,0,1,1
53.525,55,50.163,12,3,0,0,1,0,1,1
-2.0,38,0.06,12,2,0,0,0,0,1,1
0.199,51,17.535,13,3,0,0,1,0,1,1
0.8,25,18.312,12,1,0,0,1,0,1,1
32.0,33,72.96,12,4,1,1,0,0,1,1
98.858,52,73.92,16,1,0,0,1,0,1,1
6.23,41,42.927,14,4,1,1,0,1,1,1
6.099,40,23.619,16,2,0,0,1,1,0,1
-0.032,47,14.28,6,4,0,0,1,0,0,1
5.0,33,11.112,14,1,0,0,0,0,0,1
